fp64

1024 1 0.74 0.83 0.87 2.354022988505747 2.4674698795180725 2.7675675675675677 0.2942528735632184 0.30843373493975906 0.34594594594594597
1024 2 0.35 0.36 0.36 11.377777777777778 11.377777777777778 11.702857142857145 1.4222222222222223 1.4222222222222223 1.462857142857143
1024 4 0.39 0.4 0.47 17.429787234042557 20.48 21.005128205128205 2.1787234042553196 2.56 2.6256410256410256
1024 8 0.44 0.48 0.5 32.768 34.13333333333334 37.236363636363635 4.096 4.2666666666666675 4.654545454545454
1024 16 0.54 0.55 0.56 58.51428571428571 59.57818181818182 60.681481481481484 7.314285714285714 7.447272727272727 7.5851851851851855
1024 32 0.71 0.71 0.74 88.56216216216217 92.30422535211268 92.30422535211268 11.07027027027027 11.538028169014085 11.538028169014085
1024 64 1.12 1.14 1.14 114.97543859649124 114.97543859649124 117.02857142857142 14.371929824561406 14.371929824561406 14.628571428571428
1024 128 1.94 1.95 2.08 126.03076923076924 134.4328205128205 135.1257731958763 15.753846153846155 16.804102564102564 16.890721649484536
1024 256 3.61 3.61 3.66 143.248087431694 145.23213296398893 145.23213296398893 17.90601092896175 18.154016620498616 18.154016620498616
1024 512 6.93 6.94 7.47 140.37161981258367 151.09164265129684 151.30966810966814 17.54645247657296 18.886455331412105 18.913708513708517
1024 1024 13.57 13.57 13.78 152.1880986937591 154.54325718496685 154.54325718496685 19.023512336719886 19.317907148120856 19.317907148120856
1024 2048 26.85 26.85 26.86 156.15428145941922 156.21243947858474 156.21243947858474 19.519285182427403 19.526554934823093 19.526554934823093
1024 4096 53.41 53.42 54.25 154.62871889400924 157.03122426057658 157.06062535105787 19.328589861751155 19.628903032572072 19.632578168882233
1024 8192 106.56 106.57 108.22 155.028793199039 157.4290700947734 157.44384384384387 19.378599149879875 19.678633761846676 19.680480480480483
1024 16384 212.83 216.15 219.401 152.936549970146 155.23678926671295 157.65837522905605 19.11706874626825 19.40459865833912 19.707296903632006
1024 32768 425.38 429.37 456.521 147.00060676288714 156.29611756759905 157.76215148808126 18.375075845360893 19.537014695949882 19.720268936010157
1024 65536 850.491 863.77 920.961 145.7366033958007 155.38595690982552 157.81204974538238 18.217075424475087 19.42324461372819 19.726506218172798
1024 131072 1706.261 1724.242 1765.681 152.02941867755274 155.6831674440131 157.3237951286468 19.003677334694093 19.460395930501637 19.66547439108085
1024 262144 3435.113 3517.363 3557.243 150.9233167371473 152.63449123675892 156.28915613547505 18.865414592143413 19.079311404594865 19.53614451693438
1024 524288 6868.085 6938.185 7112.796 150.9591761102104 154.75831561135945 156.33787642406872 18.8698970137763 19.34478945141993 19.54223455300859
1024 1048576 13781.831 13854.711 14147.402 151.79349876394267 155.00024850752934 155.81990868992662 18.974187345492833 19.375031063441167 19.477488586240828

1120 1 0.54 0.61 0.77 2.909090909090909 3.672131147540984 4.148148148148148 0.36363636363636365 0.459016393442623 0.5185185185185185
1120 2 0.34 0.35 0.43 10.418604651162791 12.8 13.176470588235293 1.302325581395349 1.6 1.6470588235294117
1120 4 0.38 0.4 0.41 21.853658536585368 22.4 23.578947368421055 2.731707317073171 2.8 2.947368421052632
1120 8 0.45 0.45 0.46 38.95652173913044 39.82222222222222 39.82222222222222 4.869565217391305 4.977777777777778 4.977777777777778
1120 16 0.54 0.56 0.57 62.87719298245615 64.0 66.37037037037037 7.859649122807019 8.0 8.296296296296296
1120 32 0.75 0.75 0.77 93.0909090909091 95.57333333333334 95.57333333333334 11.636363636363637 11.946666666666667 11.946666666666667
1120 64 1.2 1.23 1.24 115.61290322580646 116.55284552845528 119.46666666666668 14.451612903225808 14.56910569105691 14.933333333333335
1120 128 2.11 2.11 2.18 131.5229357798165 135.88625592417065 135.88625592417065 16.44036697247706 16.985781990521332 16.985781990521332
1120 256 3.92 3.92 4.07 140.8943488943489 146.2857142857143 146.2857142857143 17.611793611793612 18.28571428571429 18.28571428571429
1120 512 7.55 7.56 7.87 145.72808132147395 151.70370370370372 151.90463576158942 18.216010165184244 18.962962962962965 18.988079470198677
1120 1024 14.82 15.41 15.41 148.8487994808566 148.8487994808566 154.77462887989205 18.606099935107075 18.606099935107075 19.346828609986506
1120 2048 29.34 29.35 29.36 156.2506811989101 156.3039182282794 156.3571915473756 19.53133514986376 19.537989778534925 19.54464894342195
1120 4096 58.41 60.8 60.801 150.9027812042565 150.90526315789475 157.07995206300293 18.862847650532064 18.863157894736844 19.634994007875367
1120 8192 116.53 116.54 121.68 150.80604865220252 157.457353698301 157.47086587144943 18.850756081525315 19.682169212287626 19.68385823393118
1120 16384 232.76 238.94 243.931 150.45303794925613 153.59571440529004 157.67382711806155 18.806629743657016 19.199464300661255 19.709228389757694
1120 32768 465.24 469.091 488.161 150.36088503587956 156.4735200632713 157.76872152007567 18.795110629484945 19.559190007908914 19.72109019000946
1120 65536 932.97 946.151 972.021 151.02620210880218 155.15561469575152 157.34765319356464 18.878275263600273 19.39445183696894 19.66845664919558
1120 131072 1862.851 1893.202 1905.121 154.11161810719634 155.0818560301542 157.60856880126215 19.263952263399542 19.385232003769275 19.70107110015777
1120 262144 3766.693 3801.403 3838.143 152.99131897899585 154.46995753936116 155.8933950815742 19.12391487237448 19.308744692420145 19.486674385196775
1120 524288 7542.626 7557.126 7624.776 154.02486840269145 155.4036706546907 155.70241982036495 19.25310855033643 19.425458831836337 19.46280247754562

1232 1 0.58 0.87 1.23 2.003252032520325 2.8321839080459768 4.248275862068966 0.2504065040650406 0.3540229885057471 0.5310344827586208
1232 2 0.34 0.34 0.36 13.68888888888889 14.494117647058822 14.494117647058822 1.7111111111111112 1.8117647058823527 1.8117647058823527
1232 4 0.39 0.39 0.42 23.46666666666667 25.27179487179487 25.27179487179487 2.9333333333333336 3.158974358974359 3.158974358974359
1232 8 0.45 0.47 0.49 40.228571428571435 41.9404255319149 43.80444444444444 5.028571428571429 5.242553191489362 5.475555555555555
1232 16 0.56 0.58 0.58 67.97241379310346 67.97241379310346 70.39999999999999 8.496551724137932 8.496551724137932 8.799999999999999
1232 32 0.8 0.81 0.82 96.15609756097561 97.3432098765432 98.55999999999999 12.019512195121951 12.1679012345679 12.319999999999999
1232 64 1.3 1.3 1.35 116.81185185185186 121.30461538461539 121.30461538461539 14.601481481481482 15.163076923076924 15.163076923076924
1232 128 2.29 2.36 2.4 131.41333333333336 133.64067796610172 137.72576419213974 16.42666666666667 16.705084745762715 17.215720524017467
1232 256 4.3 4.34 4.52 139.55398230088497 145.34193548387097 146.6939534883721 17.44424778761062 18.16774193548387 18.336744186046513
1232 512 8.37 8.46 8.76 144.01461187214613 149.12151300236405 150.72497013142177 18.001826484018267 18.640189125295507 18.84062126642772
1232 1024 16.311 16.85 17.23 146.43853743470692 149.74100890207714 154.689228128257 18.304817179338364 18.717626112759643 19.336153516032127
1232 2048 32.67 33.43 34.17 147.68135791630084 150.9504038288962 154.46195286195285 18.460169739537605 18.868800478612027 19.307744107744107
1232 4096 64.36 65.04 68.08 148.24535840188014 155.17441574415744 156.813921690491 18.530669800235017 19.39680196801968 19.601740211311373
1232 8192 128.22 132.84 139.83 144.35448759207608 151.9503763926528 157.42542505069414 18.04431094900951 18.9937970490816 19.678178131336768
1232 16384 261.911 266.75 271.491 148.69802682225193 151.34086597938145 154.13700073689157 18.58725335278149 18.91760824742268 19.267125092111446
1232 32768 517.02 527.29 534.761 150.98399471913623 153.12323768704132 156.16485242350393 18.87299933989203 19.140404710880166 19.52060655293799
1232 65536 1028.19 1030.471 1086.741 148.59171044434692 156.70572388742625 157.05336951341678 18.573963805543364 19.58821548592828 19.631671189177098
1232 131072 2061.691 2101.152 2117.822 152.4969558348152 153.7068274927278 156.64879363590376 19.0621194793519 19.213353436590975 19.58109920448797
1232 262144 4167.433 4242.303 4268.294 151.33044162374946 152.25758650431146 154.9929695330435 18.916305202968683 19.032198313038933 19.374121191630437
1232 524288 8375.486 8448.337 8481.767 152.30854985759456 152.9112335362569 154.24127411830187 19.03856873219932 19.113904192032113 19.280159264787734

1352 1 0.67 0.74 1.47 1.8394557823129252 3.654054054054054 4.035820895522388 0.22993197278911565 0.45675675675675675 0.5044776119402985
1352 2 0.35 0.36 0.42 12.876190476190475 15.022222222222222 15.451428571428572 1.6095238095238094 1.8777777777777778 1.9314285714285715
1352 4 0.39 0.41 0.43 25.153488372093022 26.380487804878047 27.73333333333333 3.144186046511628 3.297560975609756 3.4666666666666663
1352 8 0.47 0.49 0.5 43.264 44.14693877551021 46.02553191489362 5.408 5.518367346938776 5.753191489361702
1352 16 0.61 0.62 0.63 68.67301587301587 69.78064516129032 70.92459016393443 8.584126984126984 8.72258064516129 8.865573770491803
1352 32 0.85 0.86 0.88 98.32727272727271 100.61395348837209 101.79764705882353 12.29090909090909 12.576744186046511 12.724705882352941
1352 64 1.39 1.42 1.45 119.34896551724138 121.87042253521126 124.50071942446044 14.918620689655173 15.233802816901408 15.562589928057555
1352 128 2.51 2.53 2.62 132.10381679389312 136.80316205533597 137.89322709163346 16.51297709923664 17.100395256916997 17.236653386454183
1352 256 4.7 4.72 4.78 144.81673640167364 146.65762711864406 147.28170212765957 18.102092050209205 18.332203389830507 18.410212765957446
1352 512 9.12 9.27 9.56 144.81673640167364 149.34714131607336 151.80350877192984 18.102092050209205 18.66839266450917 18.97543859649123
1352 1024 17.94 17.95 18.24 151.80350877192984 154.25604456824513 154.34202898550723 18.97543859649123 19.28200557103064 19.292753623188403
1352 2048 35.6 35.861 36.68 150.97579062159213 154.42380301720533 155.55595505617976 18.871973827699016 19.302975377150666 19.44449438202247
1352 4096 70.86 72.12 81.3 136.2310455104551 153.57160288408207 156.3023426474739 17.028880688806886 19.19645036051026 19.537792830934237
1352 8192 141.431 143.95 149.84 147.83214095034702 153.88098645362976 156.621730737957 18.479017618793378 19.23512330670372 19.577716342244624
1352 16384 282.59 287.62 301.26 147.05681471154486 154.0307906265211 156.77248310272833 18.382101838943107 19.25384882831514 19.59656038784104
1352 32768 564.901 574.95 598.841 147.96026324182878 154.1084824767371 156.849911754449 18.495032905228598 19.263560309592137 19.606238969306126
1352 65536 1145.991 1160.551 1163.371 152.32401701606796 152.69414614265122 154.63414983189222 19.040502127008494 19.086768267831403 19.329268728986527
1352 131072 2275.412 2311.631 2340.792 151.40973140714766 153.3197504272957 155.76022627990008 18.926216425893458 19.164968803411963 19.47002828498751
1352 262144 4596.084 4609.054 4697.714 150.88985323499898 153.79237821904448 154.22637532299237 18.861231654374873 19.22404727738056 19.278296915374046
1352 524288 9223.438 9270.537 9395.858 150.8829477840129 152.92261408373645 153.70350535234257 18.860368473001614 19.115326760467056 19.212938169042822

1480 1 0.51 0.84 1.04 2.8461538461538463 3.5238095238095237 5.803921568627451 0.3557692307692308 0.44047619047619047 0.7254901960784313
1480 2 0.35 0.35 0.37 16.0 16.914285714285715 16.914285714285715 2.0 2.1142857142857143 2.1142857142857143
1480 4 0.4 0.4 0.41 28.878048780487806 29.599999999999998 29.599999999999998 3.6097560975609757 3.6999999999999997 3.6999999999999997
1480 8 0.45 0.47 0.49 48.3265306122449 50.382978723404264 52.62222222222222 6.040816326530613 6.297872340425533 6.5777777777777775
1480 16 0.6 0.62 0.64 74.0 76.38709677419355 78.93333333333334 9.25 9.548387096774194 9.866666666666667
1480 32 0.91 0.92 0.93 101.84946236559139 102.95652173913042 104.08791208791209 12.731182795698924 12.869565217391303 13.010989010989011
1480 64 1.51 1.52 1.57 120.6624203821656 124.63157894736842 125.45695364238411 15.0828025477707 15.578947368421053 15.682119205298013
1480 128 2.71 2.75 2.87 132.01393728222996 137.77454545454546 139.80811808118082 16.501742160278745 17.221818181818183 17.476014760147603
1480 256 5.13 5.15 5.24 144.61068702290078 147.1378640776699 147.71150097465886 18.076335877862597 18.392233009708736 18.463937621832358
1480 512 9.95 10.15 10.24 148.0 149.31231527093595 152.313567839196 18.5 18.664039408866994 19.0391959798995
1480 1024 19.68 20.04 20.66 146.7105517909003 151.249500998004 154.0162601626016 18.338818973862537 18.9061876247505 19.2520325203252
1480 2048 38.9 39.89 41.66 145.51320211233798 151.96991727249937 155.83753213367612 18.189150264042247 18.99623965906242 19.479691516709515
1480 4096 77.77 79.3 79.44 152.62034239677746 152.88978562421184 155.8976469075479 19.077542799597182 19.11122320302648 19.48720586344349
1480 8192 154.72 158.31 164.55 147.3614099058037 153.16985661044785 156.72388831437434 18.420176238225462 19.14623207630598 19.590486039296792
1480 16384 310.26 316.35 326.29 148.63048208648746 153.30058479532164 156.30967575581772 18.578810260810933 19.162573099415205 19.538709469477215
1480 32768 626.541 636.49 638.791 151.83883304555007 152.3877515750444 154.80755449364045 18.97985413069376 19.04846894688055 19.350944311705057
1480 65536 1253.741 1259.941 1264.131 153.4544758415069 153.9647967642929 154.72618347808677 19.181809480188363 19.245599595536614 19.340772934760846
1480 131072 2498.822 2509.922 2525.912 153.5972432927196 154.57576769317933 155.26240764648304 19.19965541158995 19.321970961647416 19.40780095581038
1480 262144 4966.794 5008.194 5044.274 153.82713944563676 154.93533996486556 156.22678129996936 19.228392430704595 19.366917495608195 19.52834766249617
1480 524288 10005.478 10034.688 10178.169 152.47265790143592 154.65278840757182 155.10428187438922 19.05908223767949 19.331598550946477 19.388035234298652

1624 1 0.54 0.84 0.91 3.569230769230769 3.8666666666666667 6.014814814814815 0.4461538461538461 0.48333333333333334 0.7518518518518519
1624 2 0.34 0.36 0.37 17.55675675675676 18.044444444444444 19.105882352941176 2.194594594594595 2.2555555555555555 2.388235294117647
1624 4 0.41 0.42 0.5 25.984 30.933333333333334 31.68780487804878 3.248 3.8666666666666667 3.9609756097560975
1624 8 0.49 0.51 0.53 49.026415094339626 50.94901960784314 53.02857142857143 6.128301886792453 6.368627450980393 6.628571428571429
1624 16 0.64 0.66 0.77 67.49090909090908 78.73939393939393 81.2 8.436363636363636 9.842424242424242 10.15
1624 32 0.96 0.98 1.0 103.936 106.05714285714286 108.26666666666668 12.992 13.257142857142858 13.533333333333335
1624 64 1.62 1.63 1.66 125.22409638554217 127.52883435582824 128.31604938271605 15.653012048192771 15.94110429447853 16.039506172839506
1624 128 2.98 3.01 3.02 137.6635761589404 138.12093023255815 139.51140939597317 17.20794701986755 17.26511627906977 17.438926174496647
1624 256 5.58 5.7 5.74 144.85853658536584 145.87508771929825 149.01218637992832 18.10731707317073 18.23438596491228 18.62652329749104
1624 512 10.9 11.1 11.11 149.6828082808281 149.81765765765766 152.56660550458716 18.710351035103514 18.727207207207208 19.070825688073395
1624 1024 21.87 22.06 22.07 150.70013593112822 150.7684496826836 152.07828074988566 18.837516991391027 18.84605621033545 19.009785093735708
1624 2048 42.63 43.85 56.37 118.00432854355154 151.69678449258836 156.03809523809522 14.750541067943942 18.962098061573545 19.504761904761903
1624 4096 84.97 85.0 86.9 153.09330264672036 156.5153882352941 156.57064846416384 19.136662830840045 19.564423529411762 19.57133105802048
1624 8192 173.53 174.53 179.28 148.4137438643463 152.45296510628546 153.33150463896732 18.551717983043286 19.056620638285683 19.166438079870915
1624 16384 339.03 345.68 351.08 151.57580038737612 153.9436241610738 156.96319499749285 18.946975048422015 19.242953020134227 19.620399374686606
1624 32768 677.791 695.981 698.881 152.28696158573493 152.92150791472756 157.02549015847066 19.035870198216866 19.115188489340944 19.628186269808833
1624 65536 1381.531 1393.391 1400.961 151.93922457513094 152.76467839967387 154.07611410818868 18.992403071891367 19.095584799959234 19.259514263523585
1624 131072 2765.672 2786.642 2792.732 152.4392086315479 152.77235324810292 153.9307105108632 19.054901078943487 19.096544156012865 19.2413388138579
1624 262144 5487.514 5528.755 5681.865 149.85285852444576 154.00279303387472 155.16018947742094 18.73160731555572 19.25034912923434 19.395023684677618
1624 524288 11015.099 11041.059 11134.559 152.9371234190775 154.23225471397265 154.5957438966277 19.117140427384687 19.27903183924658 19.324467987078464

1784 1 0.67 0.72 1.22 2.9245901639344263 4.955555555555556 5.325373134328358 0.3655737704918033 0.6194444444444445 0.6656716417910448
1784 2 0.35 0.37 0.39 18.297435897435896 19.286486486486485 20.388571428571428 2.287179487179487 2.4108108108108106 2.5485714285714285
1784 4 0.42 0.43 0.45 31.715555555555554 33.1906976744186 33.98095238095238 3.964444444444444 4.148837209302325 4.247619047619048
1784 8 0.51 0.52 0.54 52.859259259259254 54.89230769230769 55.96862745098039 6.607407407407407 6.861538461538461 6.996078431372549
1784 16 0.69 0.69 0.72 79.28888888888889 82.73623188405797 82.73623188405797 9.911111111111111 10.342028985507246 10.342028985507246
1784 32 1.03 1.05 1.05 108.73904761904761 108.73904761904761 110.8504854368932 13.592380952380951 13.592380952380951 13.85631067961165
1784 64 1.75 1.79 1.8 126.86222222222221 127.57094972067038 130.48685714285713 15.857777777777777 15.946368715083798 16.31085714285714
1784 128 3.2 3.21 3.3 138.39515151515153 142.2753894080997 142.72 17.29939393939394 17.784423676012462 17.84
1784 256 6.11 6.11 6.32 144.526582278481 149.49394435351883 149.49394435351883 18.065822784810123 18.686743044189853 18.686743044189853
1784 512 11.92 12.0 12.02 151.98136439267887 152.23466666666667 153.25637583892617 18.99767054908486 19.029333333333334 19.157046979865772
1784 1024 23.53 23.73 24.36 149.98489326765187 153.96679308891697 155.27547811304717 18.748111658456484 19.24584913611462 19.409434764130896
1784 2048 47.14 47.16 55.84 130.86074498567336 154.94622561492793 155.01196436147646 16.35759312320917 19.36827820186599 19.376495545184557
1784 4096 93.29 96.6 96.6 151.28910973084888 151.28910973084888 156.6569621610033 18.91113871635611 18.91113871635611 19.58212027012541
1784 8192 186.27 187.751 201.86 144.79865253145744 155.67989518031862 156.91767863853545 18.09983156643218 19.459986897539828 19.61470982981693
1784 16384 375.21 381.63 385.531 151.63012053505426 153.18007494169746 155.80105007862267 18.953765066881783 19.147509367712182 19.475131259827833
1784 32768 744.221 755.071 774.6 150.93754712109475 154.8413645869064 157.09879726586593 18.867193390136844 19.3551705733633 19.63734965823324
1784 65536 1502.762 1513.642 1533.041 152.52850249928085 154.48332432635985 155.60178391521745 19.066062812410106 19.31041554079498 19.45022298940218
1784 131072 2997.092 3021.912 3057.062 152.97854475964178 154.75794662452117 156.0395530067145 19.122318094955222 19.344743328065146 19.504944125839312
1784 262144 6020.614 6052.195 6107.725 153.13881879095734 154.54389556185814 155.35455221012342 19.142352348869668 19.317986945232267 19.419319026265427
1784 524288 12028.68 12112.64 12256.28 152.62865926692274 154.43863468244743 155.51661395930392 19.078582408365342 19.30482933530593 19.43957674491299

1960 1 0.54 0.85 0.97 4.041237113402062 4.6117647058823525 7.259259259259259 0.5051546391752577 0.5764705882352941 0.9074074074074073
1960 2 0.36 0.36 0.39 20.1025641025641 21.777777777777775 21.777777777777775 2.5128205128205123 2.722222222222222 2.722222222222222
1960 4 0.42 0.42 0.52 30.153846153846153 37.33333333333333 37.33333333333333 3.769230769230769 4.666666666666666 4.666666666666666
1960 8 0.51 0.54 0.96 32.666666666666664 58.07407407407407 61.49019607843137 4.083333333333333 7.259259259259259 7.686274509803921
1960 16 0.72 0.73 0.78 80.4102564102564 85.91780821917807 87.1111111111111 10.05128205128205 10.739726027397259 10.888888888888888
1960 32 1.11 1.13 1.14 110.03508771929825 111.00884955752211 113.00900900900898 13.75438596491228 13.876106194690264 14.126126126126122
1960 64 1.93 1.94 1.97 127.35025380710661 129.31958762886597 129.9896373056995 15.918781725888326 16.164948453608247 16.248704663212436
1960 128 3.52 3.53 3.62 138.60773480662982 142.1416430594901 142.54545454545453 17.325966850828728 17.76770538243626 17.818181818181817
1960 256 6.75 6.81 6.95 144.39136690647481 147.359765051395 148.6696296296296 18.048920863309352 18.419970631424373 18.5837037037037
1960 512 13.06 13.2 13.44 149.33333333333331 152.04848484848486 153.6784073506891 18.666666666666664 19.006060606060608 19.209800918836137
1960 1024 26.11 26.87 26.87 149.38890956457013 149.38890956457013 153.7372654155496 18.673613695571266 18.673613695571266 19.2171581769437
1960 2048 51.91 52.32 53.45 150.19943872778296 153.4434250764526 154.65536505490272 18.77492984097287 19.180428134556575 19.33192063186284
1960 4096 102.41 103.54 112.87 142.2549836094622 155.07359474599187 156.7846889952153 17.781872951182773 19.384199343248984 19.598086124401913
1960 8192 204.54 212.951 219.98 145.97981634694062 150.79825875436134 156.9993155373032 18.247477043367578 18.849782344295168 19.6249144421629
1960 16384 413.34 420.97 425.601 150.9049085880907 152.5649808774972 155.38123578651957 18.863113573511338 19.07062260968715 19.422654473314946
1960 32768 825.4 837.881 920.071 139.60939970937022 153.30406107788576 155.62219529924883 17.451174963671278 19.16300763473572 19.452774412406104
1960 65536 1662.321 1674.042 1690.651 151.95396329579552 153.46157384342806 154.5436290584069 18.99424541197444 19.182696730428507 19.317953632300863
1960 131072 3324.962 3348.823 3391.833 151.48217497736474 153.42770878006988 154.5287555166044 18.935271872170592 19.178463597508735 19.31609443957555
1960 262144 6676.045 6743.265 6810.925 150.87590598927457 152.38975184869642 153.92413921715624 18.85948824865932 19.048718981087053 19.24051740214453
1960 524288 13353.051 13434.661 13493.941 152.3060579559374 152.97810342962876 153.9130615168024 19.038257244492176 19.122262928703595 19.2391326896003

2152 1 0.81 0.86 1.01 4.261386138613861 5.004651162790697 5.313580246913579 0.5326732673267326 0.6255813953488372 0.6641975308641974
2152 2 0.37 0.38 0.39 22.071794871794868 22.652631578947368 23.26486486486486 2.7589743589743585 2.831578947368421 2.9081081081081077
2152 4 0.44 0.46 0.47 36.62978723404255 37.426086956521736 39.127272727272725 4.578723404255319 4.678260869565217 4.890909090909091
2152 8 0.56 0.57 0.61 56.445901639344264 60.40701754385965 61.48571428571428 7.055737704918033 7.5508771929824565 7.685714285714285
2152 16 0.77 0.78 0.84 81.98095238095237 88.28717948717947 89.43376623376622 10.247619047619047 11.035897435897434 11.179220779220778
2152 32 1.2 1.22 1.27 108.44724409448817 112.89180327868853 114.77333333333333 13.555905511811021 14.111475409836066 14.346666666666666
2152 64 2.09 2.11 2.18 126.35596330275227 130.5478672985782 131.79712918660286 15.794495412844034 16.318483412322276 16.474641148325357
2152 128 3.84 3.89 4.05 136.02765432098764 141.62262210796914 143.46666666666667 17.003456790123455 17.702827763496142 17.933333333333334
2152 256 7.35 7.48 7.72 142.72331606217617 147.30267379679142 149.90802721088434 17.84041450777202 18.412834224598928 18.738503401360543
2152 512 14.36 14.42 15.24 144.59632545931757 152.81886269070736 153.45738161559888 18.074540682414696 19.10235783633842 19.18217270194986
2152 1024 28.4 28.54 29.08 151.5576341127923 154.42522775052558 155.18647887323942 18.944704264099038 19.303153468815697 19.398309859154928
2152 2048 56.48 56.51 60.07 146.73867154985848 155.98287028844453 156.06572237960341 18.34233394373231 19.497858786055566 19.508215297450427
2152 4096 112.69 114.88 115.43 152.72618903231393 153.45738161559888 156.43964859348657 19.09077362903924 19.18217270194986 19.55495607418582
2152 8192 225.03 226.13 230.561 152.9242499815667 155.92078892672356 156.68296671554901 19.115531247695838 19.490098615840445 19.585370839443627
2152 16384 451.97 462.601 464.63 151.76965757699674 152.43532979824946 156.0208332411443 18.971207197124592 19.054416224781182 19.502604155143036
2152 32768 899.231 907.671 951.631 148.20184714453396 155.379506451126 156.83786702193316 18.525230893066745 19.42243830639075 19.604733377741645
2152 65536 1806.912 1831.042 1905.821 148.0028523140421 154.04722775337757 156.10441681719973 18.50035653925526 19.255903469172196 19.513052102149967
2152 131072 3629.363 3644.263 3757.583 150.13211630987257 154.80054211235577 155.43606081838604 18.76651453873407 19.35006776404447 19.429507602298255
2152 262144 7256.305 7287.445 7620.596 148.0550571110186 154.82350480861263 155.48792064280647 18.506882138877327 19.352938101076578 19.43599008035081

2360 1 0.95 1.09 1.39 3.3956834532374103 4.330275229357797 4.968421052631579 0.4244604316546763 0.5412844036697246 0.6210526315789474
2360 2 0.37 0.4 0.48 19.666666666666668 23.599999999999998 25.513513513513512 2.4583333333333335 2.9499999999999997 3.189189189189189
2360 4 0.44 0.46 0.49 38.53061224489796 41.043478260869556 42.90909090909091 4.816326530612245 5.1304347826086945 5.363636363636363
2360 8 0.56 0.58 0.62 60.90322580645161 65.10344827586206 67.42857142857142 7.612903225806451 8.137931034482758 8.428571428571427
2360 16 0.81 0.82 0.84 89.9047619047619 92.09756097560975 93.23456790123456 11.238095238095237 11.512195121951219 11.65432098765432
2360 32 1.27 1.28 1.36 111.05882352941175 117.99999999999999 118.9291338582677 13.88235294117647 14.749999999999998 14.866141732283463
2360 64 2.23 2.25 2.36 128.0 134.25777777777776 135.46188340807174 16.0 16.78222222222222 16.932735426008968
2360 128 4.15 4.31 4.37 138.25171624713957 140.17633410672855 145.58072289156624 17.281464530892446 17.52204176334107 18.19759036144578
2360 256 7.99 8.09 8.32 145.23076923076923 149.35970333745362 151.2290362953692 18.153846153846153 18.669962917181703 18.90362953692115
2360 512 15.66 15.67 16.51 146.374318594791 154.2208040842374 154.31928480204343 18.296789824348874 19.277600510529673 19.28991060025543
2360 1024 31.02 32.42 40.66 118.87063453025087 149.08328192473778 155.81173436492585 14.858829316281359 18.635410240592222 19.476466795615732
2360 2048 61.78 65.27 70.57 136.9783193991781 148.10111843113222 156.46746519909357 17.122289924897263 18.512639803891528 19.558433149886696
2360 4096 123.19 124.67 138.17 139.92270391546646 155.07435630063364 156.93741375111617 17.490337989433307 19.384294537579205 19.61717671888952
2360 8192 249.381 258.231 259.341 149.09420415591825 149.73508215512467 155.04886097978593 18.63677551948978 18.716885269390584 19.38110762247324
2360 16384 491.831 497.72 519.11 148.97127776386506 155.37346299124005 157.23384658551413 18.621409720483133 19.421682873905006 19.654230823189266
2360 32768 986.19 993.97 1042.451 148.36664744913668 155.603247582925 156.83079325484945 18.545830931142085 19.450405947865626 19.60384915685618
2360 65536 1971.771 1979.112 2057.932 150.31105012216148 156.29732930728528 156.8792319189196 18.788881265270184 19.53716616341066 19.60990398986495
2360 131072 3966.523 4017.533 4148.813 149.11731138520824 153.98998340523897 155.97031455509017 18.63966392315103 19.24874792565487 19.49628931938627
2360 262144 7904.007 7976.366 8296.377 149.13976064491763 155.12323281053048 156.54334314228214 18.642470080614704 19.39040410131631 19.567917892785267

2592 1 0.7 0.85 1.19 4.356302521008403 6.0988235294117645 7.405714285714286 0.5445378151260504 0.7623529411764706 0.9257142857142857
2592 2 0.39 0.41 0.48 21.6 25.28780487804878 26.584615384615383 2.7 3.1609756097560977 3.323076923076923
2592 4 0.47 0.49 0.51 40.65882352941176 42.31836734693878 44.11914893617022 5.08235294117647 5.289795918367347 5.5148936170212774
2592 8 0.63 0.64 0.67 61.89850746268656 64.8 65.82857142857142 7.73731343283582 8.1 8.228571428571428
2592 16 0.87 0.88 0.88 94.25454545454545 94.25454545454545 95.33793103448275 11.781818181818181 11.781818181818181 11.917241379310344
2592 32 1.37 1.39 1.42 116.8225352112676 119.34388489208634 121.08613138686131 14.60281690140845 14.917985611510792 15.135766423357664
2592 64 2.41 2.43 2.51 132.18167330677292 136.53333333333333 137.66639004149377 16.522709163346615 17.066666666666666 17.20829875518672
2592 128 4.51 4.54 4.62 143.62597402597402 146.1568281938326 147.1290465631929 17.953246753246752 18.269603524229076 18.391130820399113
2592 256 8.7 8.73 8.93 148.61187010078388 152.0164948453608 152.5406896551724 18.576483762597984 19.0020618556701 19.06758620689655
2592 512 17.11 17.13 18.01 147.37412548584118 154.9450087565674 155.12612507305667 18.421765685730147 19.368126094570925 19.390765634132084
2592 1024 33.93 34.76 35.73 148.57027707808564 152.7162255466053 156.4519893899204 18.571284634760705 19.089528193325663 19.55649867374005
2592 2048 67.54 67.56 69.22 153.37809881537126 157.14671403197158 157.1932484453657 19.172262351921407 19.643339253996448 19.649156055670712
2592 4096 134.8 134.81 146.67 144.77169155246474 157.50807803575404 157.51976261127592 18.096461444058093 19.688509754469255 19.68997032640949
2592 8192 269.32 275.95 286.42 148.26942252635988 153.89500996557345 157.6835288875687 18.533677815794984 19.23687624569668 19.71044111094609
2592 16384 538.321 549.37 551.62 153.9731264276132 154.6037388281122 157.77696950332606 19.24664080345165 19.325467353514025 19.722121187915757
2592 32768 1079.171 1094.341 1121.281 151.4957553013027 155.22521042344206 157.40722461963858 18.936969412662837 19.403151302930258 19.675903077454823
2592 65536 2161.072 2173.052 2215.151 153.3704131230783 156.3416908569146 157.20837806421997 19.171301640384787 19.542711357114324 19.651047258027496
2592 131072 4314.884 4347.683 4453.154 152.58337079741682 156.2849103764005 157.47288872655673 19.072921349677102 19.53561379705006 19.68411109081959
2592 262144 8660.377 8698.667 8748.438 155.33681509773515 156.22560284236653 156.916320848388 19.417101887216894 19.528200355295816 19.6145401060485

2848 1 0.8 0.95 1.25 4.5568 5.995789473684211 7.119999999999999 0.5696 0.7494736842105264 0.8899999999999999
2848 2 0.4 0.4 0.54 21.096296296296295 28.479999999999997 28.479999999999997 2.637037037037037 3.5599999999999996 3.5599999999999996
2848 4 0.48 0.5 0.67 34.00597014925373 45.568000000000005 47.466666666666676 4.250746268656716 5.696000000000001 5.9333333333333345
2848 8 0.63 0.64 0.86 52.986046511627904 71.2 72.33015873015873 6.623255813953488 8.9 9.041269841269841
2848 16 0.9 0.93 1.28 71.2 97.99569892473117 101.26222222222222 8.9 12.249462365591397 12.657777777777778
2848 32 1.47 1.49 1.93 94.44145077720209 122.3302013422819 123.99455782312927 11.805181347150262 15.291275167785237 15.499319727891159
2848 64 2.64 2.67 3.49 104.45386819484241 136.53333333333333 138.0848484848485 13.056733524355302 17.066666666666666 17.26060606060606
2848 128 4.94 5.1 6.56 111.14146341463415 142.95843137254903 147.58866396761132 13.892682926829268 17.86980392156863 18.448582995951416
2848 256 9.55 9.95 12.18 119.71888341543514 146.550351758794 152.68858638743455 14.964860426929393 18.31879396984925 19.08607329842932
2848 512 18.79 19.2 24.09 121.06068908260688 151.89333333333335 155.20766365087815 15.13258613532586 18.986666666666668 19.40095795635977
2848 1024 37.26 38.65 55.66 104.79166367229608 150.91084087968954 156.54063338701022 13.09895795903701 18.863855109961193 19.567579173376277
2848 2048 74.2 74.21 109.99 106.05880534594054 157.1945559897588 157.2157412398922 13.257350668242568 19.64931949871985 19.651967654986525
2848 4096 148.09 148.11 214.451 108.79322549207045 157.52357031935722 157.54484435140793 13.599153186508806 19.690446289919652 19.69310554392599
2848 8192 295.88 295.89 412.2 113.20143619602136 157.6992531008145 157.70458293902934 14.15017952450267 19.712406637601813 19.713072867378667
2848 16384 591.46 597.931 802.101 116.34851970013752 156.07697878183268 157.78457376661143 14.54356496251719 19.509622347729085 19.72307172082643
2848 32768 1185.381 1188.021 1511.691 123.46870359087934 157.107094908255 157.4569931524126 15.433587948859918 19.638386863531874 19.682124144051574
2848 65536 2370.302 2373.032 2828.612 131.97039961649037 157.30637260685907 157.48755053153562 16.496299952061296 19.663296575857384 19.685943816441952
2848 131072 4742.934 4795.944 4905.444 152.19542043492902 155.67031474929647 157.41018365425285 19.024427554366127 19.45878934366206 19.676272956781606
2848 262144 9563.108 9577.228 9593.888 155.6378627726319 155.90860152854253 156.1388017368412 19.454732846578988 19.488575191067817 19.51735021710515

3128 1 0.81 0.91 1.0 6.256 6.874725274725274 7.723456790123456 0.782 0.8593406593406593 0.965432098765432
3128 2 0.4 0.41 0.43 29.09767441860465 30.517073170731706 31.279999999999998 3.6372093023255814 3.8146341463414632 3.9099999999999997
3128 4 0.49 0.51 0.54 46.34074074074074 49.06666666666667 51.06938775510204 5.792592592592593 6.133333333333334 6.383673469387755
3128 8 0.67 0.68 0.69 72.53333333333333 73.6 74.69850746268656 9.066666666666666 9.2 9.33731343283582
3128 16 0.98 1.01 1.02 98.13333333333334 99.1049504950495 102.13877551020408 12.266666666666667 12.388118811881187 12.76734693877551
3128 32 1.59 1.61 1.63 122.81717791411045 124.34285714285714 125.90691823899371 15.352147239263806 15.542857142857143 15.738364779874214
3128 64 2.85 2.86 2.9 138.06344827586207 139.9944055944056 140.4856140350877 17.25793103448276 17.4993006993007 17.560701754385963
3128 128 5.4 5.47 13.8 58.026666666666664 146.3926873857404 148.29037037037037 7.253333333333333 18.29908592321755 18.536296296296296
3128 256 10.49 10.5 11.03 145.19818676337263 152.5272380952381 152.67264061010488 18.14977334542158 19.06590476190476 19.08408007626311
3128 512 20.65 20.67 21.75 147.26767816091953 154.96236090953073 155.11244552058113 18.40845977011494 19.37029511369134 19.38905569007264
3128 1024 41.0 41.82 43.2 148.29037037037037 153.18373983739835 156.24741463414634 18.536296296296296 19.147967479674794 19.530926829268292
3128 2048 81.69 82.79 89.89 142.53296250973412 154.75646817248457 156.8403476557718 17.816620313716765 19.34455852156057 19.605043456971476
3128 4096 163.05 165.26 178.98 143.17005251983463 155.0561297349631 157.15777982214044 17.89625656497933 19.382016216870387 19.644722477767555
3128 8192 325.771 330.2 343.471 149.20954607521452 155.20639612356146 157.31649532954128 18.651193259401815 19.400799515445183 19.66456191619266
3128 16384 654.09 665.861 679.34 150.8792416168634 153.9334846161586 156.70367074867372 18.859905202107925 19.241685577019826 19.587958843584214
3128 32768 1304.981 1305.461 1312.301 156.21157645997374 157.03005145308822 157.08781047386896 19.526447057496718 19.628756431636027 19.63597630923362
3128 65536 2612.152 2669.922 2688.292 152.51067071582997 153.55999763288966 156.95610975165303 19.063833839478747 19.194999704111208 19.61951371895663
3128 131072 5237.504 5253.525 5262.144 155.82744067817225 156.0830931612584 156.56053570555747 19.47843008477153 19.5103866451573 19.570066963194684
3128 262144 10491.228 10571.468 10581.319 154.98756478280262 155.1319896158225 156.3184847379163 19.373445597850328 19.391498701977813 19.539810592239537

3440 1 0.79 0.95 1.09 6.311926605504587 7.242105263157896 8.708860759493671 0.7889908256880733 0.905263157894737 1.0886075949367089
3440 2 0.42 0.43 0.44 31.272727272727273 32.0 32.76190476190476 3.909090909090909 4.0 4.095238095238095
3440 4 0.53 0.54 0.58 47.44827586206897 50.96296296296296 51.924528301886795 5.931034482758621 6.37037037037037 6.490566037735849
3440 8 0.72 0.73 0.75 73.38666666666667 75.3972602739726 76.44444444444444 9.173333333333334 9.424657534246576 9.555555555555555
3440 16 1.06 1.07 1.07 102.8785046728972 102.8785046728972 103.84905660377359 12.85981308411215 12.85981308411215 12.981132075471699
3440 32 1.74 1.75 1.79 122.99441340782123 125.80571428571429 126.52873563218391 15.374301675977653 15.725714285714286 15.816091954022989
3440 64 3.12 3.21 3.22 136.74534161490683 137.17133956386294 141.1282051282051 17.093167701863354 17.146417445482868 17.64102564102564
3440 128 5.91 6.08 6.16 142.96103896103895 144.8421052631579 149.00846023688663 17.87012987012987 18.105263157894736 18.62605752961083
3440 256 11.5 11.53 11.75 149.89617021276598 152.75628794449264 153.15478260869565 18.737021276595748 19.09453599306158 19.144347826086957
3440 512 22.67 22.68 23.7 148.631223628692 155.31569664903 155.3842082046758 18.5789029535865 19.41446208112875 19.423026025584473
3440 1024 45.02 45.17 46.41 151.8017668605904 155.96900597741865 156.488671701466 18.9752208575738 19.49612574717733 19.56108396268325
3440 2048 89.74 89.99 93.85 150.13574853489612 156.57561951327926 157.01181190104748 18.766968566862015 19.571952439159908 19.626476487630935
3440 4096 179.66 187.081 196.25 143.5948025477707 150.6325067751402 156.8545029500167 17.94935031847134 18.829063346892525 19.606812868752087
3440 8192 357.89 368.96 374.5 150.49655540720963 152.75628794449264 157.4812372516695 18.812069425901203 19.09453599306158 19.68515465645869
3440 16384 717.691 719.751 740.421 152.24030652831294 156.61238400502396 157.06191104528273 19.030038316039118 19.576548000627994 19.63273888066034
3440 32768 1437.681 1460.071 1488.371 151.47019123592167 154.40608025226172 156.8107528721601 18.93377390449021 19.300760031532715 19.601344109020012
3440 65536 2882.432 2889.252 2971.643 151.7300967848426 156.0568894648165 156.4261290465829 18.966262098105325 19.50711118310206 19.553266130822863
3440 131072 5806.185 5838.774 5846.064 154.25341905254544 154.44601212514817 155.31288789454695 19.28167738156818 19.30575151564352 19.41411098681837
3440 262144 11598.55 11681.949 11739.449 153.63163296676018 154.3878268942965 155.49794758827613 19.203954120845022 19.298478361787062 19.437243448534517

3784 1 0.85 0.97 1.23 6.152845528455284 7.802061855670103 8.903529411764707 0.7691056910569105 0.9752577319587629 1.1129411764705883
3784 2 0.44 0.45 0.49 30.88979591836735 33.635555555555555 34.4 3.861224489795919 4.204444444444444 4.3
3784 4 0.54 0.54 0.57 53.10877192982457 56.05925925925926 56.05925925925926 6.638596491228071 7.007407407407407 7.007407407407407
3784 8 0.74 0.76 0.77 78.62857142857143 79.66315789473684 81.81621621621622 9.82857142857143 9.957894736842105 10.227027027027027
3784 16 1.12 1.14 1.16 104.38620689655174 106.21754385964914 108.11428571428571 13.048275862068968 13.277192982456143 13.514285714285714
3784 32 1.89 1.92 1.95 124.19282051282052 126.13333333333335 128.13544973544975 15.524102564102565 15.76666666666667 16.01693121693122
3784 64 3.44 3.46 3.59 134.91699164345405 139.98612716763006 140.8 16.864623955431757 17.498265895953757 17.6
3784 128 6.56 6.69 6.78 142.87669616519173 144.79880418535126 147.66829268292685 17.859587020648966 18.099850523168907 18.458536585365856
3784 256 12.72 12.75 13.41 144.47486950037285 151.95356862745098 152.3119496855346 18.059358687546606 18.994196078431372 19.038993710691823
3784 512 25.51 25.81 26.27 147.49965740388276 150.12847733436655 151.89400235201882 18.437457175485346 18.76605966679582 18.986750294002352
3784 1024 50.2 50.3 52.22 148.4035235541938 154.0682306163022 154.37513944223107 18.550440444274226 19.258528827037775 19.296892430278884
3784 2048 99.41 100.11 113.6 136.43718309859156 154.82233543102586 155.91252389095666 17.054647887323945 19.352791928878233 19.489065486369583
3784 4096 198.5 201.821 211.33 146.68304547390335 153.594165126523 156.16386901763224 18.33538068423792 19.199270640815374 19.52048362720403
3784 8192 403.28 403.43 420.97 147.27191011235956 153.67487792182038 153.73203729418768 18.408988764044945 19.209359740227548 19.21650466177346
3784 16384 804.121 818.12 834.641 148.55981433933871 151.55981029677798 154.19832587384238 18.56997679241734 18.944976287097248 19.274790734230297
3784 32768 1610.431 1614.591 1625.761 152.53670373443578 153.59197716325684 153.98872972514812 19.067087966804472 19.198997145407105 19.248591215643515
3784 65536 3194.242 3257.123 3277.953 151.30676004201402 152.27439921673206 155.27203261368425 18.913345005251752 19.034299902091508 19.40900407671053
3784 131072 6452.855 6496.845 6582.355 150.69878424971003 152.68224746011333 153.7231033395296 18.837348031213754 19.085280932514166 19.2153879174412
3784 262144 12989.04 13003.21 13169.04 150.64923426460848 152.57046467756808 152.73690680758548 18.83115428307606 19.07130808469601 19.092113350948186

4160 1 0.86 1.02 1.79 4.64804469273743 8.156862745098039 9.674418604651162 0.5810055865921787 1.0196078431372548 1.2093023255813953
4160 2 0.44 0.45 0.46 36.17391304347826 36.977777777777774 37.81818181818181 4.521739130434782 4.622222222222222 4.727272727272727
4160 4 0.56 0.56 0.66 50.42424242424242 59.42857142857142 59.42857142857142 6.303030303030303 7.428571428571428 7.428571428571428
4160 8 0.79 0.8 0.8 83.19999999999999 83.19999999999999 84.25316455696202 10.399999999999999 10.399999999999999 10.531645569620252
4160 16 1.2 1.21 1.23 108.22764227642276 110.01652892561982 110.93333333333334 13.528455284552845 13.752066115702478 13.866666666666667
4160 32 2.06 2.09 2.09 127.38755980861245 127.38755980861245 129.24271844660194 15.923444976076556 15.923444976076556 16.155339805825243
4160 64 3.8 3.83 3.88 137.23711340206185 139.02872062663187 140.1263157894737 17.15463917525773 17.378590078328983 17.51578947368421
4160 128 7.35 7.35 7.42 143.5256064690027 144.89251700680273 144.89251700680273 17.940700808625337 18.11156462585034 18.11156462585034
4160 256 14.14 14.36 14.5 146.8910344827586 148.32311977715878 150.63083451202263 18.361379310344827 18.540389972144848 18.82885431400283
4160 512 27.94 28.25 28.64 148.73743016759775 150.790796460177 152.4638511095204 18.59217877094972 18.848849557522126 19.05798138869005
4160 1024 55.54 56.93 64.68 131.72047000618426 149.6518531529949 153.3971912135398 16.465058750773032 18.706481644124363 19.174648901692475
4160 2048 110.751 111.98 120.22 141.73481949758775 152.16431505626002 153.85287717492392 17.71685243719847 19.020539382032503 19.23160964686549
4160 4096 221.17 224.88 228.57 149.09533184582403 151.54180007114905 154.08382692046843 18.636916480728004 18.942725008893632 19.260478365058553
4160 8192 442.04 442.061 456.051 149.45135522123624 154.18107455758368 154.1883992398878 18.68141940265453 19.27263431969796 19.273549904985973
4160 16384 886.651 895.89 899.851 151.48605713612588 152.15582270144773 153.74130294783404 18.935757142015735 19.019477837680967 19.217662868479255
4160 32768 1794.152 1799.341 1808.262 150.76894830505756 151.51644963350472 151.95466158943054 18.846118538132195 18.93955620418809 18.994332698678818
4160 65536 3574.933 3584.903 3617.583 150.72481267188616 152.09882108386196 152.52300392762604 18.84060158398577 19.012352635482745 19.065375490953254
4160 131072 7128.825 7166.266 7194.406 151.5787460424113 152.17395502762528 152.97318141488955 18.947343255301412 19.02174437845316 19.121647676861194

4576 1 0.89 1.05 1.09 8.396330275229356 8.716190476190475 10.28314606741573 1.0495412844036696 1.0895238095238093 1.2853932584269663
4576 2 0.46 0.47 0.49 37.35510204081633 38.944680851063836 39.791304347826085 4.669387755102041 4.8680851063829795 4.973913043478261
4576 4 0.59 0.6 0.67 54.63880597014925 61.013333333333335 62.047457627118646 6.829850746268656 7.626666666666667 7.755932203389831
4576 8 0.83 0.83 0.85 86.13647058823528 88.21204819277108 88.21204819277108 10.76705882352941 11.026506024096385 11.026506024096385
4576 16 1.31 1.32 1.33 110.09924812030076 110.93333333333332 111.78015267175573 13.762406015037595 13.866666666666665 13.972519083969466
4576 32 2.24 2.26 2.27 129.01497797356828 129.5858407079646 130.74285714285713 16.126872246696035 16.198230088495574 16.34285714285714
4576 64 4.07 4.15 4.18 140.1263157894737 141.13927710843373 143.91351351351352 17.51578947368421 17.642409638554216 17.98918918918919
4576 128 7.77 7.91 7.97 146.9831869510665 148.09810366624524 150.76653796653795 18.372898368883313 18.512262958280655 18.845817245817244
4576 256 15.19 15.47 15.48 151.35090439276485 151.44873949579832 154.24042132982225 18.918863049095606 18.93109243697479 19.280052666227782
4576 512 30.03 30.23 30.82 152.03841661258923 155.00575587165068 156.03809523809522 19.004802076573654 19.375719483956335 19.504761904761903
4576 1024 59.69 61.28 61.83 151.57121138605856 152.93159268929506 157.00532752554867 18.94640142325732 19.116449086161882 19.625665940693583
4576 2048 119.07 119.6 121.35 154.45649773382777 156.71652173913043 157.4140925506005 19.307062216728472 19.589565217391304 19.67676156882506
4576 4096 238.921 241.18 248.25 151.00339174219536 155.42993614727587 156.89952745886717 18.87542396777442 19.428742018409483 19.612440932358396
4576 8192 477.481 483.681 485.621 154.38620652731245 155.00543540060494 157.01815150759927 19.298275815914057 19.375679425075617 19.62726893844991
4576 16384 966.281 970.761 978.501 153.24089397966893 154.46270297220428 155.17884342132362 19.155111747458616 19.307837871525535 19.397355427665453
4576 32768 1915.062 1929.171 1932.962 155.14673128597457 155.45160900718494 156.59688093649189 19.39334141074682 19.431451125898118 19.574610117061486
4576 65536 3843.433 3871.253 3898.343 153.85651596075564 154.93316298366446 156.05461887848702 19.232064495094455 19.366645372958057 19.506827359810877
4576 131072 7701.497 7738.256 7760.496 154.5740045481629 155.01825527612422 155.75815247347364 19.32175056852036 19.377281909515528 19.469769059184205

5032 1 1.05 1.1 1.35 7.4548148148148154 9.149090909090908 9.584761904761905 0.9318518518518519 1.1436363636363636 1.198095238095238
5032 2 0.47 0.48 0.51 39.46666666666667 41.93333333333334 42.825531914893624 4.933333333333334 5.241666666666667 5.353191489361703
5032 4 0.62 0.63 0.64 62.9 63.8984126984127 64.92903225806452 7.8625 7.987301587301587 8.116129032258065
5032 8 0.89 0.91 0.92 87.51304347826087 88.47472527472527 90.46292134831461 10.939130434782609 11.05934065934066 11.307865168539326
5032 16 1.4 1.42 1.42 113.39718309859155 113.39718309859155 115.01714285714287 14.174647887323944 14.174647887323944 14.377142857142859
5032 32 2.42 2.44 2.5 128.8192 131.98688524590165 133.0776859504132 16.1024 16.498360655737706 16.63471074380165
5032 64 4.51 4.52 4.55 141.55956043956047 142.4991150442478 142.8150776053215 17.69494505494506 17.812389380530973 17.851884700665188
5032 128 8.67 8.69 8.95 143.93206703910616 148.2384349827388 148.58039215686276 17.99150837988827 18.52980437284235 18.572549019607845
5032 256 17.01 17.06 17.57 146.63540125213433 151.01899179366941 151.46290417401528 18.32942515651679 18.877373974208677 18.93286302175191
5032 512 33.69 33.76 34.79 148.1106064961196 152.62938388625597 152.94651231819532 18.51382581201495 19.078672985781996 19.118314039774415
5032 1024 67.03 67.18 67.19 153.37901473433547 153.40184578743674 153.74512904669552 19.172376841791934 19.175230723429593 19.21814113083694
5032 2048 133.74 134.03 138.16 149.18262883613204 153.77954189360594 154.11299536413938 18.647828604516505 19.222442736700742 19.264124420517422
5032 4096 267.13 268.81 281.08 146.6562686779565 153.35048547301068 154.31491783026993 18.33203358474456 19.168810684126335 19.28936472878374
5032 8192 535.051 538.331 548.621 150.27548708489104 153.14794800968178 154.08678425047333 18.78443588561138 19.143493501210223 19.260848031309166
5032 16384 1072.801 1075.94 1105.751 149.11908377202465 153.25071658270906 153.69912593295496 18.63988547150308 19.156339572838633 19.21239074161937
5032 32768 2142.922 2160.732 2211.222 149.13796624671787 152.62288520742047 153.89134648857961 18.642245780839733 19.07786065092756 19.236418311072452
5032 65536 4308.144 4324.734 4350.003 151.62157451385667 152.5074846221756 153.09476749152304 18.952696814232084 19.06343557777195 19.13684593644038
5032 131072 8568.747 8646.937 8683.337 151.9126354303651 152.55212429557426 153.94416569890558 18.989079428795637 19.069015536946782 19.243020712363197

5528 1 1.04 1.16 1.26 8.774603174603175 9.531034482758622 10.630769230769232 1.096825396825397 1.1913793103448278 1.328846153846154
5528 2 0.5 0.5 0.52 42.52307692307693 44.224000000000004 44.224000000000004 5.315384615384616 5.5280000000000005 5.5280000000000005
5528 4 0.64 0.65 0.66 67.0060606060606 68.03692307692307 69.10000000000001 8.375757575757575 8.504615384615384 8.637500000000001
5528 8 0.93 0.95 0.96 92.13333333333334 93.10315789473685 95.10537634408601 11.516666666666667 11.637894736842107 11.888172043010751
5528 16 1.5 1.51 1.58 111.95949367088608 117.14966887417219 117.93066666666667 13.99493670886076 14.643708609271524 14.741333333333333
5528 32 2.65 2.7 2.71 130.55055350553508 131.03407407407408 133.50641509433962 16.318819188191885 16.37925925925926 16.688301886792452
5528 64 4.9 4.99 5.07 139.5629191321499 141.8004008016032 144.40489795918367 17.445364891518736 17.7250501002004 18.05061224489796
5528 128 9.44 9.48 9.61 147.25993756503644 149.27932489451476 149.91186440677967 18.407492195629555 18.659915611814345 18.73898305084746
5528 256 18.49 18.84 19.04 148.65210084033615 150.23014861995756 153.07387777176857 18.58151260504202 18.778768577494695 19.13423472147107
5528 512 36.84 37.75 37.78 149.83250397035468 149.95157615894038 153.65559174809988 18.729062996294335 18.743947019867548 19.206948968512485
5528 1024 72.87 73.33 82.92 136.53333333333333 154.3889813173326 155.3635789762591 17.066666666666666 19.298622664666574 19.42044737203239
5528 2048 145.37 146.31 151.18 149.773038761741 154.75830770282278 155.75901492742656 18.721629845217624 19.344788462852847 19.46987686592832
5528 4096 290.4 295.93 302.27 149.8176332418037 153.02732402933125 155.94137741046836 18.72720415522546 19.128415503666407 19.492672176308545
5528 8192 584.141 598.891 603.291 150.12780233751207 151.23077822174656 155.0494692206163 18.765975292189008 18.90384727771832 19.381183652577036
5528 16384 1179.921 1201.241 1201.981 150.70246867462964 150.79530585452878 153.5200271882609 18.837808584328705 18.849413231816097 19.190003398532614
5528 32768 2370.762 2401.862 2404.422 150.67363715687182 150.83423110903124 152.8128964442656 18.834204644608977 18.854278888628905 19.1016120555332
5528 65536 4722.333 4750.294 4803.184 150.85118871148805 152.53077304267907 153.43390989157268 18.856398588936006 19.066346630334884 19.179238736446585
5528 131072 9465.027 9489.208 9516.797 152.27098276867733 152.71369665413593 153.10384555691178 19.033872846084666 19.08921208176699 19.137980694613972

6080 1 0.92 1.11 1.71 7.111111111111112 10.954954954954953 13.217391304347826 0.888888888888889 1.3693693693693691 1.6521739130434783
6080 2 0.52 0.54 0.54 45.03703703703704 45.03703703703704 46.769230769230774 5.62962962962963 5.62962962962963 5.846153846153847
6080 4 0.69 0.71 0.73 66.63013698630137 68.50704225352113 70.4927536231884 8.32876712328767 8.563380281690142 8.81159420289855
6080 8 1.0 1.03 1.04 93.53846153846155 94.44660194174757 97.28 11.692307692307693 11.805825242718447 12.16
6080 16 1.63 1.64 1.66 117.20481927710844 118.63414634146342 119.36196319018407 14.650602409638555 14.829268292682928 14.920245398773009
6080 32 2.86 2.91 2.94 132.35374149659864 133.71821305841925 136.05594405594408 16.54421768707483 16.714776632302407 17.00699300699301
6080 64 5.37 5.44 5.49 141.7559198542805 143.05882352941177 144.92364990689012 17.719489981785063 17.88235294117647 18.115456238361265
6080 128 10.51 10.56 10.64 146.2857142857143 147.3939393939394 148.09514747859183 18.28571428571429 18.424242424242426 18.51189343482398
6080 256 20.39 20.66 20.74 150.09450337512055 150.675701839303 152.67091711623345 18.76181292189007 18.834462729912875 19.08386463952918
6080 512 40.42 41.11 49.62 125.47198710197503 151.4453904159572 154.03067788223652 15.683998387746879 18.93067380199465 19.253834735279565
6080 1024 81.52 81.87 82.66 150.63924510041133 152.09283009649445 152.74582924435722 18.829905637551416 19.011603762061807 19.093228655544653
6080 2048 160.63 162.681 173.22 143.769079782935 153.0829045801292 155.03753968748057 17.971134972866874 19.13536307251615 19.379692460935072
6080 4096 320.85 325.0 329.491 151.1645538117885 153.2534153846154 155.23565529063424 18.89556922647356 19.156676923076926 19.40445691132928
6080 8192 641.35 651.241 655.27 152.0208768904421 152.96137681749153 155.32037109222733 19.002609611305264 19.12017210218644 19.415046386528417
6080 16384 1286.571 1301.741 1309.101 152.1879824398576 153.0484481936115 154.85304736388434 19.0234978049822 19.13105602420144 19.356630920485543
6080 32768 2574.292 2594.482 2620.072 152.07936270453635 153.5793580375582 154.78387067201393 19.009920338067044 19.197419754694774 19.34798383400174
6080 65536 5203.134 5223.424 5233.734 152.26562144732614 152.56616349735347 153.16110636397218 19.033202680915768 19.070770437169184 19.145138295496523
6080 131072 10366.338 10385.219 10519.229 151.51638204663098 153.47153680630134 153.751066191359 18.939547755828873 19.183942100787668 19.218883273919875

6688 1 0.97 1.2 1.28 10.45 11.146666666666668 13.789690721649485 1.30625 1.3933333333333335 1.7237113402061857
6688 2 0.53 0.54 0.56 47.77142857142857 49.54074074074074 50.47547169811321 5.9714285714285715 6.192592592592592 6.309433962264151
6688 4 0.72 0.73 0.73 73.2931506849315 73.2931506849315 74.31111111111112 9.161643835616438 9.161643835616438 9.28888888888889
6688 8 1.07 1.08 1.09 98.17247706422017 99.08148148148148 100.00747663551401 12.271559633027522 12.385185185185184 12.500934579439251
6688 16 1.75 1.77 1.78 120.23370786516854 120.91299435028249 122.29485714285715 15.029213483146068 15.114124293785311 15.286857142857144
6688 32 3.1 3.14 3.17 135.02586750788646 136.31592356687898 138.07483870967744 16.878233438485807 17.039490445859872 17.25935483870968
6688 64 5.83 5.85 5.99 142.91552587646078 146.3357264957265 146.8377358490566 17.864440734557597 18.291965811965813 18.354716981132075
6688 128 11.31 11.44 11.6 147.59724137931036 149.66153846153847 151.3817860300619 18.449655172413795 18.70769230769231 18.922723253757738
6688 256 22.23 22.26 22.84 149.92364273204902 153.83000898472596 154.03760683760686 18.740455341506127 19.228751123090746 19.254700854700857
6688 512 44.62 44.64 45.31 151.14791436768925 153.41648745519714 153.48525324966386 18.893489295961157 19.177060931899643 19.185656656207982
6688 1024 87.69 87.96 88.87 154.12427140767412 155.71878126421103 156.1982438134337 19.265533925959264 19.46484765802638 19.52478047667921
6688 2048 177.36 180.11 180.12 152.08776371308016 152.09620787296652 154.45448804691023 19.01097046413502 19.012025984120815 19.30681100586378
6688 4096 350.75 356.48 358.14 152.97954989668844 153.691921005386 156.2026970776907 19.122443737086055 19.21149012567325 19.525337134711336
6688 8192 698.94 719.381 723.281 151.49878401340558 152.32010853775677 156.77481901164617 18.937348001675698 19.040013567219596 19.59685237645577
6688 16384 1408.571 1416.331 1419.071 154.43369922998923 154.73246296240075 155.58490413333797 19.304212403748654 19.341557870300093 19.448113016667246
6688 32768 2849.853 2868.892 2879.072 152.23821008991786 152.77841340838208 153.7990794612915 19.029776261239732 19.09730167604776 19.22488493266144
6688 65536 5617.635 5669.695 5736.644 152.8087739103211 154.61317337175987 156.0460115333232 19.101096738790137 19.326646671469984 19.5057514416654
6688 131072 11291.84 11309.119 11430.649 153.37878645385754 155.0270248283708 155.26425029047525 19.172348306732193 19.37837810354635 19.408031286309406

7352 1 1.08 1.22 1.42 10.35492957746479 12.052459016393444 13.614814814814814 1.2943661971830986 1.5065573770491805 1.7018518518518517
7352 2 0.57 0.6 0.66 44.557575757575755 49.013333333333335 51.592982456140355 5.569696969696969 6.126666666666667 6.449122807017544
7352 4 0.77 0.78 0.8 73.52 75.40512820512821 76.38441558441558 9.19 9.425641025641026 9.548051948051947
7352 8 1.17 1.18 1.21 97.21652892561983 99.68813559322035 100.54017094017094 12.152066115702478 12.461016949152544 12.567521367521367
7352 16 1.9 1.92 1.96 120.0326530612245 122.53333333333335 123.82315789473685 15.004081632653062 15.316666666666668 15.477894736842106
7352 32 3.39 3.45 3.52 133.67272727272726 136.38492753623188 138.79882005899705 16.709090909090907 17.048115942028986 17.34985250737463
7352 64 6.41 6.54 6.62 142.15347432024168 143.89235474006117 146.81060842433698 17.76918429003021 17.986544342507646 18.351326053042122
7352 128 12.38 12.45 12.87 146.24024864024867 151.1736546184739 152.02843295638127 18.280031080031083 18.896706827309238 19.00355411954766
7352 256 24.38 24.501 25.61 146.9825849277626 153.63552508060894 154.3980311730927 18.372823115970323 19.204440635076118 19.299753896636588
7352 512 48.37 48.65 50.39 149.4036118277436 154.74713257965058 155.64291916477157 18.67545147846795 19.343391572456323 19.455364895596446
7352 1024 96.35 96.92 109.83 137.09274333060185 155.353858852662 156.2729216398547 17.13659291632523 19.41923235658275 19.534115204981838
7352 2048 192.32 198.17 200.73 150.02138195586113 151.95938840389567 156.58169717138102 18.75267274448264 18.99492355048696 19.572712146422628
7352 4096 384.25 392.821 397.25 151.61128760226558 153.32068295737753 156.74062199089136 18.951410950283197 19.16508536967219 19.59257774886142
7352 8192 775.731 786.311 795.821 151.3596248402593 153.19023643316703 155.27955953803573 18.919953105032413 19.14877955414588 19.409944942254466
7352 16384 1555.981 1568.931 1605.062 150.09409979178375 153.55062523463428 154.82858466780766 18.76176247397297 19.193828154329285 19.353573083475958
7352 32768 3092.492 3139.652 3193.663 150.8677252421436 153.46308189570053 155.80336893353322 18.85846565526795 19.182885236962566 19.475421116691653
7352 65536 6238.745 6256.615 6318.695 152.50638684095372 154.0196006946248 154.4607679909982 19.063298355119215 19.2524500868281 19.307595998874774
7352 131072 12385.57 12586.96 12711.79 151.6137922353972 153.11740785702028 155.60710471944367 18.95172402942465 19.139675982127535 19.45088808993046

8080 1 1.02 1.38 1.45 11.144827586206898 11.710144927536234 15.843137254901963 1.3931034482758622 1.4637681159420293 1.9803921568627454
8080 2 0.6 0.6 0.62 52.12903225806452 53.866666666666674 53.866666666666674 6.516129032258065 6.733333333333334 6.733333333333334
8080 4 0.82 0.83 0.85 76.04705882352941 77.87951807228916 78.82926829268294 9.505882352941176 9.734939759036145 9.853658536585368
8080 8 1.24 1.27 1.28 101.0 101.79527559055119 104.25806451612904 12.625 12.724409448818898 13.03225806451613
8080 16 2.06 2.07 2.15 120.2604651162791 124.9082125603865 125.51456310679612 15.032558139534887 15.613526570048313 15.689320388349515
8080 32 3.73 3.74 3.85 134.3168831168831 138.2673796791444 138.63806970509384 16.789610389610388 17.28342245989305 17.32975871313673
8080 64 7.03 7.08 16.14 64.07930607187113 146.07909604519776 147.1180654338549 8.009913258983891 18.25988700564972 18.389758179231862
8080 128 13.68 13.76 22.71 91.08234258036107 150.32558139534885 151.2046783625731 11.385292822545134 18.790697674418606 18.900584795321638
8080 256 26.97 27.11 28.2 146.70070921985817 152.599040944301 153.39117538005195 18.33758865248227 19.074880118037626 19.173896922506493
8080 512 53.56 53.82 55.35 149.4836495031617 153.73318468970643 154.47946228528752 18.685456187895213 19.216648086213304 19.30993278566094
8080 1024 106.73 107.24 120.71 137.0875652390026 154.30660201417382 155.0439426590462 17.135945654875325 19.288325251771727 19.380492832380774
8080 2048 213.08 213.09 220.32 150.2164124909223 155.31315406635693 155.3204430260935 18.777051561365287 19.414144258294616 19.415055378261687
8080 4096 425.771 440.26 448.63 147.5410917682723 150.34606823240813 155.46234947894524 18.44263647103404 18.793258529051016 19.432793684868155
8080 8192 858.66 878.81 890.421 148.67430125749505 150.63861357972715 154.17361936039876 18.58428765718688 18.829826697465894 19.271702420049845
8080 16384 1711.361 1740.302 1774.301 149.2223923674732 152.13764047849168 154.7104555964522 18.65279904593415 19.01720505981146 19.338806949556524
8080 32768 3464.203 3489.533 3518.793 150.4865105733699 151.74835142696747 152.85792431910025 18.81081382167124 18.968543928370934 19.10724053988753
8080 65536 6882.505 6963.495 7046.486 150.29643995602916 152.0876743646689 153.8773687777924 18.787054994503645 19.010959295583614 19.23467109722405
8080 131072 13880.161 13948.252 14209.261 149.0664095761208 151.8558397138222 152.60078899661178 18.6333011970151 18.981979964227776 19.075098624576473

8888 1 1.39 1.59 2.03 8.756650246305421 11.179874213836479 12.788489208633095 1.0945812807881776 1.3974842767295599 1.5985611510791369
8888 2 0.62 0.62 0.63 56.43174603174603 57.34193548387097 57.34193548387097 7.053968253968254 7.167741935483871 7.167741935483871
8888 4 0.87 0.88 1.02 69.70980392156864 80.8 81.72873563218391 8.71372549019608 10.1 10.216091954022989
8888 8 1.32 1.35 1.43 99.44615384615386 105.33925925925926 107.73333333333333 12.430769230769233 13.167407407407408 13.466666666666667
8888 16 2.22 2.24 2.31 123.12380952380953 126.97142857142856 128.11531531531529 15.39047619047619 15.87142857142857 16.01441441441441
8888 32 4.02 4.06 4.13 137.7317191283293 140.10640394088674 141.50049751243782 17.216464891041163 17.513300492610842 17.687562189054727
8888 64 7.68 7.82 7.86 144.7409669211196 145.48132992327368 148.13333333333335 18.09262086513995 18.18516624040921 18.51666666666667
8888 128 14.95 15.22 15.7 144.92535031847135 149.49592641261498 152.1958528428094 18.115668789808918 18.686990801576872 19.024481605351173
8888 256 29.49 29.51 38.58 117.95375842405392 154.20725177905794 154.31183452017635 14.74421980300674 19.275906472382243 19.288979315022043
8888 512 58.34 60.16 66.76 136.32881965248652 151.28510638297874 156.0046623243058 17.041102456560814 18.910638297872342 19.500582790538225
8888 1024 116.29 119.55 127.01 143.31646327060864 152.25950648264325 156.5278527818385 17.91455790882608 19.032438310330406 19.565981597729813
8888 2048 232.191 239.51 245.59 148.23587279612363 151.99886434804392 156.79009091652992 18.529484099515454 18.99985804350549 19.59876136456624
8888 4096 471.49 477.101 478.621 152.12557744018756 152.61023556856935 154.4263844408153 19.015697180023444 19.07627944607117 19.303298055101912
8888 8192 938.331 943.061 955.64 152.3805952032146 154.41312067830182 155.1914963909324 19.047574400401825 19.301640084787728 19.39893704886655
8888 16384 1860.711 1875.771 1915.731 152.02655487644142 155.26521307771577 156.52188007702432 19.003319359555178 19.40815163471447 19.56523500962804
8888 32768 3750.173 3803.053 3853.373 151.1621034350944 153.16220100009124 155.3218926166873 18.8952629293868 19.145275125011405 19.415236577085913
8888 65536 7508.286 7565.196 7709.546 151.10720345919202 153.99044995000793 155.1576399726915 18.888400432399003 19.24880624375099 19.394704996586437

9776 1 1.33 1.56 1.72 11.367441860465116 12.533333333333331 14.700751879699247 1.4209302325581394 1.5666666666666664 1.837593984962406
9776 2 0.66 0.67 0.69 56.67246376811594 58.36417910447761 59.24848484848484 7.084057971014492 7.295522388059701 7.406060606060605
9776 4 0.89 0.91 1.0 78.208 85.94285714285714 87.87415730337078 9.776 10.742857142857142 10.984269662921347
9776 8 1.44 1.46 1.47 106.40544217687075 107.13424657534246 108.62222222222222 13.300680272108844 13.391780821917807 13.577777777777778
9776 16 2.43 2.47 11.35 27.562290748898675 126.65263157894735 128.73744855967078 3.4452863436123344 15.831578947368419 16.092181069958848
9776 32 4.44 4.46 4.63 135.13261339092873 140.28340807174888 140.91531531531527 16.89157667386609 17.53542600896861 17.61441441441441
9776 64 8.41 8.5 8.6 145.5032558139535 147.2150588235294 148.79048751486323 18.187906976744188 18.401882352941175 18.598810939357904
9776 128 16.51 16.62 17.37 144.07921704087505 150.58098676293622 151.5842519685039 18.00990213010938 18.822623345367028 18.94803149606299
9776 256 32.41 32.8 33.23 150.62630153475774 152.6009756097561 154.4372724467757 18.828287691844718 19.07512195121951 19.30465905584696
9776 512 64.7 65.23 66.06 151.53835906751436 153.46656446420354 154.7237094281298 18.942294883439295 19.183320558025443 19.340463678516226
9776 1024 128.99 130.06 131.72 151.9985423625873 153.9385514377979 155.215505077913 18.999817795323413 19.24231892972474 19.401938134739126
9776 2048 258.09 263.03 266.48 150.2645451816271 152.23547123902216 155.1493510015886 18.78306814770339 19.02943390487777 19.393668875198575
9776 4096 519.351 520.15 522.77 153.19354974462956 153.96518696529847 154.20205602761905 19.149193718078696 19.24564837066231 19.27525700345238
9776 8192 1038.181 1047.261 1052.841 152.1312182941204 152.94180151843713 154.2794406755662 19.01640228676505 19.11772518980464 19.284930084445776
9776 16384 2068.872 2071.141 2095.802 152.84839312110586 154.66835333760474 154.83798321017443 19.106049140138232 19.333544167200593 19.354747901271804
9776 32768 4127.414 4195.923 4203.793 152.40520548942348 152.69106129926598 155.2255082722499 19.050650686177935 19.086382662408248 19.403188534031237
9776 65536 8357.417 8403.897 8427.297 152.04873781000003 152.4721057385639 153.32008346598 19.006092226250004 19.059013217320487 19.1650104332475

10752 1 1.41 1.64 1.8 11.946666666666665 13.112195121951219 15.251063829787235 1.4933333333333332 1.6390243902439023 1.9063829787234043
10752 2 0.69 0.7 0.79 54.440506329113916 61.44 62.3304347826087 6.8050632911392395 7.68 7.791304347826087
10752 4 0.97 0.98 1.0 86.016 87.77142857142857 88.67628865979381 10.752 10.971428571428572 11.084536082474227
10752 8 1.53 1.54 1.56 110.27692307692307 111.7090909090909 112.43921568627451 13.784615384615384 13.963636363636363 14.054901960784314
10752 16 2.62 2.63 2.66 129.34736842105264 130.82281368821293 131.32213740458016 16.16842105263158 16.352851711026616 16.41526717557252
10752 32 4.8 4.84 4.84 142.17520661157025 142.17520661157025 143.36 17.77190082644628 17.77190082644628 17.92
10752 64 9.16 9.21 9.21 149.4306188925081 149.4306188925081 150.24628820960697 18.678827361563513 18.678827361563513 18.78078602620087
10752 128 17.97 17.99 18.09 152.15655058043117 153.0023346303502 153.17262103505843 19.019568822553897 19.125291828793774 19.146577629382303
10752 256 35.36 35.561 35.75 153.9866853146853 154.8050954697562 155.68506787330315 19.248335664335663 19.350636933719525 19.460633484162894
10752 512 70.3 70.69 71.07 154.91836217813423 155.7511387749328 156.6151920341394 19.36479527226678 19.4688923468666 19.576899004267425
10752 1024 140.63 141.76 146.44 150.36940726577438 155.3336343115124 156.58178198108513 18.796175908221798 19.41670428893905 19.57272274763564
10752 2048 282.99 283.001 303.0 145.34716831683167 155.61850311483 155.62455210431463 18.16839603960396 19.45231288935375 19.45306901303933
10752 4096 559.471 565.56 566.18 155.56957857925042 155.7401230638659 157.4351199615351 19.446197322406302 19.467515382983237 19.679389995191887
10752 8192 1128.501 1130.531 1140.251 154.49297391539233 155.82126275175116 156.10156127464663 19.31162173942404 19.477657843968895 19.51269515933083
10752 16384 2248.382 2252.761 2258.992 155.96404768144376 156.39543475761522 156.70003406894378 19.49550596018047 19.549429344701903 19.587504258617972
10752 32768 4492.014 4512.514 4613.724 152.72761699659534 156.1531048989543 156.86573372211217 19.090952124574418 19.519138112369287 19.60821671526402
10752 65536 8999.827 9041.207 9084.167 155.13652974455448 155.8736730615724 156.59035934801858 19.39206621806931 19.48420913269655 19.573794918502323

11824 1 1.45 1.65 1.89 12.512169312169313 14.332121212121214 16.308965517241383 1.564021164021164 1.7915151515151517 2.038620689655173
11824 2 0.72 0.74 0.82 57.678048780487806 63.913513513513514 65.6888888888889 7.209756097560976 7.989189189189189 8.211111111111112
11824 4 1.05 1.05 1.07 88.403738317757 90.08761904761904 90.08761904761904 11.050467289719625 11.26095238095238 11.26095238095238
11824 8 1.65 1.66 1.68 112.60952380952382 113.96626506024097 114.65696969696971 14.076190476190478 14.245783132530121 14.332121212121214
11824 16 2.87 2.87 2.88 131.3777777777778 131.8355400696864 131.8355400696864 16.422222222222224 16.4794425087108 16.4794425087108
11824 32 5.3 5.3 5.38 140.65724907063196 142.78037735849057 142.78037735849057 17.582156133828995 17.84754716981132 17.84754716981132
11824 64 10.16 10.2 10.64 142.2436090225564 148.37960784313728 148.96377952755904 17.78045112781955 18.54745098039216 18.62047244094488
11824 128 19.76 19.96 27.56 109.8310595065312 151.650501002004 153.18542510121458 13.7288824383164 18.9563126252505 19.148178137651822
11824 256 39.34 40.22 41.35 146.4059975816203 150.51934361014423 153.88632435180477 18.30074969770254 18.81491795126803 19.235790543975597
11824 512 77.711 78.55 82.33 147.06396210372893 154.14100572883515 155.8051755864678 18.382995262966116 19.267625716104394 19.475646948308476
11824 1024 156.05 159.63 168.77 143.48256206671803 151.69800162876655 155.17816084588273 17.935320258339754 18.96225020359582 19.39727010573534
11824 2048 318.15 318.851 328.091 147.614850757869 151.89258932855788 152.2272638692441 18.451856344733624 18.986573666069734 19.028407983655512
11824 4096 628.111 654.31 658.61 147.07066093742884 148.03718115266466 154.21192750962808 18.383832617178605 18.504647644083082 19.27649093870351
11824 8192 1250.381 1286.091 1313.921 147.43992675358717 150.63041106733507 154.9323094320851 18.429990844198397 18.828801383416884 19.366538679010638
11824 16384 2493.632 2529.673 2537.842 152.6686184561529 153.16162681896043 155.37530477632626 19.083577307019112 19.145203352370054 19.421913097040783
11824 32768 5023.414 5080.484 5111.715 151.5925015381335 152.5243783859963 154.25717729018555 18.949062692266686 19.065547298249538 19.282147161273194
11824 65536 10133.298 10151.068 10252.299 151.16563884841827 152.67313035436274 152.94086170168882 18.895704856052284 19.084141294295343 19.117607712711102

13000 1 1.74 1.77 2.0 13.0 14.689265536723163 14.942528735632182 1.625 1.8361581920903953 1.8678160919540228
13000 2 0.77 0.79 0.88 59.090909090909086 65.82278481012658 67.53246753246752 7.386363636363636 8.227848101265822 8.44155844155844
13000 4 1.12 1.13 1.17 88.88888888888889 92.03539823008849 92.85714285714285 11.11111111111111 11.504424778761061 11.607142857142856
13000 8 1.83 1.84 1.85 112.43243243243242 113.04347826086955 113.66120218579233 14.054054054054053 14.130434782608694 14.207650273224042
13000 16 3.14 3.16 3.27 127.21712538226299 131.64556962025316 132.484076433121 15.902140672782874 16.455696202531644 16.560509554140125
13000 32 5.75 5.87 5.92 140.54054054054052 141.73764906303236 144.69565217391303 17.567567567567565 17.717206132879046 18.08695652173913
13000 64 11.04 11.33 11.43 145.58180227471567 146.8667255075022 150.7246376811594 18.19772528433946 18.358340688437774 18.840579710144926
13000 128 22.27 22.33 22.94 145.07410636442893 149.0371697268249 149.43870678042208 18.134263295553616 18.629646215853114 18.67983834755276
13000 256 42.71 43.23 44.21 150.5541732639674 153.9671524404349 155.84172324982438 18.819271657995927 19.24589405505436 19.480215406228048
13000 512 85.68 87.83 88.46 150.48609541035498 151.5655243083229 155.3688141923436 18.810761926294372 18.94569053854036 19.42110177404295
13000 1024 175.22 175.4 182.08 146.22144112478028 151.79019384264538 151.94612487159 18.277680140597536 18.973774230330672 18.99326560894875
13000 2048 339.521 352.381 365.17 145.81701673193305 151.10916876903124 156.83271432400352 18.22712709149163 18.888646096128905 19.60408929050044
13000 4096 677.41 699.68 722.171 147.46645877499924 152.206723073405 157.2105519552413 18.433307346874905 19.025840384175623 19.651318994405162
13000 8192 1360.071 1391.951 1415.831 150.43603367916086 153.01688062295295 156.60358907733496 18.804504209895107 19.12711007786912 19.57544863466687
13000 16384 2742.752 2777.273 2818.802 151.12235623502465 153.3821125975012 155.31262031711216 18.89029452937808 19.17276407468765 19.41407753963902
13000 32768 5503.554 5536.234 6485.476 131.3655312270063 153.88944903701685 154.8032416870989 16.420691403375788 19.236181129627106 19.350405210887363
13000 65536 10900.749 11085.059 11704.589 145.57845644985912 153.7146532102355 156.31366248319267 18.19730705623239 19.214331651279437 19.539207810399084

14296 1 1.82 1.84 1.94 14.738144329896906 15.539130434782606 15.70989010989011 1.8422680412371133 1.9423913043478258 1.9637362637362636
14296 2 0.83 0.84 0.92 62.156521739130426 68.07619047619048 68.89638554216867 7.769565217391303 8.50952380952381 8.612048192771084
14296 4 1.2 1.22 1.23 92.9821138211382 93.74426229508197 95.30666666666667 11.622764227642275 11.718032786885246 11.913333333333334
14296 8 1.94 1.94 1.97 116.10964467005077 117.90515463917525 117.90515463917525 14.513705583756346 14.738144329896906 14.738144329896906
14296 16 3.38 3.41 3.45 132.60057971014493 134.15601173020528 135.3467455621302 16.575072463768116 16.76950146627566 16.918343195266274
14296 32 6.33 6.47 6.62 138.20906344410875 141.41329211746523 144.54091627172195 17.276132930513594 17.676661514683154 18.067614533965244
14296 64 12.1 12.19 12.52 146.15718849840255 150.11386382280557 151.23041322314052 18.26964856230032 18.764232977850696 18.903801652892565
14296 128 23.83 23.88 24.18 151.35550041356493 153.2569514237856 153.57851447754933 18.919437551695616 19.1571189279732 19.197314309693667
14296 256 47.19 47.74 55.67 131.48108496497215 153.32115626309175 155.10811612629794 16.43513562062152 19.16514453288647 19.388514515787243
14296 512 93.89 94.04 100.22 146.06968668928357 155.66890684814973 155.9176057088082 18.258710836160446 19.458613356018716 19.489700713601025
14296 1024 186.591 189.51 191.62 152.7930696169502 154.49426415492587 156.9111479117428 19.099133702118774 19.311783019365734 19.61389348896785
14296 2048 372.71 383.05 395.881 147.91418633377205 152.86885785145543 157.10986021303427 18.489273291721506 19.10860723143193 19.638732526629283
14296 4096 751.881 756.59 761.25 153.84280065681446 154.79035144530062 155.75979709555105 19.230350082101808 19.348793930662577 19.46997463694388
14296 8192 1494.702 1517.991 1572.582 148.9433708385318 154.29977121076476 156.70392091533964 18.617921354816474 19.287471401345595 19.587990114417455
14296 16384 2994.002 2998.933 3059.302 153.12359747419507 156.20599993397653 156.4632648875986 19.140449684274383 19.525749991747066 19.557908110949825
14296 32768 5992.365 6008.075 6065.955 154.45262221694688 155.9405726459806 156.34939727469873 19.30657777711836 19.492571580747576 19.54367465933734
14296 65536 11980.45 12074.91 12194.6 153.65861217260098 155.18172077473042 156.40525289116852 19.207326521575123 19.397715096841303 19.550656611396064

15720 1 1.8 2.04 2.58 12.186046511627907 15.411764705882351 17.466666666666665 1.5232558139534884 1.926470588235294 2.183333333333333
15720 2 0.9 0.96 0.98 64.16326530612245 65.5 69.86666666666666 8.020408163265307 8.1875 8.733333333333333
15720 4 1.3 1.31 1.32 95.27272727272727 96.0 96.73846153846152 11.909090909090908 12.0 12.09230769230769
15720 8 2.12 2.15 2.17 115.90783410138248 116.9860465116279 118.64150943396226 14.48847926267281 14.623255813953488 14.830188679245282
15720 16 3.73 3.77 3.88 129.64948453608247 133.43236074270555 134.8632707774799 16.20618556701031 16.679045092838194 16.857908847184987
15720 32 6.89 6.9 7.28 138.19780219780216 145.8086956521739 146.02031930333817 17.27472527472527 18.226086956521737 18.25253991291727
15720 64 13.3 13.75 14.12 142.5042492917847 146.33890909090908 151.29022556390976 17.813031161473088 18.292363636363635 18.91127819548872
15720 128 26.25 26.46 27.76 144.96829971181555 152.09070294784578 153.30742857142855 18.121037463976943 19.011337868480723 19.163428571428568
15720 256 51.67 51.99 55.06 146.17944061024335 154.81130986728215 155.77007934971934 18.27243007628042 19.35141373341027 19.471259918714917
15720 512 102.9 103.51 106.9 150.5826005612722 155.51424983093418 156.43615160349853 18.822825070159023 19.439281228866772 19.554518950437316
15720 1024 206.54 213.321 216.66 148.59484907227912 150.9207251044201 155.8756657306091 18.57435613403489 18.86509063805251 19.484458216326136
15720 2048 412.57 415.481 442.15 145.62732104489425 154.97488453142262 156.06835203723003 18.20341513061178 19.371860566427827 19.508544004653753
15720 4096 834.63 846.021 851.691 151.2030067242697 152.21636342360296 154.2938068365623 18.900375840533712 19.02704542795037 19.28672585457029
15720 8192 1650.862 1665.371 1707.002 150.88235397498067 154.6541161098638 156.01333121726708 18.860294246872584 19.331764513732974 19.501666402158385
15720 16384 3340.573 3358.183 3383.652 152.2357972983037 153.39037807052205 154.1989832283264 19.029474662287964 19.173797258815256 19.2748729035408
15720 32768 6696.396 6716.405 6881.406 149.711544414034 153.3894873820146 153.8478190357918 18.71394305175425 19.173685922751826 19.230977379473973
15720 65536 13365.27 13420.1 13457.721 153.10555479638788 153.53476054574853 154.16462518153392 19.138194349548485 19.191845068218566 19.27057814769174

17288 1 1.98 2.11 2.66 12.998496240601504 16.38672985781991 17.462626262626262 1.624812030075188 2.0483412322274885 2.182828282828283
17288 2 0.94 0.95 0.96 72.03333333333335 72.79157894736844 73.56595744680853 9.004166666666668 9.098947368421054 9.195744680851066
17288 4 1.39 1.4 1.47 94.08435374149661 98.78857142857144 99.49928057553959 11.760544217687077 12.34857142857143 12.437410071942448
17288 8 2.28 2.32 2.33 118.71587982832618 119.22758620689658 121.31929824561405 14.839484978540773 14.903448275862072 15.164912280701756
17288 16 4.01 4.05 4.08 135.5921568627451 136.59654320987656 137.95910224438904 16.949019607843137 17.07456790123457 17.24488778054863
17288 32 7.53 7.53 7.59 145.7749670619236 146.93652058432937 146.93652058432937 18.22187088274045 18.36706507304117 18.36706507304117
17288 64 14.57 14.63 14.65 151.04873720136519 151.25522898154478 151.87810569663694 18.881092150170648 18.906903622693097 18.984763212079617
17288 128 28.64 28.69 37.15 119.13130551816958 154.26029975601256 154.52960893854748 14.891413189771198 19.28253746950157 19.316201117318435
17288 256 56.8 57.04 57.09 155.04389560343319 155.17980364656384 155.83549295774648 19.380486950429148 19.39747545582048 19.47943661971831
17288 512 113.091 113.61 113.64 155.7806406195002 155.8217762520905 156.5368773819314 19.472580077437524 19.477722031511313 19.567109672741424
17288 1024 225.7 226.68 226.73 156.1585321748335 156.19297688371273 156.87117412494464 19.51981652185419 19.52412211046409 19.60889676561808
17288 2048 452.88 456.69 465.31 152.18165953880208 155.05408044844424 156.35852322911148 19.02270744235026 19.38176005605553 19.544815403638935
17288 4096 904.091 905.19 906.431 156.24277633929114 156.4569825119588 156.64716936680048 19.530347042411393 19.55712281399485 19.58089617085006
17288 8192 1807.072 1808.911 1813.412 156.19538858240708 156.58403978968562 156.74339041277827 19.524423572800885 19.573004973710702 19.592923801597284
17288 16384 3611.143 3628.883 3631.563 155.99156176004658 156.10676453332886 156.87365025422702 19.498945220005822 19.513345566666107 19.609206281778377
17288 32768 7242.006 7242.966 7250.155 156.2706408345753 156.42574713176896 156.44648292199702 19.53383010432191 19.55321839147112 19.555810365249627

19016 1 2.08 2.57 2.9 13.11448275862069 14.798443579766536 18.284615384615382 1.6393103448275863 1.849805447470817 2.2855769230769227
19016 2 1.01 1.08 1.1 69.1490909090909 70.42962962962962 75.3108910891089 8.643636363636363 8.803703703703702 9.413861386138613
19016 4 1.49 1.51 1.77 85.94802259887005 100.74701986754967 102.0993288590604 10.743502824858757 12.593377483443708 12.76241610738255
19016 8 2.5 2.55 2.6 117.02153846153846 119.31607843137256 121.70239999999998 14.627692307692307 14.91450980392157 15.212799999999998
19016 16 4.47 4.49 4.52 134.62654867256637 135.5260579064588 136.13243847874722 16.828318584070797 16.94075723830735 17.016554809843402
19016 32 8.26 8.28 8.6 141.51441860465118 146.98357487922706 147.33946731234866 17.689302325581398 18.372946859903383 18.417433414043582
19016 64 15.99 16.21 17.04 142.8431924882629 150.15718692165328 152.22313946216383 17.855399061032863 18.76964836520666 19.02789243277048
19016 128 31.45 31.8 33.55 145.09973174366618 153.08477987421384 154.78842607313194 18.137466467958273 19.13559748427673 19.348553259141493
19016 256 62.331 63.24 66.63 146.12324778628246 153.95623023402908 156.20144069564103 18.265405973285308 19.244528779253635 19.525180086955128
19016 512 124.17 125.43 133.03 146.37588513869053 155.24502909989636 156.82035918498832 18.296985642336317 19.405628637487045 19.60254489812354
19016 1024 248.97 252.68 265.73 146.5576637940767 154.12683235713152 156.42353697232596 18.319707974259586 19.26585404464144 19.552942121540745
19016 2048 494.85 496.28 518.411 150.24668843832404 156.94675586362536 157.40029503890065 18.780836054790505 19.61834448295317 19.67503687986258
19016 4096 994.011 1008.661 1033.791 150.6872007978402 154.4414545620382 156.7176540299856 18.835900099730026 19.305181820254774 19.5897067537482
19016 8192 2006.002 2010.672 2056.642 151.48875886031695 154.95224681101638 155.31297775376098 18.93609485753962 19.369030851377047 19.414122219220122
19016 16384 4019.013 4069.323 4110.064 151.60744163594532 153.12529578015804 155.04211805236758 18.950930204493165 19.140661972519755 19.380264756545948
19016 32768 8045.686 8094.657 8122.757 153.42482558569708 153.95742846176188 154.89450818736898 19.178103198212135 19.244678557720235 19.361813523421123

20912 1 2.2 2.29 3.16 13.235443037974681 18.26375545851528 19.010909090909088 1.6544303797468352 2.28296943231441 2.376363636363636
20912 2 1.09 1.1 1.16 72.1103448275862 76.04363636363635 76.74128440366971 9.013793103448275 9.505454545454544 9.592660550458714
20912 4 1.61 1.63 1.65 101.39151515151515 102.6355828220859 103.91055900621117 12.673939393939394 12.829447852760737 12.988819875776397
20912 8 2.68 2.71 2.83 118.2303886925795 123.46568265682657 124.84776119402984 14.778798586572437 15.433210332103322 15.60597014925373
20912 16 4.82 4.86 5.08 131.7291338582677 137.69218106995885 138.83485477178422 16.46614173228346 17.211522633744856 17.354356846473028
20912 32 9.14 9.19 9.64 138.83485477178422 145.63307943416757 146.42975929978115 17.354356846473028 18.204134929270946 18.303719912472644
20912 64 17.79 18.73 18.78 142.53120340788072 142.91169247197007 150.46295671725687 17.81640042598509 17.86396155899626 18.80786958965711
20912 128 34.77 34.99 37.07 144.41521445913136 153.00005715918832 153.96813344837503 18.05190180739142 19.12500714489854 19.24601668104688
20912 256 68.72 68.94 72.61 147.45825643850708 155.308152016246 155.80535506402794 18.432282054813385 19.41351900203075 19.475669383003492
20912 512 137.6 146.28 153.83 139.20488851329387 146.38971834837298 155.62418604651165 17.400611064161733 18.298714793546623 19.453023255813957
20912 1024 276.321 276.331 289.12 148.13148865522965 154.9872290839609 154.992838039816 18.516436081903706 19.373403635495112 19.374104754977
20912 2048 551.79 555.17 579.811 147.73012585135498 154.28706882576506 155.2321571612389 18.466265731419373 19.285883603220633 19.40401964515486
20912 4096 1105.551 1140.161 1165.081 147.0379347015358 150.25167849102013 154.95540594689888 18.379741837691974 18.781459811377516 19.36942574336236
20912 8192 2205.032 2221.331 2280.092 150.26683484701493 154.24185229486284 155.38196633881049 18.783354355876867 19.280231536857855 19.42274579235131
20912 16384 4417.874 4466.103 4476.564 153.07374495260203 153.43229119435892 155.107279202621 19.134218119075253 19.179036399294866 19.388409900327623
20912 32768 8787.917 8943.737 9098.828 150.6225672141511 153.2344736881239 155.95149931434264 18.827820901768888 19.154309211015487 19.49393741429283

23000 1 2.55 2.61 2.96 15.54054054054054 17.624521072796934 18.039215686274513 1.9425675675675675 2.203065134099617 2.254901960784314
23000 2 1.18 1.19 1.2 76.66666666666667 77.3109243697479 77.96610169491525 9.583333333333334 9.663865546218487 9.745762711864407
23000 4 1.75 1.78 1.89 97.35449735449735 103.37078651685393 105.14285714285714 12.16931216931217 12.92134831460674 13.142857142857142
23000 8 2.91 2.97 3.05 120.65573770491804 123.90572390572389 126.46048109965635 15.081967213114755 15.488215488215486 15.807560137457044
23000 16 5.25 5.37 5.42 135.79335793357933 137.05772811918064 140.1904761904762 16.974169741697416 17.13221601489758 17.523809523809526
23000 32 9.94 10.14 10.28 143.19066147859922 145.16765285996053 148.08853118712275 17.898832684824903 18.145956607495066 18.511066398390344
23000 64 19.26 19.47 19.97 147.42113169754631 151.20698510529022 152.85565939771547 18.42764146219329 18.900873138161277 19.106957424714434
23000 128 37.97 38.11 48.53 121.32701421800948 154.50013119916034 155.06979194100606 15.165876777251185 19.312516399895042 19.383723992625757
23000 256 75.43 76.04 76.91 153.11402938499546 154.86586007364542 156.1182553360732 19.139253673124433 19.358232509205678 19.51478191700915
23000 512 150.42 152.09 155.76 151.20698510529022 154.85567755933985 156.57492354740063 18.900873138161277 19.35695969491748 19.57186544342508
23000 1024 305.941 306.5 314.501 149.77376860486933 153.68352365415987 153.96432645510083 18.721721075608666 19.210440456769984 19.245540806887604
23000 2048 602.82 605.051 630.64 149.3847519979703 155.70257713812555 156.27882286586376 18.67309399974629 19.462822142265694 19.53485285823297
23000 4096 1225.041 1242.431 1284.151 146.72417807563127 151.6510776051145 153.80383187174962 18.34052225945391 18.956384700639312 19.225478983968703
23000 8192 2403.402 2407.252 2500.252 150.71760766514734 156.54032066439242 156.79108197463427 18.839700958143418 19.567540083049053 19.598885246829283
23000 16384 4843.134 4863.164 4873.844 154.6344117702577 154.9740045780895 155.61493859141623 19.329301471282214 19.37175057226119 19.45186732392703
23000 32768 9667.548 9732.998 9932.978 151.74985789760132 154.86780126739984 155.91626749616344 18.968732237200165 19.35847515842498 19.48953343702043

25296 1 2.75 2.82 3.34 15.147305389221557 17.940425531914894 18.39709090909091 1.8934131736526947 2.2425531914893617 2.2996363636363637
25296 2 1.26 1.27 1.34 75.51044776119403 79.67244094488188 80.3047619047619 9.438805970149254 9.959055118110236 10.038095238095238
25296 4 1.88 1.95 1.98 102.2060606060606 103.77846153846154 107.64255319148937 12.775757575757575 12.972307692307693 13.455319148936171
25296 8 3.21 3.23 3.3 122.64727272727274 125.30526315789474 126.08598130841122 15.330909090909092 15.663157894736843 15.760747663551403
25296 16 5.75 5.81 5.88 137.66530612244898 139.3239242685026 140.77773913043478 17.208163265306123 17.415490533562824 17.597217391304348
25296 32 10.93 10.99 11.49 140.90026109660573 147.31064604185624 148.1193046660567 17.612532637075716 18.41383075523203 18.51491308325709
25296 64 21.23 21.25 21.31 151.9421867667762 152.3712 152.51474328780026 18.992773345847024 19.0464 19.064342910975032
25296 128 41.76 41.94 42.75 151.48014035087718 154.4057224606581 155.0712643678161 18.935017543859647 19.300715307582262 19.383908045977012
25296 256 83.07 83.26 88.95 145.60485666104552 155.55551285130915 155.91130371975444 18.20060708263069 19.444439106413643 19.488912964969305
25296 512 165.38 166.12 174.15 148.7401894918174 155.93007464483503 156.6277905429919 18.592523686477175 19.49125933060438 19.578473817873988
25296 1024 330.4 335.031 337.941 153.29956412509878 154.63108786948072 156.79845036319614 19.162445515637348 19.32888598368509 19.599806295399517
25296 2048 659.3 660.45 664.441 155.93922710970574 156.8815444015444 157.15518883664495 19.492403388713218 19.61019305019305 19.64439860458062
25296 4096 1332.691 1338.891 1356.251 152.7923901991593 154.7734894027968 155.49353300952734 19.099048774894914 19.3466861753496 19.436691626190918
25296 8192 2642.662 2665.952 2789.012 148.60088949061532 155.46028735701168 156.83037179934476 18.575111186326914 19.43253591962646 19.603796474918095
25296 16384 5332.465 5359.194 5506.455 150.53229854779528 154.66865502536388 155.4439322152138 18.81653731847441 19.333581878170484 19.430491526901726
25296 32768 10671.768 10750.769 10889.408 152.2395575590519 154.20279758592153 155.34433057390302 19.029944694881486 19.27534969824019 19.418041321737878

27824 1 2.72 2.92 3.16 17.61012658227848 19.057534246575344 20.458823529411763 2.20126582278481 2.382191780821918 2.5573529411764704
27824 2 1.37 1.38 1.4 79.49714285714286 80.64927536231885 81.23795620437956 9.937142857142858 10.081159420289856 10.154744525547445
27824 4 2.05 2.08 2.1 105.99619047619046 107.01538461538462 108.58146341463416 13.249523809523808 13.376923076923077 13.57268292682927
27824 8 3.48 3.5 3.55 125.40394366197184 127.19542857142858 127.92643678160918 15.67549295774648 15.899428571428572 15.990804597701148
27824 16 6.37 6.54 6.6 134.90424242424243 136.14189602446484 139.77519623233908 16.863030303030303 17.017737003058105 17.471899529042386
27824 32 11.99 12.02 12.69 140.32592592592593 148.1477537437604 148.5184320266889 17.54074074074074 18.51846921797005 18.564804003336114
27824 64 23.36 23.54 24.381 146.07571469586975 151.2944774851317 152.46027397260275 18.25946433698372 18.91180968564146 19.057534246575344
27824 128 46.01 46.04 49.28 144.54025974025973 154.7120764552563 154.81295370571615 18.067532467532466 19.339009556907037 19.35161921321452
27824 256 91.37 92.33 104.59 136.2069796347643 154.2931658182606 155.9142825872825 17.02587245434554 19.286645727282576 19.48928532341031
27824 512 182.07 194.93 195.48 145.75289543687333 146.16414097368286 156.48803207557532 18.219111929609166 18.270517621710358 19.561004009446915
27824 1024 364.421 370.971 389.23 146.4007193690106 153.60648676042064 156.3673663153331 18.300089921126325 19.20081084505258 19.545920789416638
27824 2048 730.001 734.23 780.92 145.9395379808431 155.219895673018 156.11910668615522 18.24244224760539 19.40248695912725 19.514888335769403
27824 4096 1469.881 1491.161 1553.152 146.75589253337728 152.85687326854713 155.06983762631123 18.34448656667216 19.10710915856839 19.383729703288903
27824 8192 2921.903 2991.263 3075.932 148.20497202148812 152.3999782031871 156.01764192719608 18.525621502686015 19.049997275398386 19.50220524089951
27824 16384 5891.144 5963.755 6075.965 150.05630085097593 152.87965920799897 154.76396978243955 18.75703760637199 19.10995740099987 19.345496222804943
27824 32768 11815.329 11931.85 12136.02 150.25302067728958 152.82405192824245 154.3311797750194 18.781627584661198 19.103006491030307 19.291397471877424

30600 1 3.07 3.23 3.86 15.854922279792747 18.94736842105263 19.93485342019544 1.9818652849740934 2.3684210526315788 2.49185667752443
30600 2 1.55 1.58 1.59 76.98113207547169 77.46835443037973 78.96774193548387 9.622641509433961 9.683544303797467 9.870967741935484
30600 4 2.26 2.3 2.35 104.17021276595744 106.43478260869564 108.31858407079646 13.02127659574468 13.304347826086955 13.539823008849558
30600 8 3.82 3.89 3.93 124.5801526717557 125.86118251928019 128.1675392670157 15.572519083969462 15.732647814910024 16.020942408376964
30600 16 6.93 6.99 7.23 135.4356846473029 140.08583690987123 141.2987012987013 16.929460580912863 17.510729613733904 17.662337662337663
30600 32 13.14 13.17 13.88 141.0951008645533 148.7015945330296 149.04109589041093 17.636887608069163 18.5876993166287 18.630136986301366
30600 64 25.74 27.26 27.44 142.7405247813411 143.6830520909758 152.1678321678322 17.842565597667637 17.960381511371974 19.020979020979023
30600 128 50.54 50.711 62.88 124.5801526717557 154.47536037546095 154.9980213692125 15.572519083969462 19.30942004693262 19.374752671151562
30600 256 100.39 100.76 107.681 145.49641998124088 155.4902739182215 156.06335292359796 18.18705249765511 19.436284239777688 19.507919115449745
30600 512 200.101 201.49 214.7 145.94503959012576 155.51342498387015 156.59292057510956 18.24312994876572 19.43917812298377 19.574115071888695
30600 1024 402.271 404.47 405.64 154.49363968050488 154.940539471407 155.78751637577653 19.31170496006311 19.367567433925874 19.473439546972067
30600 2048 801.32 804.011 847.26 147.93286594433823 155.89040448451576 156.41391703688913 18.49160824304228 19.48630056056447 19.55173962961114
30600 4096 1604.042 1604.691 1623.492 154.40494933144112 156.21400007851977 156.27720471159734 19.30061866643014 19.52675000981497 19.534650588949667
30600 8192 3206.522 3253.632 3318.623 151.07181502689517 154.08946063967898 156.35333236447465 18.883976878361896 19.261182579959872 19.54416654555933
30600 16384 6451.976 6470.155 6502.345 154.2060287480901 154.97322707106707 155.40987753209248 19.27575359351126 19.371653383883384 19.42623469151156
30600 32768 12965.6 13111.751 13163.041 152.35093471181926 152.9468947358747 154.67094465354475 19.043866838977408 19.11836184198434 19.333868081693094

33656 1 3.51 3.56 4.46 15.09237668161435 18.907865168539324 19.177207977207978 1.8865470852017938 2.3634831460674155 2.397150997150997
33656 2 1.74 1.77 1.88 71.60851063829787 76.05875706214688 77.37011494252873 8.951063829787234 9.50734463276836 9.671264367816091
33656 4 2.55 2.57 2.59 103.95675675675676 104.76575875486381 105.58745098039216 12.994594594594595 13.095719844357976 13.19843137254902
33656 8 4.3 4.35 4.4 122.38545454545454 123.79218390804597 125.23162790697675 15.298181818181817 15.474022988505746 15.653953488372094
33656 16 7.69 7.77 7.8 138.07589743589742 138.609009009009 140.05097529258774 17.259487179487177 17.326126126126123 17.506371911573467
33656 32 14.56 14.62 14.88 144.7569892473118 147.33132694938442 147.93846153846152 18.094623655913974 18.416415868673052 18.49230769230769
33656 64 28.38 28.63 28.79 149.63417853421325 150.47041564792175 151.79591261451725 18.704272316776656 18.80880195599022 18.974489076814656
33656 128 56.43 56.53 65.47 131.6012830303956 152.41351494781532 152.6836080099238 16.45016037879945 19.051689368476914 19.085451001240475
33656 256 111.06 111.71 120.58 142.9082103168021 154.25541133291557 155.15822078155952 17.863526289600262 19.281926416614446 19.39477759769494
33656 512 223.6 227.15 232.46 148.25666351200206 151.7224036979969 154.1312343470483 18.532082939000258 18.965300462249612 19.266404293381036
33656 1024 444.461 447.531 451.01 152.82917895390344 154.01723679476953 155.08107123009665 19.10364736923793 19.25215459934619 19.385133903762082
33656 2048 886.221 898.861 911.57 151.22807464045547 153.36628911477968 155.5537230555358 18.903509330056934 19.17078613934746 19.444215381941977
33656 4096 1780.741 1801.952 1818.372 151.62461366541058 153.00626875743637 154.82877745837266 18.953076708176322 19.125783594679547 19.353597182296582
33656 8192 3554.632 3638.963 3661.243 150.610026157783 151.53215462756833 155.12714227520596 18.826253269722876 18.94151932844604 19.390892784400744
33656 16384 7139.286 7152.766 7191.176 153.3601469356333 154.18368334711354 154.47480434317941 19.170018366954164 19.272960418389193 19.309350542897427

37016 1 3.74 3.95 4.21 17.58479809976247 18.742278481012658 19.79465240641711 2.1980997624703087 2.3427848101265822 2.474331550802139
37016 2 1.99 1.99 2.08 71.18461538461538 74.4040201005025 74.4040201005025 8.898076923076923 9.300502512562813 9.300502512562813
37016 4 2.94 2.96 3.02 98.05562913907285 100.04324324324324 100.72380952380954 12.256953642384106 12.505405405405405 12.590476190476192
37016 8 4.85 4.9 4.98 118.92690763052207 120.86857142857141 122.11463917525775 14.865863453815258 15.108571428571427 15.264329896907219
37016 16 8.63 8.75 8.85 133.84316384180792 135.3728 137.25515643105444 16.73039548022599 16.9216 17.156894553881806
37016 32 16.22 16.36 16.54 143.22998790810158 144.80586797066016 146.0557336621455 17.903748488512697 18.10073349633252 18.25696670776819
37016 64 31.37 31.46 32.14 147.4190416925949 150.60546726001272 151.03755180108385 18.427380211574363 18.82568340750159 18.87969397513548
37016 128 61.69 62.86 63.18 149.98569167458055 150.74922048997772 153.60829956232777 18.74821145932257 18.843652561247215 19.20103744529097
37016 256 122.47 124.661 133.84 141.60334728033473 152.02984092859836 154.749669306769 17.70041841004184 19.003730116074795 19.343708663346124
37016 512 247.691 248.801 253.741 149.3821810428744 152.3481979574037 153.03092966639883 18.6727726303593 19.043524744675462 19.128866208299854
37016 1024 498.2 500.35 505.13 150.07773840397522 151.5114779654242 152.16533119229226 18.759717300496902 18.938934745678026 19.020666399036532
37016 2048 981.451 992.601 1006.891 150.57988997816048 152.74771635329805 154.48304194503854 18.82248624727006 19.093464544162256 19.310380243129817
37016 4096 1981.802 1999.092 2003.962 151.31777548676072 151.68640162633835 153.00977191465142 18.91472193584509 18.960800203292294 19.126221489331428
37016 8192 3931.223 3972.253 4017.343 150.96299818063832 152.6766155126574 154.2700945736225 18.87037477257979 19.084576939082176 19.28376182170281
37016 16384 7886.436 7916.856 7964.366 152.29590001263125 153.20984592873737 153.80081547609083 19.036987501578906 19.15123074109217 19.225101934511354

40712 1 4.03 4.39 4.57 17.81706783369803 18.54760820045558 20.20446650124069 2.2271334792122537 2.3184510250569477 2.5255583126550865
40712 2 2.14 2.16 2.23 73.02600896860987 75.39259259259259 76.09719626168223 9.128251121076234 9.424074074074074 9.512149532710279
40712 4 3.21 3.21 3.26 99.90674846625768 101.46292834890966 101.46292834890966 12.48834355828221 12.682866043613707 12.682866043613707
40712 8 5.31 5.32 5.36 121.52835820895521 122.4421052631579 122.67269303201506 15.191044776119401 15.305263157894737 15.334086629001883
40712 16 9.45 9.51 9.54 136.56016771488473 136.99095688748685 137.86074074074074 17.07002096436059 17.123869610935856 17.232592592592592
40712 32 17.81 17.88 18.01 144.67340366463074 145.72527964205818 146.29803481190345 18.084175458078843 18.215659955257273 18.28725435148793
40712 64 34.48 34.68 35.1 148.4654131054131 150.26343713956172 151.13503480278425 18.558176638176636 18.782929642445215 18.89187935034803
40712 128 67.85 68.77 78.401 132.93544725194832 151.55259560855026 153.60754605747974 16.61693090649354 18.944074451068783 19.200943257184967
40712 256 134.78 136.26 145.61 143.1532449694389 152.9762512843094 154.65606173022704 17.894155621179863 19.122031410538675 19.33200771627838
40712 512 268.11 268.3 272.18 153.16734513924607 155.3823630264629 155.49247696840848 19.14591814240576 19.422795378307864 19.43655962105106
40712 1024 536.081 542.96 545.31 152.90050796794486 153.56228083100044 155.5327944844156 19.112563495993108 19.195285103875054 19.44159931055195
40712 2048 1076.141 1083.181 1090.981 152.84991397650373 153.95058812885378 154.95771650740934 19.106239247062966 19.243823516106723 19.369714563426168
40712 4096 2161.532 2163.452 2175.072 153.33409836547938 154.15766284622907 154.29459475964268 19.166762295684922 19.269707855778634 19.286824344955335
40712 8192 4315.133 4326.383 4330.474 154.0305767913628 154.17622711627706 154.57818055665956 19.25382209892035 19.272028389534633 19.322272569582445
40712 16384 8649.567 8656.437 8666.767 153.92715830482115 154.1108444502051 154.23324843891032 19.240894788102644 19.263855556275637 19.27915605486379

44776 1 4.34 4.74 5.2 17.22153846153846 18.89282700421941 20.634101382488478 2.1526923076923077 2.361603375527426 2.5792626728110597
44776 2 2.35 2.35 2.37 75.57130801687764 76.21446808510639 76.21446808510639 9.446413502109705 9.526808510638299 9.526808510638299
44776 4 3.51 3.52 3.62 98.9524861878453 101.76363636363635 102.05356125356126 12.369060773480662 12.720454545454544 12.756695156695157
44776 8 5.8 5.85 5.86 122.25529010238907 122.4642735042735 123.52000000000001 15.281911262798634 15.308034188034188 15.440000000000001
44776 16 10.36 10.47 10.72 133.6597014925373 136.85119388729703 138.3042471042471 16.707462686567162 17.10639923591213 17.28803088803089
44776 32 19.51 19.7 20.28 141.3049309664694 145.46517766497465 146.88180420297283 17.663116370808677 18.18314720812183 18.360225525371604
44776 64 37.79 37.89 38.76 147.86707946336432 151.26228556347323 151.66255623180734 18.48338493292054 18.907785695434153 18.957819528975918
44776 128 74.46 74.5 76.49 149.85822983396523 153.86115436241613 153.9438087563793 18.732278729245653 19.232644295302016 19.242976094547412
44776 256 148.6 150.03 153.21 149.63326153645323 152.80485236286077 154.27531628532972 18.704157692056654 19.100606545357596 19.284414535666215
44776 512 296.211 301.12 309.24 148.26873625662915 152.26695005313496 154.7904162910898 18.533592032078644 19.03336875664187 19.348802036386225
44776 1024 587.12 597.431 618.51 148.26154467995667 153.4926175575087 156.18825453059 18.532693084994584 19.18657719468859 19.52353181632375
44776 2048 1176.181 1187.161 1206.411 152.0232292311658 154.4883095047765 155.93050389353337 19.002903653895725 19.311038688097064 19.49131298669167
44776 4096 2364.622 2377.862 2447.642 149.86055640489909 154.2583177661277 155.12204149331268 18.732569550612386 19.282289720765963 19.390255186664085
44776 8192 4740.244 4740.983 4835.664 151.70822124944993 154.737948649046 154.7620721633739 18.963527656181242 19.34224358113075 19.345259020421736
44776 16384 9483.838 9510.308 9636.277 152.26004482851624 154.27680870062252 154.7074051665581 19.03250560356453 19.284601087577816 19.33842564581976

49248 1 4.93 5.31 5.47 18.00658135283364 18.54915254237288 19.978904665314403 2.250822669104205 2.31864406779661 2.4973630831643003
49248 2 2.56 2.57 2.58 76.35348837209303 76.65058365758755 76.95 9.544186046511628 9.581322957198443 9.61875
49248 4 3.82 3.83 4.12 95.62718446601941 102.86788511749349 103.13717277486911 11.953398058252427 12.858485639686686 12.89214659685864
49248 8 6.37 6.44 6.52 120.85398773006136 122.35527950310559 123.69984301412873 15.10674846625767 15.294409937888199 15.462480376766091
49248 16 11.38 11.4 11.82 133.32791878172588 138.23999999999998 138.4829525483304 16.665989847715736 17.279999999999998 17.3103690685413
49248 32 21.42 21.87 22.48 140.20782918149465 144.1185185185185 147.14621848739495 17.52597864768683 18.014814814814812 18.39327731092437
49248 64 41.87 42.14 44.31 142.2645903859174 149.5905078310394 150.55514688320994 17.783073798239673 18.698813478879924 18.819393360401243
49248 128 81.79 82.56 82.71 152.43003264417845 152.70697674418605 154.14461425602153 19.053754080522307 19.088372093023256 19.26807678200269
49248 256 163.421 164.751 170.841 147.5932358157585 153.04900122002294 154.2945888227339 18.449154476969813 19.131125152502868 19.28682360284174
49248 512 327.38 333.16 345.1 146.13141698058533 151.36856765518067 154.0410287739019 18.266427122573166 18.921070956897584 19.255128596737737
49248 1024 651.55 658.381 672.7 149.9329626876765 153.1938254597262 154.79994474714144 18.741620335959563 19.149228182465777 19.34999309339268
49248 2048 1300.561 1318.941 1376.131 146.58474229560994 152.94073654545576 155.10215053350055 18.323092786951243 19.11759206818197 19.38776881668757
49248 4096 2601.263 2635.622 2675.133 150.81104976836667 153.07188056557428 155.09374330853896 18.851381221045834 19.133985070696784 19.38671791356737
49248 8192 5263.494 5315.025 5484.964 147.1074800126309 151.81099468017555 153.297264516688 18.388435001578863 18.976374335021944 19.162158064586
49248 16384 10478.158 10545.238 10572.918 152.63132315979374 153.0319622942602 154.01165586546796 19.078915394974217 19.128995286782526 19.251456983183495

54168 1 5.0 5.14 6.08 17.818421052631578 21.07704280155642 21.667199999999998 2.2273026315789473 2.6346303501945525 2.7083999999999997
54168 2 2.75 2.78 2.84 76.29295774647888 77.93956834532375 78.78981818181819 9.53661971830986 9.742446043165469 9.848727272727274
54168 4 4.18 4.19 4.23 102.44539007092199 103.42338902147971 103.6708133971292 12.805673758865249 12.927923627684963 12.95885167464115
54168 8 6.93 7.03 7.08 122.4135593220339 123.28421052631579 125.06320346320346 15.301694915254238 15.410526315789474 15.632900432900433
54168 16 12.47 12.59 12.9 134.37023255813955 137.6787926926132 139.00368885324778 16.796279069767444 17.20984908657665 17.375461106655973
54168 32 23.55 24.15 24.62 140.81039805036556 143.55080745341616 147.20815286624205 17.601299756295695 17.94385093167702 18.401019108280256
54168 64 45.7 46.5 47.13 147.11444939528963 149.1076129032258 151.71781181619255 18.389306174411203 18.638451612903225 18.96472647702407
54168 128 89.931 98.96 101.11 137.1477400850559 140.12740501212613 154.1960836641425 17.143467510631986 17.515925626515767 19.27451045801781
54168 256 178.74 181.411 184.1 150.64647474198804 152.8794615541505 155.16401477005707 18.830809342748505 19.109932694268814 19.395501846257133
54168 512 355.69 359.65 368.52 150.51566265060242 154.2278103711942 155.94487334476653 18.814457831325303 19.278476296399276 19.493109168095817
54168 1024 712.761 725.69 739.781 149.95797945608228 152.8697708387879 155.64272455984545 18.744747432010286 19.108721354848488 19.45534056998068
54168 2048 1424.201 1446.211 1456.211 152.36262327368766 153.41615296799708 155.7870890415047 19.045327909210958 19.177019120999635 19.473386130188086
54168 4096 2874.443 2883.672 2888.082 153.64669562706322 153.88166754055246 154.3757367949199 19.205836953382903 19.235208442569057 19.296967099364988
54168 8192 5783.855 5796.744 5818.625 152.52546984897634 153.10120854051863 153.44238609024606 19.065683731122043 19.13765106756483 19.180298261280758
54168 16384 11540.929 11564.169 11624.069 152.69842462222138 153.4893708315747 153.79845279353162 19.087303077777673 19.186171353946836 19.224806599191453

59584 1 5.67 6.21 6.69 17.81285500747384 19.189694041867956 21.017283950617283 2.22660687593423 2.3987117552334944 2.6271604938271604
59584 2 3.0 3.01 3.02 78.91920529801324 79.1813953488372 79.44533333333332 9.864900662251655 9.89767441860465 9.930666666666665
59584 4 4.55 4.57 4.68 101.85299145299145 104.30459518599561 104.76307692307692 12.73162393162393 13.038074398249451 13.095384615384615
59584 8 7.61 7.63 7.7 123.81090909090908 124.94678899082568 125.27516425755584 15.476363636363635 15.61834862385321 15.65939553219448
59584 16 13.66 13.81 13.85 137.6670036101083 138.06574945691528 139.5818448023426 17.20837545126354 17.25821868211441 17.447730600292825
59584 32 25.8 26.17 26.19 145.60427644138983 145.71555215896063 147.80527131782944 18.20053455517373 18.21444401987008 18.47565891472868
59584 64 50.18 50.71 62.1 122.8140418679549 150.39936896075724 151.9878836189717 15.351755233494362 18.799921120094655 18.99848545237146
59584 128 98.88 100.2 110.67 137.82871600253003 152.23057884231537 154.26278317152102 17.228589500316254 19.02882235528942 19.282847896440128
59584 256 196.46 197.95 198.381 153.77988819493802 154.11471583733265 155.28355899419728 19.222486024367253 19.26433947966658 19.41044487427466
59584 512 390.96 396.181 396.471 153.89275886508722 154.0054066197016 156.0620421526499 19.236594858135902 19.2506758274627 19.507755269081237
59584 1024 785.04 788.33 791.42 154.18871395719088 154.79308411452055 155.44180169163354 19.27358924464886 19.34913551431507 19.430225211454193
59584 2048 1571.841 1583.742 1592.172 153.28498679790877 154.1008977472341 155.2676536621707 19.160623349738596 19.26261221840426 19.408456707771336
59584 4096 3146.883 3152.672 3176.552 153.6609909108996 154.82490027506825 155.10971586805104 19.20762386386245 19.35311253438353 19.38871448350638
59584 8192 6301.165 6314.295 6315.535 154.57506862047316 154.60542404179722 154.92758180431713 19.321883577559145 19.325678005224653 19.36594772553964
59584 16384 12548.58 12613.52 12627.711 154.61618594217114 154.79013883515466 155.5911913539221 19.327023242771393 19.348767354394333 19.448898919240264

65536 1 6.25 6.72 6.96 18.832183908045977 19.504761904761907 20.97152 2.354022988505747 2.4380952380952383 2.62144
65536 2 3.28 3.29 3.37 77.78753709198814 79.6790273556231 79.9219512195122 9.723442136498518 9.959878419452888 9.990243902439024
65536 4 4.95 5.021 5.08 103.20629921259842 104.41904003186617 105.91676767676768 12.900787401574803 13.052380003983272 13.23959595959596
65536 8 8.35 8.36 8.49 123.50718492343935 125.42775119617227 125.5779640718563 15.43839811542992 15.678468899521533 15.697245508982038
65536 16 14.98 15.02 15.11 138.7923229649239 139.62396804260987 139.99679572763685 17.349040370615487 17.452996005326234 17.499599465954606
65536 32 28.49 28.63 28.87 145.2824385174922 146.5003143555711 147.22021762021762 18.160304814686526 18.31253929444639 18.402527202527203
65536 64 55.13 55.71 55.95 149.93043789097408 150.57634176987975 152.16049337928533 18.74130473637176 18.82204272123497 19.020061672410666
65536 128 108.68 109.37 110.25 152.17429478458052 153.3987016549328 154.3726168568274 19.021786848072566 19.1748377068666 19.296577107103424
65536 256 215.74 217.851 222.671 150.69062428425795 154.02468659772046 155.53180680448688 18.836328035532244 19.253085824715058 19.44147585056086
65536 512 429.77 433.68 451.07 148.77705012525774 154.7428149787862 156.15064802103453 18.597131265657218 19.342851872348277 19.518831002629316
65536 1024 862.601 870.731 894.881 149.9838838907073 154.14373440247334 155.5965365215204 18.74798548633841 19.267966800309168 19.44956706519005
65536 2048 1729.161 1735.141 1739.351 154.3308141944898 154.70526948530406 155.24029052239786 19.291351774311224 19.338158685663007 19.405036315299732
65536 4096 3463.313 3473.373 3481.183 154.2208243576968 154.5675952453134 155.01657285957117 19.2776030447121 19.320949405664177 19.377071607446396
65536 8192 6920.556 6930.906 6950.136 154.4922033180358 154.9208464232526 155.15253745508312 19.311525414754474 19.365105802906577 19.39406718188539
65536 16384 13855.211 13889.061 13915.121 154.32734275181656 154.61690664329288 154.99465493524423 19.29091784397707 19.32711333041161 19.37433186690553

72088 1 7.07 7.24 8.08 17.843564356435643 19.913812154696135 20.392644978783594 2.2304455445544553 2.489226519337017 2.549080622347949
72088 2 3.57 3.6 3.61 79.87590027700833 80.09777777777778 80.77086834733895 9.98448753462604 10.012222222222222 10.096358543417368
72088 4 5.44 5.46 5.48 105.23795620437957 105.62344322344323 106.01176470588236 13.154744525547446 13.202930402930404 13.251470588235295
72088 8 9.14 9.19 9.23 124.9629469122427 125.50685527747552 126.19343544857769 15.620368364030337 15.68835690968444 15.774179431072211
72088 16 16.46 16.54 16.73 137.88499701135686 139.46892382103994 140.146780072904 17.235624626419607 17.433615477629992 17.518347509113
72088 32 31.18 31.55 32.3 142.83690402476782 146.23239302694137 147.96767158434895 17.854613003095977 18.27904912836767 18.49595894804362
72088 64 60.701 61.68 70.01 131.7992286816169 149.59896238651103 152.0117296255416 16.474903585202114 18.69987029831388 19.0014662031927
72088 128 120.97 121.3 129.19 142.84796036844958 152.13955482275352 152.55458378110276 17.855995046056197 19.01744435284419 19.069322972637845
72088 256 237.34 240.93 253.2 145.77036334913115 153.19410617191716 155.51131709783434 18.221295418641393 19.149263271489644 19.438914637229292
72088 512 472.51 477.99 480.48 153.63409923409924 154.43442749848325 156.22550210577555 19.204262404262405 19.304303437310406 19.528187763221943
72088 1024 951.161 966.791 984.661 149.93609374190714 152.70748693357717 155.21686023712076 18.742011717738393 19.088435866697147 19.402107529640094
72088 2048 1899.672 1912.672 1918.502 153.9078134919849 154.3769386491777 155.4333842894984 19.238476686498114 19.297117331147213 19.4291730361873
72088 4096 3804.123 3869.203 3886.854 151.93390232820684 152.62701284993318 155.23811822067793 18.991737791025855 19.078376606241648 19.40476477758474
72088 8192 7637.296 7724.056 7728.696 152.81876683983947 152.91056822995589 154.6476386406917 19.102345854979934 19.113821028744486 19.330954830086462

79296 1 7.51 7.76 8.31 19.084476534296027 20.437113402061854 21.11744340878828 2.3855595667870033 2.5546391752577318 2.639680426098535
79296 2 3.88 3.91 3.97 79.89521410579344 81.12122762148337 81.74845360824742 9.98690176322418 10.140153452685421 10.218556701030927
79296 4 5.93 5.95 5.97 106.25929648241205 106.61647058823529 106.9760539629005 13.282412060301507 13.327058823529411 13.372006745362562
79296 8 9.99 10.05 10.07 125.99165839126115 126.24238805970148 127.00060060060058 15.748957298907644 15.780298507462685 15.875075075075072
79296 16 18.05 18.11 18.24 139.1157894736842 140.1144119271121 140.5801662049861 17.389473684210525 17.51430149088901 17.572520775623264
79296 32 34.31 34.41 34.59 146.71708586296614 147.48456843940716 147.91442728067616 18.339635732870768 18.435571054925894 18.48930341008452
79296 64 66.98 67.19 76.32 132.99119496855346 151.06247953564517 151.53610032845626 16.623899371069182 18.882809941955646 18.942012541057032
79296 128 131.37 132.22 132.431 153.28568084511932 153.53029798820145 154.5236812057547 19.160710105639915 19.19128724852518 19.31546015071934
79296 256 262.75 263.88 270.73 149.96325490340928 153.856116416553 154.51780019029493 18.74540686292616 19.232014552069124 19.314725023786867
79296 512 522.901 524.181 528.351 153.6840168751455 154.90661431833658 155.28580744729882 19.210502109393186 19.363326789792072 19.410725930912353
79296 1024 1040.491 1051.981 1056.271 153.74672598225266 154.37370827039652 156.078436046059 19.218340747781582 19.296713533799565 19.509804505757376
79296 2048 2083.322 2103.912 2104.991 154.29824450555844 154.37737700055897 155.90312779301516 19.287280563194805 19.29717212506987 19.487890974126895
79296 4096 4191.063 4193.673 4198.043 154.7370601015759 154.89830322965094 154.99476672147375 19.34213251269699 19.362287903706367 19.37434584018422
79296 8192 8341.977 8394.656 8406.847 154.53899232375704 154.7634190132389 155.7407391557181 19.31737404046963 19.34542737665486 19.467592394464763

87224 1 8.24 8.91 9.51 18.343638275499472 19.57890011223345 21.170873786407768 2.292954784437434 2.447362514029181 2.646359223300971
87224 2 4.26 4.28 4.29 81.32773892773892 81.51775700934579 81.90046948356809 10.165967365967365 10.189719626168223 10.237558685446011
87224 4 6.49 6.52 6.58 106.04741641337387 107.0233128834356 107.51802773497688 13.255927051671733 13.37791411042945 13.43975346687211
87224 8 10.94 11.07 11.45 121.88506550218342 126.06901535682023 127.5670932358318 15.235633187772928 15.758626919602529 15.945886654478976
87224 16 19.82 20.29 20.56 135.75719844357977 137.5637259733859 140.82583249243189 16.96964980544747 17.19546574667324 17.603229061553986
87224 32 37.65 37.81 47.29 118.04474518925778 147.6417878868024 148.26921646746348 14.755593148657223 18.4552234858503 18.533652058432935
87224 64 73.24 74.83 82.87 134.72513575479667 149.20048109047175 152.43954123429822 16.840641969349583 18.65006013630897 19.054942654287277
87224 128 145.31 146.64 152.47 146.45073785006886 152.2732133115112 153.6669465281123 18.306342231258608 19.0341516639389 19.208368316014038
87224 256 289.431 291.17 299.15 149.2852682600702 153.37668028986505 154.2982196102007 18.660658532508776 19.17208503623313 19.287277451275088
87224 512 571.111 574.551 579.8 154.04859606760954 155.45595778268594 156.39232303352588 19.256074508451192 19.431994722835743 19.549040379190735
87224 1024 1155.671 1172.121 1189.291 150.2027275073973 152.40299593642635 154.57232378419118 18.775340938424662 19.050374492053294 19.321540473023898
87224 2048 2305.602 2317.062 2352.222 151.88596314463516 154.1907398248299 154.9571452488331 18.985745393079394 19.273842478103738 19.369643156104136
87224 4096 4625.333 4632.843 4646.993 153.76373667875117 154.2333741937726 154.48379781520597 19.220467084843897 19.279171774221574 19.310474726900747
87224 8192 9198.388 9299.537 9420.128 151.70473437303613 153.6719533456343 155.36178904390638 18.963091796629516 19.20899416820429 19.420223630488298

95944 1 8.54 9.46 10.05 19.093333333333334 20.284143763213528 22.469320843091335 2.3866666666666667 2.535517970401691 2.808665105386417
95944 2 4.65 4.66 4.69 81.82857142857144 82.35536480686694 82.53247311827957 10.22857142857143 10.294420600858368 10.316559139784946
95944 4 7.11 7.12 7.18 106.90139275766018 107.80224719101123 107.95386779184247 13.362674094707522 13.475280898876404 13.494233473980309
95944 8 12.01 12.05 12.11 126.76333608587944 127.39452282157674 127.8188176519567 15.84541701073493 15.924315352697093 15.977352206494588
95944 16 21.82 21.85 21.9 140.1921461187215 140.5129519450801 140.70614115490375 17.524018264840187 17.56411899313501 17.58826764436297
95944 32 41.29 41.62 41.68 147.3228406909789 147.5352234502643 148.71436183095182 18.41535508637236 18.44190293128304 18.589295228868977
95944 64 80.34 80.87 89.56 137.12407324698526 151.8589340917522 152.8607418471496 17.140509155873158 18.982366761469024 19.1075927308937
95944 128 158.571 159.57 164.44 149.36550717586962 153.92407094065302 154.89379520845551 18.670688396983703 19.240508867581628 19.36172440105694
95944 256 314.961 318.031 323.61 151.79792960662527 154.46081671283616 155.9663831394998 18.97474120082816 19.30760208910452 19.495797892437476
95944 512 631.321 633.59 639.55 153.61841294660312 155.0634574409318 155.6207634468044 19.20230161832539 19.382932180116477 19.45259543085055
95944 1024 1261.321 1264.711 1272.711 154.38957626672513 155.36617614617094 155.7837473569377 19.29869703334064 19.420772018271368 19.472968419617214
95944 2048 2532.232 2535.262 2537.042 154.89953418193315 155.00828868968964 155.19376739572044 19.362441772741644 19.376036086211204 19.399220924465055
95944 4096 5037.475 5065.944 5087.564 154.48911266767357 155.14842801262705 156.02524042302937 19.311139083459196 19.39355350157838 19.50315505287867
95944 8192 10081.498 10119.469 10154.408 154.80434664433417 155.33883210670444 155.92390099169788 19.350543330541772 19.417354013338056 19.490487623962235

105536 1 9.64 9.94 10.96 19.25839416058394 21.23460764587525 21.8954356846473 2.4072992700729925 2.6543259557344063 2.7369294605809125
105536 2 5.09 5.1 5.12 82.45 82.77333333333334 82.93595284872299 10.30625 10.346666666666668 10.366994106090374
105536 4 7.78 7.79 7.97 105.93324968632372 108.38100128369705 108.52030848329049 13.241656210790465 13.54762516046213 13.565038560411312
105536 8 13.15 13.2 13.41 125.91916480238628 127.92242424242426 128.40882129277566 15.739895600298285 15.990303030303032 16.051102661596957
105536 16 23.9 23.92 24.11 140.07266694317713 141.18528428093646 141.3034309623431 17.50908336789714 17.648160535117057 17.662928870292887
105536 32 45.4 45.41 45.66 147.92606219886116 148.7404536445717 148.77321585903084 18.490757774857645 18.59255670557146 18.596651982378855
105536 64 88.43 89.42 89.731 150.5456085410839 151.06920152091254 152.76046590523578 18.81820106763549 18.883650190114068 19.095058238154472
105536 128 175.3 176.321 176.7 152.89878890775327 153.2274431292926 154.1198859098688 19.11234861346916 19.153430391161574 19.2649857387336
105536 256 346.481 352.25 353.0 153.07204532577904 153.39796167494677 155.95207818033313 19.13400566572238 19.174745209368346 19.49400977254164
105536 512 695.361 697.99 704.58 153.3805444378211 154.82867089786387 155.41404249015977 19.172568054727638 19.353583862232984 19.42675531126997
105536 1024 1381.791 1395.181 1404.852 153.85088820744107 154.9173390405976 156.41853796992456 19.231361025930134 19.3646673800747 19.55231724624057
105536 2048 2774.843 2787.902 2798.802 154.45017403874945 155.05403561531216 155.7837528105194 19.30627175484368 19.38175445191402 19.472969101314924
105536 4096 5560.525 5587.674 5689.984 151.94259105122262 154.72465143814762 155.48008722197997 18.992823881402828 19.340581429768452 19.435010902747496
105536 8192 11130.109 11137.199 11177.209 154.6988898570296 155.25464023763965 155.3535391252682 19.3373612321287 19.406830029704956 19.419192390658527

116088 1 10.34 11.1 12.21 19.015233415233414 20.916756756756758 22.4541586073501 2.3769041769041768 2.6145945945945948 2.8067698259187623
116088 2 5.58 5.6 5.68 81.75211267605634 82.92 83.21720430107527 10.219014084507043 10.365 10.402150537634409
116088 4 8.59 8.59 8.66 107.24064665127021 108.11455180442377 108.11455180442377 13.405080831408776 13.514318975552971 13.514318975552971
116088 8 14.48 14.49 14.56 127.56923076923076 128.1855072463768 128.27403314917126 15.946153846153845 16.0231884057971 16.034254143646407
116088 16 26.3 26.36 26.53 140.02321899736148 140.92625189681337 141.24775665399238 17.502902374670185 17.61578148710167 17.655969581749048
116088 32 49.92 50.43 52.2 142.33011494252872 147.32563950029746 148.83076923076922 17.79126436781609 18.415704937537182 18.603846153846153
116088 64 98.151 98.29 100.18 148.3256538231184 151.1777800386611 151.39187578323197 18.5407067278898 18.897222504832637 18.923984472903996
116088 128 191.821 197.73 199.08 149.27932489451476 150.29852829616144 154.9284384921359 18.659915611814345 18.78731603702018 19.36605481151699
116088 256 381.46 387.581 395.56 150.26053190413592 153.35389505677523 155.81464898023387 18.78256648801699 19.169236882096904 19.476831122529234
116088 512 763.97 765.321 789.031 150.6583543612355 155.32582014605637 155.60049740173045 18.832294295154437 19.415727518257047 19.450062175216306
116088 1024 1527.561 1534.871 1567.332 151.68976579308023 154.89785395645626 155.63910311928623 18.96122072413503 19.362231744557032 19.45488788991078
116088 2048 3052.603 3064.683 3132.862 151.77701667038 155.15355030193987 155.767536099519 18.9721270837975 19.394193787742484 19.470942012439874
116088 4096 6145.595 6190.345 6266.735 151.75253078357392 153.62518502603652 154.7438280589593 18.96906634794674 19.203148128254565 19.342978507369914
116088 8192 12251.84 12320.51 12501.671 152.13852548191358 154.37557308910104 155.2408284796406 19.017315685239197 19.29694663613763 19.405103559955077

127696 1 11.22 12.32 12.97 19.690979182729375 20.72987012987013 22.762210338680926 2.461372397841172 2.591233766233766 2.845276292335116
127696 2 6.11 6.12 6.13 83.32528548123982 83.46143790849673 83.59803600654665 10.415660685154977 10.432679738562092 10.449754500818331
127696 4 9.42 9.47 9.64 105.97178423236514 107.8741288278775 108.44670912951169 13.246473029045642 13.484266103484687 13.555838641188961
127696 8 15.94 15.98 16.04 127.3775561097257 127.85581977471841 128.17666248431618 15.922194513715713 15.981977471839802 16.022082810539523
127696 16 29.06 29.39 29.99 136.2544848282761 139.0361347397074 140.61500344115623 17.031810603534513 17.379516842463424 17.57687543014453
127696 32 54.88 54.95 56.23 145.34134803485685 148.72691537761602 148.91661807580175 18.167668504357106 18.590864422202003 18.61457725947522
127696 64 107.4 107.53 117.55 139.04796256911953 152.00491025760255 152.18890130353816 17.38099532113994 19.00061378220032 19.02361266294227
127696 128 211.09 216.301 219.47 148.95054449355266 151.13280105038814 154.86368847411057 18.618818061694082 18.891600131298517 19.357961059263822
127696 256 428.91 432.82 434.76 150.38262949673384 151.05667945104202 152.43373201837215 18.79782868709173 18.882084931380252 19.05421650229652
127696 512 841.941 856.481 878.441 148.85541999974956 152.67204292914846 155.30863088981295 18.606927499968695 19.084005366143558 19.41357886122662
127696 1024 1681.511 1705.052 1714.291 152.55368429280676 153.38031215470264 155.52762247764065 19.069210536600846 19.17253901933783 19.44095280970508
127696 2048 3386.403 3407.513 3413.092 153.2460349735665 153.49693926332785 154.45380127527648 19.155754371695814 19.18711740791598 19.30672515940956
127696 4096 6717.836 6735.795 6771.056 154.49372032959116 155.3024746150974 155.71764955262378 19.311715041198894 19.412809326887174 19.464706194077973
127696 8192 13548.411 13566.961 13614.921 153.66752873556888 154.21075243011313 154.42189227947102 19.20844109194611 19.27634405376414 19.302736534933878

140464 1 13.11 13.74 14.22 19.755836849507734 20.44599708879185 21.428527841342486 2.4694796061884667 2.555749636098981 2.678565980167811
140464 2 6.68 6.7 6.77 82.992023633678 83.85910447761194 84.11017964071857 10.37400295420975 10.482388059701492 10.513772455089821
140464 4 10.31 10.34 18.96 59.267510548523205 108.67620889748551 108.99243452958292 7.408438818565401 13.584526112185689 13.624054316197865
140464 8 17.54 17.8 26.25 85.61615238095239 126.25977528089886 128.13135689851768 10.702019047619048 15.782471910112358 16.01641961231471
140464 16 31.84 31.95 32.58 137.96341313689382 140.6838184663537 141.16984924623117 17.245426642111727 17.585477308294212 17.646231155778896
140464 32 60.34 62.28 62.75 143.26208764940242 144.34322414900447 148.98402386476633 17.907760956175302 18.04290301862556 18.62300298309579
140464 64 117.43 118.92 128.88 139.50490378646805 151.18896737302387 153.10731499616793 17.438112973308506 18.898620921627984 19.13841437452099
140464 128 232.03 236.01 241.421 148.94637997523 152.36127282742257 154.97471878636384 18.61829749690375 19.04515910342782 19.37183984829548
140464 256 461.061 464.76 476.501 150.928472343185 154.7413030381272 155.9827615001052 18.866059042898126 19.3426628797659 19.49784518751315
140464 512 927.9 934.4 954.73 150.65530149885308 153.93315068493152 155.0114624420735 18.831912687356635 19.24164383561644 19.37643280525919
140464 1024 1839.802 1860.272 1898.281 151.54251240991192 154.6388227097973 156.35936475772937 18.94281405123899 19.329852838724662 19.54492059471617
140464 2048 3709.603 3722.813 3766.683 152.7446148242366 154.54457261216183 155.09491015615419 19.093076853029576 19.31807157652023 19.386863769519273
140464 4096 7438.416 7501.626 7533.396 152.74400655428178 153.39088992173163 154.6943714898441 19.093000819285223 19.173861240216453 19.33679643623051

154504 1 13.8 14.68 15.74 19.632020330368487 21.04959128065395 22.391884057971016 2.454002541296061 2.6311989100817437 2.798985507246377
154504 2 7.33 7.35 7.42 83.29056603773584 84.08380952380952 84.31323328785811 10.41132075471698 10.51047619047619 10.539154160982264
154504 4 11.28 11.29 11.44 108.04475524475525 109.48024800708593 109.57730496453901 13.505594405594406 13.685031000885742 13.697163120567376
154504 8 19.18 19.27 19.42 127.29474768280123 128.28562532433835 128.8875912408759 15.911843460350154 16.035703165542294 16.11094890510949
154504 16 34.95 35.11 35.301 140.05631568510807 140.81822842495015 141.4628898426323 17.50703946063851 17.60227855311877 17.68286123032904
154504 32 66.61 66.79 75.09 131.68539086429618 148.04994759694563 148.45002251914127 16.460673858037023 18.506243449618204 18.55625281489266
154504 64 129.31 130.06 136.79 144.5757145990204 152.05683530678147 152.93876730337948 18.07196432487755 19.007104413347683 19.117345912922435
154504 128 254.92 256.08 261.14 151.46290878456 154.45573258356762 155.15857523929074 18.93286359807 19.306966572945953 19.394821904911343
154504 256 509.841 512.691 520.37 152.01884812729404 154.29576099443915 155.15827091191173 19.002356015911754 19.286970124304894 19.394783863988966
154504 512 1015.841 1021.261 1065.011 148.55442432049998 154.91837639937296 155.74494039913728 18.569303040062497 19.36479704992162 19.46811754989216
154504 1024 2027.312 2034.562 2104.572 150.3508513845095 155.5244775042491 156.0806585271532 18.793856423063687 19.440559688031136 19.51008231589415
154504 2048 4068.883 4075.444 4095.213 154.53369189832128 155.28329772167154 155.5336892213416 19.31671148729016 19.410412215208943 19.4417111526677
154504 4096 8133.757 8140.997 8165.707 155.00149197124023 155.47196098954464 155.61034931336158 19.37518649640503 19.43399512369308 19.451293664170198

169952 1 15.06 16.29 17.63 19.279863868406125 20.865807243707795 22.569986719787515 2.4099829835507656 2.6082259054634744 2.8212483399734394
169952 2 8.04 8.08 8.19 83.00463980463981 84.13465346534652 84.55323383084577 10.375579975579976 10.516831683168315 10.569154228855721
169952 4 12.48 12.66 12.69 107.14074074074074 107.39462875197471 108.94358974358973 13.392592592592592 13.424328593996838 13.617948717948716
169952 8 21.07 21.13 21.37 127.24529714553111 128.690582110743 129.05704793545326 15.905662143191389 16.086322763842876 16.132130991931657
169952 16 38.33 38.63 47.68 114.06174496644294 140.78343256536368 141.88531176624053 14.257718120805368 17.59792907067046 17.735663970780067
169952 32 72.87 73.14 74.78 145.4523669430329 148.71380913316926 149.2648277754906 18.181545867879112 18.589226141646158 18.658103471936325
169952 64 142.05 142.1 145.97 149.0296362266219 153.0883603096411 153.14224568813796 18.628704528327738 19.136045038705138 19.142780711017245
169952 128 282.261 288.541 318.23 136.7178204443327 150.78519863728204 154.14000517251762 17.089727555541586 18.848149829660255 19.267500646564702
169952 256 557.021 566.511 577.52 150.67084083668098 153.59882508900972 156.2156974333104 18.833855104585123 19.199853136126215 19.5269621791638
169952 512 1117.891 1125.181 1128.361 154.23330653930788 154.6692025549667 155.67783263305634 19.279163317413484 19.333650319370836 19.459729079132043
169952 1024 2234.392 2259.971 2277.312 152.83882753000026 154.01157625473954 155.77467874929735 19.104853441250032 19.251447031842442 19.47183484366217
169952 2048 4464.684 4522.373 4563.983 152.5254130000046 153.92878738662202 155.91772945184923 19.065676625000574 19.241098423327752 19.489716181481153
169952 4096 8974.967 9039.278 9103.807 152.93017349774658 154.0219013067194 155.1255602388287 19.116271687218322 19.252737663339925 19.39069502985359

186944 1 16.96 17.45 18.54 20.166558791801513 21.42624641833811 22.045283018867924 2.520819848975189 2.6782808022922637 2.7556603773584905
186944 2 8.78 8.8 8.99 83.17864293659622 84.97454545454545 85.16810933940776 10.397330367074527 10.621818181818181 10.64601366742597
186944 4 13.57 13.62 13.69 109.24411979547115 109.80558002936858 110.21016949152542 13.655514974433894 13.725697503671073 13.776271186440677
186944 8 23.14 23.46 32.21 92.86258925799441 127.49803921568626 129.2611927398444 11.607823657249302 15.937254901960783 16.15764909248055
186944 16 42.19 42.27 42.49 140.79096257943044 141.52372841258577 141.7920834320929 17.598870322428805 17.69046605157322 17.724010429011614
186944 32 80.221 80.63 89.16 134.19039928218933 148.38665509115717 149.14319193228707 16.773799910273667 18.548331886394646 18.642898991535883
186944 64 156.21 156.76 163.5 146.35371253822632 152.64628731819343 153.18373983739838 18.29421406727829 19.08078591477418 19.147967479674797
186944 128 308.431 309.42 310.82 153.9722797760762 154.66894189128044 155.1648958762252 19.246534972009524 19.333617736410055 19.39561198452815
186944 256 618.761 619.331 620.91 154.15330402151682 154.54632175686345 154.6886891707784 19.269163002689602 19.31829021960793 19.3360861463473
186944 512 1227.361 1233.521 1237.141 154.7363283570749 155.19043129383286 155.96931628102897 19.342041044634364 19.398803911729107 19.49616453512862
186944 1024 2452.292 2466.292 2470.142 154.99566907489532 155.23762474192029 156.12386779388424 19.374458634361915 19.404703092740036 19.51548347423553
186944 2048 4910.454 4922.914 4940.764 154.98061109577384 155.54255548644565 155.9372359460042 19.37257638697173 19.442819435805706 19.492154493250524
186944 4096 9794.088 9838.248 9855.538 155.3893098479251 155.66239517442537 156.36425239389314 19.423663730990636 19.45779939680317 19.545531549236642

205632 1 18.01 19.24 20.43 20.130396475770926 21.375467775467776 22.835313714602997 2.5162995594713657 2.671933471933472 2.8544142143253746
205632 2 9.68 9.72 9.73 84.53525179856115 84.62222222222222 84.97190082644627 10.566906474820144 10.577777777777778 10.621487603305784
205632 4 14.85 14.95 15.0 109.6704 110.03719063545151 110.77818181818182 13.7088 13.754648829431439 13.847272727272728
205632 8 25.37 25.38 25.49 129.0746174970577 129.6340425531915 129.68513992905005 16.13432718713221 16.20425531914894 16.210642491131257
205632 16 46.26 46.54 46.68 140.96452442159384 141.38856897292652 142.2443579766537 17.62056555269923 17.673571121615815 17.780544747081713
205632 32 88.041 88.55 88.78 148.2366298715927 148.6216600790514 149.48090094387842 18.529578733949087 18.577707509881424 18.685112617984803
205632 64 171.57 172.78 175.47 150.00225679603352 152.3376316703322 153.4119951040392 18.75028209950419 19.042203958791525 19.1764993880049
205632 128 339.221 344.04 348.361 151.1127594650377 153.01067317753748 155.1843547421887 18.889094933129712 19.126334147192185 19.398044342773588
205632 256 673.731 678.93 683.52 154.0314606741573 155.072811630065 156.26946659720275 19.253932584269663 19.384101453758124 19.533683324650344
205632 512 1349.321 1358.061 1362.511 154.54346276837398 155.04986005783246 156.05416946745808 19.317932846046748 19.381232507229058 19.50677118343226
205632 1024 2699.132 2711.702 2719.713 154.84513843923972 155.30258708368396 156.0258394180055 19.355642304904965 19.412823385460495 19.503229927250686
205632 2048 5408.445 5418.615 5428.654 155.15239541882755 155.43984431446043 155.73213224873325 19.394049427353444 19.429980539307554 19.466516531091656
205632 4096 10815.328 10817.648 10844.369 155.33751608784243 155.72121999162852 155.75462380798808 19.417189510980304 19.465152498953564 19.46932797599851

226192 1 19.99 22.12 22.86 19.789326334208226 20.45135623869801 22.630515257628815 2.4736657917760283 2.5564195298372514 2.828814407203602
226192 2 10.68 10.73 10.76 84.08624535315985 84.32134203168685 84.71610486891386 10.510780669144982 10.540167753960857 10.589513108614232
226192 4 16.42 16.51 16.58 109.13968636911945 109.6024227740763 110.20316686967112 13.64246079613993 13.700302846759538 13.77539585870889
226192 8 28.0 28.17 28.42 127.34243490499648 128.47255946041886 129.25257142857143 15.91780436312456 16.059069932552358 16.15657142857143
226192 16 50.94 51.44 60.91 118.83342636677065 140.7104199066874 142.0915586965057 14.854178295846332 17.588802488335926 17.761444837063213
226192 32 96.921 97.1 100.01 144.74840515948407 149.08638516992792 149.3617275925754 18.093550644935508 18.63579814624099 18.670215949071924
226192 64 189.28 190.74 195.371 148.19280241182162 151.79079375065535 152.96162299239222 18.524100301477702 18.97384921883192 19.120202874049028
226192 128 373.551 376.8 385.46 150.22350438437195 153.67609341825903 155.01270776948797 18.777938048046494 19.20951167728238 19.376588471185997
226192 256 752.561 756.5 776.171 149.2072030519048 153.08698479841374 153.8882615495621 18.6509003814881 19.135873099801717 19.23603269369526
226192 512 1488.412 1497.091 1536.752 150.72087623767533 154.71378025784674 155.6159235480499 18.840109529709416 19.339222532230842 19.451990443506237
226192 1024 3010.002 3022.452 3068.452 150.96902803107236 153.2666907530707 153.90063395306714 18.871128503884044 19.158336344133836 19.237579244133393
226192 2048 5979.365 6001.425 6079.185 152.40240788855743 154.37707411156518 154.9466259377041 19.05030098606968 19.297134263945647 19.368328242213014
226192 4096 11972.79 12031.78 12098.19 153.16050285207953 154.00587976176425 154.76466755033707 19.14506285650994 19.25073497022053 19.345583443792133

248808 1 22.52 22.98 25.15 19.78592445328032 21.65430809399478 22.096625222024866 2.47324055666004 2.7067885117493473 2.762078152753108
248808 2 11.69 11.77 11.8 84.34169491525424 84.55666949872558 85.13532934131736 10.54271186440678 10.569583687340698 10.64191616766467
248808 4 18.01 18.08 18.23 109.18617663192539 110.09203539823008 110.51993337034979 13.648272078990674 13.76150442477876 13.814991671293724
248808 8 30.69 30.781 31.1 128.004115755627 129.33069101068844 129.71417399804497 16.000514469453375 16.166336376336055 16.21427174975562
248808 16 55.9 56.06 56.39 141.19269374002482 142.02383160899035 142.43033989266547 17.649086717503103 17.752978951123794 17.803792486583184
248808 32 106.69 107.7 117.0 136.10010256410257 147.8524791086351 149.25215109194863 17.01251282051282 18.481559888579387 18.65651888649358
248808 64 209.82 213.111 218.201 145.95452816439888 149.44054506806313 151.7845010008579 18.24431602054986 18.68006813350789 18.973062625107236
248808 128 410.04 413.69 414.66 153.607408479236 153.96757958858083 155.33813286508632 19.2009260599045 19.245947448572604 19.41726660813579
248808 256 819.571 821.581 839.481 151.74815868375816 155.05433548244176 155.43460664176746 18.96851983546977 19.38179193530522 19.429325830220932
248808 512 1634.641 1638.291 1702.561 149.64479510572602 155.51534617476383 155.8625973531803 18.705599388215752 19.43941827184548 19.482824669147536
248808 1024 3273.932 3320.663 3353.743 151.9373380727146 153.4509174824425 155.64122406940646 18.992167259089324 19.18136468530531 19.455153008675808
248808 2048 6547.595 6614.535 6641.396 153.4493001170236 154.07244318761636 155.64761840034393 19.18116251462795 19.259055398452045 19.45595230004299
248808 4096 13144.97 13213.181 13248.751 153.84356880131568 154.25771704784788 155.05818088592062 19.23044610016446 19.282214630980985 19.382272610740078

273688 1 24.54 25.75 26.44 20.702571860816946 21.257320388349516 22.30546047269764 2.587821482602118 2.6571650485436895 2.788182559087205
273688 2 12.85 12.88 13.03 84.01780506523409 84.99627329192546 85.19470817120623 10.50222563315426 10.624534161490683 10.649338521400779
273688 4 19.92 19.96 20.33 107.69818002951305 109.69458917835671 109.91485943775099 13.462272503689132 13.711823647294588 13.739357429718874
273688 8 34.08 34.3 34.6 126.56092485549134 127.66787172011662 128.49201877934274 15.820115606936417 15.958483965014578 16.061502347417843
273688 16 62.96 63.06 72.08 121.5041065482797 138.8838566444656 139.10444726810672 15.188013318534962 17.3604820805582 17.38805590851334
273688 32 117.23 119.23 126.78 138.16084555923646 146.90960328776313 149.41595154823852 17.270105694904558 18.36370041097039 18.676993943529816
273688 64 229.81 233.71 243.961 143.59698476395818 149.89544307047194 152.43924981506464 17.949623095494772 18.736930383808993 19.05490622688308
273688 128 453.73 457.98 470.12 149.03456138858166 152.9851259880344 154.41810768518724 18.629320173572708 19.1231407485043 19.302263460648405
273688 256 910.491 913.531 953.861 146.9063689573219 153.39190022013486 153.9040539664862 18.363296119665236 19.173987527516857 19.238006745810775
273688 512 1819.102 1831.331 1836.932 152.56771181513523 153.03432967606622 154.06311025989746 19.070963976891903 19.129291209508278 19.257888782487182
273688 1024 3678.373 3686.093 3706.703 151.2160602022876 152.06155243505796 152.38069222452427 18.90200752528595 19.007694054382245 19.047586528065533
273688 2048 7260.806 7293.876 7409.736 151.290956654866 153.69414670608603 154.39416064828066 18.91136958185825 19.211768338260754 19.299270081035083

301056 1 26.32 27.96 29.79 20.211883182275933 21.534763948497854 22.876595744680852 2.5264853977844917 2.691845493562232 2.8595744680851065
301056 2 14.1 14.12 14.35 83.91804878048781 85.28498583569406 85.40595744680851 10.489756097560976 10.660623229461757 10.675744680851064
301056 4 21.83 21.92 22.7 106.0990308370044 109.87445255474452 110.32743930371049 13.26237885462555 13.734306569343065 13.790929912963811
301056 8 37.0 37.13 38.81 124.11481576913167 129.73056827363317 130.18637837837838 15.514351971141458 16.216321034204146 16.273297297297297
301056 16 67.63 68.0 71.19 135.32507374631268 141.6734117647059 142.44849918675143 16.915634218289085 17.709176470588236 17.80606239834393
301056 32 129.72 131.77 134.83 142.90279611362456 146.22132503604763 148.53209990749306 17.86284951420307 18.277665629505954 18.566512488436633
301056 64 251.39 258.31 265.24 145.2841502035892 149.1818667492548 153.2883885596086 18.16051877544865 18.64773334365685 19.161048569951074
301056 128 496.571 509.111 510.64 150.9289049036503 151.38218581016713 155.20506835880468 18.86611311295629 18.92277322627089 19.400633544850585
301056 256 990.6 1004.92 1017.991 151.41653708136909 153.38601281694068 155.60334342822532 18.927067135171136 19.173251602117585 19.450417928528164
301056 512 1986.202 2000.462 2010.612 153.32711831024582 154.10507372796883 155.2114759727359 19.165889788780728 19.263134215996104 19.40143449659199
301056 1024 3971.263 3992.923 4021.243 153.32639385384073 154.4138687372634 155.2560704239432 19.16579923173009 19.301733592157927 19.4070088029929
301056 2048 7886.756 7919.467 8070.297 152.79801672726546 155.70812732725574 156.3539402005083 19.099752090908183 19.463515915906967 19.544242525063538

331160 1 28.99 31.59 32.68 20.26682986536108 20.966128521684077 22.846498792687136 2.533353733170135 2.6207660652105096 2.855812349085892
331160 2 15.56 15.61 15.86 83.52080706179066 84.85842408712365 85.13110539845758 10.440100882723833 10.607303010890456 10.641388174807197
331160 4 23.95 24.23 24.44 108.39934533551555 109.33883615352867 110.61711899791231 13.549918166939444 13.667354519191084 13.82713987473904
331160 8 40.89 41.69 42.09 125.88643383226417 127.0942672103622 129.5808266079726 15.735804229033022 15.886783401295276 16.197603325996575
331160 16 74.84 76.31 76.45 138.61504251144538 138.8693487092124 141.59700694815604 17.326880313930673 17.35866858865155 17.699625868519504
331160 32 142.29 144.07 145.55 145.61484026107865 147.11071007149303 148.9510155316607 18.201855032634832 18.38883875893663 18.618876941457586
331160 64 282.42 287.06 293.31 144.51767754253177 147.66418170417333 150.0902202393598 18.06470969281647 18.458022713021666 18.761277529919976
331160 128 556.651 562.8 573.201 147.90092829565893 150.63425728500357 152.29822635726876 18.487616036957366 18.829282160625446 19.037278294658595
331160 256 1099.511 1115.361 1125.991 150.5819495892951 152.01707787882128 154.20847995154207 18.82274369866189 19.00213473485266 19.27605999394276
331160 512 2206.282 2234.061 2275.982 148.99407816054782 151.78987503026997 153.70104093674337 18.624259770068477 18.973734378783746 19.21263011709292
331160 1024 4437.084 4446.124 4506.524 150.49640920585355 152.54088280038974 152.85166564347216 18.812051150731694 19.067610350048717 19.10645820543402
331160 2048 8842.347 8924.967 9022.437 150.3397984380495 151.98166671092451 153.40173372522023 18.79247480475619 18.997708338865564 19.175216715652528

364272 1 31.86 34.17 37.23 19.568734891216764 21.321158911325725 22.867043314500943 2.4460918614020954 2.6651448639157156 2.858380414312618
364272 2 17.03 17.19 17.3 84.22473988439306 84.76369982547993 85.56007046388726 10.528092485549132 10.595462478184992 10.695008807985907
364272 4 26.361 26.39 26.71 109.10430550355672 110.42728306176582 110.54876522134973 13.63803818794459 13.803410382720728 13.818595652668716
364272 8 44.96 45.49 45.97 126.7859908636067 128.12380743020444 129.63416370106762 15.848248857950837 16.015475928775555 16.204270462633453
364272 16 82.11 83.33 84.61 137.76981444273727 139.88604344173766 141.96448666423092 17.22122680534216 17.485755430217207 17.745560833028865
364272 32 156.68 159.02 168.06 138.72074259193144 146.60676644447238 148.79632371713046 17.34009282399143 18.325845805559048 18.599540464641308
364272 64 304.78 312.89 315.201 147.92724642371059 149.01983444661064 152.98515650633246 18.490905802963823 18.62747930582633 19.123144563291557
364272 128 600.751 615.73 621.28 150.09920164821014 151.45214948110373 155.2284257537649 18.762400206026268 18.931518685137966 19.403553219220612
364272 256 1200.441 1221.591 1250.741 149.1174143967456 152.6757024241338 155.36562313349845 18.6396767995932 19.084462803016724 19.420702891687306
364272 512 2414.902 2418.102 2479.602 150.43322597739476 154.25921983439906 154.46362957999952 18.804153247174344 19.282402479299883 19.30795369749994
364272 1024 4802.103 4877.584 4910.794 151.91617811702142 152.95052960646092 155.35465524167225 18.989522264627677 19.118816200807615 19.41933190520903
364272 2048 9649.628 9720.888 9841.769 151.6046670065107 153.4898984537215 154.62338154382738 18.95058337581384 19.18623730671519 19.327922692978422

400696 1 34.18 37.12 49.18 16.29507930052867 21.589224137931033 23.44622586307782 2.0368849125660837 2.698653017241379 2.9307782328847276
400696 2 18.95 19.05 27.21 58.90422638735758 84.13564304461941 84.57963060686015 7.363028298419698 10.516955380577427 10.572453825857519
400696 4 29.21 29.37 29.68 108.0043126684636 109.14429690160026 109.7421431016775 13.50053908355795 13.643037112700032 13.717767887709687
400696 8 49.75 49.88 51.08 125.51166797180892 128.53119486768242 128.8670552763819 15.688958496476115 16.066399358460302 16.108381909547738
400696 16 90.69 92.66 101.44 126.402523659306 138.3797971077056 141.38573161318777 15.80031545741325 17.2974746384632 17.67321645164847
400696 32 171.46 173.64 179.46 142.8983840410119 147.68799815710665 149.56575294529333 17.862298005126487 18.46099976963833 18.695719118161666
400696 64 334.31 339.871 351.031 146.10985354569823 150.9075149100688 153.41774999252192 18.26373169321228 18.8634393637586 19.17721874906524
400696 128 672.491 677.14 692.161 148.19987835200192 151.48739699323625 152.53464507331697 18.52498479400024 18.93592462415453 19.06683063416462
400696 256 1324.311 1332.811 1353.771 151.54435425193773 153.92756512363718 154.91553872164468 18.943044281492217 19.240945640454648 19.364442340205585
400696 512 2677.882 2693.812 2723.362 150.66403364664703 152.31675558650716 153.22284701118272 18.83300420583088 19.039594448313395 19.15285587639784
400696 1024 5277.624 5371.905 5399.785 151.973718953625 152.76245726609088 155.49144994035194 18.996714869203124 19.09530715826136 19.436431242543993
400696 2048 10603.568 10681.779 10807.548 151.86153380951905 153.64957616142402 154.782882139295 18.98269172618988 19.206197020178003 19.347860267411875

440760 1 37.73 40.88 44.91 19.62859051436206 21.563600782778863 23.363901404717733 2.4535738142952574 2.695450097847358 2.9204876755897167
440760 2 20.84 20.93 21.02 83.8744053282588 84.23506927854754 84.59884836852207 10.48430066603235 10.529383659818443 10.574856046065259
440760 4 32.13 32.3 40.87 86.27550770736481 109.16656346749227 109.7441643323996 10.784438463420601 13.645820433436533 13.71802054154995
440760 8 55.19 56.12 64.21 109.82962155427504 125.66215253029223 127.77967023011415 13.72870269428438 15.707769066286529 15.972458778764269
440760 16 99.681 103.09 111.11 126.94014940149401 136.81559802114657 141.49456767087008 15.867518675186751 17.10194975264332 17.68682095885876
440760 32 188.84 190.82 200.011 141.0354430506322 147.82852950424484 149.37852149968225 17.629430381329026 18.478566188030605 18.67231518746028
440760 64 368.2 373.791 384.761 146.6294141038203 150.93268698283265 153.22455187398154 18.328676762977537 18.86658587285408 19.153068984247692
440760 128 733.55 750.4 758.5 148.76013183915623 150.36588486140724 153.8198623134074 18.59501647989453 18.795735607675905 19.227482789175927
440760 256 1455.052 1471.382 1518.892 148.57482954680123 153.37221741192974 155.09350868560026 18.571853693350153 19.171527176491217 19.386688585700032
440760 512 2895.782 2947.172 2957.062 152.63063134963014 153.14282301813398 155.86057237734056 19.078828918703767 19.142852877266748 19.48257154716757
440760 1024 5842.275 5901.475 5947.185 151.78214230766318 152.95777411579306 154.507701195168 18.972767788457897 19.119721764474132 19.313462649396
440760 2048 11711.739 11767.639 11894.359 151.78228267702363 153.41675250234988 154.14900895588607 18.972785334627954 19.177094062793735 19.26862611948576

484832 1 41.511 46.71 54.39 17.827983085125943 20.75923785056733 23.359205993592056 2.228497885640743 2.5949047313209164 2.919900749199007
484832 2 22.91 23.22 23.34 83.09031705227078 83.51972437553833 84.64984722828459 10.386289631533847 10.439965546942291 10.581230903535573
484832 4 35.21 35.78 36.05 107.59101248266298 108.40290665176076 110.15779608065888 13.448876560332872 13.550363331470095 13.76972451008236
484832 8 60.66 61.52 69.25 112.01894584837544 126.09414824447332 127.88183316848006 14.00236823104693 15.761768530559165 15.985229146060007
484832 16 110.62 111.76 112.99 137.30970882378972 138.82090193271296 140.25152775266676 17.163713602973715 17.35261274158912 17.531440969083345
484832 32 209.14 212.91 218.251 142.17230619790973 145.73880043210747 148.36591756717988 17.771538274738717 18.217350054013433 18.545739695897485
484832 64 408.36 418.71 421.8 147.1277761972499 148.21355114518403 151.9700656283671 18.390972024656236 18.526693893148003 18.99625820354589
484832 128 808.571 820.111 826.701 150.13528712315576 151.3416988675923 153.50166157331884 18.76691089039447 18.917712358449037 19.187707696664855
484832 256 1608.961 1641.521 1691.101 146.78838460860703 151.22193624084005 154.28216345828145 18.34854807607588 18.902742030105006 19.28527043228518
484832 512 3224.763 3264.713 3283.032 151.222396857539 152.0709379354326 153.9548698617542 18.902799607192375 19.008867241929075 19.244358732719274
484832 1024 6429.055 6521.016 6566.385 151.2150042984077 152.2670602249711 154.4450834531669 18.901875537300963 19.033382528121386 19.30563543164586
484832 2048 12898.21 13047.04 13075.04 151.88266131499404 152.2086137545374 153.9649200935634 18.985332664374255 19.026076719317174 19.245615011695424

533312 1 44.8 48.93 53.56 19.914563106796116 21.79897813202534 23.80857142857143 2.4893203883495145 2.7248722665031675 2.9760714285714287
533312 2 25.13 25.62 25.67 83.10276587456173 83.26494925839187 84.88849980103463 10.387845734320216 10.408118657298983 10.611062475129328
533312 4 38.97 39.58 48.46 88.04160132067685 107.79423951490652 109.48154991018731 11.005200165084606 13.474279939363315 13.685193738773414
533312 8 66.85 67.42 67.57 126.28373538552613 126.56469890240284 127.64385938668661 15.785466923190766 15.820587362800355 15.955482423335827
533312 16 122.01 123.51 132.09 129.19966689378455 138.17491701076833 139.87364970084417 16.14995836172307 17.27186462634604 17.48420621260552
533312 32 235.38 236.81 239.851 142.3048809469212 144.1322917106541 145.0079361033223 17.78811011836515 18.016536463831763 18.125992012915287
533312 64 456.511 460.64 463.481 147.28529540585265 148.19367836054184 149.53404408656087 18.41066192573158 18.52420979506773 18.69175551082011
533312 128 908.53 916.941 928.17 147.0936056972322 148.89493653353924 150.27337787414834 18.386700712154024 18.611867066692405 18.784172234268542
533312 256 1801.461 1813.482 1821.881 149.87572953447562 150.56986724985416 151.57460749913542 18.734466191809453 18.82123340623177 18.946825937391928
533312 512 3604.543 3611.063 3620.933 150.82065533938353 151.2328884874066 151.50644284171392 18.852581917422942 18.904111060925825 18.93830535521424
533312 1024 7185.246 7223.545 7241.976 150.8183644905755 151.20318015600373 152.0091275928479 18.852295561321938 18.900397519500466 19.001140949105988

586640 1 49.23 54.13 58.82 19.946956817409045 21.67522630703861 23.832622384724765 2.4933696021761307 2.7094032883798262 2.9790777980905956
586640 2 27.83 28.12 28.47 82.42219880576046 83.44807965860598 84.31764283147683 10.302774850720057 10.431009957325747 10.539705353934604
586640 4 43.19 43.64 43.99 106.68606501477608 107.54170485792851 108.66219032183376 13.33575812684701 13.442713107241063 13.58277379022922
586640 8 74.44 75.15 81.45 115.23928790669123 124.90006653359946 126.09134873723805 14.404910988336404 15.612508316699932 15.761418592154756
586640 16 135.89 137.37 138.33 135.70794476975348 136.65632962073235 138.1446758407536 16.963493096219185 17.082041202591544 17.2680844800942
586640 32 255.86 261.59 268.66 139.74897640139952 143.52597576359955 146.7402485734386 17.46862205017494 17.940746970449943 18.342531071679826
586640 64 508.54 512.63 518.471 144.829546879189 146.47976123129743 147.6578440240689 18.103693359898624 18.30997015391218 18.457230503008613
586640 128 992.031 1017.291 1023.66 146.7087118769904 147.6272177774108 151.38623692203169 18.3385889846238 18.45340222217635 18.92327961525396
586640 256 1997.912 2019.942 2030.352 147.93478175212968 148.69718041409112 150.3367916104413 18.49184771901621 18.58714755176139 18.792098951305164
586640 512 3967.373 4008.403 4051.833 148.25866712670538 149.86501107797795 151.4148934320015 18.532333390838172 18.733126384747244 18.926861679000186
586640 1024 7927.297 7986.237 8090.177 148.50586334514065 150.43865089403184 151.55717264030855 18.56323291814258 18.80483136175398 18.94464658003857

645304 1 55.58 60.371 63.21 20.417781996519537 21.37794636497656 23.220726880172723 2.552222749564942 2.67224329562207 2.9025908600215904
645304 2 30.71 30.78 31.2 82.73128205128205 83.8601689408707 84.05131878866817 10.341410256410256 10.482521117608837 10.506414848583521
645304 4 47.53 47.87 55.02 93.82828062522718 107.84274075621474 108.61418051756785 11.728535078153397 13.480342594526842 13.57677256469598
645304 8 81.33 82.61 82.76 124.75669405509908 124.9832223701731 126.95025205951063 15.594586756887384 15.622902796271637 15.868781507438829
645304 16 148.87 150.93 151.51 136.2928387565177 136.8165904724044 138.709800497078 17.036604844564714 17.10207380905055 17.33872506213475
645304 32 287.27 288.98 295.18 139.91278541906632 142.91458232403625 143.76529397430988 17.48909817738329 17.86432279050453 17.970661746788736
645304 64 554.951 564.82 569.111 145.1367343101785 146.23935413051944 148.8400092981182 18.142091788772312 18.27991926631493 18.605001162264774
645304 128 1095.38 1115.521 1124.391 146.92204402205283 148.090286063642 150.81325567383004 18.365255502756604 18.51128575795525 18.851656959228755
645304 256 2171.222 2211.982 2231.792 148.04051990508077 149.36633661575908 152.17036673357214 18.505064988135096 18.670792076969885 19.021295841696517
645304 512 4363.524 4415.963 4451.023 148.45829733973514 149.6369638966631 151.43523812404834 18.557287167466892 18.704620487082888 18.929404765506042
645304 1024 8714.377 8805.027 8889.888 148.66133206627575 150.09409874609128 151.65543010131418 18.58266650828447 18.76176234326141 18.956928762664273

709832 1 59.231 65.62 76.361 18.591479943950443 21.63462359036879 23.968259863922608 2.3239349929938053 2.7043279487960987 2.996032482990326
709832 2 33.54 33.71 33.87 83.8301741954532 84.22806288935034 84.65497912939773 10.47877177443165 10.528507861168793 10.581872391174716
709832 4 52.14 52.29 52.55 108.061960038059 108.59927328361063 108.91169927119294 13.507745004757375 13.574909160451329 13.613962408899118
709832 8 89.58 89.72 97.711 116.23370961304254 126.58617922425323 126.78401428890378 14.529213701630317 15.823272403031654 15.848001786112972
709832 16 163.74 165.29 165.63 137.14075952424076 137.42285679714442 138.72373274703799 17.142594940530095 17.177857099643052 17.340466593379748
709832 32 313.15 315.89 316.89 143.35967685947804 143.81350470100352 145.07184416413858 17.919959607434755 17.97668808762544 18.133980520517323
709832 64 613.841 619.481 621.811 146.11915196096564 146.66873721712207 148.01633647801302 18.264893995120705 18.33359215214026 18.502042059751627
709832 128 1214.521 1218.63 1224.93 148.34887871143656 149.11580381247794 149.62029639668643 18.54360983892957 18.639475476559742 18.702537049585803
709832 256 2411.542 2423.532 2434.342 149.29454612375747 149.96046431406722 150.7060561250851 18.661818265469684 18.745058039258403 18.838257015635637
709832 512 4809.024 4835.304 4869.114 149.28136166045815 150.3251849314955 151.14667092532704 18.660170207557268 18.790648116436937 18.89333386566588
709832 1024 9615.817 9658.408 9694.508 149.9545862461509 150.51506790767172 151.1817390035605 18.744323280768864 18.814383488458965 18.897717375445062

780808 1 65.98 72.09 75.741 20.6178423839136 21.66203356914967 23.66802061230676 2.5772302979892 2.707754196143709 2.958502576538345
780808 2 36.84 37.02 37.35 83.62066934404284 84.36607239330091 84.77828447339847 10.452583668005355 10.545759049162614 10.597285559174809
780808 4 57.26 57.56 57.96 107.77198067632851 108.5209173036831 109.08948655256725 13.471497584541064 13.565114662960388 13.636185819070906
780808 8 98.01 98.551 99.251 125.87206174245095 126.76612109466166 127.46585042342618 15.734007717806369 15.845765136832707 15.933231302928272
780808 16 179.87 181.541 185.46 134.72369244041843 137.63202802672674 138.91063545894258 16.840461555052304 17.204003503340843 17.363829432367822
780808 32 341.8 345.44 372.09 134.30006718804592 144.6610467809171 146.20161497952017 16.78750839850574 18.082630847614638 18.27520187244002
780808 64 671.401 677.02 678.121 147.38287709715524 147.6225576792414 148.85802076553358 18.422859637144406 18.452819709905175 18.607252595691698
780808 128 1322.921 1338.171 1343.952 148.7306451420884 149.37317278583978 151.09507521613156 18.59133064276105 18.671646598229973 18.886884402016445
780808 256 2625.912 2659.162 2667.012 149.89572450367677 150.33822535069322 152.24184816551357 18.736965562959597 18.792278168836653 19.030231020689197
780808 512 5233.394 5305.404 5325.124 150.14624861317785 150.70433693645197 152.77798537622047 18.76828107664723 18.838042117056496 19.09724817202756
780808 1024 10468.269 10584.479 10618.149 150.60014546791538 151.0792155192523 152.75637108675753 18.825018183489423 18.884901939906538 19.09454638584469

858888 1 73.371 78.0 83.64 20.537733142037304 22.02276923076923 23.412192828229138 2.567216642754663 2.752846153846154 2.9265241035286422
858888 2 40.4 40.55 41.05 83.69188794153473 84.7238471023428 85.03841584158417 10.461485992691841 10.59048088779285 10.629801980198021
858888 4 62.28 63.12 71.751 95.76318100096165 108.85779467680611 110.32601156069363 11.970397625120206 13.607224334600764 13.790751445086704
858888 8 107.44 108.36 109.171 125.87782469703492 126.81993355481728 127.90588235294118 15.734728087129366 15.85249169435216 15.988235294117647
858888 16 197.24 199.68 205.22 133.92659584835786 137.6423076923077 139.3450415737173 16.740824481044733 17.205288461538462 17.418130196714664
858888 32 374.67 380.21 384.66 142.9023865231633 144.57492438389312 146.71265914004323 17.862798315395413 18.07186554798664 18.339082392505404
858888 64 736.371 744.661 747.14 147.14466365072144 147.6345128857292 149.29656925652966 18.39308295634018 18.45431411071615 18.662071157066208
858888 128 1458.381 1470.411 1476.971 148.8690895081894 149.5332447866617 150.76672556759857 18.608636188523676 18.691655598332712 18.84584069594982
858888 256 2903.332 2929.343 2932.902 149.93704392441342 150.11920966578512 151.46413017870503 18.742130490551677 18.76490120822314 18.93301627233813
858888 512 5783.215 5839.205 5846.735 150.42606035676323 150.6200436532028 152.07826650055375 18.803257544595404 18.82750545665035 19.00978331256922
858888 1024 11546.809 11675.25 11676.989 150.63837295727524 150.66081017537098 152.33668661185962 18.829796619659405 18.832601271921373 19.042085826482452

944776 1 82.84 87.49 93.22 20.269813344775798 21.59734826837353 22.80965717044906 2.5337266680969748 2.6996685335466912 2.8512071463061326
944776 2 44.37 44.88 52.72 71.6825493171472 84.20463458110517 85.17250394410638 8.9603186646434 10.525579322638146 10.646562993013298
944776 4 68.9 69.18 69.75 108.36140501792114 109.2542353281295 109.69822931785195 13.545175627240143 13.656779416016187 13.712278664731494
944776 8 117.76 118.69 119.581 126.41152022478487 127.3604852978347 128.3663043478261 15.801440028098108 15.920060662229337 16.04578804347826
944776 16 216.78 219.03 219.46 137.7601020687141 138.03055289229786 139.46319771196605 17.220012758589263 17.253819111537233 17.432899713995756
944776 32 415.871 418.5 420.27 143.87337663882744 144.4818733572282 145.39524035097423 17.98417207985343 18.060234169653526 18.17440504387178
944776 64 810.651 812.53 817.57 147.91556441650255 148.83306216385856 149.1780408585199 18.48944555206282 18.60413277048232 18.647255107314987
944776 128 1597.831 1615.792 1621.211 149.18641435322115 149.68675176012755 151.36936008877035 18.648301794152644 18.710843970015944 18.921170011096294
944776 256 3191.953 3208.643 3224.263 150.02662996163775 150.75697483328622 151.54524894320187 18.75332874520472 18.844621854160778 18.943156117900234
944776 512 6367.665 6390.245 6434.575 150.35190731322584 151.39491897415513 151.9317715363481 18.79398841415323 18.92436487176939 18.991471442043512
944776 1024 12710.96 12776.71 12824.22 150.8786692679945 151.43970928353232 152.22306167276116 18.859833658499312 18.92996366044154 19.027882709095145

1039248 1 91.23 95.7 102.4 20.2978125 21.71887147335423 22.783031897402168 2.5372265625 2.714858934169279 2.847878987175271
1039248 2 48.85 49.02 50.09 82.99045717708125 84.80195838433292 85.09707267144319 10.373807147135157 10.600244798041615 10.637134083930398
1039248 4 76.22 76.55 83.2 99.9276923076923 108.60854343566298 109.07877197585935 12.490961538461537 13.576067929457873 13.63484649698242
1039248 8 129.69 130.94 131.64 126.31394712853238 126.98921643500842 128.21318528799446 15.789243391066547 15.873652054376052 16.026648160999308
1039248 16 238.64 241.54 245.591 135.41186769873488 137.6829345036019 139.35608447871272 16.92648346234186 17.210366812950237 17.41951055983909
1039248 32 456.98 458.781 464.681 143.13447720048808 144.97521039450194 145.5465709659066 17.89180965006101 18.121901299312743 18.193321370738325
1039248 64 896.22 900.7 906.071 146.81381922608713 147.68929055179305 148.42755573408314 18.35172740326089 18.46116131897413 18.553444466760393
1039248 128 1767.601 1779.602 1785.041 149.04278837292813 149.49830804865357 150.51331607076483 18.630348546616016 18.687288506081696 18.814164508845604
1039248 256 3522.983 3535.123 3550.483 149.86551857873985 150.51667961765403 151.03535157563914 18.73318982234248 18.814584952206754 18.879418946954893
1039248 512 7023.865 7059.876 7088.316 150.13297262706686 150.73776819876156 151.51059309938333 18.766621578383358 18.842221024845195 18.938824137422916
1039248 1024 14010.631 14094.831 14142.241 150.49806491064606 151.00428689070483 151.9117807042381 18.812258113830758 18.875535861338104 18.988972588029764

1143168 1 100.63 105.58 110.021 20.78090546350242 21.655010418639893 22.7202225976349 2.5976131829378026 2.7068763023299867 2.8400278247043627
1143168 2 53.69 53.88 61.891 73.8826646846876 84.86770601336302 85.1680387409201 9.23533308558595 10.608463251670377 10.646004842615012
1143168 4 83.36 83.83 92.11 99.28720008685268 109.09392818799952 109.70902111324375 12.410900010856585 13.63674102349994 13.713627639155469
1143168 8 142.89 144.76 150.41 121.60553154710459 126.35180989223542 128.00537476380433 15.200691443388074 15.793976236529428 16.00067184547554
1143168 16 262.45 264.631 266.61 137.20931697985822 138.23541459617354 139.38417222328061 17.151164622482277 17.279426824521693 17.423021527910077
1143168 32 500.521 507.03 510.301 143.37175902065644 144.29669250340217 146.17319153442114 17.921469877582055 18.03708656292527 18.271648941802642
1143168 64 980.111 992.201 992.581 147.41920709745602 147.4756667247866 149.29482885101788 18.427400887182003 18.434458340598326 18.661853606377235
1143168 128 1940.801 1960.472 1965.442 148.8983180373677 149.27579072794714 150.78877638665685 18.61228975467096 18.659473840993392 18.848597048332106
1143168 256 3853.253 3901.953 3905.773 149.8556152648912 150.0023234518714 151.8981535860739 18.7319519081114 18.750290431483926 18.987269198259238
1143168 512 7684.247 7781.446 7803.216 150.01558741934093 150.4352831080496 152.33815779216883 18.751948427417616 18.8044103885062 19.042269724021104

1257480 1 109.08 118.43 128.98 19.498837028996743 21.235835514650006 23.05610561056106 2.437354628624593 2.6544794393312507 2.8820132013201323
1257480 2 58.91 59.46 59.79 84.12644254892122 84.5933400605449 85.38312680359871 10.515805318615152 10.574167507568113 10.67289085044984
1257480 4 91.57 92.12 99.69 100.9112247968703 109.20364741641338 109.85956099159115 12.613903099608788 13.650455927051672 13.732445123948894
1257480 8 156.51 159.041 164.96 121.9670223084384 126.50624681685856 128.55204140310522 15.2458777885548 15.81328085210732 16.069005175388153
1257480 16 287.98 291.98 294.761 136.51521062827172 137.8154668127954 139.72970345162858 17.064401328533965 17.226933351599424 17.466212931453573
1257480 32 549.831 555.41 564.27 142.62448827688874 144.89965971084425 146.3699209393432 17.828061034611093 18.11245746385553 18.2962401174179
1257480 64 1082.281 1090.831 1093.321 147.21883143193995 147.55488247033685 148.72056332874735 18.402353928992493 18.444360308792106 18.59007041609342
1257480 128 2139.752 2158.502 2175.542 147.9699679436205 149.1380966985437 150.4449487604171 18.496245992952563 18.642262087317963 18.805618595052138
1257480 256 4242.913 4287.383 4298.734 149.7719468103865 150.16847340207303 151.74239019277562 18.721493351298314 18.77105917525913 18.967798774096952
1257480 512 8462.876 8543.077 8576.777 150.13326334589323 150.72549621172794 152.15389189207076 18.766657918236653 18.840687026465993 19.019236486508845

1383224 1 120.92 129.95 143.07 19.336324875934856 21.288557137360524 22.87833278200463 2.417040609491857 2.6610696421700655 2.859791597750579
1383224 2 65.04 65.88 66.6 83.07651651651652 83.98445658773528 85.0691266912669 10.384564564564565 10.49805707346691 10.633640836408363
1383224 4 99.91 103.01 103.75 106.65823614457831 107.42444422871564 110.75760184165749 13.332279518072289 13.428055528589455 13.844700230207186
1383224 8 173.941 175.85 183.52 120.5949433304272 125.85489906170031 127.23615478811782 15.0743679163034 15.731862382712539 15.904519348514727
1383224 16 318.781 321.73 327.54 135.13820602063868 137.5786156093619 138.85133681116503 16.892275752579835 17.197326951170236 17.35641710139563
1383224 32 610.83 613.11 614.771 143.99888088410157 144.38899381840125 144.92794394512384 17.999860110512696 18.048624227300156 18.11599299314048
1383224 64 1190.121 1190.971 1205.971 146.8133744509611 148.66245441744593 148.76863108877163 18.35167180637014 18.58280680218074 18.596078886096453
1383224 128 2343.542 2363.462 2375.882 149.0416375897456 149.82485184868636 151.0983562487892 18.6302046987182 18.728106481085796 18.88729453109865
1383224 256 4671.354 4701.884 4722.063 149.97908498891266 150.6227478176833 151.6071545851588 18.747385623614083 18.82784347721041 18.95089432314485
1383224 512 9303.568 9365.957 9407.058 150.57006940958584 151.2308220078311 152.24496408259714 18.82125867619823 18.90385275097889 19.030620510324642

1521544 1 133.06 143.04 149.6 20.34149732620321 21.27438478747204 22.870043589358186 2.5426871657754013 2.659298098434005 2.8587554486697733
1521544 2 71.43 71.79 72.81 83.58983656091196 84.77748990110044 85.20475990480189 10.448729570113995 10.597186237637555 10.650594988100236
1521544 4 110.521 112.39 119.54 101.82660197423456 108.30458225820803 110.1361008315162 12.72832524677932 13.538072782276004 13.767012603939525
1521544 8 190.06 191.21 193.66 125.70847877723848 127.31919878667433 128.08957171419553 15.71355984715481 15.914899848334292 16.01119646427444
1521544 16 352.901 353.801 356.76 136.47664536383004 137.61806213097194 137.96902814103672 17.059580670478756 17.202257766371492 17.24612851762959
1521544 32 665.64 674.931 681.361 142.9180948131754 144.27966118017991 146.2935160146626 17.864761851646925 18.03495764752249 18.286689501832825
1521544 64 1309.201 1322.961 1326.451 146.8261036404662 147.21343410727906 148.76068075108407 18.353262955058273 18.401679263409882 18.59508509388551
1521544 128 2581.012 2610.822 2795.053 139.3588114429315 149.19257766328 150.9157121315205 17.41985143036644 18.64907220791 18.864464016440063
1521544 256 5124.564 5187.474 5208.334 149.5738422305482 150.17531230036045 152.0188894118602 18.696730278818524 18.771914037545056 19.002361176482523
1521544 512 10238.228 10342.329 10385.149 150.02779989001604 150.64895498876513 152.18073440052325 18.753474986252005 18.83111937359564 19.022591800065406

1673696 1 149.58 157.87 163.47 20.477102832323972 21.203471210489642 22.37860676561037 2.5596378540404965 2.6504339013112053 2.7973258457012964
1673696 2 78.2 79.2 81.07 82.58028863944739 84.530101010101 85.61104859335038 10.322536079930924 10.566262626262626 10.701381074168797
1673696 4 122.8 126.001 129.63 103.29065802669136 106.26556932087838 109.03557003257328 12.91133225333642 13.283196165109798 13.62944625407166
1673696 8 207.811 213.5 217.92 122.88516886930984 125.42920843091333 128.8629379580484 15.36064610866373 15.678651053864167 16.10786724475605
1673696 16 383.34 388.591 389.75 137.4169903784477 137.8268462213484 139.71480148171335 17.177123797305963 17.22835577766855 17.46435018521417
1673696 32 735.26 738.241 749.051 143.00300513583187 145.0969859436146 145.6852596360471 17.875375641978984 18.137123242951827 18.21065745450589
1673696 64 1426.262 1451.201 1456.751 147.0622556634593 147.62468327957325 150.2059845946958 18.382781957932412 18.453085409946656 18.775748074336974
1673696 128 2835.203 2868.323 2877.543 148.90000809718566 149.3786355302384 151.12363241714965 18.612501012148208 18.6723294412798 18.890454052143706
1673696 256 5642.094 5690.614 5722.025 149.76032995311974 150.58697567608698 151.88197006288797 18.720041244139967 18.823371959510872 18.985246257860997
1673696 512 11245.21 11350.24 11414.179 150.15225396412654 150.99810259518742 152.4084213634072 18.769031745515818 18.874762824398427 19.0510526704259

1841064 1 163.57 171.23 178.82 20.591253774745553 21.50398878701162 22.51102280369261 2.573906721843194 2.6879985983764527 2.8138778504615765
1841064 2 86.04 86.59 89.08 82.67013920071845 85.0474188705393 85.59107391910737 10.333767400089807 10.630927358817413 10.698884239888422
1841064 4 133.75 135.34 137.54 107.08529882216082 108.82600857100634 110.11971588785046 13.385662352770103 13.603251071375793 13.764964485981308
1841064 8 228.911 232.12 234.8 125.45580919931855 126.9042908840255 128.6833048652096 15.681976149914819 15.863036360503187 16.0854131081512
1841064 16 424.26 427.571 433.951 135.76198234362863 137.7877545483674 138.86307452976948 16.97024779295358 17.223469318545924 17.357884316221185
1841064 32 808.041 814.021 822.71 143.21947709399421 144.7482263971077 145.8194522307655 17.902434636749277 18.09352829963846 18.22743152884569
1841064 64 1569.351 1604.251 1606.652 146.67531736804236 146.89483877522906 150.16155850412048 18.334414671005295 18.361854846903633 18.77019481301506
1841064 128 3100.033 3144.672 3174.502 148.4681326393872 149.87648441554478 152.03463447002017 18.5585165799234 18.734560551943098 19.00432930875252
1841064 256 6193.965 6245.615 6307.305 149.44968857538996 150.9258524580846 152.18438722207824 18.681211071923745 18.865731557260574 19.02304840275978
1841064 512 12344.99 12413.72 12567.75 150.00692534463207 151.8682180683953 152.71373536957097 18.75086566807901 18.98352725854941 19.08921692119637

2025168 1 176.7 186.95 195.13 20.75711576897453 21.665343674779354 22.922105263157896 2.594639471121816 2.7081679593474193 2.865263157894737
2025168 2 95.47 97.08 102.92 78.70843373493976 83.44326328800989 84.85044516602075 9.83855421686747 10.430407911001236 10.606305645752593
2025168 4 146.61 148.571 156.92 103.2458832526128 109.04782225333341 110.50640474728871 12.9057354065766 13.630977781666676 13.813300593411089
2025168 8 252.14 254.98 258.141 125.5232140574337 127.07933171229116 128.51070040453718 15.690401757179213 15.884916464036396 16.063837550567147
2025168 16 463.5 469.94 476.87 135.89736406148427 137.9013831552964 139.81742394822007 16.987170507685533 17.23767289441205 17.47717799352751
2025168 32 888.55 894.441 906.801 142.93185825776547 144.90698883436693 145.86770806369927 17.866482282220684 18.113373604295866 18.23346350796241
2025168 64 1730.262 1749.151 1769.301 146.51068642362154 148.1984711440007 149.81633070598556 18.313835802952692 18.52480889300009 18.727041338248196
2025168 128 3428.272 3457.103 3506.803 147.83921651715252 149.96458248423608 151.22575104892493 18.479902064644065 18.74557281052951 18.903218881115617
2025168 256 6816.416 6865.806 6954.006 149.1062872249463 151.02174690050958 152.1160116988165 18.638285903118287 18.877718362563698 19.01450146235206
2025168 512 13580.271 13679.931 13861.181 149.61005357335713 151.59228741723916 152.70476060455638 18.701256696669642 18.949035927154895 19.088095075569548

2227680 1 198.35 205.4 218.5 20.39066361556064 21.69113924050633 22.4621124275271 2.54883295194508 2.7113924050632914 2.8077640534408874
2227680 2 104.46 105.66 109.401 81.45007815285054 84.33390119250426 85.30269959793223 10.181259769106317 10.541737649063032 10.662837449741529
2227680 4 162.3 165.37 170.51 104.518444666002 107.76706778738587 109.80554528650646 13.06480558325025 13.470883473423234 13.725693160813307
2227680 8 279.11 281.42 288.76 123.43427067460868 126.65368488380358 127.70190964136005 15.429283834326085 15.831710610475447 15.962738705170006
2227680 16 513.09 517.141 523.01 136.2990382593067 137.84588729186046 138.93422206630416 17.03737978241334 17.230735911482558 17.36677775828802
2227680 32 978.82 986.4 1000.921 142.44033245381004 144.53722627737227 145.65652520381684 17.805041556726255 18.067153284671534 18.207065650477105
2227680 64 1909.352 1931.402 1947.862 146.38770097676326 147.63526184605794 149.34021594760947 18.298462622095407 18.454407730757243 18.667526993451183
2227680 128 3769.743 3807.593 3845.983 148.2809674405737 149.77600809750413 151.27982995127255 18.535120930071713 18.722001012188016 18.90997874390907
2227680 256 7506.306 7575.996 7635.316 149.3811336688619 150.550786985632 151.94852967624823 18.67264170860774 18.818848373204 18.99356620953103

2450448 1 220.59 227.851 237.54 20.631876736549636 21.50921435499515 22.2172174622603 2.5789845920687045 2.688651794374394 2.7771521827825376
2450448 2 115.05 115.78 126.5 77.48452173913043 84.65876662636033 85.19593220338984 9.685565217391304 10.582345828295042 10.64949152542373
2450448 4 178.32 179.71 182.12 107.64102789369646 109.08454732624784 109.93485868102289 13.455128486712058 13.63556841578098 13.741857335127861
2450448 8 306.65 310.54 312.52 125.4549084858569 126.25480775423455 127.85640958747759 15.681863560732113 15.781850969279319 15.982051198434698
2450448 16 563.631 571.581 575.741 136.19724146795176 137.18849296950037 139.12353294974903 17.02465518349397 17.148561621187547 17.39044161871863
2450448 32 1082.181 1088.651 1094.531 143.28390150667272 144.0578036487359 144.91907730777015 17.91048768833409 18.007225456091987 18.11488466347127
2450448 64 2108.182 2134.582 2142.891 146.3711145363903 146.94087366988012 148.78096103657086 18.29638931704879 18.367609208735015 18.597620129571357
2450448 128 4177.573 4216.913 4368.263 143.60735331183128 148.76159123984775 150.16247184669183 17.95091916397891 18.59519890498097 18.77030898083648
2450448 256 8305.257 8350.756 8410.357 149.17670867003625 150.24141239427905 151.06448554210905 18.64708858375453 18.78017654928488 18.88306069276363

2695488 1 235.4 246.46 262.48 20.538616275525754 21.873634666883063 22.901342395921834 2.5673270344407193 2.734204333360383 2.862667799490229
2695488 2 126.61 129.66 134.76 80.00854853072128 83.15557612216566 85.1587710291446 10.00106856634016 10.394447015270707 10.644846378643075
2695488 4 196.7 198.23 207.97 103.68757032264269 108.78224284921556 109.62838840874429 12.960946290330336 13.597780356151945 13.703548551093036
2695488 8 337.211 343.84 345.801 124.71857513425351 125.42987436016752 127.89561431863135 15.589821891781689 15.67873429502094 15.986951789828918
2695488 16 618.801 622.781 634.06 136.03699334447845 138.50071855114396 139.39152651660223 17.004624168059806 17.312589818892995 17.42394081457528
2695488 32 1183.661 1193.211 1207.971 142.8107396617965 144.57730610931344 145.7437830595077 17.851342457724563 18.07216326366418 18.217972882438463
2695488 64 2316.982 2339.762 2359.902 146.20203042329723 147.46049555467607 148.91029105966294 18.275253802912154 18.43256194433451 18.613786382457867
2695488 128 4587.214 4613.653 4664.754 147.9273993869773 149.5658490137858 150.4278910903219 18.490924923372162 18.695731126723224 18.80348638629024
2695488 256 9120.017 9167.828 9265.508 148.94918400588503 150.53618545199583 151.3253600294824 18.61864800073563 18.81702318149948 18.9156700036853

2965032 1 261.49 275.55 290.67 20.40136236969759 21.520827436037017 22.67797621323951 2.550170296212199 2.690103429504627 2.834747026654939
2965032 2 138.97 144.85 147.14 80.60437678401523 81.87868829823955 85.3430812405555 10.075547098001904 10.234836037279944 10.667885155069438
2965032 4 215.471 220.02 222.18 106.76143667296785 107.80954458685574 110.08560780801128 13.34517958412098 13.476193073356967 13.76070097600141
2965032 8 367.361 374.61 383.17 123.81061147793406 126.63973732681988 129.1386728585778 15.476326434741758 15.829967165852485 16.142334107322224
2965032 16 680.63 686.1 693.111 136.89152819678233 138.2903716659379 139.40176601090167 17.11144102459779 17.286296458242237 17.42522075136271
2965032 32 1297.671 1311.031 1332.201 142.442505297624 144.74260944249218 146.23278781755928 17.805313162203 18.092826180311523 18.27909847719491
2965032 64 2532.252 2560.812 2588.492 146.61976780302967 148.2045913561792 149.87611659503082 18.32747097537871 18.5255739195224 18.734514574378853
2965032 128 5003.414 5049.014 5113.364 148.44399733717373 150.3359253905812 151.70605350666565 18.555499667146716 18.79199067382265 18.963256688333207
2965032 256 9961.688 10035.869 10173.728 149.21731581579533 151.26705858755227 152.39348833249946 18.652164476974416 18.908382323444034 19.049186041562432

3261528 1 288.92 304.39 325.751 20.024669149135384 21.429928709878777 22.57737782085006 2.503083643641923 2.678741088734847 2.8221722276062575
3261528 2 153.91 154.4 157.91 82.61738965233361 84.49554404145077 84.76455071145475 10.327173706541702 10.561943005181346 10.595568838931843
3261528 4 236.0 239.11 244.29 106.80839985263418 109.12226172054703 110.56027118644069 13.351049981579273 13.640282715068379 13.820033898305086
3261528 8 407.96 410.88 421.591 123.77979605826499 127.00654205607478 127.91559956858517 15.472474507283124 15.875817757009347 15.989449946073146
3261528 16 745.851 755.881 766.14 136.2269245829744 138.07582939642614 139.93263533869367 17.0283655728718 17.259478674553268 17.49157941733671
3261528 32 1425.581 1443.631 1467.662 142.22470296294378 144.59220673426935 146.42296158548692 17.778087870367973 18.07402584178367 18.302870198185865
3261528 64 2788.512 2815.243 2862.592 145.83831157216954 148.29113650224866 149.712672565153 18.229788946521193 18.536392062781083 18.714084070644127
3261528 128 5517.095 5557.354 5648.694 147.81313485913736 150.2425737140373 151.33891441057295 18.47664185739217 18.78032171425466 18.91736430132162
3261528 256 10975.349 11065.769 11238.629 148.58594727168233 150.90703013952307 152.15027203235178 18.57324340896029 18.863378767440384 19.018784004043972

3587680 1 330.05 332.77 364.89 19.664446819589468 21.56252065991526 21.7402211786093 2.4580558524486835 2.6953150824894077 2.7175276473261625
3587680 2 168.96 170.291 175.841 81.61191076028912 84.27174659846969 84.93560606060606 10.20148884503614 10.533968324808711 10.616950757575758
3587680 4 259.82 270.74 275.54 104.16433185744357 106.01108074167098 110.46663074436148 13.020541482180446 13.251385092708873 13.808328843045185
3587680 8 450.07 454.361 459.7 124.87030672177508 126.3376037996219 127.54211567089564 15.608788340221885 15.792200474952738 15.942764458861955
3587680 16 818.231 832.891 845.121 135.84535232233017 137.840077513144 140.3097169381263 16.98066904029127 17.230009689143 17.538714617265786
3587680 32 1571.411 1588.581 1607.761 142.8144606070181 144.53875502728536 146.11805568371355 17.851807575877263 18.06734437841067 18.264756960464194
3587680 64 3064.192 3108.793 3145.873 145.9763442453017 147.71747105709514 149.86758009941937 18.247043030662713 18.464683882136892 18.73344751242742
3587680 128 6075.895 6131.324 6199.535 148.14757558429787 149.79571785800263 151.16226992072774 18.518446948037234 18.72446473225033 18.895283740090967
3587680 256 12069.34 12184.84 12335.8 148.90742067802657 150.75225936491574 152.1949137235342 18.61342758475332 18.844032420614468 19.024364215441775

3946448 1 351.29 365.45 393.49 20.058695265445117 21.597745245587635 22.468319621964756 2.5073369081806396 2.6997181556984544 2.8085399527455945
3946448 2 186.74 191.61 194.99 80.95693112467306 82.38501122070872 84.53353325479276 10.119616390584133 10.29812640258859 10.566691656849095
3946448 4 288.75 291.711 299.59 105.38263626956842 108.22898005217493 109.33881904761905 13.172829533696053 13.528622506521867 13.667352380952382
3946448 8 494.561 502.77 507.981 124.30222390207507 125.59056427392248 127.67518668071278 15.537777987759384 15.69882053424031 15.959398335089098
3946448 16 909.72 916.631 931.03 135.64153249626756 137.7722725938791 138.81890691641382 16.955191562033445 17.22153407423489 17.352363364551728
3946448 32 1738.852 1746.852 1776.422 142.1805584483867 144.58733309977032 145.2525413318672 17.772569806048338 18.07341663747129 18.1565676664834
3946448 64 3386.553 3412.563 3462.653 145.88390577975903 148.0252068606499 149.1620960900361 18.23548822246988 18.503150857581236 18.645262011254513
3946448 128 6700.925 6736.205 6850.395 147.47918740452192 149.9792075805294 150.7688398243526 18.43489842556524 18.747400947566174 18.846104978044075
3946448 256 13314.771 13411.601 13634.211 148.19936232466992 150.65922226585775 151.7548725396779 18.52492029058374 18.83240278323222 18.969359067459738

4341088 1 401.64 405.66 443.21 19.589305295458136 21.402593304737955 21.616811074594164 2.448663161932267 2.6753241630922444 2.7021013843242705
4341088 2 206.29 214.65 390.64 44.451034200286706 80.896119263918 84.17447282951184 5.556379275035838 10.11201490798975 10.52180910368898
4341088 4 319.431 320.56 333.761 104.05261249816485 108.33760918392812 108.72051867226413 13.006576562270606 13.542201147991015 13.590064834033017
4341088 8 544.331 553.68 565.38 122.85084014291273 125.44684294177142 127.60141898954863 15.356355017864091 15.680855367721428 15.95017737369358
4341088 16 1001.391 1024.531 1033.831 134.36897906911287 135.58868984930666 138.7218539012234 16.79612238363911 16.948586231163333 17.340231737652925
4341088 32 1912.012 1931.451 1957.512 141.92997641904623 143.8450325687786 145.30747296565085 17.74124705238078 17.980629071097326 18.163434120706356
4341088 64 3733.473 3762.033 3810.333 145.8295807741738 147.70185801134653 148.8317349556298 18.228697596771724 18.462732251418316 18.603966869453725
4341088 128 7370.576 7415.646 7527.686 147.6308294474557 149.86132401681527 150.77770421199102 18.453853680931964 18.73266550210191 18.847213026498878

4775192 1 432.001 455.081 477.611 19.996155867431867 20.986118954647633 22.10731919602038 2.4995194834289833 2.623264869330954 2.7634148995025476
4775192 2 226.94 232.91 242.85 78.65253448630843 82.00922244643854 84.16659910108399 9.831566810788553 10.251152805804818 10.520824887635499
4775192 4 351.13 359.67 369.93 103.26693158165058 106.21273945561208 108.79599008914077 12.908366447706323 13.27659243195151 13.599498761142597
4775192 8 603.261 607.041 629.371 121.39592068906893 125.86146899468076 126.65010998556181 15.174490086133616 15.732683624335095 15.831263748195227
4775192 16 1109.05 1113.021 1146.61 133.2677579996686 137.2895426052159 137.78111356566433 16.658469749958574 17.161192825651987 17.22263919570804
4775192 32 2116.372 2126.841 2172.202 140.6923886452549 143.69305839035454 144.40386094694128 17.586548580656864 17.961632298794317 18.05048261836766
4775192 64 4135.853 4147.974 4251.374 143.77106695388363 147.35496799160265 147.78682317770966 17.971383369235454 18.41937099895033 18.473352897213708
4775192 128 8169.927 8188.236 8380.477 145.86868408564334 149.2933462103437 149.62791613682717 18.233585510705417 18.661668276292964 18.703489517103396

5252704 1 481.18 507.17 524.731 20.020559105522644 20.713780389218606 21.83259487094227 2.5025698881903304 2.5892225486523257 2.7290743588677837
5252704 2 253.73 260.35 281.651 74.59876229802131 80.70219320145958 82.80777204114612 9.324845287252664 10.087774150182447 10.350971505143265
5252704 4 391.1 396.82 421.57 99.67889555708423 105.89595282495843 107.44472513423678 12.459861944635529 13.236994103119804 13.430590641779597
5252704 8 669.92 674.6 717.31 117.16449512762964 124.58236584642752 125.45268688798664 14.645561890953704 15.57279573080344 15.68158586099833
5252704 16 1229.521 1237.971 1298.082 129.4883743862098 135.77582027365747 136.70895251077454 16.186046798276227 16.971977534207184 17.088619063846817
5252704 32 2347.372 2351.622 2461.422 136.57676578823137 142.95369578954444 143.21251851006147 17.07209572352892 17.869211973693055 17.901564813757684
5252704 64 4574.283 4580.003 4781.573 140.6119099300586 146.80036497792688 146.9839343127655 17.576488741257325 18.35004562224086 18.37299178909569
5252704 128 9031.988 9047.708 9445.078 142.36962616931277 148.6224161964555 148.88109063032417 17.796203271164096 18.577802024556938 18.61013632879052

5777968 1 526.09 556.95 567.271 20.371103053038144 20.748605799443393 21.9657016860233 2.546387881629768 2.593575724930424 2.7457127107529127
5777968 2 279.78 288.111 338.96 68.18465895680906 80.2186379555102 82.60730574022446 8.523082369601132 10.027329744438775 10.325913217528058
5777968 4 428.69 435.3 496.27 93.14232978016 106.18824718584884 107.8255709253773 11.64279122252 13.273530898231105 13.478196365672163
5777968 8 738.051 740.021 841.331 109.88242201939545 124.92549265493817 125.25894281018518 13.735302752424431 15.615686581867271 15.657367851273147
5777968 16 1344.031 1357.911 1520.781 121.57896238840438 136.1613360522155 137.5674936069183 15.197370298550547 17.020167006526936 17.195936700864788
5777968 32 2561.892 2567.722 2871.353 128.78595978968798 144.01479287866832 144.3425218549416 16.098244973710997 18.00184910983354 18.0428152318677
5777968 64 4998.864 5021.374 5604.004 131.97347896254178 147.2863610637248 147.94959494797217 16.496684870317722 18.4107951329656 18.49369936849652
5777968 128 9870.718 9930.818 11021.179 134.21066911262395 148.9464219362393 149.85331441947787 16.776333639077993 18.61830274202991 18.731664302434734

6355760 1 592.161 601.561 615.401 20.655670042785115 21.130891131572692 21.466324192238265 2.5819587553481393 2.6413613914465865 2.683290524029783
6355760 2 307.44 316.43 416.87 60.98553505889126 80.3433302784186 82.69268800416341 7.623191882361407 10.042916284802326 10.336586000520427
6355760 4 473.411 478.21 607.941 83.63653709817235 106.32584011208466 107.40367249599186 10.454567137271544 13.290730014010583 13.425459061998982
6355760 8 808.001 813.131 1011.781 100.50807437577895 125.06245611100796 125.85647790039866 12.563509296972368 15.632807013875995 15.732059737549832
6355760 16 1478.611 1484.961 1831.831 111.02788412249821 136.96273504826053 137.5509312456082 13.878485515312276 17.120341881032566 17.193866405701026
6355760 32 2815.612 2833.452 3461.553 117.51044690056746 143.55938974791172 144.46899643842974 14.688805862570932 17.944923718488965 18.058624554803718
6355760 64 5494.865 5538.305 6728.065 120.9169768722508 146.89282731810545 148.05409778038225 15.11462210903135 18.36160341476318 18.50676222254778
6355760 128 10859.449 10936.479 13271.251 122.60144578683654 148.77499056140465 149.83030538658085 15.325180723354567 18.59687382017558 18.728788173322606

6991336 1 665.45 669.37 694.75 20.1261921554516 20.88930188087306 21.012355548876698 2.51577401943145 2.6111627351091324 2.6265444436095873
6991336 2 345.71 358.4 535.88 52.18583264910055 78.02830357142858 80.89249370859969 6.523229081137568 9.753537946428573 10.111561713574961
6991336 4 530.781 533.761 770.711 72.57024747278811 104.78601471445084 105.37432198967184 9.071280934098514 13.098251839306355 13.17179024870898
6991336 8 910.12 932.27 1311.671 85.28158051828544 119.98817509948834 122.90838131235441 10.66019756478568 14.998521887436043 15.363547664044301
6991336 16 1644.812 1669.742 2307.342 96.96124458359445 133.9864194588146 136.01721777321666 12.120155572949306 16.748302432351824 17.002152221652082
6991336 32 3131.442 3165.752 4379.483 102.16856738569369 141.3394049818179 142.88800622844045 12.771070923211711 17.667425622727237 17.861000778555056
6991336 64 6121.535 6187.355 8452.877 105.86821599320561 144.63223913934146 146.18735464225884 13.233526999150701 18.079029892417683 18.273419330282355
6991336 128 12074.57 12188.18 16643.574 107.5359184271359 146.84571576724335 148.22739161725843 13.441989803391987 18.35571447090542 18.528423952157304

7690464 1 710.19 739.201 767.131 20.04993671224341 20.807504318852384 21.65748320871879 2.5062420890304264 2.600938039856548 2.707185401089849
7690464 2 419.83 496.16 696.581 44.16120451175097 61.999871009351814 73.27217206964724 5.520150563968871 7.749983876168977 9.159021508705905
7690464 4 628.3 753.75 1020.87 60.26596138587675 81.62349850746268 97.92091675950981 7.533245173234594 10.202937313432836 12.240114594938726
7690464 8 1062.951 1254.771 1697.142 72.50272752663007 98.06364986120974 115.76020343364839 9.062840940828758 12.257956232651217 14.470025429206048
7690464 16 1916.831 2261.282 3045.512 80.80573906784802 108.82979124231298 128.38630426991216 10.100717383481003 13.603723905289122 16.04828803373902
7690464 32 3638.383 4282.494 5757.185 85.49138094398563 114.93062126882141 135.2770436757208 10.686422617998204 14.366327658602676 16.9096304594651
7690464 64 7057.906 8299.346 11120.619 88.51839920062004 118.60927258605679 139.47187621937724 11.064799900077505 14.826159073257099 17.433984527422155
7690464 128 13966.291 16360.914 21820.587 90.22483144014413 120.33305620945137 140.9650410406027 11.278103930018016 15.041632026181421 17.620630130075337

8459504 1 792.341 814.621 836.04 20.237079565571026 20.76917732295141 21.353190103755832 2.5296349456963783 2.5961471653689263 2.669148762969479
8459504 2 766.59 876.291 960.381 35.23394985948285 38.61504454570456 44.14095670436608 4.404243732435356 4.82688056821307 5.51761958804576
8459504 4 1186.512 1294.341 1402.392 48.257571349522806 52.28609153229327 57.037798184931965 6.032196418690351 6.535761441536659 7.129724773116496
8459504 8 1988.211 2083.912 2299.652 58.857628893415175 64.95094994414352 68.07731372575647 7.357203611676897 8.11886874301794 8.509664215719559
8459504 16 3576.253 3709.382 4152.064 65.19748443183919 72.97822871842263 75.69490413569733 8.149685553979898 9.122278589802828 9.461863016962166
8459504 32 6705.725 6985.556 7811.136 69.31235815123433 77.50396045783614 80.73821339228793 8.664044768904292 9.687995057229518 10.092276674035991
8459504 64 12982.841 13518.201 15126.962 71.5818888154806 80.10063705962058 83.40366426732022 8.947736101935075 10.012579632452573 10.425458033415028

9305448 1 879.901 897.531 917.19 20.291211199424325 20.735658155540033 21.151124956103015 2.5364013999280406 2.591957269442504 2.643890619512877
9305448 2 1302.891 1429.891 1636.821 22.740294754282843 26.03120937190317 28.56861548663702 2.8425368442853554 3.2539011714878963 3.5710769358296277
9305448 4 1898.221 2139.672 2425.372 30.693676681350325 34.792054109227955 39.21755369896339 3.8367095851687907 4.349006763653494 4.902194212370424
9305448 8 3119.433 3414.983 3914.803 38.03184170442293 43.5982164479296 47.72891996718634 4.753980213052866 5.4497770559912 5.966114995898293
9305448 16 5605.924 6002.985 6527.375 45.619308833949326 49.604377822033534 53.11779752989872 5.702413604243666 6.200547227754192 6.63972469123734
9305448 32 10575.189 11245.119 11829.98 50.34232281035132 52.960637588628444 56.315652798262036 6.292790351293915 6.6200796985785555 7.0394565997827545
9305448 64 20476.356 21705.727 22542.918 52.83687515520394 54.874796130993445 58.169400063175296 6.604609394400493 6.859349516374181 7.271175007896912

10235992 1 945.731 968.901 996.621 20.541393368191116 21.12907717093903 21.646730412770648 2.5676741710238895 2.641134646367379 2.705841301596331
10235992 2 1613.082 1835.651 1958.231 20.908650715875705 22.30487603580419 25.382446769600055 2.613581339484463 2.788109504475524 3.172805846200007
10235992 4 2399.041 2798.272 3016.893 27.143135669710524 29.263751343686387 34.13361255601717 3.3928919587138155 3.6579689179607984 4.266701569502146
10235992 8 4008.484 4626.774 5141.944 31.850963760009826 35.39742204827813 40.857309646240324 3.9813704700012282 4.424677756034766 5.1071637057800405
10235992 16 7209.925 8282.767 9346.788 35.044310837049046 39.54617388126456 45.43067285720725 4.380538854631131 4.94327173515807 5.678834107150906
10235992 32 13586.601 15587.722 17779.164 36.84669807871731 42.026890651501226 48.21687837892641 4.605837259839664 5.253361331437653 6.027109797365801
10235992 64 26442.212 30161.675 34598.108 37.869324415080726 43.43946335871598 49.54982495413016 4.733665551885091 5.429932919839498 6.19372811926627

11259584 1 1040.311 1064.26 1077.451 20.900410320283704 21.159461033957864 21.64657299595986 2.612551290035463 2.644932629244733 2.7058216244949826
11259584 2 1910.272 2107.902 2159.512 20.855793345904072 21.36642785101015 23.576923076923077 2.606974168238009 2.670803481376269 2.9471153846153846
11259584 4 2909.202 3218.312 3320.583 27.126764185686667 27.98879412561616 30.962673612901405 3.3908455232108334 3.49859926570202 3.8703342016126756
11259584 8 4905.314 5467.185 5628.645 32.00652092999292 32.95175561097712 36.72615942628749 4.000815116249115 4.11896945137214 4.590769928285936
11259584 16 8870.537 9927.918 10285.078 35.03198400634395 36.29227074599125 40.618362563619314 4.378998000792993 4.536533843248907 5.077295320452414
11259584 32 16813.664 18783.065 19561.026 36.839242276964406 38.36505788592011 42.85879484685789 4.604905284620551 4.795632235740014 5.357349355857236
11259584 64 32700.107 36512.879 38209.271 37.719294670657284 39.471736863039474 44.07406838148878 4.7149118338321605 4.933967107879934 5.509258547686097

12385536 1 1143.311 1172.891 1185.06 20.902799858235028 21.11967096686734 21.66608385644851 2.6128499822793785 2.6399588708584174 2.7082604820560636
12385536 2 2239.592 2322.412 2382.731 20.792168314425755 21.332194287663 22.121057764092747 2.5990210393032194 2.666524285957875 2.7651322205115934
12385536 4 3439.003 3570.313 3666.733 27.022498774794894 27.752269338850684 28.811922525220243 3.3778123468493617 3.4690336673563356 3.6014903156525304
12385536 8 5821.434 6097.645 6306.515 31.422834322918444 32.49919862504294 34.0411960352037 3.9278542903648055 4.062399828130368 4.255149504400462
12385536 16 10609.299 11103.949 11430.75 34.67289128009973 35.693351257286935 37.357524941091775 4.334111410012467 4.461668907160867 4.669690617636472
12385536 32 20178.406 21074.167 21676.777 36.56790416767217 37.61355331387475 39.28329641102474 4.570988020959021 4.701694164234344 4.910412051378093
12385536 64 39206.242 42184.004 42387.204 37.40158487452959 37.58174800097212 40.436127696196955 4.675198109316199 4.697718500121515 5.054515962024619

13624088 1 1262.501 1294.441 1315.801 20.70843235413258 21.050149060482475 21.582696568161133 2.5885540442665724 2.6312686325603094 2.6978370710201416
13624088 2 2471.702 2572.173 2628.602 20.732066703137257 21.18689217249384 22.04810774114355 2.591508337892157 2.64836152156173 2.7560134676429437
13624088 4 3850.713 3938.773 4048.703 26.920399940425366 27.67174041255995 28.304551390872284 3.3650499925531707 3.4589675515699936 3.5380689238590355
13624088 8 6546.236 6707.715 6892.546 31.626253636899918 32.49771464649288 33.29935064974743 3.9532817046124897 4.06221433081161 4.162418831218429
13624088 16 11952.479 12340.41 12538.28 34.77118201220582 35.32871403786422 36.47534674605996 4.3463977515257275 4.416089254733028 4.559418343257495
13624088 32 22711.419 23369.019 23910.999 36.466131423450776 37.311862855689405 38.392212833553025 4.558266427931347 4.663982856961176 4.799026604194128
13624088 64 44295.645 45537.777 46430.588 37.55893128038783 38.29530949655272 39.3691809657586 4.694866410048479 4.78691368706909 4.921147620719825

14986496 1 1387.452 1420.242 1458.381 20.552237035452325 21.104144223308424 21.602903740093353 2.5690296294315407 2.638018027913553 2.700362967511669
14986496 2 2766.963 2830.642 2889.262 20.747853258029213 21.177522272332567 21.664902638741463 2.5934816572536517 2.647190284041571 2.708112829842683
14986496 4 4278.353 4351.494 4448.634 26.95028811091225 27.55190929827779 28.022925644517876 3.3687860138640313 3.4439886622847236 3.5028657055647345
14986496 8 7299.566 7411.076 7586.096 31.608344529254573 32.35480731812763 32.849067465106835 3.9510430661568217 4.044350914765953 4.106133433138354
14986496 16 13269.721 13525.051 13851.681 34.62163704174244 35.45774962327314 36.14001168524945 4.327704630217805 4.432218702909142 4.517501460656181
14986496 32 25305.84 25931.281 26365.392 36.37858841620864 36.98759594637843 37.90175485184448 4.54732355202608 4.623449493297303 4.73771935648056
14986496 64 49239.71 50295.641 51417.281 37.30791381208975 38.139915305980495 38.95781449565808 4.663489226511219 4.767489413247562 4.86972681195726

16485144 1 1541.831 1560.782 1590.481 20.72975911060868 21.12421081227231 21.383853353577663 2.591219888826085 2.6405263515340387 2.672981669197208
16485144 2 3053.642 3086.722 3153.982 20.90708697766823 21.362654621958182 21.594075533412237 2.6133858722085286 2.6703318277447727 2.6992594416765296
16485144 4 4705.994 4750.363 4867.964 27.091644884801944 27.762331426040493 28.024079928703692 3.386455610600243 3.4702914282550616 3.5030099910879615
16485144 8 8049.177 8106.447 8298.107 31.785840312736383 32.53735008691231 32.7688537598316 3.973230039092048 4.067168760864039 4.09610671997895
16485144 16 14682.872 14821.632 15136.642 34.85083468314835 35.59153324006425 35.927889856970765 4.356354335393544 4.448941655008031 4.490986232121346
16485144 32 27907.992 28242.323 28788.883 36.6477996384924 37.35702675732446 37.80455491029237 4.58097495481155 4.669628344665558 4.725569363786546
16485144 64 54437.524 55142.404 56181.356 37.55869530810185 38.26634819911007 38.76183700052192 4.694836913512732 4.783293524888759 4.84522962506524

18133656 1 1681.501 1703.302 1735.371 20.898880988560947 21.292355671513334 21.568415362226965 2.6123601235701184 2.661544458939167 2.6960519202783706
18133656 2 3371.843 3411.192 3475.743 20.868811071474504 21.26371778545447 21.51186280025494 2.608601383934313 2.657964723181809 2.6889828500318673
18133656 4 5210.894 5246.365 5345.424 27.13895997773049 27.6513830051855 27.839608328244633 3.3923699972163113 3.4564228756481876 3.479951041030579
18133656 8 8888.907 8946.367 9094.908 31.901201859326125 32.43087344840649 32.640514294952126 3.9876502324157657 4.053859181050811 4.080064286869016
18133656 16 16201.533 16305.763 16628.953 34.89558194072711 35.58723329904893 35.816178135735676 4.361947742590889 4.448404162381117 4.4770222669669595
18133656 32 30815.955 31124.975 31501.076 36.84172515249955 37.28690493727304 37.66081511995977 4.605215644062444 4.66086311715913 4.707601889994971

19947016 1 1869.962 1897.092 1915.972 20.821824118515305 21.029044453300102 21.33414047986002 2.602728014814413 2.6286305566625128 2.6667675599825027
19947016 2 3717.353 3728.433 3787.263 21.067473793079596 21.399892126263232 21.463676976601363 2.6334342241349495 2.674986515782904 2.6829596220751704
19947016 4 5749.734 5794.215 5889.825 27.093526208333866 27.5405948864514 27.753653995123948 3.3866907760417333 3.442574360806425 3.4692067493904934
19947016 8 9780.648 9872.308 9954.648 32.06062695536799 32.328028663611384 32.63099295670389 4.007578369420998 4.041003582951423 4.0788741195879865
19947016 16 17880.545 18026.494 18220.635 35.03195755801047 35.40924330599174 35.69826937601735 4.3789946947513085 4.426155413248967 4.462283672002169
19947016 32 34047.637 34375.238 34707.998 36.78140767439252 37.137459935550126 37.494790725124325 4.597675959299065 4.642182491943766 4.686848840640541

21941712 1 2042.652 2056.052 2086.201 21.03508914049988 21.343538003902623 21.48355373308816 2.629386142562485 2.667942250487828 2.68544421663602
21941712 2 4063.223 4118.533 4145.954 21.16927684195242 21.31022089661537 21.6003030106888 2.6461596052440526 2.663777612076921 2.7000378763361
21941712 4 6272.045 6371.685 6442.935 27.244368599093423 27.549022903674615 27.986676753754153 3.405546074886678 3.443627862959327 3.498334594219269
21941712 8 10719.289 10830.329 10958.689 32.035528337376846 32.41521028585558 32.75099607819138 4.004441042172106 4.051901285731947 4.093874509773922
21941712 16 19576.925 19815.676 20035.076 35.04527679355945 35.43329957554816 35.86542748669671 4.3806595991949315 4.42916244694352 4.483178435837089
21941712 32 37351.671 37774.391 38229.621 36.73250038236058 37.17517426025478 37.59589679401491 4.591562547795072 4.646896782531847 4.699487099251864

24135880 1 2234.582 2260.302 2277.142 21.198396937916037 21.356332029967675 21.602143040622362 2.6497996172395046 2.6695415037459593 2.7002678800777953
24135880 2 4480.294 4483.864 4552.714 21.20570718916233 21.531322091838646 21.548478738225658 2.650713398645291 2.691415261479831 2.693559842278207
24135880 4 6886.745 6941.335 7043.455 27.41368263160622 27.816989095037194 28.037489409002365 3.4267103289507777 3.477123636879649 3.5046861761252956
24135880 8 11776.55 11897.44 11997.19 32.18871085645888 32.45858604876343 32.79178367178843 4.02358885705736 4.057323256095429 4.098972958973554
24135880 16 21538.287 21732.017 21955.008 35.17867814031313 35.53964457141737 35.85931230278434 4.397334767539141 4.442455571427171 4.482414037848042
24135880 32 41058.853 41288.924 41809.274 36.9462602962204 37.41188121056388 37.62151660690569 4.61828253702755 4.676485151320485 4.702689575863212

26549464 1 2471.962 2485.802 2520.292 21.068561896796083 21.360883932026766 21.480479068853 2.6335702370995104 2.670110491503346 2.685059883606625
26549464 2 4905.064 4944.974 5007.034 21.209733347127262 21.47591797247063 21.650656545969632 2.6512166683909077 2.6844897465588287 2.706332068246204
26549464 4 7609.206 7654.887 7755.966 27.38481731353644 27.74642029333679 27.912992761662647 3.423102164192055 3.4683025366670988 3.489124095207831
26549464 8 12959.311 13085.281 13221.221 32.12951542070131 32.463301628753705 32.77885869086713 4.016189427587664 4.057912703594213 4.0973573363583915
26549464 16 23788.429 23907.519 24159.589 35.16545120034947 35.536219713973665 35.714121684958684 4.395681400043684 4.442027464246708 4.4642652106198355
26549464 32 45347.847 45772.807 46204.137 36.775185217721955 37.121728103762564 37.46960017749023 4.596898152215244 4.6402160129703205 4.683700022186279

29204408 1 2748.693 2756.692 2785.672 20.967585559247464 21.188009396769754 21.24966884260992 2.620948194905933 2.6485011745962193 2.65620860532624
29204408 2 5468.315 5505.234 5590.944 20.894080141028063 21.21937632442145 21.362637668093374 2.611760017628508 2.6524220405526813 2.6703297085116717
29204408 4 8437.607 8488.547 8593.687 27.186848206130854 27.52358725232952 27.68975421585765 3.3983560257663568 3.44044840654119 3.4612192769822063
29204408 8 14349.122 14413.082 14609.122 31.98484672795532 32.41988965302494 32.5643985743518 3.998105840994415 4.052486206628117 4.070549821793975
29204408 16 26128.341 26308.081 26633.931 35.088363636595744 35.52296558612542 35.767332338474915 4.386045454574468 4.440370698265678 4.470916542309364
29204408 32 49805.94 50030.151 50797.842 36.79451800334353 37.35911394710762 37.527293170252385 4.599314750417942 4.669889243388453 4.690911646281548

32124848 1 3014.633 3032.563 3060.562 20.992777143544224 21.186598926386687 21.31260952825767 2.624097142943028 2.648324865798336 2.664076191032209
32124848 2 6009.175 6063.155 6133.715 20.94968416367568 21.193486229529015 21.383865838488642 2.61871052045946 2.649185778691127 2.6729832298110803
32124848 4 9253.017 9306.138 9430.818 27.250953628836864 27.616051255633643 27.774593302919467 3.406369203604608 3.4520064069542054 3.4718241628649333
32124848 8 15776.592 15845.053 16012.083 32.10060602358856 32.43899329336418 32.57975917739395 4.01257575294857 4.054874161670522 4.072469897174244
32124848 16 28760.793 28897.623 29380.543 34.98897675240379 35.573691856939234 35.74293434815931 4.373622094050473 4.446711482117404 4.467866793519914
32124848 32 54731.244 54996.064 55609.525 36.97190853545323 37.38431666673455 37.56520264732152 4.621488566931654 4.673039583341819 4.69565033091519

35337328 1 3325.663 3359.152 3381.942 20.897654661138482 21.03943376185418 21.251298162201042 2.6122068326423102 2.6299292202317726 2.6564122702751303
35337328 2 6657.575 6665.466 6759.696 20.91060189689004 21.206216039508718 21.23135105500126 2.613825237111255 2.6507770049385897 2.6539188818751573
35337328 4 10232.069 10259.858 10399.018 27.185126903328758 27.553853474385317 27.62868624126753 3.3981408629160947 3.4442316842981646 3.4535857801584413
35337328 8 17417.684 17498.964 17725.864 31.89673846081635 32.31032694278359 32.461103783947394 3.987092307602044 4.038790867847949 4.057637972993424
35337328 16 31787.165 31883.816 32341.427 34.96427340698356 35.46609652997621 35.5739335672118 4.370534175872945 4.433262066247027 4.446741695901475

38871056 1 3625.183 3644.533 3689.683 21.070133125257644 21.331158752026667 21.44501725843909 2.6337666406572056 2.6663948440033334 2.6806271573048863
38871056 2 7235.096 7256.136 7397.226 21.01926100405747 21.42796441522044 21.4902779451717 2.6274076255071837 2.678495551902555 2.6862847431464627
38871056 4 11147.089 11189.389 11422.679 27.223775438318807 27.791369841552566 27.896830105151217 3.402971929789851 3.4739212301940707 3.487103763143902
38871056 8 18973.566 19030.735 19456.036 31.966269799254075 32.68065558161574 32.77912523138772 3.9957837249067594 4.085081947701967 4.097390653923465
38871056 16 34717.578 34847.688 35410.168 35.127587985462256 35.69458587898285 35.82835738138185 4.390948498182782 4.461823234872856 4.478544672672731

42758160 1 3974.474 3999.134 4033.603 21.200975901693845 21.383709573122584 21.516386822507833 2.6501219877117306 2.672963696640323 2.689548352813479
42758160 2 7951.076 7988.387 8074.226 21.18254306976297 21.410159522817313 21.510628247044806 2.6478178837203714 2.676269940352164 2.688828530880601
42758160 4 12236.93 12299.91 12505.27 27.353690084260478 27.810388856503828 27.953521022021047 3.4192112605325597 3.4762986070629784 3.494190127752631
42758160 8 20899.027 20947.727 21297.638 32.12236774801037 32.65894003678777 32.73504359796273 4.015295968501296 4.082367504598471 4.091880449745341
42758160 16 38147.031 38279.361 38971.541 35.1092383028939 35.744095101274034 35.86808944580772 4.3886547878617375 4.468011887659254 4.483511180725965

47033976 1 4422.163 4462.924 4503.484 20.88781752083498 21.07765043724697 21.271932310048275 2.6109771901043723 2.634706304655871 2.6589915387560343
47033976 2 8845.347 8850.477 8990.597 20.92585219869159 21.257148513012346 21.269476935161503 2.6157315248364488 2.6571435641265433 2.658684616895188
47033976 4 13642.581 13693.151 13847.021 27.17348431839599 27.478832885140896 27.580690779845835 3.3966855397994986 3.434854110642612 3.4475863474807293
47033976 8 23170.439 23247.849 23555.459 31.947737295206178 32.370462144691324 32.478608454505334 3.9934671619007722 4.0463077680864155 4.059826056813167
47033976 16 42323.164 42401.724 43064.715 34.94942975937493 35.495897100787694 35.56178436942947 4.368678719921866 4.436987137598462 4.4452230461786835

51737368 1 4807.054 4843.224 4882.084 21.194788127365282 21.36484622639795 21.525602999259007 2.6493485159206602 2.670605778299744 2.690700374907376
51737368 2 9588.978 9648.398 9724.878 21.280418325042223 21.449101913084434 21.58201551823354 2.660052290630278 2.681137739135554 2.6977519397791925
51737368 4 14824.002 14878.632 15046.172 27.50858783217419 27.818346740479907 27.92086401499406 3.4385734790217737 3.4772933425599883 3.4901080018742574
51737368 8 25313.88 25363.24 25640.151 32.28521891310234 32.63770275406454 32.70134361069895 4.035652364137793 4.079712844258068 4.087667951337369
51737368 16 46222.588 46325.068 46818.578 35.361940638179995 35.73865830051237 35.8178944026241 4.420242579772499 4.467332287564046 4.477236800328012

56911104 1 5296.485 5319.705 5354.244 21.258315459661535 21.396338330790897 21.49014072540562 2.657289432457692 2.674542291348862 2.6862675906757025
56911104 2 10536.778 10592.589 10720.619 21.234260447087987 21.490913694470727 21.60474634655869 2.6542825558859984 2.686364211808841 2.7005932933198364
56911104 4 16314.593 16371.053 16594.793 27.435643939638172 27.8106015538524 27.90684585266699 3.4294554924547715 3.47632519423155 3.4883557315833738
56911104 8 27825.663 27948.923 28328.763 32.14322009047836 32.580062709393125 32.72438338666 4.017902511309795 4.072507838674141 4.0905479233325
56911104 16 50940.641 51069.941 51607.702 35.28844062849379 35.660024122604725 35.75053812141861 4.4110550785617235 4.457503015325591 4.468817265177326

62602208 1 5877.275 5920.104 5970.415 20.97080621698827 21.14902305770304 21.303140656171443 2.6213507771235336 2.64362788221288 2.6628925820214304
62602208 2 11797.12 11809.229 11956.319 20.943639258872235 21.204503020476615 21.226268106114034 2.6179549073590294 2.650562877559577 2.6532835132642543
62602208 4 18149.475 18194.354 18568.566 26.97126229349106 27.52599317348668 27.594057899746417 3.3714077866863823 3.440749146685835 3.449257237468302
62602208 8 30836.375 30909.335 31293.365 32.007913754241514 32.40559293818518 32.48226576567447 4.000989219280189 4.0506991172731475 4.060283220709309
62602208 16 56413.755 56498.235 56994.986 35.148191035611454 35.457225451379145 35.51032289908729 4.393523879451432 4.432153181422393 4.4387903623859115

68862424 1 6397.096 6442.575 6485.636 21.235365043613303 21.37729836284405 21.529276409170663 2.654420630451663 2.6721622953555064 2.691159551146333
68862424 2 12773.01 12791.41 12867.47 21.406670930649152 21.533958805166908 21.56497928052981 2.675833866331144 2.6917448506458634 2.695622410066226
68862424 4 19751.606 19821.206 19942.106 27.624935500794148 27.793434566998602 27.891372073744282 3.4531169375992685 3.4741793208748253 3.4864215092180353
68862424 8 33767.827 33974.748 34188.108 32.22754485273067 32.42993248985982 32.62865519892648 4.028443106591333 4.053741561232478 4.07858189986581

75748664 1 7102.216 7116.215 7151.126 21.18510119944747 21.289031880009244 21.33099415731653 2.6481376499309337 2.6611289850011555 2.666374269664566
75748664 2 14177.421 14200.122 14306.101 21.179401431599008 21.33746850907337 21.371634234463375 2.647425178949876 2.6671835636341714 2.671454279307922
75748664 4 21869.508 21897.127 22068.087 27.45998382188723 27.674375364402827 27.709325330958514 3.432497977735904 3.4592969205503534 3.463665666369814
75748664 8 37227.35 37362.51 37542.751 32.282626917777016 32.43836198371041 32.55613477725382 4.035328364722127 4.054795247963801 4.069516847156727

83323528 1 7753.756 7769.046 7834.106 21.271994022036463 21.450131200149926 21.4924297334092 2.658999252754558 2.6812664000187407 2.68655371667615
83323528 2 15492.342 15583.683 15644.342 21.304450644200948 21.387377553817025 21.51347498009016 2.6630563305251185 2.673422194227128 2.68918437251127
83323528 4 23943.25 24036.999 24167.12 27.58244358450655 27.731757362888768 27.840340137617073 3.4478054480633187 3.466469670361096 3.480042517202134
83323528 8 40714.363 40878.013 41245.563 32.32290581171119 32.61353353941151 32.7446225303832 4.0403632264638984 4.076691692426439 4.0930778162979

91655880 1 8492.737 8523.167 8795.227 20.842186335838743 21.507470169245774 21.584532760169076 2.605273291979843 2.688433771155722 2.6980665950211344
91655880 2 16923.004 17069.923 17254.534 21.24795256713395 21.47774890372968 21.664210443961363 2.6559940708917438 2.68471861296621 2.7080263054951703
91655880 4 26204.261 26462.502 26587.532 27.578604888938166 27.708908250625733 27.981977434891217 3.4473256111172708 3.4636135313282166 3.497747179361402
91655880 8 44788.946 45117.786 45453.896 32.26333073846959 32.503680034299556 32.74232173268823 4.032916342308699 4.0629600042874445 4.092790216586029

100821464 1 9353.848 9363.328 9414.978 21.41724898348143 21.53539083539528 21.557216666338817 2.6771561229351786 2.69192385442441 2.694652083292352
100821464 2 18648.935 18701.285 18752.165 21.50609574947746 21.56460671018061 21.625141382068197 2.6882619686846825 2.695575838772576 2.7031426727585246
100821464 4 28937.553 28985.903 29150.304 27.669409965673086 27.826344137010327 27.872837485602187 3.458676245709136 3.478293017126291 3.4841046857002733
100821464 8 49368.78 49481.4 50780.131 31.767216669842778 32.60100611542923 32.67537549034025 3.9709020837303473 4.075125764428654 4.084421936292531

110903608 1 10394.939 10418.919 10454.208 21.217027248740408 21.288889567142235 21.33800073285663 2.652128406092551 2.6611111958927793 2.667250091607079
110903608 2 20771.707 20825.016 20936.357 21.188711675101835 21.301997174936147 21.356667124180024 2.6485889593877294 2.6627496468670184 2.669583390522503
110903608 4 32032.356 32122.076 32266.946 27.4965242759572 27.62053311871873 27.69789596494245 3.43706553449465 3.452566639839841 3.4622369956178063
110903608 8 54449.094 54644.135 54927.975 32.30517287411379 32.472976797967426 32.58929759235296 4.038146609264223 4.059122099745928 4.07366219904412

121993968 1 11492.58 11503.189 11566.249 21.094819591035954 21.210460507951314 21.230040252058284 2.636852448879494 2.6513075634939143 2.6537550315072855
121993968 2 22937.179 22975.088 23184.729 21.047296778840934 21.239347244284765 21.274450184131187 2.6309120973551168 2.6549184055355957 2.6593062730163983
121993968 4 35372.238 35660.729 35787.739 27.270561685945008 27.367689090147312 27.59089611463091 3.408820210743126 3.420961136268414 3.448862014328864
121993968 8 60293.989 60749.269 60902.669 32.04955579204583 32.13048519151728 32.37310253265877 4.006194474005729 4.01631064893966 4.046637816582346

134193360 1 12411.61 12479.04 12572.73 21.346733764266 21.507000538502965 21.62384412658793 2.66834172053325 2.6883750673128706 2.702980515823491
134193360 2 24802.12 24880.16 25051.38 21.426901032996984 21.57435643500685 21.6422402601068 2.678362629124623 2.6967945543758565 2.70528003251335
134193360 4 38468.261 38580.812 38783.732 27.680339787826505 27.825927562125962 27.907341067484182 3.460042473478313 3.4782409452657452 3.488417633435523
134193360 8 65764.373 65966.423 66444.884 32.31390636486023 32.54828232842033 32.64828146388623 4.039238295607529 4.068535291052541 4.0810351829857785

147612696 1 13701.651 13781.711 13794.521 21.40164141980718 21.42153408963517 21.54670207261884 2.6752051774758976 2.6776917612043962 2.693337759077355
147612696 2 27386.492 27496.722 27694.092 21.32046011835304 21.473497240871108 21.559927573053166 2.66505751479413 2.6841871551088885 2.6949909466316457
147612696 4 42254.974 42528.485 42753.365 27.62125432699859 27.767308616801184 27.947042826248097 3.4526567908748236 3.470913577100148 3.493380353281012

162373960 1 15000.602 15080.042 15232.323 21.319658203151285 21.534947979587855 21.64899248710152 2.6649572753939106 2.691868497448482 2.70612406088769
162373960 2 30003.974 30013.585 30553.434 21.257703471236656 21.64006199192799 21.646993828217557 2.657212933904582 2.7050077489909987 2.7058742285271946
162373960 4 46435.787 46460.438 47159.868 27.544429937759794 27.95909242181488 27.973934844692092 3.4430537422199743 3.49488655272686 3.4967418555865115

178611352 1 16613.403 16640.343 16698.294 21.392766470634662 21.467268072539127 21.50207901415502 2.6740958088293327 2.683408509067391 2.6877598767693773
178611352 2 33137.216 33200.157 33339.077 21.429669693615097 21.51933823686436 21.560212179562704 2.678708711701887 2.689917279608045 2.695026522445338
178611352 4 51192.341 51434.532 51596.102 27.693774541340353 27.78076829784317 27.9121991315068 3.461721817667544 3.4725960372303963 3.48902489143835

196472480 1 18279.065 18351.415 18460.985 21.285156777929238 21.41224314310368 21.496994512574908 2.6606445972411548 2.67653039288796 2.6871243140718635
196472480 2 36576.21 36655.299 36903.609 21.29574698236154 21.440008441889944 21.486368325203735 2.6619683727951924 2.680001055236243 2.685796040650467
196472480 4 56396.625 56593.425 56920.666 27.61351808497814 27.773188139788324 27.870104638353805 3.4516897606222674 3.4716485174735405 3.4837630797942256

216119728 1 20169.336 20275.507 20573.716 21.00930410432418 21.31830567788021 21.430524832349466 2.6261630130405225 2.6647882097350264 2.6788156040436832
216119728 2 40262.732 40471.753 41261.254 20.95134849755172 21.360056037108155 21.4709451907039 2.618918562193965 2.6700070046385194 2.6838681488379876
216119728 4 62152.34 62266.39 62766.951 27.54567167043051 27.767111984491155 27.81806483874944 3.443208958803814 3.4708889980613944 3.47725810484368

237731696 1 22352.118 22359.778 22699.768 20.945737947630125 21.264226863075297 21.27151404623043 2.6182172434537656 2.658028357884412 2.6589392557788036
237731696 2 44467.936 44716.196 44970.107 21.14575320000906 21.265824668985704 21.384549622451555 2.6432191500011326 2.658228083623213 2.6730687028064444
237731696 4 68678.405 68866.216 69321.796 27.435145621443503 27.61664105372074 27.692162740238363 3.429393202680438 3.4520801317150926 3.4615203425297953

261504864 1 24384.42 24557.999 24780.5 21.105697140897075 21.296919508792225 21.44852032568337 2.6382121426121343 2.662114938599028 2.681065040710421
261504864 2 48794.469 49117.6 49426.84 21.16298464558932 21.29622489698194 21.43725461998572 2.645373080698665 2.6620281121227425 2.679656827498215
261504864 4 75110.071 75998.641 76103.941 27.489232285618424 27.527320021419854 27.852974762865024 3.436154035702303 3.4409150026774817 3.481621845358128

287655344 1 26664.121 26805.712 26998.582 21.308922372293477 21.46224237580408 21.576210518996668 2.6636152965366846 2.68278029697551 2.6970263148745834
287655344 2 53248.983 53576.793 53899.083 21.34769854989926 21.476115153066367 21.608325852908777 2.6684623187374075 2.684514394133296 2.701040731613597

316420872 1 29002.593 29204.694 29376.633 21.542351160529527 21.669179071008244 21.82017807856008 2.692793895066191 2.7086473838760305 2.72752225982001
316420872 2 58152.797 58277.857 58864.888 21.50150167617749 21.718085618693905 21.764791261888917 2.6876877095221863 2.714760702336738 2.7205989077361146

348062952 1 32307.166 32484.576 32780.966 21.235673896858316 21.429428661774743 21.547105184032546 2.6544592371072895 2.678678582721843 2.6933881480040682
348062952 2 64810.033 64883.232 65526.773 21.247068095356994 21.45780604763955 21.48204133764289 2.6558835119196242 2.682225755954944 2.6852551672053613

382869240 1 35505.069 35696.179 35917.009 21.31966166781872 21.451553120013212 21.56701850093574 2.66495770847734 2.6814441400016515 2.6958773126169673
382869240 2 70812.367 71180.357 71811.868 21.32623760741052 21.515443649713642 21.627252765043146 2.665779700926315 2.6894304562142053 2.703406595630393

421156160 1 38046.631 38452.201 38712.632 21.758074212055643 21.905438390899914 22.138946284100683 2.7197592765069554 2.738179798862489 2.7673682855125854
421156160 2 75966.061 76715.362 77760.663 21.664226808354247 21.95941720251545 22.17601673463101 2.708028351044281 2.7449271503144312 2.772002091828876

463271776 1 42477.614 42861.334 43167.235 21.464046793824068 21.617235525147212 21.81251404563354 2.6830058492280084 2.7021544406434015 2.7265642557041927
463271776 2 85112.399 85690.81 86613.12 21.39499309111599 21.625272348341674 21.772234430849494 2.6743741363894986 2.7031590435427093 2.7215293038561867

509598952 1 46706.848 46886.048 47304.898 21.545293343619516 21.7377652302877 21.821166437949316 2.6931616679524395 2.7172206537859624 2.7276458047436645
509598952 2 93137.736 93710.886 94641.777 21.53801283760765 21.751963886031344 21.885820887894464 2.692251604700956 2.718995485753918 2.735727610986808

560558840 1 51102.881 51364.131 51848.032 21.6231482035808 21.82685968151588 21.938443744492606 2.7028935254476 2.728357460189485 2.7423054680615757

616614720 1 55439.335 55728.315 56118.035 21.975634749149712 22.12931505285957 22.244665092032577 2.746954343643714 2.7661643816074464 2.780583136504072

678276192 1 62030.8 62192.2 62703.861 21.634271994829792 21.812259157900833 21.869013199894244 2.704283999353724 2.726532394737604 2.7336266499867805

746103808 1 67306.754 67452.244 67795.004 22.010583788740536 22.122431034318144 22.17025078939329 2.751322973592567 2.765303879289768 2.771281348674161

820714184 1 73731.14 73956.34 74166.369 22.131707270177937 22.194559222373634 22.26234896137507 2.766463408772242 2.7743199027967043 2.782793620171884

902785600 1 81302.806 81369.846 81612.726 22.12364772621368 22.189684370301006 22.207981357986586 2.76545596577671 2.7737105462876257 2.7759976697483233

993064160 1 91291.134 91418.604 91812.164 21.63251832295337 21.725647002879196 21.7559825689097 2.7040647903691712 2.7157058753598995 2.7194978211137126

META_DATA
FLOPS          2
OPENMP_THREADS 1
ERT_VERSION  1.1.0
HOSTNAME  ('pve.fritz.box', ['pve'], ['192.168.188.21'])
UNAME  uname_result(system='Linux', node='pve', release='6.14.8-2-pve', version='#1 SMP PREEMPT_DYNAMIC PMX 6.14.8-2 (2025-07-22T10:04Z)', machine='x86_64')
TIMESTAMP_DATA  1765906544.6480768
CONFIG  {'ERT_MPI': ['False'], 'ERT_OPENMP': ['True'], 'ERT_OPENMP_CFLAGS': ['-fopenmp'], 'ERT_OPENMP_LDFLAGS': ['-fopenmp'], 'ERT_PRECISION': ['FP64'], 'ERT_TRIALS_MIN': ['1'], 'ERT_TRIALS': ['3', '#', 'Run', 'each', 'test', '3', 'times', 'to', 'filter', 'out', 'background', 'noise'], 'ERT_RESULTS': ['Results/1600X'], 'ERT_GNUPLOT': ['gnuplot'], 'ERT_DRIVER': ['driver1'], 'ERT_KERNEL': ['kernel1'], 'ERT_CC': ['g++'], 'ERT_LD': ['g++'], 'ERT_CFLAGS': ['-O3', '-march=native', '-fopenmp', '-fstrict-aliasing', '-funroll-loops', '-Wno-all'], 'ERT_LDFLAGS': ['-O3', '-march=native', '-fopenmp'], 'ERT_LDLIBS': ['-lm'], 'ERT_RUN': ['export', 'OMP_NUM_THREADS=ERT_OPENMP_THREADS;', './ERT_CODE'], 'ERT_WORKING_SET_MIN': ['128'], 'ERT_MEMORY_MAX': ['1073741824'], 'ERT_ALIGN': ['64'], 'ERT_MIN_PROCS': ['1'], 'ERT_MAX_PROCS': ['1'], 'ERT_OPENMP_THREADS': ['1,2,4,8,12', '#', 'Logical', 'Threads'], 'ERT_NUM_EXPERIMENTS': ['5'], 'ERT_FLOPS': ['1,2,4,8'], 'ERT_GPU': [False], 'ERT_HIP': [False], 'ERT_OCL': [False], 'ERT_SYCL': [False], 'ERT_WSS_MULT': [1.1]}
TIMESTAMP_DATA  1765906565.3004484
TIMESTAMP_DATA  1765906586.034423
TIMESTAMP_DATA  1765906606.7861156
TIMESTAMP_DATA  1765906627.5324066
