fp64
        1024            1           2.486         2048         1024
        1024            2           1.576         4096         2048
        1024            4           1.695         8192         4096
        1024            8           1.792        16384         8192
        1024           16           2.110        32768        16384
        1024           32           2.820        65536        32768
        1024           64           4.222       131072        65536
        1024          128           7.019       262144       131072
        1024          256          12.725       524288       262144
        1024          512          24.002      1048576       524288
        1024         1024          46.467      2097152      1048576
        1024         2048          91.698      4194304      2097152
        1024         4096         189.233      8388608      4194304
        1024         8192         362.139     16777216      8388608
        1024        16384         728.350     33554432     16777216
        1024        32768        1450.408     67108864     33554432
        1024        65536        2905.397    134217728     67108864
        1024       131072        5809.845    268435456    134217728
        1024       262144       11620.176    536870912    268435456
        1024       524288       23231.398   1073741824    536870912
        1024      1048576       46457.229   2147483648   1073741824
        1120            1           1.974         2240         1120
        1120            2           1.571         4480         2240
        1120            4           1.849         8960         4480
        1120            8           1.865        17920         8960
        1120           16           2.190        35840        17920
        1120           32           2.929        71680        35840
        1120           64           4.453       143360        71680
        1120          128           7.417       286720       143360
        1120          256          13.465       573440       286720
        1120          512          25.385      1146880       573440
        1120         1024          49.331      2293760      1146880
        1120         2048          97.083      4587520      2293760
        1120         4096         192.865      9175040      4587520
        1120         8192         390.386     18350080      9175040
        1120        16384         766.168     36700160     18350080
        1120        32768        1540.452     73400320     36700160
        1120        65536        3072.027    146800640     73400320
        1120       131072        6143.842    293601280    146800640
        1120       262144       12291.173    587202560    293601280
        1120       524288       24570.816   1174405120    587202560
        1232            1           1.978         2464         1232
        1232            2           1.610         4928         2464
        1232            4           1.778         9856         4928
        1232            8           1.954        19712         9856
        1232           16           2.324        39424        19712
        1232           32           3.201        78848        39424
        1232           64           4.968       157696        78848
        1232          128           8.566       315392       157696
        1232          256          15.690       630784       315392
        1232          512          29.890      1261568       630784
        1232         1024          58.384      2523136      1261568
        1232         2048         115.413      5046272      2523136
        1232         4096         229.203     10092544      5046272
        1232         8192         457.146     20185088     10092544
        1232        16384         919.577     40370176     20185088
        1232        32768        1835.986     80740352     40370176
        1232        65536        3672.609    161480704     80740352
        1232       131072        7333.092    322961408    161480704
        1232       262144       14670.584    645922816    322961408
        1232       524288       29345.646   1291845632    645922816
        1352            1           2.370         2704         1352
        1352            2           1.655         5408         2704
        1352            4           1.764        10816         5408
        1352            8           1.942        21632        10816
        1352           16           2.404        43264        21632
        1352           32           3.387        86528        43264
        1352           64           5.323       173056        86528
        1352          128           9.200       346112       173056
        1352          256          16.778       692224       346112
        1352          512          32.641      1384448       692224
        1352         1024          63.861      2768896      1384448
        1352         2048         126.369      5537792      2768896
        1352         4096         257.988     11075584      5537792
        1352         8192         500.466     22151168     11075584
        1352        16384        1005.925     44302336     22151168
        1352        32768        2009.270     88604672     44302336
        1352        65536        4017.629    177209344     88604672
        1352       131072        8031.512    354418688    177209344
        1352       262144       16062.750    708837376    354418688
        1352       524288       32288.969   1417674752    708837376
        1480            1           2.242         2960         1480
        1480            2           1.640         5920         2960
        1480            4           1.766        11840         5920
        1480            8           1.988        23680        11840
        1480           16           2.479        47360        23680
        1480           32           3.509        94720        47360
        1480           64           5.552       189440        94720
        1480          128           9.662       378880       189440
        1480          256          17.924       757760       378880
        1480          512          34.339      1515520       757760
        1480         1024          67.362      3031040      1515520
        1480         2048         140.008      6062080      3031040
        1480         4096         265.136     12124160      6062080
        1480         8192         528.753     24248320     12124160
        1480        16384        1062.732     48496640     24248320
        1480        32768        2126.692     96993280     48496640
        1480        65536        4242.330    193986560     96993280
        1480       131072        8486.117    387973120    193986560
        1480       262144       17120.612    775946240    387973120
        1480       524288       35051.587   1551892480    775946240
        1624            1           2.142         3248         1624
        1624            2           1.678         6496         3248
        1624            4           1.829        12992         6496
        1624            8           2.084        25984        12992
        1624           16           2.605        51968        25984
        1624           32           3.784       103936        51968
        1624           64           6.122       207872       103936
        1624          128          10.882       415744       207872
        1624          256          20.297       831488       415744
        1624          512          39.140      1662976       831488
        1624         1024          76.788      3325952      1662976
        1624         2048         152.335      6651904      3325952
        1624         4096         310.195     13303808      6651904
        1624         8192         603.932     26607616     13303808
        1624        16384        1216.514     53215232     26607616
        1624        32768        2422.553    106430464     53215232
        1624        65536        4850.684    212860928    106430464
        1624       131072        9687.696    425721856    212860928
        1624       262144       19382.634    851443712    425721856
        1624       524288       38786.393   1702887424    851443712
        1784            1           2.196         3568         1784
        1784            2           1.646         7136         3568
        1784            4           1.794        14272         7136
        1784            8           2.132        28544        14272
        1784           16           2.712        57088        28544
        1784           32           3.970       114176        57088
        1784           64           6.564       228352       114176
        1784          128          11.621       456704       228352
        1784          256          21.833       913408       456704
        1784          512          42.148      1826816       913408
        1784         1024          83.029      3653632      1826816
        1784         2048         172.573      7307264      3653632
        1784         4096         325.747     14614528      7307264
        1784         8192         653.701     29229056     14614528
        1784        16384        1304.906     58458112     29229056
        1784        32768        2602.730    116916224     58458112
        1784        65536        5208.018    233832448    116916224
        1784       131072       10409.186    467664896    233832448
        1784       262144       20820.434    935329792    467664896
        1784       524288       41649.792   1870659584    935329792
        1960            1           2.069         3920         1960
        1960            2           1.626         7840         3920
        1960            4           1.933        15680         7840
        1960            8           2.204        31360        15680
        1960           16           2.783        62720        31360
        1960           32           4.176       125440        62720
        1960           64           6.887       250880       125440
        1960          128          12.238       501760       250880
        1960          256          23.290      1003520       501760
        1960          512          45.225      2007040      1003520
        1960         1024          89.095      4014080      2007040
        1960         2048         176.765      8028160      4014080
        1960         4096         358.197     16056320      8028160
        1960         8192         706.508     32112640     16056320
        1960        16384        1407.263     64225280     32112640
        1960        32768        2818.038    128450560     64225280
        1960        65536        5629.011    256901120    128450560
        1960       131072       11265.373    513802240    256901120
        1960       262144       22523.887   1027604480    513802240
        1960       524288       45046.958   2055208960   1027604480
        2152            1           1.946         4304         2152
        2152            2           1.657         8608         4304
        2152            4           1.948        17216         8608
        2152            8           2.260        34432        17216
        2152           16           2.970        68864        34432
        2152           32           4.454       137728        68864
        2152           64           7.375       275456       137728
        2152          128          13.384       550912       275456
        2152          256          25.255      1101824       550912
        2152          512          49.105      2203648      1101824
        2152         1024          96.867      4407296      2203648
        2152         2048         192.078      8814592      4407296
        2152         4096         382.566     17629184      8814592
        2152         8192         770.066     35258368     17629184
        2152        16384        1535.562     70516736     35258368
        2152        32768        3064.684    141033472     70516736
        2152        65536        6126.719    282066944    141033472
        2152       131072       12274.393    564133888    282066944
        2152       262144       24506.521   1128267776    564133888
        2360            1           2.195         4720         2360
        2360            2           1.744         9440         4720
        2360            4           1.964        18880         9440
        2360            8           2.321        37760        18880
        2360           16           3.066        75520        37760
        2360           32           4.708       151040        75520
        2360           64           8.006       302080       151040
        2360          128          14.623       604160       302080
        2360          256          27.889      1208320       604160
        2360          512          54.463      2416640      1208320
        2360         1024         107.186      4833280      2416640
        2360         2048         212.951      9666560      4833280
        2360         4096         430.536     19333120      9666560
        2360         8192         846.793     38666240     19333120
        2360        16384        1701.310     77332480     38666240
        2360        32768        3396.061    154664960     77332480
        2360        65536        6794.565    309329920    154664960
        2360       131072       13596.900    618659840    309329920
        2360       262144       27172.692   1237319680    618659840
        2592            1           2.162         5184         2592
        2592            2           1.810        10368         5184
        2592            4           2.134        20736        10368
        2592            8           2.374        41472        20736
        2592           16           3.169        82944        41472
        2592           32           4.904       165888        82944
        2592           64           8.403       331776       165888
        2592          128          15.391       663552       331776
        2592          256          29.280      1327104       663552
        2592          512          57.048      2654208      1327104
        2592         1024         113.017      5308416      2654208
        2592         2048         224.328     10616832      5308416
        2592         4096         446.903     21233664     10616832
        2592         8192         897.811     42467328     21233664
        2592        16384        1792.779     84934656     42467328
        2592        32768        3583.351    169869312     84934656
        2592        65536        7159.241    339738624    169869312
        2592       131072       14319.030    679477248    339738624
        2592       262144       28633.753   1358954496    679477248
        2848            1           2.260         5696         2848
        2848            2           1.688        11392         5696
        2848            4           1.964        22784        11392
        2848            8           2.489        45568        22784
        2848           16           3.436        91136        45568
        2848           32           5.259       182272        91136
        2848           64           9.060       364544       182272
        2848          128          16.699       729088       364544
        2848          256          31.949      1458176       729088
        2848          512          62.592      2916352      1458176
        2848         1024         130.348      5832704      2916352
        2848         2048         246.126     11665408      5832704
        2848         4096         490.237     23330816     11665408
        2848         8192         984.608     46661632     23330816
        2848        16384        1965.854     93323264     46661632
        2848        32768        3929.468    186646528     93323264
        2848        65536        7859.165    373293056    186646528
        2848       131072       15715.308    746586112    373293056
        2848       262144       31429.010   1493172224    746586112
        3128            1           2.191         6256         3128
        3128            2           1.750        12512         6256
        3128            4           2.121        25024        12512
        3128            8           2.608        50048        25024
        3128           16           3.672       100096        50048
        3128           32           5.734       200192       100096
        3128           64          10.042       400384       200192
        3128          128          18.717       800768       400384
        3128          256          36.064      1601536       800768
        3128          512          70.709      3203072      1601536
        3128         1024         139.774      6406144      3203072
        3128         2048         278.231     12812288      6406144
        3128         4096         561.466     25624576     12812288
        3128         8192        1113.743     51249152     25624576
        3128        16384        2225.092    102498304     51249152
        3128        32768        4453.317    204996608    102498304
        3128        65536        8899.907    409993216    204996608
        3128       131072       17795.553    819986432    409993216
        3128       262144       35636.827   1639972864    819986432
        3440            1           2.105         6880         3440
        3440            2           1.815        13760         6880
        3440            4           2.270        27520        13760
        3440            8           2.763        55040        27520
        3440           16           3.849       110080        55040
        3440           32           6.172       220160       110080
        3440           64          10.898       440320       220160
        3440          128          20.336       880640       440320
        3440          256          39.234      1761280       880640
        3440          512          77.100      3522560      1761280
        3440         1024         152.759      7045120      3522560
        3440         2048         301.130     14090240      7045120
        3440         4096         609.436     28180480     14090240
        3440         8192        1211.104     56360960     28180480
        3440        16384        2415.285    112721920     56360960
        3440        32768        4823.492    225443840    112721920
        3440        65536        9645.449    450887680    225443840
        3440       131072       19285.890    901775360    450887680
        3440       262144       38600.785   1803550720    901775360
        3784            1           2.424         7568         3784
        3784            2           1.884        15136         7568
        3784            4           2.197        30272        15136
        3784            8           2.782        60544        30272
        3784           16           4.031       121088        60544
        3784           32           6.683       242176       121088
        3784           64          11.899       484352       242176
        3784          128          22.479       968704       484352
        3784          256          43.463      1937408       968704
        3784          512          85.494      3874816      1937408
        3784         1024         169.655      7749632      3874816
        3784         2048         342.967     15499264      7749632
        3784         4096         673.320     30998528     15499264
        3784         8192        1357.025     61997056     30998528
        3784        16384        2701.869    123994112     61997056
        3784        32768        5413.945    247988224    123994112
        3784        65536       10816.608    495976448    247988224
        3784       131072       21638.586    991952896    495976448
        3784       262144       43302.686   1983905792    991952896
        4160            1           2.634         8320         4160
        4160            2           1.847        16640         8320
        4160            4           2.221        33280        16640
        4160            8           2.931        66560        33280
        4160           16           4.313       133120        66560
        4160           32           7.051       266240       133120
        4160           64          12.688       532480       266240
        4160          128          24.042      1064960       532480
        4160          256          47.325      2129920      1064960
        4160          512          91.416      4259840      2129920
        4160         1024         184.189      8519680      4259840
        4160         2048         367.734     17039360      8519680
        4160         4096         736.812     34078720     17039360
        4160         8192        1459.620     68157440     34078720
        4160        16384        2939.361    136314880     68157440
        4160        32768        5868.447    272629760    136314880
        4160        65536       11712.083    545259520    272629760
        4160       131072       23359.285   1090519040    545259520
        4576            1           2.605         9152         4576
        4576            2           1.926        18304         9152
        4576            4           2.298        36608        18304
        4576            8           3.022        73216        36608
        4576           16           4.451       146432        73216
        4576           32           7.504       292864       146432
        4576           64          13.520       585728       292864
        4576          128          25.760      1171456       585728
        4576          256          50.126      2342912      1171456
        4576          512         105.806      4685824      2342912
        4576         1024         195.719      9371648      4685824
        4576         2048         389.666     18743296      9371648
        4576         4096         783.126     37486592     18743296
        4576         8192        1563.918     74973184     37486592
        4576        16384        3121.632    149946368     74973184
        4576        32768        6241.289    299892736    149946368
        4576        65536       12479.747    599785472    299892736
        4576       131072       24966.203   1199570944    599785472
        5032            1           2.797        10064         5032
        5032            2           1.954        20128        10064
        5032            4           2.465        40256        20128
        5032            8           3.236        80512        40256
        5032           16           4.852       161024        80512
        5032           32           8.242       322048       161024
        5032           64          15.019       644096       322048
        5032          128          28.668      1288192       644096
        5032          256          55.994      2576384      1288192
        5032          512         110.543      5152768      2576384
        5032         1024         221.490     10305536      5152768
        5032         2048         447.918     20611072     10305536
        5032         4096         887.087     41222144     20611072
        5032         8192        1774.045     82444288     41222144
        5032        16384        3539.193    164888576     82444288
        5032        32768        7078.648    329777152    164888576
        5032        65536       14161.097    659554304    329777152
        5032       131072       28326.682   1319108608    659554304
        5528            1           2.680        11056         5528
        5528            2           1.999        22112        11056
        5528            4           2.586        44224        22112
        5528            8           3.469        88448        44224
        5528           16           5.390       176896        88448
        5528           32           9.238       353792       176896
        5528           64          17.062       707584       353792
        5528          128          32.783      1415168       707584
        5528          256          64.397      2830336      1415168
        5528          512         126.991      5660672      2830336
        5528         1024         259.471     11321344      5660672
        5528         2048         504.588     22642688     11321344
        5528         4096        1012.721     45285376     22642688
        5528         8192        2019.077     90570752     45285376
        5528        16384        4046.946    181141504     90570752
        5528        32768        8073.455    362283008    181141504
        5528        65536       15986.128    724566016    362283008
        5528       131072       31947.943   1449132032    724566016
        6080            1           2.668        12160         6080
        6080            2           2.097        24320        12160
        6080            4           2.811        48640        24320
        6080            8           3.667        97280        48640
        6080           16           5.602       194560        97280
        6080           32           9.710       389120       194560
        6080           64          17.933       778240       389120
        6080          128          34.278      1556480       778240
        6080          256          67.333      3112960      1556480
        6080          512         133.126      6225920      3112960
        6080         1024         264.400     12451840      6225920
        6080         2048         534.805     24903680     12451840
        6080         4096        1060.600     49807360     24903680
        6080         8192        2118.653     99614720     49807360
        6080        16384        4238.794    199229440     99614720
        6080        32768        8481.997    398458880    199229440
        6080        65536       17113.739    796917760    398458880
        6080       131072       33920.091   1593835520    796917760
        6688            1           2.640        13376         6688
        6688            2           2.022        26752        13376
        6688            4           2.678        53504        26752
        6688            8           3.716       107008        53504
        6688           16           5.900       214016       107008
        6688           32          10.376       428032       214016
        6688           64          19.383       856064       428032
        6688          128          37.245      1712128       856064
        6688          256          72.909      3424256      1712128
        6688          512         144.553      6848512      3424256
        6688         1024         287.628     13697024      6848512
        6688         2048         580.225     27394048     13697024
        6688         4096        1150.016     54788096     27394048
        6688         8192        2298.610    109576192     54788096
        6688        16384        4599.474    219152384    109576192
        6688        32768        9192.484    438304768    219152384
        6688        65536       18385.432    876609536    438304768
        6688       131072       36770.861   1753219072    876609536
        7352            1           2.793        14704         7352
        7352            2           2.168        29408        14704
        7352            4           2.894        58816        29408
        7352            8           3.995       117632        58816
        7352           16           6.444       235264       117632
        7352           32          11.382       470528       235264
        7352           64          21.453       941056       470528
        7352          128          41.401      1882112       941056
        7352          256          81.322      3764224      1882112
        7352          512         161.147      7528448      3764224
        7352         1024         327.794     15056896      7528448
        7352         2048         640.001     30113792     15056896
        7352         4096        1289.024     60227584     30113792
        7352         8192        2564.021    120455168     60227584
        7352        16384        5131.650    240910336    120455168
        7352        32768       10266.505    481820672    240910336
        7352        65536       20518.384    963641344    481820672
        7352       131072       41046.749   1927282688    963641344
        8080            1           2.776        16160         8080
        8080            2           2.183        32320        16160
        8080            4           3.041        64640        32320
        8080            8           4.288       129280        64640
        8080           16           6.952       258560       129280
        8080           32          12.519       517120       258560
        8080           64          23.212      1034240       517120
        8080          128          44.931      2068480      1034240
        8080          256          88.734      4136960      2068480
        8080          512         175.471      8273920      4136960
        8080         1024         349.152     16547840      8273920
        8080         2048         717.373     33095680     16547840
        8080         4096        1425.975     66191360     33095680
        8080         8192        2851.192    132382720     66191360
        8080        16384        5732.529    264765440    132382720
        8080        32768       11423.528    529530880    264765440
        8080        65536       22833.882   1059061760    529530880
        8080       131072       45702.349   2118123520   1059061760
        8888            1           2.911        17776         8888
        8888            2           2.261        35552        17776
        8888            4           3.033        71104        35552
        8888            8           4.597       142208        71104
        8888           16           7.477       284416       142208
        8888           32          13.474       568832       284416
        8888           64          25.465      1137664       568832
        8888          128          49.682      2275328      1137664
        8888          256          97.838      4550656      2275328
        8888          512         194.012      9101312      4550656
        8888         1024         386.587     18202624      9101312
        8888         2048         777.478     36405248     18202624
        8888         4096        1551.721     72810496     36405248
        8888         8192        3098.479    145620992     72810496
        8888        16384        6189.315    291241984    145620992
        8888        32768       12375.730    582483968    291241984
        8888        65536       24769.212   1164967936    582483968
        9776            1           3.200        19552         9776
        9776            2           2.304        39104        19552
        9776            4           3.156        78208        39104
        9776            8           4.863       156416        78208
        9776           16           8.165       312832       156416
        9776           32          14.907       625664       312832
        9776           64          28.057      1251328       625664
        9776          128          54.944      2502656      1251328
        9776          256         108.039      5005312      2502656
        9776          512         214.571     10010624      5005312
        9776         1024         434.441     20021248     10010624
        9776         2048         857.174     40042496     20021248
        9776         4096        1735.359     80084992     40042496
        9776         8192        3428.085    160169984     80084992
        9776        16384        6846.196    320339968    160169984
        9776        32768       13687.257    640679936    320339968
        9776        65536       27497.883   1281359872    640679936
       10752            1           3.543        21504        10752
       10752            2           2.452        43008        21504
       10752            4           3.389        86016        43008
       10752            8           5.207       172032        86016
       10752           16           8.854       344064       172032
       10752           32          16.377       688128       344064
       10752           64          31.089      1376256       688128
       10752          128          68.070      2752512      1376256
       10752          256         120.613      5505024      2752512
       10752          512         239.470     11010048      5505024
       10752         1024         476.090     22020096     11010048
       10752         2048         960.302     44040192     22020096
       10752         4096        1915.672     88080384     44040192
       10752         8192        3826.090    176160768     88080384
       10752        16384        7652.177    352321536    176160768
       10752        32768       15292.582    704643072    352321536
       10752        65536       30621.384   1409286144    704643072
       11824            1           3.671        23648        11824
       11824            2           2.556        47296        23648
       11824            4           3.794        94592        47296
       11824            8           5.531       189184        94592
       11824           16           9.450       378368       189184
       11824           32          17.400       756736       378368
       11824           64          33.325      1513472       756736
       11824          128          65.082      3026944      1513472
       11824          256         128.883      6053888      3026944
       11824          512         262.770     12107776      6053888
       11824         1024         510.546     24215552     12107776
       11824         2048        1025.519     48431104     24215552
       11824         4096        2048.309     96862208     48431104
       11824         8192        4097.161    193724416     96862208
       11824        16384        8191.958    387448832    193724416
       11824        32768       16375.768    774897664    387448832
       11824        65536       32749.937   1549795328    774897664
       13000            1           3.606        26000        13000
       13000            2           2.681        52000        26000
       13000            4           3.934       104000        52000
       13000            8           6.017       208000       104000
       13000           16          10.401       416000       208000
       13000           32          19.148       832000       416000
       13000           64          36.999      1664000       832000
       13000          128          73.312      3328000      1664000
       13000          256         151.884      6656000      3328000
       13000          512         283.631     13312000      6656000
       13000         1024         570.045     26624000     13312000
       13000         2048        1150.161     53248000     26624000
       13000         4096        2268.252    106496000     53248000
       13000         8192        4538.835    212992000    106496000
       13000        16384        9086.704    425984000    212992000
       13000        32768       18166.985    851968000    425984000
       13000        65536       36321.680   1703936000    851968000
       14296            1           3.960        28592        14296
       14296            2           2.749        57184        28592
       14296            4           3.999       114368        57184
       14296            8           6.370       228736       114368
       14296           16          11.344       457472       228736
       14296           32          21.171       914944       457472
       14296           64          40.926      1829888       914944
       14296          128          80.784      3659776      1829888
       14296          256         159.930      7319552      3659776
       14296          512         318.231     14639104      7319552
       14296         1024         641.344     29278208     14639104
       14296         2048        1274.560     58556416     29278208
       14296         4096        2552.589    117112832     58556416
       14296         8192        5095.484    234225664    117112832
       14296        16384       10187.969    468451328    234225664
       14296        32768       20375.645    936902656    468451328
       14296        65536       40749.323   1873805312    936902656
       15720            1           3.784        31440        15720
       15720            2           2.851        62880        31440
       15720            4           4.278       125760        62880
       15720            8           7.024       251520       125760
       15720           16          12.064       503040       251520
       15720           32          22.757      1006080       503040
       15720           64          44.045      2012160      1006080
       15720          128          86.960      4024320      2012160
       15720          256         172.187      8048640      4024320
       15720          512         342.869     16097280      8048640
       15720         1024         689.459     32194560     16097280
       15720         2048        1372.425     64389120     32194560
       15720         4096        2743.558    128778240     64389120
       15720         8192        5487.647    257556480    128778240
       15720        16384       10967.219    515112960    257556480
       15720        32768       21928.919   1030225920    515112960
       15720        65536       43861.334   2060451840   1030225920
       17288            1           4.260        34576        17288
       17288            2           3.030        69152        34576
       17288            4           4.532       138304        69152
       17288            8           7.371       276608       138304
       17288           16          13.144       553216       276608
       17288           32          24.464      1106432       553216
       17288           64          47.233      2212864      1106432
       17288          128          93.961      4425728      2212864
       17288          256         192.176      8851456      4425728
       17288          512         366.726     17702912      8851456
       17288         1024         737.329     35405824     17702912
       17288         2048        1468.468     70811648     35405824
       17288         4096        2942.790    141623296     70811648
       17288         8192        5883.539    283246592    141623296
       17288        16384       11763.796    566493184    283246592
       17288        32768       23520.691   1132986368    566493184
       19016            1           4.215        38032        19016
       19016            2           3.078        76064        38032
       19016            4           4.773       152128        76064
       19016            8           7.876       304256       152128
       19016           16          14.186       608512       304256
       19016           32          26.795      1217024       608512
       19016           64          52.140      2434048      1217024
       19016          128         103.169      4868096      2434048
       19016          256         204.242      9736192      4868096
       19016          512         407.302     19472384      9736192
       19016         1024         805.086     38944768     19472384
       19016         2048        1607.287     77889536     38944768
       19016         4096        3219.657    155779072     77889536
       19016         8192        6442.005    311558144    155779072
       19016        16384       12893.011    623116288    311558144
       19016        32768       25752.365   1246232576    623116288
       20912            1           4.487        41824        20912
       20912            2           3.295        83648        41824
       20912            4           5.122       167296        83648
       20912            8           8.456       334592       167296
       20912           16          15.363       669184       334592
       20912           32          29.049      1338368       669184
       20912           64          56.936      2676736      1338368
       20912          128         111.744      5353472      2676736
       20912          256         221.631     10706944      5353472
       20912          512         448.767     21413888     10706944
       20912         1024         887.003     42827776     21413888
       20912         2048        1767.028     85655552     42827776
       20912         4096        3542.752    171311104     85655552
       20912         8192        7078.992    342622208    171311104
       20912        16384       14159.179    685244416    342622208
       20912        32768       28303.819   1370488832    685244416
       23000            1           4.921        46000        23000
       23000            2           3.507        92000        46000
       23000            4           5.644       184000        92000
       23000            8           9.436       368000       184000
       23000           16          17.381       736000       368000
       23000           32          33.146      1472000       736000
       23000           64          64.777      2944000      1472000
       23000          128         128.206      5888000      2944000
       23000          256         255.135     11776000      5888000
       23000          512         508.239     23552000     11776000
       23000         1024        1020.300     47104000     23552000
       23000         2048        2037.638     94208000     47104000
       23000         4096        4070.797    188416000     94208000
       23000         8192        8145.200    376832000    188416000
       23000        16384       16276.712    753664000    376832000
       23000        32768       32582.204   1507328000    753664000
       25296            1           4.730        50592        25296
       25296            2           3.735       101184        50592
       25296            4           5.968       202368       101184
       25296            8          10.306       404736       202368
       25296           16          19.044       809472       404736
       25296           32          36.401      1618944       809472
       25296           64          71.412      3237888      1618944
       25296          128         141.236      6475776      3237888
       25296          256         286.637     12951552      6475776
       25296          512         556.302     25903104     12951552
       25296         1024        1118.038     51806208     25903104
       25296         2048        2241.655    103612416     51806208
       25296         4096        4465.738    207224832    103612416
       25296         8192        8938.526    414449664    207224832
       25296        16384       17877.325    828899328    414449664
       25296        32768       35762.350   1657798656    828899328
       27824            1           5.073        55648        27824
       27824            2           4.052       111296        55648
       27824            4           6.324       222592       111296
       27824            8          11.072       445184       222592
       27824           16          20.505       890368       445184
       27824           32          39.382      1780736       890368
       27824           64          83.930      3561472      1780736
       27824          128         151.526      7122944      3561472
       27824          256         300.614     14245888      7122944
       27824          512         605.172     28491776     14245888
       27824         1024        1201.196     56983552     28491776
       27824         2048        2402.594    113967104     56983552
       27824         4096        4804.412    227934208    113967104
       27824         8192        9606.916    455868416    227934208
       27824        16384       19215.553    911736832    455868416
       27824        32768       38445.146   1823473664    911736832
       30600            1           5.771        61200        30600
       30600            2           4.349       122400        61200
       30600            4           7.153       244800       122400
       30600            8          12.378       489600       244800
       30600           16          22.871       979200       489600
       30600           32          43.339      1958400       979200
       30600           64          84.741      3916800      1958400
       30600          128         167.486      7833600      3916800
       30600          256         339.810     15667200      7833600
       30600          512         664.334     31334400     15667200
       30600         1024        1342.255     62668800     31334400
       30600         2048        2667.350    125337600     62668800
       30600         4096        5343.683    250675200    125337600
       30600         8192       10681.299    501350400    250675200
       30600        16384       21371.496   1002700800    501350400
       30600        32768       42748.345   2005401600   1002700800
       33656            1           6.281        67312        33656
       33656            2           4.610       134624        67312
       33656            4           7.727       269248       134624
       33656            8          13.388       538496       269248
       33656           16          24.928      1076992       538496
       33656           32          47.796      2153984      1076992
       33656           64          94.096      4307968      2153984
       33656          128         186.425      8615936      4307968
       33656          256         378.679     17231872      8615936
       33656          512         744.705     34463744     17231872
       33656         1024        1496.848     68927488     34463744
       33656         2048        2985.764    137854976     68927488
       33656         4096        5970.616    275709952    137854976
       33656         8192       11918.195    551419904    275709952
       33656        16384       23820.852   1102839808    551419904
       37016            1           6.454        74032        37016
       37016            2           5.324       148064        74032
       37016            4           9.086       296128       148064
       37016            8          16.371       592256       296128
       37016           16          31.135      1184512       592256
       37016           32          60.636      2369024      1184512
       37016           64         119.973      4738048      2369024
       37016          128         245.214      9476096      4738048
       37016          256         473.916     18952192      9476096
       37016          512         951.653     37904384     18952192
       37016         1024        1901.920     75808768     37904384
       37016         2048        3800.841    151617536     75808768
       37016         4096        7598.989    303235072    151617536
       37016         8192       15201.720    606470144    303235072
       37016        16384       30384.351   1212940288    606470144
       40712            1           6.924        81424        40712
       40712            2           5.685       162848        81424
       40712            4           9.829       325696       162848
       40712            8          17.930       651392       325696
       40712           16          33.819      1302784       651392
       40712           32          65.680      2605568      1302784
       40712           64         131.495      5211136      2605568
       40712          128         264.391     10422272      5211136
       40712          256         511.489     20844544     10422272
       40712          512        1026.856     41689088     20844544
       40712         1024        2051.968     83378176     41689088
       40712         2048        4103.097    166756352     83378176
       40712         4096        8205.312    333512704    166756352
       40712         8192       16407.261    667025408    333512704
       40712        16384       32799.232   1334050816    667025408
       44776            1           6.996        89552        44776
       44776            2           6.175       179104        89552
       44776            4          10.389       358208       179104
       44776            8          18.330       716416       358208
       44776           16          34.417      1432832       716416
       44776           32          66.728      2865664      1432832
       44776           64         131.576      5731328      2865664
       44776          128         266.816     11462656      5731328
       44776          256         518.660     22925312     11462656
       44776          512        1042.099     45850624     22925312
       44776         1024        2078.321     91701248     45850624
       44776         2048        4159.870    183402496     91701248
       44776         4096        8372.172    366804992    183402496
       44776         8192       16640.002    733609984    366804992
       44776        16384       33234.907   1467219968    733609984
       49248            1           7.447        98496        49248
       49248            2           6.489       196992        98496
       49248            4          10.989       393984       196992
       49248            8          19.887       787968       393984
       49248           16          37.741      1575936       787968
       49248           32          80.221      3151872      1575936
       49248           64         144.364      6303744      3151872
       49248          128         286.535     12607488      6303744
       49248          256         576.922     25214976     12607488
       49248          512        1145.545     50429952     25214976
       49248         1024        2288.517    100859904     50429952
       49248         2048        4580.297    201719808    100859904
       49248         4096        9153.986    403439616    201719808
       49248         8192       18299.698    806879232    403439616
       49248        16384       36602.946   1613758464    806879232
       54168            1           8.604       108336        54168
       54168            2           7.091       216672       108336
       54168            4          12.785       433344       216672
       54168            8          23.334       866688       433344
       54168           16          44.727      1733376       866688
       54168           32          87.981      3466752      1733376
       54168           64         181.905      6933504      3466752
       54168          128         346.951     13867008      6933504
       54168          256         696.726     27734016     13867008
       54168          512        1387.474     55468032     27734016
       54168         1024        2778.400    110936064     55468032
       54168         2048        5551.594    221872128    110936064
       54168         4096       11093.989    443744256    221872128
       54168         8192       22195.307    887488512    443744256
       54168        16384       44371.918   1774977024    887488512
       59584            1           9.070       119168        59584
       59584            2           7.672       238336       119168
       59584            4          13.658       476672       238336
       59584            8          25.515       953344       476672
       59584           16          49.013      1906688       953344
       59584           32          96.469      3813376      1906688
       59584           64         190.965      7626752      3813376
       59584          128         380.520     15253504      7626752
       59584          256         766.775     30507008     15253504
       59584          512        1526.373     61014016     30507008
       59584         1024        3046.263    122028032     61014016
       59584         2048        6092.676    244056064    122028032
       59584         4096       12179.810    488112128    244056064
       59584         8192       24353.239    976224256    488112128
       59584        16384       48730.690   1952448512    976224256
       65536            1           9.496       131072        65536
       65536            2           8.266       262144       131072
       65536            4          14.611       524288       262144
       65536            8          27.847      1048576       524288
       65536           16          53.732      2097152      1048576
       65536           32         105.729      4194304      2097152
       65536           64         209.967      8388608      4194304
       65536          128         418.174     16777216      8388608
       65536          256         841.086     33554432     16777216
       65536          512        1683.253     67108864     33554432
       65536         1024        3347.560    134217728     67108864
       65536         2048        6702.017    268435456    134217728
       65536         4096       13404.192    536870912    268435456
       65536         8192       26782.105   1073741824    536870912
       65536        16384       53600.896   2147483648   1073741824
       72088            1          10.014       144176        72088
       72088            2           8.986       288352       144176
       72088            4          16.087       576704       288352
       72088            8          30.424      1153408       576704
       72088           16          59.033      2306816      1153408
       72088           32         116.499      4613632      2306816
       72088           64         231.135      9227264      4613632
       72088          128         466.759     18454528      9227264
       72088          256         919.030     36909056     18454528
       72088          512        1847.080     73818112     36909056
       72088         1024        3694.186    147636224     73818112
       72088         2048        7377.593    295272448    147636224
       72088         4096       14759.056    590544896    295272448
       72088         8192       29514.684   1181089792    590544896
       79296            1          10.615       158592        79296
       79296            2           9.499       317184       158592
       79296            4          17.127       634368       317184
       79296            8          32.483      1268736       634368
       79296           16          63.074      2537472      1268736
       79296           32         124.750      5074944      2537472
       79296           64         254.861     10149888      5074944
       79296          128         494.688     20299776     10149888
       79296          256         992.333     40599552     20299776
       79296          512        1983.007     81199104     40599552
       79296         1024        3964.209    162398208     81199104
       79296         2048        7934.087    324796416    162398208
       79296         4096       15848.139    649592832    324796416
       79296         8192       31703.225   1299185664    649592832
       87224            1          11.992       174448        87224
       87224            2          10.114       348896       174448
       87224            4          18.161       697792       348896
       87224            8          33.327      1395584       697792
       87224           16          64.354      2791168      1395584
       87224           32         126.278      5582336      2791168
       87224           64         258.071     11164672      5582336
       87224          128         497.889     22329344     11164672
       87224          256        1002.276     44658688     22329344
       87224          512        1996.754     89317376     44658688
       87224         1024        3991.128    178634752     89317376
       87224         2048        7975.634    357269504    178634752
       87224         4096       15951.732    714539008    357269504
       87224         8192       31899.031   1429078016    714539008
       95944            1          12.711       191888        95944
       95944            2          11.092       383776       191888
       95944            4          20.561       767552       383776
       95944            8          38.792      1535104       767552
       95944           16          76.143      3070208      1535104
       95944           32         150.555      6140416      3070208
       95944           64         296.909     12280832      6140416
       95944          128         592.379     24561664     12280832
       95944          256        1176.606     49123328     24561664
       95944          512        2351.429     98246656     49123328
       95944         1024        4703.548    196493312     98246656
       95944         2048        9382.776    392986624    196493312
       95944         4096       18791.400    785973248    392986624
       95944         8192       37554.599   1571946496    785973248
      105536            1          13.328       211072       105536
      105536            2          12.131       422144       211072
      105536            4          21.997       844288       422144
      105536            8          42.468      1688576       844288
      105536           16          83.441      3377152      1688576
      105536           32         166.340      6754304      3377152
      105536           64         329.054     13508608      6754304
      105536          128         662.784     27017216     13508608
      105536          256        1318.553     54034432     27017216
      105536          512        2638.433    108068864     54034432
      105536         1024        5268.446    216137728    108068864
      105536         2048       10539.151    432275456    216137728
      105536         4096       21080.992    864550912    432275456
      105536         8192       42146.782   1729101824    864550912
      116088            1          14.796       232176       116088
      116088            2          13.117       464352       232176
      116088            4          23.465       928704       464352
      116088            8          43.898      1857408       928704
      116088           16          85.088      3714816      1857408
      116088           32         175.489      7429632      3714816
      116088           64         331.504     14859264      7429632
      116088          128         666.260     29718528     14859264
      116088          256        1455.437     59437056     29718528
      116088          512        2717.424    118874112     59437056
      116088         1024        5366.660    237748224    118874112
      116088         2048       10735.970    475496448    237748224
      116088         4096       21448.035    950992896    475496448
      116088         8192       42900.317   1901985792    950992896
      127696            1          16.170       255392       127696
      127696            2          14.875       510784       255392
      127696            4          27.330      1021568       510784
      127696            8          52.654      2043136      1021568
      127696           16         103.380      4086272      2043136
      127696           32         204.329      8172544      4086272
      127696           64         414.673     16345088      8172544
      127696          128         818.368     32690176     16345088
      127696          256        1629.551     65380352     32690176
      127696          512        3259.901    130760704     65380352
      127696         1024        6523.701    261521408    130760704
      127696         2048       13038.554    523042816    261521408
      127696         4096       26076.193   1046085632    523042816
      127696         8192       52160.661   2092171264   1046085632
      140464            1          17.508       280928       140464
      140464            2          15.922       561856       280928
      140464            4          28.509      1123712       561856
      140464            8          53.694      2247424      1123712
      140464           16         104.197      4494848      2247424
      140464           32         205.317      8989696      4494848
      140464           64         415.476     17979392      8989696
      140464          128         811.759     35958784     17979392
      140464          256        1633.729     71917568     35958784
      140464          512        3255.593    143835136     71917568
      140464         1024        6514.369    287670272    143835136
      140464         2048       13019.087    575340544    287670272
      140464         4096       26022.659   1150681088    575340544
      154504            1          19.338       309008       154504
      154504            2          17.488       618016       309008
      154504            4          38.640      1236032       618016
      154504            8          63.783      2472064      1236032
      154504           16         125.222      4944128      2472064
      154504           32         243.997      9888256      4944128
      154504           64         484.721     19776512      9888256
      154504          128         975.202     39553024     19776512
      154504          256        1945.331     79106048     39553024
      154504          512        3885.873    158212096     79106048
      154504         1024        7766.965    316424192    158212096
      154504         2048       15528.691    632848384    316424192
      154504         4096       31075.836   1265696768    632848384
      169952            1          20.980       339904       169952
      169952            2          19.250       679808       339904
      169952            4          34.402      1359616       679808
      169952            8          65.017      2719232      1359616
      169952           16         126.189      5438464      2719232
      169952           32         256.867     10876928      5438464
      169952           64         493.757     21753856     10876928
      169952          128         989.304     43507712     21753856
      169952          256        1975.875     87015424     43507712
      169952          512        3945.602    174030848     87015424
      169952         1024        7886.028    348061696    174030848
      169952         2048       15763.594    696123392    348061696
      169952         4096       31520.353   1392246784    696123392
      186944            1          22.997       373888       186944
      186944            2          21.319       747776       373888
      186944            4          39.047      1495552       747776
      186944            8          76.500      2991104      1495552
      186944           16         150.419      5982208      2991104
      186944           32         306.591     11964416      5982208
      186944           64         592.992     23928832     11964416
      186944          128        1195.057     47857664     23928832
      186944          256        2392.626     95715328     47857664
      186944          512        4772.216    191430656     95715328
      186944         1024        9674.407    382861312    191430656
      186944         2048       19103.367    765722624    382861312
      186944         4096       38192.542   1531445248    765722624
      205632            1          25.081       411264       205632
      205632            2          23.999       822528       411264
      205632            4          44.208      1645056       822528
      205632            8          84.857      3290112      1645056
      205632           16         168.129      6580224      3290112
      205632           32         339.741     13160448      6580224
      205632           64         660.891     26320896     13160448
      205632          128        1332.510     52641792     26320896
      205632          256        2655.632    105283584     52641792
      205632          512        5315.351    210567168    105283584
      205632         1024       10637.397    421134336    210567168
      205632         2048       21234.211    842268672    421134336
      205632         4096       42492.979   1684537344    842268672
      226192            1          27.505       452384       226192
      226192            2          27.174       904768       452384
      226192            4          49.326      1809536       904768
      226192            8          94.839      3619072      1809536
      226192           16         187.465      7238144      3619072
      226192           32         370.377     14476288      7238144
      226192           64         742.765     28952576     14476288
      226192          128        1482.398     57905152     28952576
      226192          256        2965.136    115810304     57905152
      226192          512        5885.874    231620608    115810304
      226192         1024       11775.588    463241216    231620608
      226192         2048       23592.899    926482432    463241216
      226192         4096       47146.836   1852964864    926482432
      248808            1          30.236       497616       248808
      248808            2          30.880       995232       497616
      248808            4          53.368      1990464       995232
      248808            8          99.661      3980928      1990464
      248808           16         192.131      7961856      3980928
      248808           32         377.403     15923712      7961856
      248808           64         755.562     31847424     15923712
      248808          128        1502.880     63694848     31847424
      248808          256        3018.180    127389696     63694848
      248808          512        5969.287    254779392    127389696
      248808         1024       11972.125    509558784    254779392
      248808         2048       23897.303   1019117568    509558784
      248808         4096       47795.021   2038235136   1019117568
      273688            1          32.945       547376       273688
      273688            2          35.412      1094752       547376
      273688            4          62.982      2189504      1094752
      273688            8         120.677      4379008      2189504
      273688           16         235.122      8758016      4379008
      273688           32         472.851     17516032      8758016
      273688           64         932.377     35032064     17516032
      273688          128        1858.614     70064128     35032064
      273688          256        3700.394    140128256     70064128
      273688          512        7406.404    280256512    140128256
      273688         1024       14798.815    560513024    280256512
      273688         2048       29586.030   1121026048    560513024
      301056            1          37.160       602112       301056
      301056            2          41.070      1204224       602112
      301056            4          72.225      2408448      1204224
      301056            8         136.102      4816896      2408448
      301056           16         265.326      9633792      4816896
      301056           32         530.132     19267584      9633792
      301056           64        1047.066     38535168     19267584
      301056          128        2081.609     77070336     38535168
      301056          256        4154.881    154140672     77070336
      301056          512        8299.654    308281344    154140672
      301056         1024       16611.582    616562688    308281344
      301056         2048       33200.504   1233125376    616562688
      331160            1          39.740       662320       331160
      331160            2          44.672      1324640       662320
      331160            4          79.061      2649280      1324640
      331160            8         150.238      5298560      2649280
      331160           16         293.119     10597120      5298560
      331160           32         584.120     21194240     10597120
      331160           64        1155.301     42388480     21194240
      331160          128        2310.858     84776960     42388480
      331160          256        4602.605    169553920     84776960
      331160          512        9198.849    339107840    169553920
      331160         1024       18402.596    678215680    339107840
      331160         2048       36759.141   1356431360    678215680
      364272            1          44.210       728544       364272
      364272            2          51.364      1457088       728544
      364272            4          86.522      2914176      1457088
      364272            8         159.253      5828352      2914176
      364272           16         314.381     11656704      5828352
      364272           32         599.248     23313408     11656704
      364272           64        1201.415     46626816     23313408
      364272          128        2374.010     93253632     46626816
      364272          256        4749.458    186507264     93253632
      364272          512        9469.289    373014528    186507264
      364272         1024       18910.564    746029056    373014528
      364272         2048       37879.565   1492058112    746029056
      400696            1          54.542       801392       400696
      400696            2          56.316      1602784       801392
      400696            4          93.977      3205568      1602784
      400696            8         173.823      6411136      3205568
      400696           16         333.522     12822272      6411136
      400696           32         659.902     25644544     12822272
      400696           64        1301.285     51289088     25644544
      400696          128        2598.291    102578176     51289088
      400696          256        5181.278    205156352    102578176
      400696          512       10336.052    410312704    205156352
      400696         1024       20659.621    820625408    410312704
      400696         2048       41310.910   1641250816    820625408
      440760            1          52.389       881520       440760
      440760            2          63.406      1763040       881520
      440760            4         105.054      3526080      1763040
      440760            8         193.005      7052160      3526080
      440760           16         377.818     14104320      7052160
      440760           32         724.304     28208640     14104320
      440760           64        1444.797     56417280     28208640
      440760          128        2866.507    112834560     56417280
      440760          256        5711.916    225669120    112834560
      440760          512       11433.906    451338240    225669120
      440760         1024       22809.703    902676480    451338240
      440760         2048       45580.941   1805352960    902676480
      484832            1          57.419       969664       484832
      484832            2          71.091      1939328       969664
      484832            4         116.918      3878656      1939328
      484832            8         215.623      7757312      3878656
      484832           16         420.281     15514624      7757312
      484832           32         815.042     31029248     15514624
      484832           64        1604.904     62058496     31029248
      484832          128        3195.703    124116992     62058496
      484832          256        6375.564    248233984    124116992
      484832          512       12733.847    496467968    248233984
      484832         1024       25434.053    992935936    496467968
      484832         2048       50883.288   1985871872    992935936
      533312            1          62.426      1066624       533312
      533312            2          79.723      2133248      1066624
      533312            4         132.913      4266496      2133248
      533312            8         252.345      8532992      4266496
      533312           16         488.351     17065984      8532992
      533312           32         966.822     34131968     17065984
      533312           64        1918.299     68263936     34131968
      533312          128        3821.291    136527872     68263936
      533312          256        7630.578    273055744    136527872
      533312          512       15240.333    546111488    273055744
      533312         1024       30461.272   1092222976    546111488
      586640            1          68.674      1173280       586640
      586640            2          88.942      2346560      1173280
      586640            4         147.439      4693120      2346560
      586640            8         286.688      9386240      4693120
      586640           16         539.032     18772480      9386240
      586640           32        1064.911     37544960     18772480
      586640           64        2116.911     75089920     37544960
      586640          128        4215.571    150179840     75089920
      586640          256        8406.770    300359680    150179840
      586640          512       16806.772    600719360    300359680
      586640         1024       33590.373   1201438720    600719360
      645304            1          75.939      1290608       645304
      645304            2         103.879      2581216      1290608
      645304            4         155.934      5162432      2581216
      645304            8         287.722     10324864      5162432
      645304           16         558.359     20649728     10324864
      645304           32        1085.499     41299456     20649728
      645304           64        2148.998     82598912     41299456
      645304          128        4281.988    165197824     82598912
      645304          256        8510.725    330395648    165197824
      645304          512       16997.012    660791296    330395648
      645304         1024       33974.134   1321582592    660791296
      709832            1          83.852      1419664       709832
      709832            2         111.717      2839328      1419664
      709832            4         180.887      5678656      2839328
      709832            8         339.088     11357312      5678656
      709832           16         663.757     22714624     11357312
      709832           32        1295.701     45429248     22714624
      709832           64        2577.557     90858496     45429248
      709832          128        5115.353    181716992     90858496
      709832          256       10205.228    363433984    181716992
      709832          512       20402.036    726867968    363433984
      709832         1024       40769.297   1453735936    726867968
      780808            1          93.403      1561616       780808
      780808            2         124.996      3123232      1561616
      780808            4         198.117      6246464      3123232
      780808            8         381.179     12492928      6246464
      780808           16         722.330     24985856     12492928
      780808           32        1428.268     49971712     24985856
      780808           64        2825.308     99943424     49971712
      780808          128        5629.748    199886848     99943424
      780808          256       11234.348    399773696    199886848
      780808          512       22439.285    799547392    399773696
      780808         1024       44909.535   1599094784    799547392
      858888            1         102.631      1717776       858888
      858888            2         144.910      3435552      1717776
      858888            4         218.335      6871104      3435552
      858888            8         411.680     13742208      6871104
      858888           16         800.909     27484416     13742208
      858888           32        1569.657     54968832     27484416
      858888           64        3112.977    109937664     54968832
      858888          128        6188.301    219875328    109937664
      858888          256       12358.891    439750656    219875328
      858888          512       24690.125    879501312    439750656
      858888         1024       49367.868   1759002624    879501312
      944776            1         109.767      1889552       944776
      944776            2         152.339      3779104      1889552
      944776            4         239.489      7558208      3779104
      944776            8         456.019     15116416      7558208
      944776           16         876.085     30232832     15116416
      944776           32        1718.625     60465664     30232832
      944776           64        3422.498    120931328     60465664
      944776          128        6807.418    241862656    120931328
      944776          256       13599.212    483725312    241862656
      944776          512       27165.994    967450624    483725312
      944776         1024       54317.646   1934901248    967450624
     1039248            1         120.103      2078496      1039248
     1039248            2         168.698      4156992      2078496
     1039248            4         270.969      8313984      4156992
     1039248            8         494.708     16627968      8313984
     1039248           16         961.747     33255936     16627968
     1039248           32        1892.784     66511872     33255936
     1039248           64        3752.805    133023744     66511872
     1039248          128        7467.858    266047488    133023744
     1039248          256       14916.744    532094976    266047488
     1039248          512       29782.972   1064189952    532094976
     1039248         1024       59544.873   2128379904   1064189952
     1143168            1         133.229      2286336      1143168
     1143168            2         185.876      4572672      2286336
     1143168            4         292.176      9145344      4572672
     1143168            8         537.181     18290688      9145344
     1143168           16        1053.894     36581376     18290688
     1143168           32        2079.339     73162752     36581376
     1143168           64        4129.751    146325504     73162752
     1143168          128        8240.320    292651008    146325504
     1143168          256       16422.520    585302016    292651008
     1143168          512       32808.744   1170604032    585302016
     1257480            1         149.702      2514960      1257480
     1257480            2         212.339      5029920      2514960
     1257480            4         318.343     10059840      5029920
     1257480            8         606.399     20119680     10059840
     1257480           16        1161.387     40239360     20119680
     1257480           32        2291.495     80478720     40239360
     1257480           64        4549.797    160957440     80478720
     1257480          128        9062.570    321914880    160957440
     1257480          256       18081.431    643829760    321914880
     1257480          512       36058.562   1287659520    643829760
     1383224            1         161.646      2766448      1383224
     1383224            2         232.100      5532896      2766448
     1383224            4         336.268     11065792      5532896
     1383224            8         627.087     22131584     11065792
     1383224           16        1193.994     44263168     22131584
     1383224           32        2332.029     88526336     44263168
     1383224           64        4615.358    177052672     88526336
     1383224          128        9178.831    354105344    177052672
     1383224          256       18297.439    708210688    354105344
     1383224          512       36540.788   1416421376    708210688
     1521544            1         182.479      3043088      1521544
     1521544            2         255.613      6086176      3043088
     1521544            4         377.714     12172352      6086176
     1521544            8         723.608     24344704     12172352
     1521544           16        1397.563     48689408     24344704
     1521544           32        2758.364     97378816     48689408
     1521544           64        5482.939    194757632     97378816
     1521544          128       10909.307    389515264    194757632
     1521544          256       21817.389    779030528    389515264
     1521544          512       43565.961   1558061056    779030528
     1673696            1         201.873      3347392      1673696
     1673696            2         288.356      6694784      3347392
     1673696            4         410.900     13389568      6694784
     1673696            8         763.005     26779136     13389568
     1673696           16        1457.180     53558272     26779136
     1673696           32        2851.248    107116544     53558272
     1673696           64        5636.965    214233088    107116544
     1673696          128       11206.433    428466176    214233088
     1673696          256       22355.717    856932352    428466176
     1673696          512       44623.214   1713864704    856932352
     1841064            1         218.884      3682128      1841064
     1841064            2         317.870      7364256      3682128
     1841064            4         447.248     14728512      7364256
     1841064            8         833.382     29457024     14728512
     1841064           16        1591.989     58914048     29457024
     1841064           32        3107.272    117828096     58914048
     1841064           64        6138.801    235656192    117828096
     1841064          128       12208.551    471312384    235656192
     1841064          256       24356.105    942624768    471312384
     1841064          512       48689.825   1885249536    942624768
     2025168            1         238.506      4050336      2025168
     2025168            2         355.376      8100672      4050336
     2025168            4         513.648     16201344      8100672
     2025168            8         966.615     32402688     16201344
     2025168           16        1864.854     64805376     32402688
     2025168           32        3667.760    129610752     64805376
     2025168           64        7300.363    259221504    129610752
     2025168          128       14532.557    518443008    259221504
     2025168          256       29001.039   1036886016    518443008
     2025168          512       57957.202   2073772032   1036886016
     2227680            1         261.002      4455360      2227680
     2227680            2         394.266      8910720      4455360
     2227680            4         546.914     17821440      8910720
     2227680            8        1008.776     35642880     17821440
     2227680           16        1937.120     71285760     35642880
     2227680           32        3792.064    142571520     71285760
     2227680           64        7496.535    285143040    142571520
     2227680          128       14907.097    570286080    285143040
     2227680          256       29733.573   1140572160    570286080
     2450448            1         288.843      4900896      2450448
     2450448            2         445.926      9801792      4900896
     2450448            4         617.005     19603584      9801792
     2450448            8        1171.553     39207168     19603584
     2450448           16        2260.801     78414336     39207168
     2450448           32        4455.033    156828672     78414336
     2450448           64        8825.195    313657344    156828672
     2450448          128       17600.783    627314688    313657344
     2450448          256       35162.710   1254629376    627314688
     2695488            1         310.086      5390976      2695488
     2695488            2         481.710     10781952      5390976
     2695488            4         673.306     21563904     10781952
     2695488            8        1269.988     43127808     21563904
     2695488           16        2478.299     86255616     43127808
     2695488           32        4887.437    172511232     86255616
     2695488           64        9694.589    345022464    172511232
     2695488          128       19384.170    690044928    345022464
     2695488          256       38611.980   1380089856    690044928
     2965032            1         351.387      5930064      2965032
     2965032            2         544.632     11860128      5930064
     2965032            4         730.829     23720256     11860128
     2965032            8        1334.567     47440512     23720256
     2965032           16        2564.307     94881024     47440512
     2965032           32        5005.342    189762048     94881024
     2965032           64        9907.845    379524096    189762048
     2965032          128       19903.172    759048192    379524096
     2965032          256       39234.846   1518096384    759048192
     3261528            1         390.565      6523056      3261528
     3261528            2         604.906     13046112      6523056
     3261528            4         832.524     26092224     13046112
     3261528            8        1568.260     52184448     26092224
     3261528           16        3047.333    104368896     52184448
     3261528           32        5979.348    208737792    104368896
     3261528           64       11852.515    417475584    208737792
     3261528          128       23609.398    834951168    417475584
     3261528          256       47091.442   1669902336    834951168
     3587680            1         414.936      7175360      3587680
     3587680            2         670.949     14350720      7175360
     3587680            4         884.972     28701440     14350720
     3587680            8        1633.882     57402880     28701440
     3587680           16        3150.268    114805760     57402880
     3587680           32        6152.287    229611520    114805760
     3587680           64       12155.191    459223040    229611520
     3587680          128       24178.296    918446080    459223040
     3587680          256       48217.270   1836892160    918446080
     3946448            1         460.155      7892896      3946448
     3946448            2         763.565     15785792      7892896
     3946448            4        1025.611     31571584     15785792
     3946448            8        1917.016     63143168     31571584
     3946448           16        3723.708    126286336     63143168
     3946448           32        7331.897    252572672    126286336
     3946448           64       14479.447    505145344    252572672
     3946448          128       28840.746   1010290688    505145344
     3946448          256       57438.920   2020581376   1010290688
     4341088            1         499.368      8682176      4341088
     4341088            2         841.160     17364352      8682176
     4341088            4        1089.066     34728704     17364352
     4341088            8        2013.412     69457408     34728704
     4341088           16        3869.984    138914816     69457408
     4341088           32        7558.734    277829632    138914816
     4341088           64       14961.354    555659264    277829632
     4341088          128       29817.730   1111318528    555659264
     4775192            1         570.413      9550384      4775192
     4775192            2         969.933     19100768      9550384
     4775192            4        1278.422     38201536     19100768
     4775192            8        2377.255     76403072     38201536
     4775192           16        4610.844    152806144     76403072
     4775192           32        9041.899    305612288    152806144
     4775192           64       17975.126    611224576    305612288
     4775192          128       35921.373   1222449152    611224576
     5252704            1         614.074     10505408      5252704
     5252704            2        1058.786     21010816     10505408
     5252704            4        1364.783     42021632     21010816
     5252704            8        2518.182     84043264     42021632
     5252704           16        4786.092    168086528     84043264
     5252704           32        9394.712    336173056    168086528
     5252704           64       18639.836    672346112    336173056
     5252704          128       36945.409   1344692224    672346112
     5777968            1         664.130     11555936      5777968
     5777968            2        1198.288     23111872     11555936
     5777968            4        1530.741     46223744     23111872
     5777968            8        2836.423     92447488     46223744
     5777968           16        5382.624    184894976     92447488
     5777968           32       10494.620    369789952    184894976
     5777968           64       20792.580    739579904    369789952
     5777968          128       41149.478   1479159808    739579904
     6355760            1         742.468     12711520      6355760
     6355760            2        1361.600     25423040     12711520
     6355760            4        1755.715     50846080     25423040
     6355760            8        3164.292    101692160     50846080
     6355760           16        6016.218    203384320    101692160
     6355760           32       11738.741    406768640    203384320
     6355760           64       23151.298    813537280    406768640
     6355760          128       46063.441   1627074560    813537280
     6991336            1         828.526     13982672      6991336
     6991336            2        1570.768     27965344     13982672
     6991336            4        2069.722     55930688     27965344
     6991336            8        3761.247    111861376     55930688
     6991336           16        7157.566    223722752    111861376
     6991336           32       13721.836    447445504    223722752
     6991336           64       26993.730    894891008    447445504
     6991336          128       53365.738   1789782016    894891008
     7690464            1         906.770     15380928      7690464
     7690464            2        1723.270     30761856     15380928
     7690464            4        2321.880     61523712     30761856
     7690464            8        4162.156    123047424     61523712
     7690464           16        8097.697    246094848    123047424
     7690464           32       15351.301    492189696    246094848
     7690464           64       30372.657    984379392    492189696
     7690464          128       60000.592   1968758784    984379392
     8459504            1        1000.857     16919008      8459504
     8459504            2        1913.296     33838016     16919008
     8459504            4        2673.752     67676032     33838016
     8459504            8        4758.685    135352064     67676032
     8459504           16        8985.794    270704128    135352064
     8459504           32       17342.294    541408256    270704128
     8459504           64       34232.196   1082816512    541408256
     9305448            1        1078.158     18610896      9305448
     9305448            2        2033.578     37221792     18610896
     9305448            4        2965.417     74443584     37221792
     9305448            8        5252.084    148887168     74443584
     9305448           16       10023.633    297774336    148887168
     9305448           32       19255.277    595548672    297774336
     9305448           64       38075.096   1191097344    595548672
    10235992            1        1184.722     20471984     10235992
    10235992            2        2307.341     40943968     20471984
    10235992            4        3573.966     81887936     40943968
    10235992            8        6292.866    163775872     81887936
    10235992           16       11820.763    327551744    163775872
    10235992           32       23050.916    655103488    327551744
    10235992           64       45344.805   1310206976    655103488
    11259584            1        1329.006     22519168     11259584
    11259584            2        2585.187     45038336     22519168
    11259584            4        4095.203     90076672     45038336
    11259584            8        7154.261    180153344     90076672
    11259584           16       13366.617    360306688    180153344
    11259584           32       25783.218    720613376    360306688
    11259584           64       50226.826   1441226752    720613376
    12385536            1        1466.583     24771072     12385536
    12385536            2        2886.199     49542144     24771072
    12385536            4        4601.571     99084288     49542144
    12385536            8        8056.613    198168576     99084288
    12385536           16       14964.702    396337152    198168576
    12385536           32       28792.438    792674304    396337152
    12385536           64       56177.072   1585348608    792674304
    13624088            1        1609.581     27248176     13624088
    13624088            2        3154.686     54496352     27248176
    13624088            4        5094.046    108992704     54496352
    13624088            8        8977.812    217985408    108992704
    13624088           16       16689.656    435970816    217985408
    13624088           32       32027.498    871941632    435970816
    13624088           64       62458.829   1743883264    871941632
    14986496            1        1764.068     29972992     14986496
    14986496            2        3482.350     59945984     29972992
    14986496            4        5628.135    119891968     59945984
    14986496            8        9965.553    239783936    119891968
    14986496           16       18602.267    479567872    239783936
    14986496           32       35691.068    959135744    479567872
    14986496           64       69358.909   1918271488    959135744
    16485144            1        1945.787     32970288     16485144
    16485144            2        3832.434     65940576     32970288
    16485144            4        6203.620    131881152     65940576
    16485144            8       10903.331    263762304    131881152
    16485144           16       20352.905    527524608    263762304
    16485144           32       39276.772   1055049216    527524608
    16485144           64       76636.938   2110098432   1055049216
    18133656            1        2109.497     36267312     18133656
    18133656            2        4164.595     72534624     36267312
    18133656            4        6784.012    145069248     72534624
    18133656            8       11977.318    290138496    145069248
    18133656           16       22364.844    580276992    290138496
    18133656           32       43283.233   1160553984    580276992
    19947016            1        2350.277     39894032     19947016
    19947016            2        4638.909     79788064     39894032
    19947016            4        7493.824    159576128     79788064
    19947016            8       13256.021    319152256    159576128
    19947016           16       24876.114    638304512    319152256
    19947016           32       47870.962   1276609024    638304512
    21941712            1        2575.636     43883424     21941712
    21941712            2        5100.000     87766848     43883424
    21941712            4        8283.609    175533696     87766848
    21941712            8       14650.641    351067392    175533696
    21941712           16       27629.300    702134784    351067392
    21941712           32       53301.943   1404269568    702134784
    24135880            1        2827.494     48271760     24135880
    24135880            2        5609.287     96543520     48271760
    24135880            4        9153.362    193087040     96543520
    24135880            8       16103.769    386174080    193087040
    24135880           16       30443.947    772348160    386174080
    24135880           32       58407.218   1544696320    772348160
    26549464            1        3121.554     53098928     26549464
    26549464            2        6171.903    106197856     53098928
    26549464            4       10034.999    212395712    106197856
    26549464            8       17914.868    424791424    212395712
    26549464           16       33537.982    849582848    424791424
    26549464           32       63963.445   1699165696    849582848
    29204408            1        3422.810     58408816     29204408
    29204408            2        6750.887    116817632     58408816
    29204408            4       10751.718    233635264    116817632
    29204408            8       19017.192    467270528    233635264
    29204408           16       34557.065    934541056    467270528
    29204408           32       66186.966   1869082112    934541056
    32124848            1        3770.036     64249696     32124848
    32124848            2        7435.314    128499392     64249696
    32124848            4       11950.185    256998784    128499392
    32124848            8       20672.455    513997568    256998784
    32124848           16       38731.370   1027995136    513997568
    32124848           32       74426.654   2055990272   1027995136
    35337328            1        4105.536     70674656     35337328
    35337328            2        8114.017    141349312     70674656
    35337328            4       13245.770    282698624    141349312
    35337328            8       23141.827    565397248    282698624
    35337328           16       43424.779   1130794496    565397248
    38871056            1        4588.984     77742112     38871056
    38871056            2        9113.799    155484224     77742112
    38871056            4       14719.424    310968448    155484224
    38871056            8       26030.418    621936896    310968448
    38871056           16       48592.830   1243873792    621936896
    42758160            1        5029.304     85516320     42758160
    42758160            2        9979.972    171032640     85516320
    42758160            4       16126.962    342065280    171032640
    42758160            8       28430.527    684130560    342065280
    42758160           16       53207.815   1368261120    684130560
    47033976            1        5450.351     94067952     47033976
    47033976            2       10812.758    188135904     94067952
    47033976            4       17531.803    376271808    188135904
    47033976            8       31019.480    752543616    376271808
    47033976           16       57883.308   1505087232    752543616
    51737368            1        6118.754    103474736     51737368
    51737368            2       12128.250    206949472    103474736
    51737368            4       19634.270    413898944    206949472
    51737368            8       34924.107    827797888    413898944
    51737368           16       65467.989   1655595776    827797888
    56911104            1        6724.862    113822208     56911104
    56911104            2       13386.961    227644416    113822208
    56911104            4       21617.577    455288832    227644416
    56911104            8       38516.697    910577664    455288832
    56911104           16       71660.629   1821155328    910577664
    62602208            1        7381.950    125204416     62602208
    62602208            2       14644.546    250408832    125204416
    62602208            4       23516.614    500817664    250408832
    62602208            8       41341.830   1001635328    500817664
    62602208           16       76917.017   2003270656   1001635328
    68862424            1        8105.422    137724848     68862424
    68862424            2       16067.694    275449696    137724848
    68862424            4       26242.494    550899392    275449696
    68862424            8       46594.639   1101798784    550899392
    75748664            1        8828.776    151497328     75748664
    75748664            2       17497.920    302994656    151497328
    75748664            4       27966.321    605989312    302994656
    75748664            8       49976.171   1211978624    605989312
    83323528            1        9716.510    166647056     83323528
    83323528            2       19275.637    333294112    166647056
    83323528            4       31521.603    666588224    333294112
    83323528            8       56205.141   1333176448    666588224
    91655880            1       10771.794    183311760     91655880
    91655880            2       21404.571    366623520    183311760
    91655880            4       35142.309    733247040    366623520
    91655880            8       62792.823   1466494080    733247040
   100821464            1       11860.423    201642928    100821464
   100821464            2       23581.245    403285856    201642928
   100821464            4       38506.003    806571712    403285856
   100821464            8       69152.476   1613143424    806571712
   110903608            1       12907.566    221807216    110903608
   110903608            2       25643.570    443614432    221807216
   110903608            4       41358.214    887228864    443614432
   110903608            8       72414.311   1774457728    887228864
   121993968            1       14401.686    243987936    121993968
   121993968            2       28629.443    487975872    243987936
   121993968            4       46108.850    975951744    487975872
   121993968            8       81078.632   1951903488    975951744
   134193360            1       15787.961    268386720    134193360
   134193360            2       31438.157    536773440    268386720
   134193360            4       51730.776   1073546880    536773440
   134193360            8       91348.172   2147093760   1073546880
   147612696            1       17463.267    295225392    147612696
   147612696            2       34749.450    590450784    295225392
   147612696            4       56654.213   1180901568    590450784
   162373960            1       18854.178    324747920    162373960
   162373960            2       37495.165    649495840    324747920
   162373960            4       62112.551   1298991680    649495840
   178611352            1       20836.897    357222704    178611352
   178611352            2       41529.380    714445408    357222704
   178611352            4       67851.716   1428890816    714445408
   196472480            1       23012.048    392944960    196472480
   196472480            2       45868.013    785889920    392944960
   196472480            4       73326.651   1571779840    785889920
   216119728            1       25306.528    432239456    216119728
   216119728            2       50450.210    864478912    432239456
   216119728            4       81397.289   1728957824    864478912
   237731696            1       27638.441    475463392    237731696
   237731696            2       55166.312    950926784    475463392
   237731696            4       89872.003   1901853568    950926784
   261504864            1       30383.568    523009728    261504864
   261504864            2       60570.535   1046019456    523009728
   261504864            4       98309.417   2092038912   1046019456
   287655344            1       33739.547    575310688    287655344
   287655344            2       67206.300   1150621376    575310688
   316420872            1       37396.028    632841744    316420872
   316420872            2       74631.385   1265683488    632841744
   348062952            1       41102.183    696125904    348062952
   348062952            2       81985.797   1392251808    696125904
   382869240            1       45209.346    765738480    382869240
   382869240            2       90119.321   1531476960    765738480
   421156160            1       48892.503    842312320    421156160
   421156160            2       97626.649   1684624640    842312320
   463271776            1       53857.966    926543552    463271776
   463271776            2      107766.639   1853087104    926543552
   509598952            1       60196.007   1019197904    509598952
   509598952            2      120225.234   2038395808   1019197904
   560558840            1       66140.094   1121117680    560558840
   616614720            1       71561.137   1233229440    616614720
   678276192            1       78740.025   1356552384    678276192
   746103808            1       88257.629   1492207616    746103808
   820714184            1       96619.138   1641428368    820714184
   902785600            1      104729.109   1805571200    902785600
   993064160            1      117213.793   1986128320    993064160

META_DATA
FLOPS          8
OPENMP_THREADS 1
ERT_VERSION  1.1.0
HOSTNAME  ('laptop', [], ['127.0.1.1'])
UNAME  uname_result(system='Linux', node='laptop', release='6.8.0-84-generic', version='#84-Ubuntu SMP PREEMPT_DYNAMIC Fri Sep  5 22:36:38 UTC 2025', machine='x86_64')
TIMESTAMP_DATA  1765914299.2010555
CONFIG  {'ERT_MPI': ['False'], 'ERT_OPENMP': ['True'], 'ERT_OPENMP_CFLAGS': ['-fopenmp'], 'ERT_OPENMP_LDFLAGS': ['-fopenmp'], 'ERT_PRECISION': ['FP64'], 'ERT_TRIALS_MIN': ['1'], 'ERT_TRIALS': ['3', '#', 'Run', 'each', 'test', '3', 'times', 'to', 'filter', 'out', 'background', 'noise'], 'ERT_RESULTS': ['Results/8250U'], 'ERT_GNUPLOT': ['gnuplot'], 'ERT_DRIVER': ['driver1'], 'ERT_KERNEL': ['kernel1'], 'ERT_CC': ['g++'], 'ERT_LD': ['g++'], 'ERT_CFLAGS': ['-O3', '-march=native', '-fopenmp', '-fstrict-aliasing', '-funroll-loops', '-Wno-all'], 'ERT_LDFLAGS': ['-O3', '-march=native', '-fopenmp'], 'ERT_LDLIBS': ['-lm'], 'ERT_RUN': ['export', 'OMP_NUM_THREADS=ERT_OPENMP_THREADS;', './ERT_CODE'], 'ERT_WORKING_SET_MIN': ['128'], 'ERT_MEMORY_MAX': ['1073741824'], 'ERT_ALIGN': ['64'], 'ERT_MIN_PROCS': ['1'], 'ERT_MAX_PROCS': ['1'], 'ERT_OPENMP_THREADS': ['1,2,4,8', '#', 'Logical', 'Threads'], 'ERT_NUM_EXPERIMENTS': ['4'], 'ERT_FLOPS': ['1,2,4,8'], 'ERT_GPU': [False], 'ERT_HIP': [False], 'ERT_OCL': [False], 'ERT_SYCL': [False], 'ERT_WSS_MULT': [1.1]}
