fp64
        1024            1           2.423         2048         1024
        1024            2           1.578         4096         2048
        1024            4           1.700         8192         4096
        1024            8           1.836        16384         8192
        1024           16           2.117        32768        16384
        1024           32           2.838        65536        32768
        1024           64           4.234       131072        65536
        1024          128           7.033       262144       131072
        1024          256          12.734       524288       262144
        1024          512          24.058      1048576       524288
        1024         1024          46.448      2097152      1048576
        1024         2048          91.672      4194304      2097152
        1024         4096         182.001      8388608      4194304
        1024         8192         368.944     16777216      8388608
        1024        16384         723.092     33554432     16777216
        1024        32768        1456.204     67108864     33554432
        1024        65536        2905.204    134217728     67108864
        1024       131072        5808.820    268435456    134217728
        1024       262144       11616.359    536870912    268435456
        1024       524288       23236.504   1073741824    536870912
        1024      1048576       46458.023   2147483648   1073741824
        1120            1           1.912         2240         1120
        1120            2           1.556         4480         2240
        1120            4           1.837         8960         4480
        1120            8           1.981        17920         8960
        1120           16           2.191        35840        17920
        1120           32           2.985        71680        35840
        1120           64           4.530       143360        71680
        1120          128           7.570       286720       143360
        1120          256          13.742       573440       286720
        1120          512          26.194      1146880       573440
        1120         1024          50.810      2293760      1146880
        1120         2048         100.049      4587520      2293760
        1120         4096         198.294      9175040      4587520
        1120         8192         394.866     18350080      9175040
        1120        16384         794.402     36700160     18350080
        1120        32768        1587.517     73400320     36700160
        1120        65536        3163.030    146800640     73400320
        1120       131072        6326.435    293601280    146800640
        1120       262144       12651.364    587202560    293601280
        1120       524288       25304.157   1174405120    587202560
        1232            1           1.988         2464         1232
        1232            2           1.658         4928         2464
        1232            4           1.820         9856         4928
        1232            8           1.911        19712         9856
        1232           16           2.303        39424        19712
        1232           32           3.210        78848        39424
        1232           64           4.992       157696        78848
        1232          128           8.532       315392       157696
        1232          256          15.652       630784       315392
        1232          512          29.943      1261568       630784
        1232         1024          58.283      2523136      1261568
        1232         2048         115.464      5046272      2523136
        1232         4096         236.201     10092544      5046272
        1232         8192         456.944     20185088     10092544
        1232        16384         922.035     40370176     20185088
        1232        32768        1835.695     80740352     40370176
        1232        65536        3669.839    161480704     80740352
        1232       131072        7332.568    322961408    161480704
        1232       262144       14669.889    645922816    322961408
        1232       524288       29340.508   1291845632    645922816
        1352            1           2.076         2704         1352
        1352            2           1.588         5408         2704
        1352            4           1.755        10816         5408
        1352            8           2.024        21632        10816
        1352           16           2.407        43264        21632
        1352           32           3.377        86528        43264
        1352           64           5.300       173056        86528
        1352          128           9.114       346112       173056
        1352          256          17.098       692224       346112
        1352          512          32.637      1384448       692224
        1352         1024          63.800      2768896      1384448
        1352         2048         126.254      5537792      2768896
        1352         4096         250.920     11075584      5537792
        1352         8192         507.278     22151168     11075584
        1352        16384        1003.875     44302336     22151168
        1352        32768        2008.099     88604672     44302336
        1352        65536        4017.865    177209344     88604672
        1352       131072        8030.189    354418688    177209344
        1352       262144       16056.740    708837376    354418688
        1352       524288       32131.387   1417674752    708837376
        1480            1           8.960         2960         1480
        1480            2           1.632         5920         2960
        1480            4           1.788        11840         5920
        1480            8           2.014        23680        11840
        1480           16           2.483        47360        23680
        1480           32           3.551        94720        47360
        1480           64           5.685       189440        94720
        1480          128           9.907       378880       189440
        1480          256          18.340       757760       378880
        1480          512          35.448      1515520       757760
        1480         1024          69.590      3031040      1515520
        1480         2048         137.378      6062080      3031040
        1480         4096         273.244     12124160      6062080
        1480         8192         551.497     24248320     12124160
        1480        16384        1093.804     48496640     24248320
        1480        32768        2188.049     96993280     48496640
        1480        65536        4375.203    193986560     96993280
        1480       131072        8755.756    387973120    193986560
        1480       262144       17514.147    775946240    387973120
        1480       524288       35010.292   1551892480    775946240
        1624            1           2.040         3248         1624
        1624            2           1.613         6496         3248
        1624            4           1.828        12992         6496
        1624            8           2.035        25984        12992
        1624           16           2.619        51968        25984
        1624           32           3.783       103936        51968
        1624           64           6.159       207872       103936
        1624          128          10.796       415744       207872
        1624          256          20.320       831488       415744
        1624          512          39.170      1662976       831488
        1624         1024          77.018      3325952      1662976
        1624         2048         158.483      6651904      3325952
        1624         4096         303.036     13303808      6651904
        1624         8192         604.221     26607616     13303808
        1624        16384        1216.257     53215232     26607616
        1624        32768        2425.565    106430464     53215232
        1624        65536        4847.431    212860928    106430464
        1624       131072        9690.017    425721856    212860928
        1624       262144       19381.865    851443712    425721856
        1624       524288       38765.419   1702887424    851443712
        1784            1           1.884         3568         1784
        1784            2           1.651         7136         3568
        1784            4           1.836        14272         7136
        1784            8           2.101        28544        14272
        1784           16           2.695        57088        28544
        1784           32           3.970       114176        57088
        1784           64           6.555       228352       114176
        1784          128          11.640       456704       228352
        1784          256          21.869       913408       456704
        1784          512          42.224      1826816       913408
        1784         1024          82.466      3653632      1826816
        1784         2048         163.811      7307264      3653632
        1784         4096         326.629     14614528      7307264
        1784         8192         658.173     29229056     14614528
        1784        16384        1304.882     58458112     29229056
        1784        32768        2610.652    116916224     58458112
        1784        65536        5224.753    233832448    116916224
        1784       131072       10448.164    467664896    233832448
        1784       262144       20862.685    935329792    467664896
        1784       524288       41716.603   1870659584    935329792
        1960            1           2.230         3920         1960
        1960            2           1.792         7840         3920
        1960            4           1.946        15680         7840
        1960            8           2.179        31360        15680
        1960           16           2.825        62720        31360
        1960           32           4.145       125440        62720
        1960           64           6.872       250880       125440
        1960          128          12.318       501760       250880
        1960          256          23.319      1003520       501760
        1960          512          45.121      2007040      1003520
        1960         1024          89.053      4014080      2007040
        1960         2048         176.743      8028160      4014080
        1960         4096         351.867     16056320      8028160
        1960         8192         749.415     32112640     16056320
        1960        16384        1486.661     64225280     32112640
        1960        32768        2819.269    128450560     64225280
        1960        65536        5628.539    256901120    128450560
        1960       131072       11261.266    513802240    256901120
        1960       262144       22530.324   1027604480    513802240
        1960       524288       45048.134   2055208960   1027604480
        2152            1           2.157         4304         2152
        2152            2           1.760         8608         4304
        2152            4           1.976        17216         8608
        2152            8           2.222        34432        17216
        2152           16           2.916        68864        34432
        2152           32           4.428       137728        68864
        2152           64           7.404       275456       137728
        2152          128          13.349       550912       275456
        2152          256          25.253      1101824       550912
        2152          512          49.237      2203648      1101824
        2152         1024          96.857      4407296      2203648
        2152         2048         192.261      8814592      4407296
        2152         4096         383.073     17629184      8814592
        2152         8192         770.229     35258368     17629184
        2152        16384        1536.997     70516736     35258368
        2152        32768        3067.057    141033472     70516736
        2152        65536        6134.572    282066944    141033472
        2152       131072       12264.054    564133888    282066944
        2152       262144       24526.140   1128267776    564133888
        2360            1           2.014         4720         2360
        2360            2           1.797         9440         4720
        2360            4           1.950        18880         9440
        2360            8           2.329        37760        18880
        2360           16           3.089        75520        37760
        2360           32           4.731       151040        75520
        2360           64           8.038       302080       151040
        2360          128          14.641       604160       302080
        2360          256          34.078      1208320       604160
        2360          512          54.319      2416640      1208320
        2360         1024         107.145      4833280      2416640
        2360         2048         212.900      9666560      4833280
        2360         4096         423.712     19333120      9666560
        2360         8192         851.608     38666240     19333120
        2360        16384        1702.761     77332480     38666240
        2360        32768        3395.673    154664960     77332480
        2360        65536        6801.863    309329920    154664960
        2360       131072       13586.338    618659840    309329920
        2360       262144       27175.126   1237319680    618659840
        2592            1           2.177         5184         2592
        2592            2           1.687        10368         5184
        2592            4           1.939        20736        10368
        2592            8           2.394        41472        20736
        2592           16           3.315        82944        41472
        2592           32           5.183       165888        82944
        2592           64           8.880       331776       165888
        2592          128          16.164       663552       331776
        2592          256          37.345      1327104       663552
        2592          512          59.657      2654208      1327104
        2592         1024         117.649      5308416      2654208
        2592         2048         232.423     10616832      5308416
        2592         4096         463.460     21233664     10616832
        2592         8192         929.771     42467328     21233664
        2592        16384        1857.416     84934656     42467328
        2592        32768        3714.982    169869312     84934656
        2592        65536        7419.034    339738624    169869312
        2592       131072       14833.534    679477248    339738624
        2592       262144       29674.255   1358954496    679477248
        2848            1           2.043         5696         2848
        2848            2           1.732        11392         5696
        2848            4           2.058        22784        11392
        2848            8           2.458        45568        22784
        2848           16           3.399        91136        45568
        2848           32           5.245       182272        91136
        2848           64           9.069       364544       182272
        2848          128          16.675       729088       364544
        2848          256          32.007      1458176       729088
        2848          512          62.647      2916352      1458176
        2848         1024         123.723      5832704      2916352
        2848         2048         245.904     11665408      5832704
        2848         4096         496.769     23330816     11665408
        2848         8192         983.825     46661632     23330816
        2848        16384        1965.552     93323264     46661632
        2848        32768        3930.253    186646528     93323264
        2848        65536        7857.636    373293056    186646528
        2848       131072       15709.704    746586112    373293056
        2848       262144       31428.763   1493172224    746586112
        3128            1           2.194         6256         3128
        3128            2           1.887        12512         6256
        3128            4           2.153        25024        12512
        3128            8           2.619        50048        25024
        3128           16           3.699       100096        50048
        3128           32           5.729       200192       100096
        3128           64          10.039       400384       200192
        3128          128          18.718       800768       400384
        3128          256          42.742      1601536       800768
        3128          512          70.636      3203072      1601536
        3128         1024         139.848      6406144      3203072
        3128         2048         278.248     12812288      6406144
        3128         4096         559.929     25624576     12812288
        3128         8192        1113.872     51249152     25624576
        3128        16384        2225.024    102498304     51249152
        3128        32768        4448.163    204996608    102498304
        3128        65536        8899.785    409993216    204996608
        3128       131072       17816.609    819986432    409993216
        3128       262144       35708.368   1639972864    819986432
        3440            1           2.240         6880         3440
        3440            2           1.809        13760         6880
        3440            4           2.210        27520        13760
        3440            8           2.706        55040        27520
        3440           16           3.781       110080        55040
        3440           32           6.169       220160       110080
        3440           64          10.843       440320       220160
        3440          128          20.254       880640       440320
        3440          256          39.214      1761280       880640
        3440          512          76.847      3522560      1761280
        3440         1024         151.484      7045120      3522560
        3440         2048         301.116     14090240      7045120
        3440         4096         610.016     28180480     14090240
        3440         8192        1204.227     56360960     28180480
        3440        16384        2408.375    112721920     56360960
        3440        32768        4825.226    225443840    112721920
        3440        65536        9649.898    450887680    225443840
        3440       131072       19276.888    901775360    450887680
        3440       262144       38576.999   1803550720    901775360
        3784            1           2.290         7568         3784
        3784            2           1.870        15136         7568
        3784            4           2.327        30272        15136
        3784            8           2.917        60544        30272
        3784           16           4.189       121088        60544
        3784           32           6.927       242176       121088
        3784           64          12.271       484352       242176
        3784          128          22.781       968704       484352
        3784          256          43.907      1937408       968704
        3784          512          92.687      3874816      1937408
        3784         1024         173.084      7749632      3874816
        3784         2048         338.273     15499264      7749632
        3784         4096         681.032     30998528     15499264
        3784         8192        1354.218     61997056     30998528
        3784        16384        2715.138    123994112     61997056
        3784        32768        5420.669    247988224    123994112
        3784        65536       10847.422    495976448    247988224
        3784       131072       21719.636    991952896    495976448
        3784       262144       43418.700   1983905792    991952896
        4160            1           2.473         8320         4160
        4160            2           2.048        16640         8320
        4160            4           2.201        33280        16640
        4160            8           2.932        66560        33280
        4160           16           4.264       133120        66560
        4160           32           7.047       266240       133120
        4160           64          12.656       532480       266240
        4160          128          24.291      1064960       532480
        4160          256          46.333      2129920      1064960
        4160          512          92.959      4259840      2129920
        4160         1024         184.363      8519680      4259840
        4160         2048         368.756     17039360      8519680
        4160         4096         732.377     34078720     17039360
        4160         8192        1468.028     68157440     34078720
        4160        16384        2924.653    136314880     68157440
        4160        32768        5825.560    272629760    136314880
        4160        65536       11674.212    545259520    272629760
        4160       131072       23319.975   1090519040    545259520
        4576            1           2.506         9152         4576
        4576            2           1.955        18304         9152
        4576            4           2.365        36608        18304
        4576            8           3.086        73216        36608
        4576           16           4.557       146432        73216
        4576           32           7.696       292864       146432
        4576           64          13.866       585728       292864
        4576          128          26.400      1171456       585728
        4576          256          51.333      2342912      1171456
        4576          512         107.801      4685824      2342912
        4576         1024         201.001      9371648      4685824
        4576         2048         400.209     18743296      9371648
        4576         4096         804.237     37486592     18743296
        4576         8192        1606.469     74973184     37486592
        4576        16384        3206.166    149946368     74973184
        4576        32768        6410.307    299892736    149946368
        4576        65536       12837.454    599785472    299892736
        4576       131072       25646.898   1199570944    599785472
        5032            1           2.677        10064         5032
        5032            2           1.945        20128        10064
        5032            4           2.409        40256        20128
        5032            8           3.255        80512        40256
        5032           16           4.891       161024        80512
        5032           32           8.279       322048       161024
        5032           64          15.131       644096       322048
        5032          128          28.989      1288192       644096
        5032          256          55.894      2576384      1288192
        5032          512         111.689      5152768      2576384
        5032         1024         228.280     10305536      5152768
        5032         2048         441.329     20611072     10305536
        5032         4096         882.124     41222144     20611072
        5032         8192        1768.161     82444288     41222144
        5032        16384        3534.074    164888576     82444288
        5032        32768        7079.015    329777152    164888576
        5032        65536       14148.854    659554304    329777152
        5032       131072       28328.407   1319108608    659554304
        5528            1           2.546        11056         5528
        5528            2           2.023        22112        11056
        5528            4           2.484        44224        22112
        5528            8           3.431        88448        44224
        5528           16           5.353       176896        88448
        5528           32           9.277       353792       176896
        5528           64          17.094       707584       353792
        5528          128          32.772      1415168       707584
        5528          256          64.213      2830336      1415168
        5528          512         126.988      5660672      2830336
        5528         1024         252.652     11321344      5660672
        5528         2048         510.026     22642688     11321344
        5528         4096        1012.082     45285376     22642688
        5528         8192        2017.119     90570752     45285376
        5528        16384        3998.901    181141504     90570752
        5528        32768        8080.867    362283008    181141504
        5528        65536       16099.008    724566016    362283008
        5528       131072       32181.791   1449132032    724566016
        6080            1           2.639        12160         6080
        6080            2           2.056        24320        12160
        6080            4           2.675        48640        24320
        6080            8           3.565        97280        48640
        6080           16           5.611       194560        97280
        6080           32           9.683       389120       194560
        6080           64          17.903       778240       389120
        6080          128          34.329      1556480       778240
        6080          256          67.128      3112960      1556480
        6080          512         133.116      6225920      3112960
        6080         1024         264.447     12451840      6225920
        6080         2048         534.967     24903680     12451840
        6080         4096        1058.816     49807360     24903680
        6080         8192        2118.493     99614720     49807360
        6080        16384        4237.914    199229440     99614720
        6080        32768        8478.457    398458880    199229440
        6080        65536       16955.232    796917760    398458880
        6080       131072       33903.060   1593835520    796917760
        6688            1           2.706        13376         6688
        6688            2           2.061        26752        13376
        6688            4           2.605        53504        26752
        6688            8           3.781       107008        53504
        6688           16           5.974       214016       107008
        6688           32          10.387       428032       214016
        6688           64          19.390       856064       428032
        6688          128          37.232      1712128       856064
        6688          256          73.025      3424256      1712128
        6688          512         150.983      6848512      3424256
        6688         1024         287.304     13697024      6848512
        6688         2048         573.249     27394048     13697024
        6688         4096        1154.058     54788096     27394048
        6688         8192        2297.280    109576192     54788096
        6688        16384        4595.640    219152384    109576192
        6688        32768        9194.786    438304768    219152384
        6688        65536       18381.169    876609536    438304768
        6688       131072       36760.955   1753219072    876609536
        7352            1           2.808        14704         7352
        7352            2           2.158        29408        14704
        7352            4           2.868        58816        29408
        7352            8           4.016       117632        58816
        7352           16           6.486       235264       117632
        7352           32          11.385       470528       235264
        7352           64          21.412       941056       470528
        7352          128          41.299      1882112       941056
        7352          256          88.032      3764224      1882112
        7352          512         161.137      7528448      3764224
        7352         1024         320.618     15056896      7528448
        7352         2048         645.011     30113792     15056896
        7352         4096        1282.867     60227584     30113792
        7352         8192        2568.877    120455168     60227584
        7352        16384        5129.841    240910336    120455168
        7352        32768       10259.849    481820672    240910336
        7352        65536       20523.374    963641344    481820672
        7352       131072       41039.892   1927282688    963641344
        8080            1           2.906        16160         8080
        8080            2           2.202        32320        16160
        8080            4           3.183        64640        32320
        8080            8           4.299       129280        64640
        8080           16           7.149       258560       129280
        8080           32          12.728       517120       258560
        8080           64          23.982      1034240       517120
        8080          128          46.502      2068480      1034240
        8080          256          91.607      4136960      2068480
        8080          512         188.223      8273920      4136960
        8080         1024         361.599     16547840      8273920
        8080         2048         726.019     33095680     16547840
        8080         4096        1446.531     66191360     33095680
        8080         8192        2898.113    132382720     66191360
        8080        16384        5795.817    264765440    132382720
        8080        32768       11586.639    529530880    264765440
        8080        65536       23193.521   1059061760    529530880
        8080       131072       46341.041   2118123520   1059061760
        8888            1           2.949        17776         8888
        8888            2           2.302        35552        17776
        8888            4           3.076        71104        35552
        8888            8           4.537       142208        71104
        8888           16           7.569       284416       142208
        8888           32          13.467       568832       284416
        8888           64          25.611      1137664       568832
        8888          128          49.624      2275328      1137664
        8888          256          97.982      4550656      2275328
        8888          512         194.276      9101312      4550656
        8888         1024         394.289     18202624      9101312
        8888         2048         773.252     36405248     18202624
        8888         4096        1554.377     72810496     36405248
        8888         8192        3100.377    145620992     72810496
        8888        16384        6203.411    291241984    145620992
        8888        32768       12406.928    582483968    291241984
        8888        65536       24831.071   1164967936    582483968
        9776            1           3.316        19552         9776
        9776            2           2.355        39104        19552
        9776            4           3.277        78208        39104
        9776            8           4.823       156416        78208
        9776           16           8.194       312832       156416
        9776           32          14.901       625664       312832
        9776           64          28.212      1251328       625664
        9776          128          54.932      2502656      1251328
        9776          256         108.127      5005312      2502656
        9776          512         221.279     10010624      5005312
        9776         1024         426.902     20021248     10010624
        9776         2048         857.752     40042496     20021248
        9776         4096        1714.171     80084992     40042496
        9776         8192        3420.288    160169984     80084992
        9776        16384        6843.917    320339968    160169984
        9776        32768       13697.978    640679936    320339968
        9776        65536       27369.536   1281359872    640679936
       10752            1           3.224        21504        10752
       10752            2           2.473        43008        21504
       10752            4           3.399        86016        43008
       10752            8           5.176       172032        86016
       10752           16           8.877       344064       172032
       10752           32          16.286       688128       344064
       10752           64          31.101      1376256       688128
       10752          128          60.915      2752512      1376256
       10752          256         120.146      5505024      2752512
       10752          512         238.872     11010048      5505024
       10752         1024         485.002     22020096     11010048
       10752         2048         955.561     44040192     22020096
       10752         4096        1911.292     88080384     44040192
       10752         8192        3822.200    176160768     88080384
       10752        16384        7652.984    352321536    176160768
       10752        32768       15304.375    704643072    352321536
       10752        65536       30608.609   1409286144    704643072
       11824            1           3.861        23648        11824
       11824            2           2.713        47296        23648
       11824            4           3.726        94592        47296
       11824            8           5.575       189184        94592
       11824           16           9.397       378368       189184
       11824           32          17.366       756736       378368
       11824           64          33.285      1513472       756736
       11824          128          65.221      3026944      1513472
       11824          256         128.846      6053888      3026944
       11824          512         256.212     12107776      6053888
       11824         1024         517.289     24215552     12107776
       11824         2048        1027.163     48431104     24215552
       11824         4096        2048.986     96862208     48431104
       11824         8192        4096.315    193724416     96862208
       11824        16384        8190.714    387448832    193724416
       11824        32768       16375.037    774897664    387448832
       11824        65536       32776.515   1549795328    774897664
       13000            1           3.398        26000        13000
       13000            2           2.671        52000        26000
       13000            4           3.748       104000        52000
       13000            8           6.004       208000       104000
       13000           16          10.407       416000       208000
       13000           32          19.416       832000       416000
       13000           64          37.006      1664000       832000
       13000          128          72.015      3328000      1664000
       13000          256         142.715      6656000      3328000
       13000          512         283.320     13312000      6656000
       13000         1024         573.185     26624000     13312000
       13000         2048        1135.030     53248000     26624000
       13000         4096        2269.920    106496000     53248000
       13000         8192        4545.710    212992000    106496000
       13000        16384        9083.524    425984000    212992000
       13000        32768       18162.637    851968000    425984000
       13000        65536       36316.651   1703936000    851968000
       14296            1           3.591        28592        14296
       14296            2           2.721        57184        28592
       14296            4           4.060       114368        57184
       14296            8           6.404       228736       114368
       14296           16          11.294       457472       228736
       14296           32          21.218       914944       457472
       14296           64          40.957      1829888       914944
       14296          128          80.766      3659776      1829888
       14296          256         159.955      7319552      3659776
       14296          512         325.270     14639104      7319552
       14296         1024         635.132     29278208     14639104
       14296         2048        1278.856     58556416     29278208
       14296         4096        2545.068    117112832     58556416
       14296         8192        5096.181    234225664    117112832
       14296        16384       10257.779    468451328    234225664
       14296        32768       20371.945    936902656    468451328
       14296        65536       40751.570   1873805312    936902656
       15720            1           3.857        31440        15720
       15720            2           2.856        62880        31440
       15720            4           4.228       125760        62880
       15720            8           6.962       251520       125760
       15720           16          11.922       503040       251520
       15720           32          22.264      1006080       503040
       15720           64          43.078      2012160      1006080
       15720          128          91.911      4024320      2012160
       15720          256         168.075      8048640      4024320
       15720          512         334.616     16097280      8048640
       15720         1024         674.731     32194560     16097280
       15720         2048        1339.753     64389120     32194560
       15720         4096        2680.970    128778240     64389120
       15720         8192        5353.322    257556480    128778240
       15720        16384       10708.156    515112960    257556480
       15720        32768       21412.876   1030225920    515112960
       15720        65536       42863.558   2060451840   1030225920
       17288            1           3.923        34576        17288
       17288            2           3.006        69152        34576
       17288            4           4.509       138304        69152
       17288            8           7.459       276608       138304
       17288           16          13.283       553216       276608
       17288           32          24.899      1106432       553216
       17288           64          48.275      2212864      1106432
       17288          128          94.901      4425728      2212864
       17288          256         188.240      8851456      4425728
       17288          512         374.812     17702912      8851456
       17288         1024         757.056     35405824     17702912
       17288         2048        1509.237     70811648     35405824
       17288         4096        3008.132    141623296     70811648
       17288         8192        6019.456    283246592    141623296
       17288        16384       12038.956    566493184    283246592
       17288        32768       24072.643   1132986368    566493184
       19016            1           4.164        38032        19016
       19016            2           3.122        76064        38032
       19016            4           4.878       152128        76064
       19016            8           8.039       304256       152128
       19016           16          14.582       608512       304256
       19016           32          27.616      1217024       608512
       19016           64          52.662      2434048      1217024
       19016          128         105.975      4868096      2434048
       19016          256         207.018      9736192      4868096
       19016          512         413.230     19472384      9736192
       19016         1024         830.930     38944768     19472384
       19016         2048        1657.830     77889536     38944768
       19016         4096        3306.835    155779072     77889536
       19016         8192        6624.558    311558144    155779072
       19016        16384       13234.565    623116288    311558144
       19016        32768       26482.156   1246232576    623116288
       20912            1           4.806        41824        20912
       20912            2           3.382        83648        41824
       20912            4           5.175       167296        83648
       20912            8           8.632       334592       167296
       20912           16          15.612       669184       334592
       20912           32          29.726      1338368       669184
       20912           64          58.113      2676736      1338368
       20912          128         114.367      5353472      2676736
       20912          256         234.266     10706944      5353472
       20912          512         452.812     21413888     10706944
       20912         1024         907.205     42827776     21413888
       20912         2048        1813.170     85655552     42827776
       20912         4096        3620.175    171311104     85655552
       20912         8192        7248.596    342622208    171311104
       20912        16384       14480.724    685244416    342622208
       20912        32768       28954.773   1370488832    685244416
       23000            1           4.805        46000        23000
       23000            2           3.534        92000        46000
       23000            4           5.589       184000        92000
       23000            8           9.498       368000       184000
       23000           16          17.308       736000       368000
       23000           32          33.112      1472000       736000
       23000           64          64.871      2944000      1472000
       23000          128         128.236      5888000      2944000
       23000          256         254.978     11776000      5888000
       23000          512         514.520     23552000     11776000
       23000         1024        1020.761     47104000     23552000
       23000         2048        2038.004     94208000     47104000
       23000         4096        4073.454    188416000     94208000
       23000         8192        8143.749    376832000    188416000
       23000        16384       16283.913    753664000    376832000
       23000        32768       32566.307   1507328000    753664000
       25296            1           4.961        50592        25296
       25296            2           3.730       101184        50592
       25296            4           5.843       202368       101184
       25296            8          10.191       404736       202368
       25296           16          18.926       809472       404736
       25296           32          36.224      1618944       809472
       25296           64          70.935      3237888      1618944
       25296          128         140.269      6475776      3237888
       25296          256         279.040     12951552      6475776
       25296          512         564.651     25903104     12951552
       25296         1024        1117.742     51806208     25903104
       25296         2048        2235.041    103612416     51806208
       25296         4096        4473.045    207224832    103612416
       25296         8192        8942.862    414449664    207224832
       25296        16384       17881.385    828899328    414449664
       25296        32768       35757.583   1657798656    828899328
       27824            1           5.089        55648        27824
       27824            2           3.961       111296        55648
       27824            4           6.364       222592       111296
       27824            8          11.071       445184       222592
       27824           16          20.368       890368       445184
       27824           32          39.267      1780736       890368
       27824           64          77.101      3561472      1780736
       27824          128         152.460      7122944      3561472
       27824          256         309.571     14245888      7122944
       27824          512         599.878     28491776     14245888
       27824         1024        1201.857     56983552     28491776
       27824         2048        2405.708    113967104     56983552
       27824         4096        4805.697    227934208    113967104
       27824         8192        9604.075    455868416    227934208
       27824        16384       19207.423    911736832    455868416
       27824        32768       38419.804   1823473664    911736832
       30600            1           6.021        61200        30600
       30600            2           4.307       122400        61200
       30600            4           7.073       244800       122400
       30600            8          12.214       489600       244800
       30600           16          22.692       979200       489600
       30600           32          43.348      1958400       979200
       30600           64          94.986      3916800      1958400
       30600          128         168.637      7833600      3916800
       30600          256         335.272     15667200      7833600
       30600          512         675.504     31334400     15667200
       30600         1024        1345.100     62668800     31334400
       30600         2048        2693.700    125337600     62668800
       30600         4096        5381.068    250675200    125337600
       30600         8192       10769.314    501350400    250675200
       30600        16384       21533.595   1002700800    501350400
       30600        32768       43069.108   2005401600   1002700800
       33656            1           5.707        67312        33656
       33656            2           4.744       134624        67312
       33656            4           7.651       269248       134624
       33656            8          13.505       538496       269248
       33656           16          25.064      1076992       538496
       33656           32          48.151      2153984      1076992
       33656           64          94.621      4307968      2153984
       33656          128         195.059      8615936      4307968
       33656          256         372.055     17231872      8615936
       33656          512         748.499     34463744     17231872
       33656         1024        1490.084     68927488     34463744
       33656         2048        2976.276    137854976     68927488
       33656         4096        5947.733    275709952    137854976
       33656         8192       11897.548    551419904    275709952
       33656        16384       23788.615   1102839808    551419904
       37016            1           6.506        74032        37016
       37016            2           5.395       148064        74032
       37016            4           9.024       296128       148064
       37016            8          16.353       592256       296128
       37016           16          31.198      1184512       592256
       37016           32          60.689      2369024      1184512
       37016           64         119.810      4738048      2369024
       37016          128         238.072      9476096      4738048
       37016          256         474.300     18952192      9476096
       37016          512         952.263     37904384     18952192
       37016         1024        1901.755     75808768     37904384
       37016         2048        3803.473    151617536     75808768
       37016         4096        7604.120    303235072    151617536
       37016         8192       15201.816    606470144    303235072
       37016        16384       30430.831   1212940288    606470144
       40712            1           6.736        81424        40712
       40712            2           5.986       162848        81424
       40712            4           9.782       325696       162848
       40712            8          17.947       651392       325696
       40712           16          33.864      1302784       651392
       40712           32          65.633      2605568      1302784
       40712           64         131.679      5211136      2605568
       40712          128         267.353     10422272      5211136
       40712          256         512.327     20844544     10422272
       40712          512        1027.481     41689088     20844544
       40712         1024        2054.926     83378176     41689088
       40712         2048        4106.369    166756352     83378176
       40712         4096        8223.261    333512704    166756352
       40712         8192       16499.034    667025408    333512704
       40712        16384       32861.455   1334050816    667025408
       44776            1           6.979        89552        44776
       44776            2           6.116       179104        89552
       44776            4          10.346       358208       179104
       44776            8          18.261       716416       358208
       44776           16          34.442      1432832       716416
       44776           32          66.776      2865664      1432832
       44776           64         131.258      5731328      2865664
       44776          128         260.592     11462656      5731328
       44776          256         525.372     22925312     11462656
       44776          512        1041.919     45850624     22925312
       44776         1024        2079.856     91701248     45850624
       44776         2048        4161.652    183402496     91701248
       44776         4096        8310.854    366804992    183402496
       44776         8192       16622.580    733609984    366804992
       44776        16384       33242.714   1467219968    733609984
       49248            1           7.680        98496        49248
       49248            2           6.560       196992        98496
       49248            4          10.995       393984       196992
       49248            8          19.915       787968       393984
       49248           16          37.779      1575936       787968
       49248           32          73.248      3151872      1575936
       49248           64         144.549      6303744      3151872
       49248          128         286.987     12607488      6303744
       49248          256         577.913     25214976     12607488
       49248          512        1147.015     50429952     25214976
       49248         1024        2289.495    100859904     50429952
       49248         2048        4580.199    201719808    100859904
       49248         4096        9156.139    403439616    201719808
       49248         8192       18307.572    806879232    403439616
       49248        16384       36610.930   1613758464    806879232
       54168            1           8.544       108336        54168
       54168            2           7.149       216672       108336
       54168            4          12.533       433344       216672
       54168            8          23.362       866688       433344
       54168           16          44.908      1733376       866688
       54168           32          88.127      3466752      1733376
       54168           64         174.361      6933504      3466752
       54168          128         346.409     13867008      6933504
       54168          256         696.825     27734016     13867008
       54168          512        1383.830     55468032     27734016
       54168         1024        2770.445    110936064     55468032
       54168         2048        5537.971    221872128    110936064
       54168         4096       11070.933    443744256    221872128
       54168         8192       22158.118    887488512    443744256
       54168        16384       44416.811   1774977024    887488512
       59584            1           8.986       119168        59584
       59584            2           7.651       238336       119168
       59584            4          13.614       476672       238336
       59584            8          25.346       953344       476672
       59584           16          49.152      1906688       953344
       59584           32          96.346      3813376      1906688
       59584           64         191.101      7626752      3813376
       59584          128         386.627     15253504      7626752
       59584          256         764.616     30507008     15253504
       59584          512        1521.896     61014016     30507008
       59584         1024        3047.117    122028032     61014016
       59584         2048        6094.266    244056064    122028032
       59584         4096       12195.626    488112128    244056064
       59584         8192       24413.285    976224256    488112128
       59584        16384       48732.585   1952448512    976224256
       65536            1           9.727       131072        65536
       65536            2           8.306       262144       131072
       65536            4          14.788       524288       262144
       65536            8          27.831      1048576       524288
       65536           16          53.815      2097152      1048576
       65536           32         112.234      4194304      2097152
       65536           64         209.907      8388608      4194304
       65536          128         418.290     16777216      8388608
       65536          256         840.798     33554432     16777216
       65536          512        1680.683     67108864     33554432
       65536         1024        3350.804    134217728     67108864
       65536         2048        6700.803    268435456    134217728
       65536         4096       13397.358    536870912    268435456
       65536         8192       26794.881   1073741824    536870912
       65536        16384       53631.022   2147483648   1073741824
       72088            1          10.405       144176        72088
       72088            2           8.961       288352       144176
       72088            4          16.001       576704       288352
       72088            8          30.417      1153408       576704
       72088           16          59.056      2306816      1153408
       72088           32         123.496      4613632      2306816
       72088           64         231.247      9227264      4613632
       72088          128         460.861     18454528      9227264
       72088          256         925.072     36909056     18454528
       72088          512        1847.625     73818112     36909056
       72088         1024        3693.340    147636224     73818112
       72088         2048        7378.204    295272448    147636224
       72088         4096       14761.637    590544896    295272448
       72088         8192       29516.288   1181089792    590544896
       79296            1          11.476       158592        79296
       79296            2           9.685       317184       158592
       79296            4          17.321       634368       317184
       79296            8          33.414      1268736       634368
       79296           16          64.654      2537472      1268736
       79296           32         127.519      5074944      2537472
       79296           64         253.331     10149888      5074944
       79296          128         511.974     20299776     10149888
       79296          256        1014.628     40599552     20299776
       79296          512        2026.456     81199104     40599552
       79296         1024        4051.892    162398208     81199104
       79296         2048        8101.093    324796416    162398208
       79296         4096       16206.065    649592832    324796416
       79296         8192       32426.978   1299185664    649592832
       87224            1          11.841       174448        87224
       87224            2          10.546       348896       174448
       87224            4          18.403       697792       348896
       87224            8          34.001      1395584       697792
       87224           16          72.995      2791168      1395584
       87224           32         128.319      5582336      2791168
       87224           64         253.909     11164672      5582336
       87224          128         505.431     22329344     11164672
       87224          256        1013.695     44658688     22329344
       87224          512        2023.419     89317376     44658688
       87224         1024        4047.337    178634752     89317376
       87224         2048        8079.966    357269504    178634752
       87224         4096       16163.447    714539008    357269504
       87224         8192       32321.695   1429078016    714539008
       95944            1          12.873       191888        95944
       95944            2          11.675       383776       191888
       95944            4          20.923       767552       383776
       95944            8          40.032      1535104       767552
       95944           16          78.319      3070208      1535104
       95944           32         154.586      6140416      3070208
       95944           64         305.132     12280832      6140416
       95944          128         612.357     24561664     12280832
       95944          256        1210.449     49123328     24561664
       95944          512        2428.993     98246656     49123328
       95944         1024        4842.848    196493312     98246656
       95944         2048        9667.109    392986624    196493312
       95944         4096       19348.447    785973248    392986624
       95944         8192       38740.698   1571946496    785973248
      105536            1          14.443       211072       105536
      105536            2          12.731       422144       211072
      105536            4          23.142       844288       422144
      105536            8          44.013      1688576       844288
      105536           16          85.792      3377152      1688576
      105536           32         177.356      6754304      3377152
      105536           64         337.142     13508608      6754304
      105536          128         678.175     27017216     13508608
      105536          256        1348.312     54034432     27017216
      105536          512        2698.711    108068864     54034432
      105536         1024        5389.397    216137728    108068864
      105536         2048       10825.534    432275456    216137728
      105536         4096       21570.024    864550912    432275456
      105536         8192       42221.128   1729101824    864550912
      116088            1          15.137       232176       116088
      116088            2          13.634       464352       232176
      116088            4          24.293       928704       464352
      116088            8          45.003      1857408       928704
      116088           16          86.796      3714816      1857408
      116088           32         177.583      7429632      3714816
      116088           64         337.298     14859264      7429632
      116088          128         678.242     29718528     14859264
      116088          256        1345.434     59437056     29718528
      116088          512        2693.001    118874112     59437056
      116088         1024        5375.757    237748224    118874112
      116088         2048       10760.488    475496448    237748224
      116088         4096       21494.075    950992896    475496448
      116088         8192       42976.828   1901985792    950992896
      127696            1          16.981       255392       127696
      127696            2          15.079       510784       255392
      127696            4          27.463      1021568       510784
      127696            8          52.660      2043136      1021568
      127696           16         103.772      4086272      2043136
      127696           32         205.321      8172544      4086272
      127696           64         415.602     16345088      8172544
      127696          128         821.439     32690176     16345088
      127696          256        1634.460     65380352     32690176
      127696          512        3272.474    130760704     65380352
      127696         1024        6553.770    261521408    130760704
      127696         2048       13089.811    523042816    261521408
      127696         4096       26183.737   1046085632    523042816
      127696         8192       52349.297   2092171264   1046085632
      140464            1          18.921       280928       140464
      140464            2          16.256       561856       280928
      140464            4          28.645      1123712       561856
      140464            8          54.150      2247424      1123712
      140464           16         104.807      4494848      2247424
      140464           32         214.677      8989696      4494848
      140464           64         408.853     17979392      8989696
      140464          128         820.009     35958784     17979392
      140464          256        1629.703     71917568     35958784
      140464          512        3264.514    143835136     71917568
      140464         1024        6516.704    287670272    143835136
      140464         2048       13033.039    575340544    287670272
      140464         4096       26066.105   1150681088    575340544
      154504            1          19.887       309008       154504
      154504            2          18.060       618016       309008
      154504            4          33.238      1236032       618016
      154504            8          63.467      2472064      1236032
      154504           16         126.910      4944128      2472064
      154504           32         247.002      9888256      4944128
      154504           64         499.884     19776512      9888256
      154504          128         985.276     39553024     19776512
      154504          256        1970.419     79106048     39553024
      154504          512        3926.346    158212096     79106048
      154504         1024        7877.402    316424192    158212096
      154504         2048       15697.807    632848384    316424192
      154504         4096       31467.567   1265696768    632848384
      169952            1          21.134       339904       169952
      169952            2          20.507       679808       339904
      169952            4          35.641      1359616       679808
      169952            8          66.991      2719232      1359616
      169952           16         129.201      5438464      2719232
      169952           32         256.229     10876928      5438464
      169952           64         510.808     21753856     10876928
      169952          128        1011.046     43507712     21753856
      169952          256        2012.130     87015424     43507712
      169952          512        4019.691    174030848     87015424
      169952         1024        8085.034    348061696    174030848
      169952         2048       16059.987    696123392    348061696
      169952         4096       32123.935   1392246784    696123392
      186944            1          22.490       373888       186944
      186944            2          23.519       747776       373888
      186944            4          41.283      1495552       747776
      186944            8          80.167      2991104      1495552
      186944           16         156.499      5982208      2991104
      186944           32         309.048     11964416      5982208
      186944           64         619.213     23928832     11964416
      186944          128        1234.131     47857664     23928832
      186944          256        2479.263     95715328     47857664
      186944          512        4914.727    191430656     95715328
      186944         1024        9880.903    382861312    191430656
      186944         2048       19712.401    765722624    382861312
      186944         4096       39372.094   1531445248    765722624
      205632            1          25.104       411264       205632
      205632            2          25.726       822528       411264
      205632            4          46.387      1645056       822528
      205632            8          88.793      3290112      1645056
      205632           16         173.789      6580224      3290112
      205632           32         349.989     13160448      6580224
      205632           64         676.655     26320896     13160448
      205632          128        1380.550     52641792     26320896
      205632          256        2731.703    105283584     52641792
      205632          512        5446.054    210567168    105283584
      205632         1024       10891.596    421134336    210567168
      205632         2048       21842.457    842268672    421134336
      205632         4096       43606.287   1684537344    842268672
      226192            1          27.710       452384       226192
      226192            2          29.475       904768       452384
      226192            4          52.034      1809536       904768
      226192            8          98.903      3619072      1809536
      226192           16         191.936      7238144      3619072
      226192           32         377.799     14476288      7238144
      226192           64         754.874     28952576     14476288
      226192          128        1511.058     57905152     28952576
      226192          256        3000.645    115810304     57905152
      226192          512        6000.361    231620608    115810304
      226192         1024       11997.332    463241216    231620608
      226192         2048       24005.741    926482432    463241216
      226192         4096       48504.848   1852964864    926482432
      248808            1          30.705       497616       248808
      248808            2          31.685       995232       497616
      248808            4          55.366      1990464       995232
      248808            8         102.632      3980928      1990464
      248808           16         197.677      7961856      3980928
      248808           32         395.282     15923712      7961856
      248808           64         766.490     31847424     15923712
      248808          128        1554.405     63694848     31847424
      248808          256        3063.743    127389696     63694848
      248808          512        6118.888    254779392    127389696
      248808         1024       12230.159    509558784    254779392
      248808         2048       24459.487   1019117568    509558784
      248808         4096       49042.951   2038235136   1019117568
      273688            1          40.765       547376       273688
      273688            2          36.887      1094752       547376
      273688            4          64.842      2189504      1094752
      273688            8         123.015      4379008      2189504
      273688           16         239.617      8758016      4379008
      273688           32         471.429     17516032      8758016
      273688           64         937.528     35032064     17516032
      273688          128        1880.896     70064128     35032064
      273688          256        3750.823    140128256     70064128
      273688          512        7504.599    280256512    140128256
      273688         1024       14988.078    560513024    280256512
      273688         2048       29969.245   1121026048    560513024
      301056            1          37.296       602112       301056
      301056            2          40.453      1204224       602112
      301056            4          71.954      2408448      1204224
      301056            8         136.554      4816896      2408448
      301056           16         272.153      9633792      4816896
      301056           32         522.408     19267584      9633792
      301056           64        1048.324     38535168     19267584
      301056          128        2086.028     77070336     38535168
      301056          256        4160.287    154140672     77070336
      301056          512        8323.375    308281344    154140672
      301056         1024       16631.591    616562688    308281344
      301056         2048       33261.275   1233125376    616562688
      331160            1          39.528       662320       331160
      331160            2          44.368      1324640       662320
      331160            4          79.927      2649280      1324640
      331160            8         150.833      5298560      2649280
      331160           16         301.952     10597120      5298560
      331160           32         580.275     21194240     10597120
      331160           64        1159.855     42388480     21194240
      331160          128        2309.070     84776960     42388480
      331160          256        4606.105    169553920     84776960
      331160          512        9219.137    339107840    169553920
      331160         1024       18410.736    678215680    339107840
      331160         2048       36808.392   1356431360    678215680
      364272            1          44.090       728544       364272
      364272            2          51.436      1457088       728544
      364272            4          93.458      2914176      1457088
      364272            8         160.991      5828352      2914176
      364272           16         306.592     11656704      5828352
      364272           32         607.230     23313408     11656704
      364272           64        1196.305     46626816     23313408
      364272          128        2379.699     93253632     46626816
      364272          256        4753.255    186507264     93253632
      364272          512        9486.049    373014528    186507264
      364272         1024       18958.365    746029056    373014528
      364272         2048       37918.337   1492058112    746029056
      400696            1          48.059       801392       400696
      400696            2          55.720      1602784       801392
      400696            4          94.166      3205568      1602784
      400696            8         174.468      6411136      3205568
      400696           16         340.841     12822272      6411136
      400696           32         655.524     25644544     12822272
      400696           64        1315.058     51289088     25644544
      400696          128        2602.813    102578176     51289088
      400696          256        5200.735    205156352    102578176
      400696          512       10398.172    410312704    205156352
      400696         1024       20790.355    820625408    410312704
      400696         2048       41519.792   1641250816    820625408
      440760            1          52.343       881520       440760
      440760            2          63.437      1763040       881520
      440760            4         104.788      3526080      1763040
      440760            8         193.523      7052160      3526080
      440760           16         377.494     14104320      7052160
      440760           32         724.931     28208640     14104320
      440760           64        1447.761     56417280     28208640
      440760          128        2872.688    112834560     56417280
      440760          256        5726.378    225669120    112834560
      440760          512       11428.897    451338240    225669120
      440760         1024       22869.725    902676480    451338240
      440760         2048       45739.661   1805352960    902676480
      484832            1          57.643       969664       484832
      484832            2          70.586      1939328       969664
      484832            4         116.523      3878656      1939328
      484832            8         225.149      7757312      3878656
      484832           16         414.672     15514624      7757312
      484832           32         817.710     31029248     15514624
      484832           64        1611.876     62058496     31029248
      484832          128        3212.315    124116992     62058496
      484832          256        6393.773    248233984    124116992
      484832          512       12777.309    496467968    248233984
      484832         1024       25531.506    992935936    496467968
      484832         2048       51044.268   1985871872    992935936
      533312            1          61.617      1066624       533312
      533312            2          79.340      2133248      1066624
      533312            4         132.973      4266496      2133248
      533312            8         251.553      8532992      4266496
      533312           16         494.153     17065984      8532992
      533312           32         966.635     34131968     17065984
      533312           64        1917.940     68263936     34131968
      533312          128        3821.738    136527872     68263936
      533312          256        7621.792    273055744    136527872
      533312          512       15232.910    546111488    273055744
      533312         1024       30460.719   1092222976    546111488
      586640            1          68.595      1173280       586640
      586640            2          94.077      2346560      1173280
      586640            4         146.929      4693120      2346560
      586640            8         277.335      9386240      4693120
      586640           16         543.580     18772480      9386240
      586640           32        1066.925     37544960     18772480
      586640           64        2112.401     75089920     37544960
      586640          128        4209.520    150179840     75089920
      586640          256        8405.189    300359680    150179840
      586640          512       16804.609    600719360    300359680
      586640         1024       33604.076   1201438720    600719360
      645304            1          74.524      1290608       645304
      645304            2         109.252      2581216      1290608
      645304            4         165.182      5162432      2581216
      645304            8         290.466     10324864      5162432
      645304           16         554.864     20649728     10324864
      645304           32        1095.846     41299456     20649728
      645304           64        2158.295     82598912     41299456
      645304          128        4279.766    165197824     82598912
      645304          256        8540.649    330395648    165197824
      645304          512       17040.457    660791296    330395648
      645304         1024       34068.142   1321582592    660791296
      709832            1          84.318      1419664       709832
      709832            2         117.308      2839328      1419664
      709832            4         178.701      5678656      2839328
      709832            8         338.013     11357312      5678656
      709832           16         659.079     22714624     11357312
      709832           32        1288.962     45429248     22714624
      709832           64        2564.521     90858496     45429248
      709832          128        5095.803    181716992     90858496
      709832          256       10177.441    363433984    181716992
      709832          512       20360.372    726867968    363433984
      709832         1024       40649.242   1453735936    726867968
      780808            1          98.012      1561616       780808
      780808            2         124.471      3123232      1561616
      780808            4         200.176      6246464      3123232
      780808            8         372.312     12492928      6246464
      780808           16         728.283     24985856     12492928
      780808           32        1425.359     49971712     24985856
      780808           64        2830.536     99943424     49971712
      780808          128        5628.033    199886848     99943424
      780808          256       11233.259    399773696    199886848
      780808          512       22441.327    799547392    399773696
      780808         1024       44822.612   1599094784    799547392
      858888            1         100.997      1717776       858888
      858888            2         136.970      3435552      1717776
      858888            4         218.454      6871104      3435552
      858888            8         436.524     13742208      6871104
      858888           16         802.372     27484416     13742208
      858888           32        1567.799     54968832     27484416
      858888           64        3116.095    109937664     54968832
      858888          128        6192.588    219875328    109937664
      858888          256       12353.473    439750656    219875328
      858888          512       24672.345    879501312    439750656
      858888         1024       49317.258   1759002624    879501312
      944776            1         119.521      1889552       944776
      944776            2         149.240      3779104      1889552
      944776            4         235.770      7558208      3779104
      944776            8         445.555     15116416      7558208
      944776           16         873.221     30232832     15116416
      944776           32        1719.440     60465664     30232832
      944776           64        3407.925    120931328     60465664
      944776          128        6790.316    241862656    120931328
      944776          256       13570.621    483725312    241862656
      944776          512       27102.838    967450624    483725312
      944776         1024       54171.252   1934901248    967450624
     1039248            1         119.488      2078496      1039248
     1039248            2         167.107      4156992      2078496
     1039248            4         262.190      8313984      4156992
     1039248            8         497.412     16627968      8313984
     1039248           16         962.776     33255936     16627968
     1039248           32        1893.569     66511872     33255936
     1039248           64        3749.573    133023744     66511872
     1039248          128        7571.378    266047488    133023744
     1039248          256       14927.392    532094976    266047488
     1039248          512       29825.241   1064189952    532094976
     1039248         1024       59582.580   2128379904   1064189952
     1143168            1         133.089      2286336      1143168
     1143168            2         188.219      4572672      2286336
     1143168            4         286.423      9145344      4572672
     1143168            8         548.435     18290688      9145344
     1143168           16        1056.148     36581376     18290688
     1143168           32        2085.385     73162752     36581376
     1143168           64        4140.477    146325504     73162752
     1143168          128        8240.680    292651008    146325504
     1143168          256       16454.875    585302016    292651008
     1143168          512       32901.105   1170604032    585302016
     1257480            1         147.984      2514960      1257480
     1257480            2         218.094      5029920      2514960
     1257480            4         318.265     10059840      5029920
     1257480            8         603.560     20119680     10059840
     1257480           16        1166.380     40239360     20119680
     1257480           32        2293.333     80478720     40239360
     1257480           64        4567.924    160957440     80478720
     1257480          128        9045.521    321914880    160957440
     1257480          256       18051.411    643829760    321914880
     1257480          512       36070.528   1287659520    643829760
     1383224            1         158.801      2766448      1383224
     1383224            2         237.270      5532896      2766448
     1383224            4         332.798     11065792      5532896
     1383224            8         621.025     22131584     11065792
     1383224           16        1184.534     44263168     22131584
     1383224           32        2323.432     88526336     44263168
     1383224           64        4617.820    177052672     88526336
     1383224          128        9145.908    354105344    177052672
     1383224          256       18251.625    708210688    354105344
     1383224          512       36484.536   1416421376    708210688
     1521544            1         173.572      3043088      1521544
     1521544            2         281.825      6086176      3043088
     1521544            4         381.473     12172352      6086176
     1521544            8         727.419     24344704     12172352
     1521544           16        1405.092     48689408     24344704
     1521544           32        2772.244     97378816     48689408
     1521544           64        5491.677    194757632     97378816
     1521544          128       10951.288    389515264    194757632
     1521544          256       21859.748    779030528    389515264
     1521544          512       43663.649   1558061056    779030528
     1673696            1         201.974      3347392      1673696
     1673696            2         288.744      6694784      3347392
     1673696            4         406.076     13389568      6694784
     1673696            8         760.623     26779136     13389568
     1673696           16        1457.262     53558272     26779136
     1673696           32        2840.185    107116544     53558272
     1673696           64        5635.241    214233088    107116544
     1673696          128       11203.264    428466176    214233088
     1673696          256       22347.333    856932352    428466176
     1673696          512       44657.958   1713864704    856932352
     1841064            1         213.925      3682128      1841064
     1841064            2         322.129      7364256      3682128
     1841064            4         453.879     14728512      7364256
     1841064            8         830.926     29457024     14728512
     1841064           16        1585.338     58914048     29457024
     1841064           32        3105.779    117828096     58914048
     1841064           64        6116.738    235656192    117828096
     1841064          128       12178.057    471312384    235656192
     1841064          256       24287.202    942624768    471312384
     1841064          512       48507.298   1885249536    942624768
     2025168            1         235.328      4050336      2025168
     2025168            2         355.665      8100672      4050336
     2025168            4         517.775     16201344      8100672
     2025168            8         967.846     32402688     16201344
     2025168           16        1873.738     64805376     32402688
     2025168           32        3688.511    129610752     64805376
     2025168           64        7331.758    259221504    129610752
     2025168          128       14589.611    518443008    259221504
     2025168          256       29116.490   1036886016    518443008
     2025168          512       58177.340   2073772032   1036886016
     2227680            1         259.678      4455360      2227680
     2227680            2         400.110      8910720      4455360
     2227680            4         542.523     17821440      8910720
     2227680            8        1008.065     35642880     17821440
     2227680           16        1939.406     71285760     35642880
     2227680           32        3790.964    142571520     71285760
     2227680           64        7501.576    285143040    142571520
     2227680          128       14904.753    570286080    285143040
     2227680          256       29728.519   1140572160    570286080
     2450448            1         289.015      4900896      2450448
     2450448            2         439.308      9801792      4900896
     2450448            4         626.538     19603584      9801792
     2450448            8        1169.556     39207168     19603584
     2450448           16        2271.550     78414336     39207168
     2450448           32        4464.757    156828672     78414336
     2450448           64        8855.198    313657344    156828672
     2450448          128       17631.894    627314688    313657344
     2450448          256       35216.247   1254629376    627314688
     2695488            1         317.179      5390976      2695488
     2695488            2         489.082     10781952      5390976
     2695488            4         687.839     21563904     10781952
     2695488            8        1280.571     43127808     21563904
     2695488           16        2482.923     86255616     43127808
     2695488           32        4894.151    172511232     86255616
     2695488           64        9694.492    345022464    172511232
     2695488          128       19398.564    690044928    345022464
     2695488          256       38636.309   1380089856    690044928
     2965032            1         343.501      5930064      2965032
     2965032            2         548.178     11860128      5930064
     2965032            4         726.635     23720256     11860128
     2965032            8        1348.189     47440512     23720256
     2965032           16        2569.424     94881024     47440512
     2965032           32        5025.472    189762048     94881024
     2965032           64        9927.393    379524096    189762048
     2965032          128       19749.623    759048192    379524096
     2965032          256       39374.322   1518096384    759048192
     3261528            1         374.834      6523056      3261528
     3261528            2         605.203     13046112      6523056
     3261528            4         831.276     26092224     13046112
     3261528            8        1560.860     52184448     26092224
     3261528           16        3032.803    104368896     52184448
     3261528           32        5970.109    208737792    104368896
     3261528           64       11847.360    417475584    208737792
     3261528          128       23530.659    834951168    417475584
     3261528          256       46947.568   1669902336    834951168
     3587680            1         419.062      7175360      3587680
     3587680            2         683.015     14350720      7175360
     3587680            4         881.735     28701440     14350720
     3587680            8        1639.666     57402880     28701440
     3587680           16        3136.154    114805760     57402880
     3587680           32        6145.030    229611520    114805760
     3587680           64       12175.653    459223040    229611520
     3587680          128       24236.524    918446080    459223040
     3587680          256       48324.152   1836892160    918446080
     3946448            1         459.152      7892896      3946448
     3946448            2         763.922     15785792      7892896
     3946448            4        1053.241     31571584     15785792
     3946448            8        1995.298     63143168     31571584
     3946448           16        3713.907    126286336     63143168
     3946448           32        7270.692    252572672    126286336
     3946448           64       14376.751    505145344    252572672
     3946448          128       28767.615   1010290688    505145344
     3946448          256       57849.683   2020581376   1010290688
     4341088            1         507.184      8682176      4341088
     4341088            2         841.221     17364352      8682176
     4341088            4        1092.800     34728704     17364352
     4341088            8        2007.358     69457408     34728704
     4341088           16        3854.332    138914816     69457408
     4341088           32        7520.657    277829632    138914816
     4341088           64       14892.783    555659264    277829632
     4341088          128       29525.453   1111318528    555659264
     4775192            1         567.165      9550384      4775192
     4775192            2         944.582     19100768      9550384
     4775192            4        1257.302     38201536     19100768
     4775192            8        2344.105     76403072     38201536
     4775192           16        4541.864    152806144     76403072
     4775192           32        8921.983    305612288    152806144
     4775192           64       17743.375    611224576    305612288
     4775192          128       35296.292   1222449152    611224576
     5252704            1         609.319     10505408      5252704
     5252704            2        1060.664     21010816     10505408
     5252704            4        1357.715     42021632     21010816
     5252704            8        2488.136     84043264     42021632
     5252704           16        4771.877    168086528     84043264
     5252704           32        9334.439    336173056    168086528
     5252704           64       18481.001    672346112    336173056
     5252704          128       36709.054   1344692224    672346112
     5777968            1         670.677     11555936      5777968
     5777968            2        1197.207     23111872     11555936
     5777968            4        1563.439     46223744     23111872
     5777968            8        2834.333     92447488     46223744
     5777968           16        5403.426    184894976     92447488
     5777968           32       10523.927    369789952    184894976
     5777968           64       20787.881    739579904    369789952
     5777968          128       41253.554   1479159808    739579904
     6355760            1         747.795     12711520      6355760
     6355760            2        1350.613     25423040     12711520
     6355760            4        1817.534     50846080     25423040
     6355760            8        3257.300    101692160     50846080
     6355760           16        6122.487    203384320    101692160
     6355760           32       11915.517    406768640    203384320
     6355760           64       23525.934    813537280    406768640
     6355760          128       47312.775   1627074560    813537280
     6991336            1         825.206     13982672      6991336
     6991336            2        1561.850     27965344     13982672
     6991336            4        2098.079     55930688     27965344
     6991336            8        3771.398    111861376     55930688
     6991336           16        7086.881    223722752    111861376
     6991336           32       13638.967    447445504    223722752
     6991336           64       26955.077    894891008    447445504
     6991336          128       53561.928   1789782016    894891008
     7690464            1         906.416     15380928      7690464
     7690464            2        1693.061     30761856     15380928
     7690464            4        2337.856     61523712     30761856
     7690464            8        4221.332    123047424     61523712
     7690464           16        7952.323    246094848    123047424
     7690464           32       15499.687    492189696    246094848
     7690464           64       30231.353    984379392    492189696
     7690464          128       59924.154   1968758784    984379392
     8459504            1         997.902     16919008      8459504
     8459504            2        1891.424     33838016     16919008
     8459504            4        2652.937     67676032     33838016
     8459504            8        4725.257    135352064     67676032
     8459504           16        8967.016    270704128    135352064
     8459504           32       17340.582    541408256    270704128
     8459504           64       34229.734   1082816512    541408256
     9305448            1        1083.522     18610896      9305448
     9305448            2        2048.789     37221792     18610896
     9305448            4        2979.878     74443584     37221792
     9305448            8        5294.598    148887168     74443584
     9305448           16       10016.124    297774336    148887168
     9305448           32       19365.417    595548672    297774336
     9305448           64       38128.054   1191097344    595548672
    10235992            1        1189.302     20471984     10235992
    10235992            2        2306.787     40943968     20471984
    10235992            4        3616.025     81887936     40943968
    10235992            8        6442.520    163775872     81887936
    10235992           16       11969.443    327551744    163775872
    10235992           32       23059.528    655103488    327551744
    10235992           64       44830.403   1310206976    655103488
    11259584            1        1324.018     22519168     11259584
    11259584            2        2587.988     45038336     22519168
    11259584            4        4080.657     90076672     45038336
    11259584            8        7186.489    180153344     90076672
    11259584           16       13364.185    360306688    180153344
    11259584           32       25917.012    720613376    360306688
    11259584           64       50061.103   1441226752    720613376
    12385536            1        1458.490     24771072     12385536
    12385536            2        2868.456     49542144     24771072
    12385536            4        4626.860     99084288     49542144
    12385536            8        8080.842    198168576     99084288
    12385536           16       15097.050    396337152    198168576
    12385536           32       28940.509    792674304    396337152
    12385536           64       56184.575   1585348608    792674304
    13624088            1        1605.667     27248176     13624088
    13624088            2        3163.334     54496352     27248176
    13624088            4        5106.258    108992704     54496352
    13624088            8        9045.861    217985408    108992704
    13624088           16       16759.602    435970816    217985408
    13624088           32       32078.102    871941632    435970816
    13624088           64       63091.529   1743883264    871941632
    14986496            1        1762.495     29972992     14986496
    14986496            2        3484.754     59945984     29972992
    14986496            4        5613.381    119891968     59945984
    14986496            8       10196.022    239783936    119891968
    14986496           16       18374.107    479567872    239783936
    14986496           32       35278.543    959135744    479567872
    14986496           64       68679.834   1918271488    959135744
    16485144            1        1947.279     32970288     16485144
    16485144            2        3839.939     65940576     32970288
    16485144            4        6189.905    131881152     65940576
    16485144            8       10921.689    263762304    131881152
    16485144           16       20337.367    527524608    263762304
    16485144           32       39095.367   1055049216    527524608
    16485144           64       76647.323   2110098432   1055049216
    18133656            1        2113.517     36267312     18133656
    18133656            2        4194.394     72534624     36267312
    18133656            4        6748.253    145069248     72534624
    18133656            8       11993.224    290138496    145069248
    18133656           16       22276.969    580276992    290138496
    18133656           32       43035.683   1160553984    580276992
    19947016            1        2357.024     39894032     19947016
    19947016            2        4649.212     79788064     39894032
    19947016            4        7521.622    159576128     79788064
    19947016            8       13280.109    319152256    159576128
    19947016           16       24659.263    638304512    319152256
    19947016           32       47492.642   1276609024    638304512
    21941712            1        2576.177     43883424     21941712
    21941712            2        5101.047     87766848     43883424
    21941712            4        8324.765    175533696     87766848
    21941712            8       14750.598    351067392    175533696
    21941712           16       27783.343    702134784    351067392
    21941712           32       52305.627   1404269568    702134784
    24135880            1        2844.061     48271760     24135880
    24135880            2        5603.360     96543520     48271760
    24135880            4        9122.586    193087040     96543520
    24135880            8       16290.258    386174080    193087040
    24135880           16       30402.619    772348160    386174080
    24135880           32       58656.601   1544696320    772348160
    26549464            1        3116.339     53098928     26549464
    26549464            2        6169.063    106197856     53098928
    26549464            4       10038.694    212395712    106197856
    26549464            8       17774.643    424791424    212395712
    26549464           16       33196.354    849582848    424791424
    26549464           32       64063.385   1699165696    849582848
    29204408            1        3413.944     58408816     29204408
    29204408            2        6760.867    116817632     58408816
    29204408            4       10761.172    233635264    116817632
    29204408            8       18985.836    467270528    233635264
    29204408           16       34655.378    934541056    467270528
    29204408           32       67633.914   1869082112    934541056
    32124848            1        3755.857     64249696     32124848
    32124848            2        7442.684    128499392     64249696
    32124848            4       11923.386    256998784    128499392
    32124848            8       20891.885    513997568    256998784
    32124848           16       38695.082   1027995136    513997568
    32124848           32       73347.914   2055990272   1027995136
    35337328            1        4097.799     70674656     35337328
    35337328            2        8110.889    141349312     70674656
    35337328            4       13133.314    282698624    141349312
    35337328            8       23016.347    565397248    282698624
    35337328           16       42847.427   1130794496    565397248
    38871056            1        4581.235     77742112     38871056
    38871056            2        9089.536    155484224     77742112
    38871056            4       14773.289    310968448    155484224
    38871056            8       26180.318    621936896    310968448
    38871056           16       49003.035   1243873792    621936896
    42758160            1        5047.843     85516320     42758160
    42758160            2        9996.646    171032640     85516320
    42758160            4       16235.971    342065280    171032640
    42758160            8       28844.332    684130560    342065280
    42758160           16       53668.220   1368261120    684130560
    47033976            1        5456.383     94067952     47033976
    47033976            2       10815.726    188135904     94067952
    47033976            4       17458.936    376271808    188135904
    47033976            8       30986.082    752543616    376271808
    47033976           16       57746.021   1505087232    752543616
    51737368            1        6115.243    103474736     51737368
    51737368            2       12115.083    206949472    103474736
    51737368            4       19697.611    413898944    206949472
    51737368            8       34910.158    827797888    413898944
    51737368           16       64991.951   1655595776    827797888
    56911104            1        6729.615    113822208     56911104
    56911104            2       13332.209    227644416    113822208
    56911104            4       21630.254    455288832    227644416
    56911104            8       38460.339    910577664    455288832
    56911104           16       71662.447   1821155328    910577664
    62602208            1        7380.760    125204416     62602208
    62602208            2       14631.066    250408832    125204416
    62602208            4       23602.873    500817664    250408832
    62602208            8       41606.240   1001635328    500817664
    62602208           16       76858.356   2003270656   1001635328
    68862424            1        8379.035    137724848     68862424
    68862424            2       16054.844    275449696    137724848
    68862424            4       26179.770    550899392    275449696
    68862424            8       46915.221   1101798784    550899392
    75748664            1        8884.368    151497328     75748664
    75748664            2       17489.785    302994656    151497328
    75748664            4       28168.164    605989312    302994656
    75748664            8       48954.559   1211978624    605989312
    83323528            1        9710.029    166647056     83323528
    83323528            2       19276.416    333294112    166647056
    83323528            4       31584.940    666588224    333294112
    83323528            8       56187.735   1333176448    666588224
    91655880            1       10789.294    183311760     91655880
    91655880            2       21395.728    366623520    183311760
    91655880            4       35179.516    733247040    366623520
    91655880            8       62748.725   1466494080    733247040
   100821464            1       11874.820    201642928    100821464
   100821464            2       23566.018    403285856    201642928
   100821464            4       38823.023    806571712    403285856
   100821464            8       68511.896   1613143424    806571712
   110903608            1       12873.578    221807216    110903608
   110903608            2       25614.832    443614432    221807216
   110903608            4       41147.366    887228864    443614432
   110903608            8       71950.068   1774457728    887228864
   121993968            1       14376.038    243987936    121993968
   121993968            2       28585.644    487975872    243987936
   121993968            4       46318.520    975951744    487975872
   121993968            8       81614.180   1951903488    975951744
   134193360            1       15784.508    268386720    134193360
   134193360            2       31417.865    536773440    268386720
   134193360            4       51327.495   1073546880    536773440
   134193360            8       91355.283   2147093760   1073546880
   147612696            1       17457.303    295225392    147612696
   147612696            2       34832.539    590450784    295225392
   147612696            4       56615.925   1180901568    590450784
   162373960            1       18871.031    324747920    162373960
   162373960            2       37532.515    649495840    324747920
   162373960            4       61657.383   1298991680    649495840
   178611352            1       20868.147    357222704    178611352
   178611352            2       41468.989    714445408    357222704
   178611352            4       67931.405   1428890816    714445408
   196472480            1       22995.582    392944960    196472480
   196472480            2       45867.099    785889920    392944960
   196472480            4       73386.459   1571779840    785889920
   216119728            1       25352.575    432239456    216119728
   216119728            2       50577.431    864478912    432239456
   216119728            4       81435.236   1728957824    864478912
   237731696            1       27638.012    475463392    237731696
   237731696            2       54998.124    950926784    475463392
   237731696            4       89340.161   1901853568    950926784
   261504864            1       30387.512    523009728    261504864
   261504864            2       60535.002   1046019456    523009728
   261504864            4       98321.875   2092038912   1046019456
   287655344            1       33680.675    575310688    287655344
   287655344            2       67552.986   1150621376    575310688
   316420872            1       37449.559    632841744    316420872
   316420872            2       74640.252   1265683488    632841744
   348062952            1       41090.757    696125904    348062952
   348062952            2       81943.719   1392251808    696125904
   382869240            1       45230.327    765738480    382869240
   382869240            2       90186.298   1531476960    765738480
   421156160            1       48904.730    842312320    421156160
   421156160            2       97881.260   1684624640    842312320
   463271776            1       53840.663    926543552    463271776
   463271776            2      107537.237   1853087104    926543552
   509598952            1       60177.779   1019197904    509598952
   509598952            2      120143.335   2038395808   1019197904
   560558840            1       66166.798   1121117680    560558840
   616614720            1       71862.906   1233229440    616614720
   678276192            1       78708.600   1356552384    678276192
   746103808            1       88178.611   1492207616    746103808
   820714184            1       96568.292   1641428368    820714184
   902785600            1      104742.502   1805571200    902785600
   993064160            1      117335.600   1986128320    993064160

META_DATA
FLOPS          8
OPENMP_THREADS 1
ERT_VERSION  1.1.0
HOSTNAME  ('laptop', [], ['127.0.1.1'])
UNAME  uname_result(system='Linux', node='laptop', release='6.8.0-84-generic', version='#84-Ubuntu SMP PREEMPT_DYNAMIC Fri Sep  5 22:36:38 UTC 2025', machine='x86_64')
TIMESTAMP_DATA  1765914364.5132465
CONFIG  {'ERT_MPI': ['False'], 'ERT_OPENMP': ['True'], 'ERT_OPENMP_CFLAGS': ['-fopenmp'], 'ERT_OPENMP_LDFLAGS': ['-fopenmp'], 'ERT_PRECISION': ['FP64'], 'ERT_TRIALS_MIN': ['1'], 'ERT_TRIALS': ['3', '#', 'Run', 'each', 'test', '3', 'times', 'to', 'filter', 'out', 'background', 'noise'], 'ERT_RESULTS': ['Results/8250U'], 'ERT_GNUPLOT': ['gnuplot'], 'ERT_DRIVER': ['driver1'], 'ERT_KERNEL': ['kernel1'], 'ERT_CC': ['g++'], 'ERT_LD': ['g++'], 'ERT_CFLAGS': ['-O3', '-march=native', '-fopenmp', '-fstrict-aliasing', '-funroll-loops', '-Wno-all'], 'ERT_LDFLAGS': ['-O3', '-march=native', '-fopenmp'], 'ERT_LDLIBS': ['-lm'], 'ERT_RUN': ['export', 'OMP_NUM_THREADS=ERT_OPENMP_THREADS;', './ERT_CODE'], 'ERT_WORKING_SET_MIN': ['128'], 'ERT_MEMORY_MAX': ['1073741824'], 'ERT_ALIGN': ['64'], 'ERT_MIN_PROCS': ['1'], 'ERT_MAX_PROCS': ['1'], 'ERT_OPENMP_THREADS': ['1,2,4,8', '#', 'Logical', 'Threads'], 'ERT_NUM_EXPERIMENTS': ['4'], 'ERT_FLOPS': ['1,2,4,8'], 'ERT_GPU': [False], 'ERT_HIP': [False], 'ERT_OCL': [False], 'ERT_SYCL': [False], 'ERT_WSS_MULT': [1.1]}
