fp64
        1024            1           0.870         2048          512
        1024            2           0.370         4096         1024
        1024            4           0.420         8192         2048
        1024            8           0.520        16384         4096
        1024           16           0.650        32768         8192
        1024           32           0.990        65536        16384
        1024           64           1.700       131072        32768
        1024          128           2.930       262144        65536
        1024          256           6.060       524288       131072
        1024          512          10.880      1048576       262144
        1024         1024          23.520      2097152       524288
        1024         2048          46.720      4194304      1048576
        1024         4096          93.170      8388608      2097152
        1024         8192         185.920     16777216      4194304
        1024        16384         338.561     33554432      8388608
        1024        32768         746.490     67108864     16777216
        1024        65536        1389.431    134217728     33554432
        1024       131072        2881.913    268435456     67108864
        1024       262144        5693.694    536870912    134217728
        1024       524288       11228.139   1073741824    268435456
        1024      1048576       22978.179   2147483648    536870912
        1120            1           0.620         2240          560
        1120            2           0.360         4480         1120
        1120            4           0.440         8960         2240
        1120            8           0.520        17920         4480
        1120           16           0.670        35840         8960
        1120           32           1.020        71680        17920
        1120           64           1.860       143360        35840
        1120          128           3.210       286720        71680
        1120          256           6.640       573440       143360
        1120          512          11.940      1146880       286720
        1120         1024          31.520      2293760       573440
        1120         2048          51.161      4587520      1146880
        1120         4096         102.040      9175040      2293760
        1120         8192         203.860     18350080      4587520
        1120        16384         373.120     36700160      9175040
        1120        32768         817.521     73400320     18350080
        1120        65536        1534.311    146800640     36700160
        1120       131072        3091.483    293601280     73400320
        1120       262144        6236.955    587202560    146800640
        1120       524288       12770.260   1174405120    293601280
        1232            1           0.630         2464          616
        1232            2           0.460         4928         1232
        1232            4           0.590         9856         2464
        1232            8           0.710        19712         4928
        1232           16           0.970        39424         9856
        1232           32           1.520        78848        19712
        1232           64           2.670       157696        39424
        1232          128           4.960       315392        78848
        1232          256           9.580       630784       157696
        1232          512          18.820      1261568       315392
        1232         1024          33.560      2523136       630784
        1232         2048          53.951      5046272      1261568
        1232         4096         107.540     10092544      2523136
        1232         8192         214.840     20185088      5046272
        1232        16384         433.340     40370176     10092544
        1232        32768         858.801     80740352     20185088
        1232        65536        1721.411    161480704     40370176
        1232       131072        3445.083    322961408     80740352
        1232       262144        6882.196    645922816    161480704
        1232       524288       13766.361   1291845632    322961408
        1352            1           0.650         2704          676
        1352            2           0.380         5408         1352
        1352            4           0.450        10816         2704
        1352            8           0.570        21632         5408
        1352           16           0.770        43264        10816
        1352           32           1.220        86528        21632
        1352           64           2.150       173056        43264
        1352          128           3.970       346112        86528
        1352          256           7.680       692224       173056
        1352          512          15.080      1384448       346112
        1352         1024          29.860      2768896       692224
        1352         2048          59.500      5537792      1384448
        1352         4096         118.700     11075584      2768896
        1352         8192         241.060     22151168      5537792
        1352        16384         473.261     44302336     11075584
        1352        32768         949.961     88604672     22151168
        1352        65536        1897.711    177209344     44302336
        1352       131072        3795.813    354418688     88604672
        1352       262144        7589.256    708837376    177209344
        1352       524288       15188.823   1417674752    354418688
        1480            1           0.670         2960          740
        1480            2           0.350         5920         1480
        1480            4           0.440        11840         2960
        1480            8           0.560        23680         5920
        1480           16           0.800        47360        11840
        1480           32           1.300        94720        23680
        1480           64           2.290       189440        47360
        1480          128           4.300       378880        94720
        1480          256           8.370       757760       189440
        1480          512          16.440      1515520       378880
        1480         1024          32.640      3031040       757760
        1480         2048          73.160      6062080      1515520
        1480         4096         129.740     12124160      3031040
        1480         8192         259.200     24248320      6062080
        1480        16384         518.141     48496640     12124160
        1480        32768        1038.821     96993280     24248320
        1480        65536        2079.211    193986560     48496640
        1480       131072        4159.994    387973120     96993280
        1480       262144        8303.957    775946240    193986560
        1480       524288       16613.243   1551892480    387973120
        1624            1           0.660         3248          812
        1624            2           0.360         6496         1624
        1624            4           0.450        12992         3248
        1624            8           0.590        25984         6496
        1624           16           0.930        51968        12992
        1624           32           1.350       103936        25984
        1624           64           2.410       207872        51968
        1624          128           4.980       415744       103936
        1624          256           9.520       831488       207872
        1624          512          17.220      1662976       415744
        1624         1024          34.130      3325952       831488
        1624         2048          74.450      6651904      1662976
        1624         4096         148.661     13303808      3325952
        1624         8192         271.350     26607616      6651904
        1624        16384         596.890     53215232     13303808
        1624        32768        1190.591    106430464     26607616
        1624        65536        2227.362    212860928     53215232
        1624       131072        4471.094    425721856    106430464
        1624       262144        8876.557    851443712    212860928
        1624       524288       17986.794   1702887424    425721856
        1784            1           0.840         3568          892
        1784            2           0.380         7136         1784
        1784            4           0.470        14272         3568
        1784            8           0.650        28544         7136
        1784           16           0.870        57088        14272
        1784           32           1.560       114176        28544
        1784           64           2.820       228352        57088
        1784          128           5.350       456704       114176
        1784          256           9.580       913408       228352
        1784          512          18.900      1826816       456704
        1784         1024          37.490      3653632       913408
        1784         2048          74.750      7307264      1826816
        1784         4096         170.170     14614528      3653632
        1784         8192         298.150     29229056      7307264
        1784        16384         599.061     58458112     14614528
        1784        32768        1275.041    116916224     29229056
        1784        65536        2519.152    233832448     58458112
        1784       131072        5015.264    467664896    116916224
        1784       262144       10142.978    935329792    233832448
        1784       524288       20011.306   1870659584    467664896
        1960            1           1.030         3920          980
        1960            2           0.370         7840         1960
        1960            4           0.490        15680         3920
        1960            8           0.650        31360         7840
        1960           16           0.970        62720        15680
        1960           32           1.630       125440        31360
        1960           64           2.960       250880        62720
        1960          128           5.640       501760       125440
        1960          256          10.990      1003520       250880
        1960          512          30.700      2007040       501760
        1960         1024          43.070      4014080      1003520
        1960         2048          85.740      8028160      2007040
        1960         4096         171.080     16056320      4014080
        1960         8192         341.960     32112640      8028160
        1960        16384         686.651     64225280     16056320
        1960        32768        1369.471    128450560     32112640
        1960        65536        2741.402    256901120     64225280
        1960       131072        5502.185    513802240    128450560
        1960       262144       10961.318   1027604480    256901120
        1960       524288       21942.478   2055208960    513802240
        2152            1           1.000         4304         1076
        2152            2           0.390         8608         2152
        2152            4           0.510        17216         4304
        2152            8           0.680        34432         8608
        2152           16           1.020        68864        17216
        2152           32           1.770       137728        34432
        2152           64           3.210       275456        68864
        2152          128           6.140       550912       137728
        2152          256          12.000      1101824       275456
        2152          512          23.730      2203648       550912
        2152         1024          47.270      4407296      1101824
        2152         2048          94.090      8814592      2203648
        2152         4096         238.651     17629184      4407296
        2152         8192         376.420     35258368      8814592
        2152        16384         755.881     70516736     17629184
        2152        32768        1506.091    141033472     35258368
        2152        65536        3015.952    282066944     70516736
        2152       131072        6029.805    564133888    141033472
        2152       262144       12057.510   1128267776    282066944
        2360            1           0.960         4720         1180
        2360            2           0.410         9440         2360
        2360            4           0.520        18880         4720
        2360            8           0.710        37760         9440
        2360           16           1.050        75520        18880
        2360           32           1.820       151040        37760
        2360           64           3.370       302080        75520
        2360          128           6.410       604160       151040
        2360          256          12.540      1208320       302080
        2360          512          27.120      2416640       604160
        2360         1024          54.090      4833280      1208320
        2360         2048         107.900      9666560      2416640
        2360         4096         204.221     19333120      4833280
        2360         8192         393.210     38666240      9666560
        2360        16384         789.751     77332480     19333120
        2360        32768        1720.081    154664960     38666240
        2360        65536        3319.003    309329920     77332480
        2360       131072        6635.735    618659840    154664960
        2360       262144       13058.511   1237319680    309329920
        2592            1           0.960         5184         1296
        2592            2           0.420        10368         2592
        2592            4           0.550        20736         5184
        2592            8           0.760        41472        10368
        2592           16           1.160        82944        20736
        2592           32           2.120       165888        41472
        2592           64           3.650       331776        82944
        2592          128           7.630       663552       165888
        2592          256          13.710      1327104       331776
        2592          512          27.080      2654208       663552
        2592         1024          59.120      5308416      1327104
        2592         2048         117.910     10616832      2654208
        2592         4096         235.551     21233664      5308416
        2592         8192         451.910     42467328     10616832
        2592        16384         930.261     84934656     21233664
        2592        32768        1719.121    169869312     42467328
        2592        65536        3582.453    339738624     84934656
        2592       131072        7304.216    679477248    169869312
        2592       262144       14522.292   1358954496    339738624
        2848            1           0.940         5696         1424
        2848            2           0.410        11392         2848
        2848            4           0.550        22784         5696
        2848            8           0.810        45568        11392
        2848           16           1.240        91136        22784
        2848           32           2.140       182272        45568
        2848           64           4.310       364544        91136
        2848          128           7.660       729088       182272
        2848          256          15.020      1458176       364544
        2848          512          29.770      2916352       729088
        2848         1024          64.970      5832704      1458176
        2848         2048         129.581     11665408      2916352
        2848         4096         239.950     23330816      5832704
        2848         8192         517.920     46661632     11665408
        2848        16384         980.401     93323264     23330816
        2848        32768        1929.551    186646528     46661632
        2848        65536        3954.263    373293056     93323264
        2848       131072        7918.676    746586112    186646528
        2848       262144       15740.063   1493172224    373293056
        3128            1           0.930         6256         1564
        3128            2           0.440        12512         3128
        3128            4           0.590        25024         6256
        3128            8           0.850        50048        12512
        3128           16           1.330       100096        25024
        3128           32           2.330       200192        50048
        3128           64          13.330       400384       100096
        3128          128           9.150       800768       200192
        3128          256          16.560      1601536       400384
        3128          512          35.890      3203072       800768
        3128         1024          71.500      6406144      1601536
        3128         2048         142.710     12812288      3203072
        3128         4096         285.141     25624576      6406144
        3128         8192         522.770     51249152     12812288
        3128        16384        1121.281    102498304     25624576
        3128        32768        2085.872    204996608     51249152
        3128        65536        4429.393    409993216    102498304
        3128       131072        8534.587    819986432    204996608
        3128       262144       17501.054   1639972864    409993216
        3440            1           0.790         6880         1720
        3440            2           0.480        13760         3440
        3440            4           0.620        27520         6880
        3440            8           0.900        55040        13760
        3440           16           1.480       110080        27520
        3440           32           2.640       220160        55040
        3440           64           4.970       440320       110080
        3440          128           9.610       880640       220160
        3440          256          18.970      1761280       440320
        3440          512          37.630      3522560       880640
        3440         1024          74.970      7045120      1761280
        3440         2048         162.280     14090240      3522560
        3440         4096         299.010     28180480      7045120
        3440         8192         599.851     56360960     14090240
        3440        16384        1196.961    112721920     28180480
        3440        32768        2396.412    225443840     56360960
        3440        65536        4788.184    450887680    112721920
        3440       131072        9583.107    901775360    225443840
        3440       262144       19169.296   1803550720    450887680
        3784            1           1.080         7568         1892
        3784            2           0.450        15136         3784
        3784            4           0.640        30272         7568
        3784            8           0.930        60544        15136
        3784           16           1.590       121088        30272
        3784           32           2.880       242176        60544
        3784           64           5.450       484352       121088
        3784          128          10.570       968704       242176
        3784          256          20.890      1937408       484352
        3784          512          41.510      3874816       968704
        3784         1024          82.661      7749632      1937408
        3784         2048         165.040     15499264      3874816
        3784         4096         329.600     30998528      7749632
        3784         8192         662.780     61997056     15499264
        3784        16384        1320.402    123994112     30998528
        3784        32768        2642.822    247988224     61997056
        3784        65536        5285.474    495976448    123994112
        3784       131072       10569.809    991952896    247988224
        3784       262144       21131.677   1983905792    495976448
        4160            1           1.000         8320         2080
        4160            2           0.490        16640         4160
        4160            4           0.690        33280         8320
        4160            8           1.020        66560        16640
        4160           16           1.680       133120        33280
        4160           32           3.250       266240        66560
        4160           64           6.200       532480       133120
        4160          128          12.090      1064960       266240
        4160          256          23.950      2129920       532480
        4160          512          43.400      4259840      1064960
        4160         1024          94.700      8519680      2129920
        4160         2048         177.241     17039360      4259840
        4160         4096         344.640     34078720      8519680
        4160         8192         742.640     68157440     17039360
        4160        16384        1380.851    136314880     34078720
        4160        32768        2838.063    272629760     68157440
        4160        65536        5788.265    545259520    136314880
        4160       131072       11405.429   1090519040    272629760
        4576            1           1.120         9152         2288
        4576            2           0.510        18304         4576
        4576            4           0.730        36608         9152
        4576            8           1.090        73216        18304
        4576           16           1.850       146432        36608
        4576           32           3.300       292864        73216
        4576           64           6.770       585728       146432
        4576          128          13.310      1171456       292864
        4576          256          24.080      2342912       585728
        4576          512          52.480      4685824      1171456
        4576         1024          95.370      9371648      2342912
        4576         2048         190.430     18743296      4685824
        4576         4096         419.221     37486592      9371648
        4576         8192         760.700     74973184     18743296
        4576        16384        1574.952    149946368     37486592
        4576        32768        3087.552    299892736     74973184
        4576        65536        6566.435    599785472    149946368
        4576       131072       12891.381   1199570944    299892736
        5032            1           1.300        10064         2516
        5032            2           0.520        20128         5032
        5032            4           0.760        40256        10064
        5032            8           1.150        80512        20128
        5032           16           2.010       161024        40256
        5032           32           3.720       322048        80512
        5032           64           7.160       644096       161024
        5032          128          13.960      1288192       322048
        5032          256          27.680      2576384       644096
        5032          512          55.030      5152768      1288192
        5032         1024         109.710     10305536      2576384
        5032         2048         219.160     20611072      5152768
        5032         4096         454.151     41222144     10305536
        5032         8192         875.141     82444288     20611072
        5032        16384        1788.671    164888576     41222144
        5032        32768        3567.353    329777152     82444288
        5032        65536        7077.836    659554304    164888576
        5032       131072       14122.941   1319108608    329777152
        5528            1           1.090        11056         2764
        5528            2           0.550        22112         5528
        5528            4           0.790        44224        11056
        5528            8           1.300        88448        22112
        5528           16           2.260       176896        44224
        5528           32           3.900       353792        88448
        5528           64           7.500       707584       176896
        5528          128          14.660      1415168       353792
        5528          256          31.740      2830336       707584
        5528          512          57.630      5660672      1415168
        5528         1024         115.040     11321344      2830336
        5528         2048         270.320     22642688      5660672
        5528         4096         502.650     45285376     11321344
        5528         8192         987.531     90570752     22642688
        5528        16384        1920.302    181141504     45285376
        5528        32768        3934.603    362283008     90570752
        5528        65536        7793.386    724566016    181141504
        5528       131072       15326.333   1449132032    362283008
        6080            1           1.300        12160         3040
        6080            2           0.580        24320         6080
        6080            4           0.860        48640        12160
        6080            8           1.330        97280        24320
        6080           16           2.460       194560        48640
        6080           32           4.270       389120        97280
        6080           64           8.620       778240       194560
        6080          128          16.090      1556480       389120
        6080          256          34.810      3112960       778240
        6080          512          63.350      6225920      1556480
        6080         1024         134.860     12451840      3112960
        6080         2048         256.310     24903680      6225920
        6080         4096         504.481     49807360     12451840
        6080         8192        1069.721     99614720     24903680
        6080        16384        2133.961    199229440     49807360
        6080        32768        4221.184    398458880     99614720
        6080        65536        8489.527    796917760    199229440
        6080       131072       16805.643   1593835520    398458880
        6688            1           1.230        13376         3344
        6688            2           0.600        26752         6688
        6688            4           0.890        53504        13376
        6688            8           1.480       107008        26752
        6688           16           2.490       214016        53504
        6688           32           5.060       428032       107008
        6688           64           9.800       856064       214016
        6688          128          17.670      1712128       428032
        6688          256          38.210      3424256       856064
        6688          512          71.310      6848512      1712128
        6688         1024         149.610     13697024      3424256
        6688         2048         287.460     27394048      6848512
        6688         4096         557.001     54788096     13697024
        6688         8192        1189.021    109576192     27394048
        6688        16384        2437.592    219152384     54788096
        6688        32768        4724.613    438304768    109576192
        6688        65536        9655.358    876609536    219152384
        6688       131072       18368.655   1753219072    438304768
        7352            1           1.520        14704         3676
        7352            2           0.640        29408         7352
        7352            4           0.980        58816        14704
        7352            8           1.540       117632        29408
        7352           16           2.940       235264        58816
        7352           32           5.530       470528       117632
        7352           64          10.730       941056       235264
        7352          128          19.370      1882112       470528
        7352          256          38.430      3764224       941056
        7352          512          87.640      7528448      1882112
        7352         1024         152.660     15056896      3764224
        7352         2048         334.350     30113792      7528448
        7352         4096         653.601     60227584     15056896
        7352         8192        1339.281    120455168     30113792
        7352        16384        2488.622    240910336     60227584
        7352        32768        5152.004    481820672    120455168
        7352        65536       10436.758    963641344    240910336
        7352       131072       20258.227   1927282688    481820672
        8080            1           1.390        16160         4040
        8080            2           0.680        32320         8080
        8080            4           1.400        64640        16160
        8080            8           2.340       129280        32320
        8080           16           4.160       258560        64640
        8080           32           8.000       517120       129280
        8080           64          15.480      1034240       258560
        8080          128          30.380      2068480       517120
        8080          256          44.140      4136960      1034240
        8080          512          88.010      8273920      2068480
        8080         1024         175.640     16547840      4136960
        8080         2048         354.650     33095680      8273920
        8080         4096         701.511     66191360     16547840
        8080         8192        1408.091    132382720     33095680
        8080        16384        2810.292    264765440     66191360
        8080        32768        5627.145    529530880    132382720
        8080        65536       11248.389   1059061760    264765440
        8080       131072       22500.068   2118123520    529530880
        8888            1           1.390        17776         4444
        8888            2           0.710        35552         8888
        8888            4           1.120        71104        17776
        8888            8           1.850       142208        35552
        8888           16           3.450       284416        71104
        8888           32           6.630       568832       142208
        8888           64          12.920      1137664       284416
        8888          128          25.570      2275328       568832
        8888          256          46.510      4550656      1137664
        8888          512          92.400      9101312      2275328
        8888         1024         202.161     18202624      4550656
        8888         2048         373.520     36405248      9101312
        8888         4096         811.271     72810496     18202624
        8888         8192        1482.231    145620992     36405248
        8888        16384        3237.842    291241984     72810496
        8888        32768        6088.525    582483968    145620992
        8888        65536       12215.500   1164967936    291241984
        9776            1           1.660        19552         4888
        9776            2           0.760        39104         9776
        9776            4           1.200        78208        19552
        9776            8           2.040       156416        39104
        9776           16           3.620       312832        78208
        9776           32           6.960       625664       156416
        9776           64          13.640      1251328       312832
        9776          128          26.890      2502656       625664
        9776          256          53.330      5005312      1251328
        9776          512         114.430     10010624      2502656
        9776         1024         212.620     20021248      5005312
        9776         2048         424.820     40042496     10010624
        9776         4096         851.581     80084992     20021248
        9776         8192        1702.972    160169984     40042496
        9776        16384        3404.252    320339968     80084992
        9776        32768        6811.636    640679936    160169984
        9776        65536       13619.641   1281359872    320339968
       10752            1           1.580        21504         5376
       10752            2           0.800        43008        10752
       10752            4           1.290        86016        21504
       10752            8           2.160       172032        43008
       10752           16           4.140       344064        86016
       10752           32           7.950       688128       172032
       10752           64          14.280      1376256       344064
       10752          128          28.180      2752512       688128
       10752          256          56.010      5505024      1376256
       10752          512         119.000     11010048      2752512
       10752         1024         243.650     22020096      5505024
       10752         2048         489.750     44040192     11010048
       10752         4096         934.691     88080384     22020096
       10752         8192        1893.212    176160768     44040192
       10752        16384        3716.163    352321536     88080384
       10752        32768        7713.736    704643072    176160768
       10752        65536       14539.682   1409286144    352321536
       11824            1           1.640        23648         5912
       11824            2           0.930        47296        11824
       11824            4           1.450        94592        23648
       11824            8           2.330       189184        47296
       11824           16           4.330       378368        94592
       11824           32           8.410       756736       189184
       11824           64          16.380      1513472       378368
       11824          128          32.460      3026944       756736
       11824          256          64.530      6053888      1513472
       11824          512         128.760     12107776      3026944
       11824         1024         257.091     24215552      6053888
       11824         2048         517.610     48431104     12107776
       11824         4096        1030.601     96862208     24215552
       11824         8192        2059.982    193724416     48431104
       11824        16384        4120.683    387448832     96862208
       11824        32768        8232.577    774897664    193724416
       11824        65536       16486.783   1549795328    387448832
       13000            1           1.780        26000         6500
       13000            2           0.920        52000        13000
       13000            4           1.480       104000        26000
       13000            8           2.540       208000        52000
       13000           16           4.800       416000       104000
       13000           32           9.170       832000       208000
       13000           64          17.960      1664000       416000
       13000          128          35.650      3328000       832000
       13000          256          70.841      6656000      1664000
       13000          512         141.300     13312000      3328000
       13000         1024         282.400     26624000      6656000
       13000         2048         568.500     53248000     13312000
       13000         4096        1131.971    106496000     26624000
       13000         8192        2262.632    212992000     53248000
       13000        16384        4532.084    425984000    106496000
       13000        32768        9058.207    851968000    212992000
       13000        65536       18099.245   1703936000    425984000
       14296            1           1.720        28592         7148
       14296            2           0.990        57184        14296
       14296            4           1.560       114368        28592
       14296            8           2.880       228736        57184
       14296           16           5.040       457472       114368
       14296           32          10.490       914944       228736
       14296           64          20.620      1829888       457472
       14296          128          41.000      3659776       914944
       14296          256          81.500      7319552      1829888
       14296          512         162.660     14639104      3659776
       14296         1024         316.541     29278208      7319552
       14296         2048         649.640     58556416     14639104
       14296         4096        1203.931    117112832     29278208
       14296         8192        2507.082    234225664     58556416
       14296        16384        4973.314    468451328    117112832
       14296        32768        9946.228    936902656    234225664
       14296        65536       20110.336   1873805312    468451328
       15720            1           1.890        31440         7860
       15720            2           1.390        62880        15720
       15720            4           2.370       125760        31440
       15720            8           4.240       251520        62880
       15720           16           7.840       503040       125760
       15720           32          11.000      1006080       251520
       15720           64          21.800      2012160       503040
       15720          128          43.090      4024320      1006080
       15720          256          85.700      8048640      2012160
       15720          512         175.190     16097280      4024320
       15720         1024         341.621     32194560      8048640
       15720         2048         685.560     64389120     16097280
       15720         4096        1367.911    128778240     32194560
       15720         8192        2737.712    257556480     64389120
       15720        16384        5474.915    515112960    128778240
       15720        32768       10943.379   1030225920    257556480
       15720        65536       21916.607   2060451840    515112960
       17288            1           2.070        34576         8644
       17288            2           1.110        69152        17288
       17288            4           1.840       138304        34576
       17288            8           3.270       276608        69152
       17288           16           6.260       553216       138304
       17288           32          12.110      1106432       276608
       17288           64          23.800      2212864       553216
       17288          128          47.200      4425728      1106432
       17288          256          94.130      8851456      2212864
       17288          512         196.731     17702912      4425728
       17288         1024         375.340     35405824      8851456
       17288         2048         753.520     70811648     17702912
       17288         4096        1503.272    141623296     35405824
       17288         8192        3009.722    283246592     70811648
       17288        16384        6017.255    566493184    141623296
       17288        32768       12037.610   1132986368    283246592
       19016            1           2.110        38032         9508
       19016            2           1.230        76064        19016
       19016            4           2.050       152128        38032
       19016            8           3.680       304256        76064
       19016           16           6.820       608512       152128
       19016           32          13.240      1217024       304256
       19016           64          26.220      2434048       608512
       19016          128          52.000      4868096      1217024
       19016          256         103.650      9736192      2434048
       19016          512         215.140     19472384      4868096
       19016         1024         413.371     38944768      9736192
       19016         2048         828.830     77889536     19472384
       19016         4096        1656.542    155779072     38944768
       19016         8192        3310.302    311558144     77889536
       19016        16384        6629.406    623116288    155779072
       19016        32768       13258.920   1246232576    311558144
       20912            1           2.840        41824        10456
       20912            2           1.300        83648        20912
       20912            4           2.250       167296        41824
       20912            8           4.000       334592        83648
       20912           16           7.550       669184       167296
       20912           32          14.620      1338368       334592
       20912           64          28.710      2676736       669184
       20912          128          57.130      5353472      1338368
       20912          256         125.541     10706944      2676736
       20912          512         227.260     21413888      5353472
       20912         1024         454.070     42827776     10706944
       20912         2048         911.191     85655552     21413888
       20912         4096        1821.921    171311104     42827776
       20912         8192        3645.173    342622208     85655552
       20912        16384        7279.726    685244416    171311104
       20912        32768       14561.872   1370488832    342622208
       23000            1           2.760        46000        11500
       23000            2           1.390        92000        23000
       23000            4           2.760       184000        46000
       23000            8           4.170       368000        92000
       23000           16           7.920       736000       184000
       23000           32          16.690      1472000       368000
       23000           64          33.010      2944000       736000
       23000          128          59.960      5888000      1472000
       23000          256         119.500     11776000      2944000
       23000          512         261.260     23552000      5888000
       23000         1024         500.221     47104000     11776000
       23000         2048        1023.230     94208000     23552000
       23000         4096        1926.642    188416000     47104000
       23000         8192        4091.093    376832000     94208000
       23000        16384        8213.287    753664000    188416000
       23000        32768       15895.393   1507328000    376832000
       25296            1           3.260        50592        12648
       25296            2           1.510       101184        25296
       25296            4           2.540       202368        50592
       25296            8           4.760       404736       101184
       25296           16           8.950       809472       202368
       25296           32          17.610      1618944       404736
       25296           64          34.700      3237888       809472
       25296          128          68.971      6475776      1618944
       25296          256         145.210     12951552      3237888
       25296          512         274.870     25903104      6475776
       25296         1024         549.370     51806208     12951552
       25296         2048        1100.691    103612416     25903104
       25296         4096        2204.252    207224832     51806208
       25296         8192        4410.034    414449664    103612416
       25296        16384        8832.667    828899328    207224832
       25296        32768       17616.174   1657798656    414449664
       27824            1           3.040        55648        13912
       27824            2           1.640       111296        27824
       27824            4           2.880       222592        55648
       27824            8           5.140       445184       111296
       27824           16           9.760       890368       222592
       27824           32          19.270      1780736       445184
       27824           64          38.070      3561472       890368
       27824          128          76.020      7122944      1780736
       27824          256         151.270     14245888      3561472
       27824          512         302.120     28491776      7122944
       27824         1024         607.170     56983552     14245888
       27824         2048        1209.541    113967104     28491776
       27824         4096        2418.522    227934208     56983552
       27824         8192        4839.244    455868416    113967104
       27824        16384        9682.108    911736832    227934208
       27824        32768       19362.056   1823473664    455868416
       30600            1           3.270        61200        15300
       30600            2           1.800       122400        30600
       30600            4           3.130       244800        61200
       30600            8           5.820       489600       122400
       30600           16          11.000       979200       244800
       30600           32          21.150      1958400       489600
       30600           64          41.940      3916800       979200
       30600          128          83.400      7833600      1958400
       30600          256         174.721     15667200      3916800
       30600          512         332.210     31334400      7833600
       30600         1024         667.620     62668800     15667200
       30600         2048        1331.241    125337600     31334400
       30600         4096        2663.403    250675200     62668800
       30600         8192        5323.044    501350400    125337600
       30600        16384       10652.458   1002700800    250675200
       30600        32768       21302.988   2005401600    501350400
       33656            1           3.850        67312        16828
       33656            2           2.000       134624        33656
       33656            4           3.600       269248        67312
       33656            8           6.320       538496       134624
       33656           16          11.590      1076992       269248
       33656           32          24.340      2153984       538496
       33656           64          44.140      4307968      1076992
       33656          128          96.070      8615936      2153984
       33656          256         191.750     17231872      4307968
       33656          512         369.551     34463744      8615936
       33656         1024         728.360     68927488     17231872
       33656         2048        1521.192    137854976     34463744
       33656         4096        2985.642    275709952     68927488
       33656         8192        5793.595    551419904    137854976
       33656        16384       11572.219   1102839808    275709952
       37016            1           4.110        74032        18508
       37016            2           2.100       148064        37016
       37016            4           3.610       296128        74032
       37016            8           6.590       592256       148064
       37016           16          13.600      1184512       296128
       37016           32          24.550      2369024       592256
       37016           64          48.540      4738048      1184512
       37016          128         103.251      9476096      2369024
       37016          256         209.490     18952192      4738048
       37016          512         383.990     37904384      9476096
       37016         1024         817.431     75808768     18952192
       37016         2048        1613.241    151617536     37904384
       37016         4096        3283.673    303235072     75808768
       37016         8192        6460.965    606470144    151617536
       37016        16384       12773.810   1212940288    303235072
       40712            1           4.210        81424        20356
       40712            2           3.000       162848        40712
       40712            4           5.610       325696        81424
       40712            8           9.920       651392       162848
       40712           16          14.300      1302784       325696
       40712           32          28.230      2605568       651392
       40712           64          55.710      5211136      1302784
       40712          128         110.890     10422272      2605568
       40712          256         225.430     20844544      5211136
       40712          512         442.161     41689088     10422272
       40712         1024         887.570     83378176     20844544
       40712         2048        1773.532    166756352     41689088
       40712         4096        3543.513    333512704     83378176
       40712         8192        7108.235    667025408    166756352
       40712        16384       14180.282   1334050816    333512704
       44776            1           5.090        89552        22388
       44776            2           2.480       179104        44776
       44776            4           4.320       358208        89552
       44776            8           8.440       716416       179104
       44776           16          23.390      1432832       358208
       44776           32          31.080      2865664       716416
       44776           64          61.280      5731328      1432832
       44776          128         122.180     11462656      2865664
       44776          256         243.641     22925312      5731328
       44776          512         486.790     45850624     11462656
       44776         1024         976.471     91701248     22925312
       44776         2048        1957.492    183402496     45850624
       44776         4096        3901.983    366804992     91701248
       44776         8192        7802.846    733609984    183402496
       44776        16384       15609.633   1467219968    366804992
       49248            1           5.320        98496        24624
       49248            2           2.760       196992        49248
       49248            4           4.680       393984        98496
       49248            8           8.840       787968       196992
       49248           16          16.660      1575936       393984
       49248           32          32.600      3151872       787968
       49248           64          70.310      6303744      1575936
       49248          128         140.290     12607488      3151872
       49248          256         280.241     25214976      6303744
       49248          512         551.040     50429952     12607488
       49248         1024        1023.981    100859904     25214976
       49248         2048        2094.272    201719808     50429952
       49248         4096        4158.523    403439616    100859904
       49248         8192        8584.997    806879232    201719808
       49248        16384       17388.964   1613758464    403439616
       54168            1           5.691       108336        27084
       54168            2           2.900       216672        54168
       54168            4           5.370       433344       108336
       54168            8           9.910       866688       216672
       54168           16          18.460      1733376       433344
       54168           32          35.770      3466752       866688
       54168           64          77.440      6933504      1733376
       54168          128         148.800     13867008      3466752
       54168          256         296.270     27734016      6933504
       54168          512         587.280     55468032     13867008
       54168         1024        1136.481    110936064     27734016
       54168         2048        2249.192    221872128     55468032
       54168         4096        4626.874    443744256    110936064
       54168         8192        9260.377    887488512    221872128
       54168        16384       18725.736   1774977024    443744256
       59584            1           5.900       119168        29792
       59584            2           4.300       238336        59584
       59584            4           7.690       476672       119168
       59584            8          14.660       953344       238336
       59584           16          36.090      1906688       476672
       59584           32          39.390      3813376       953344
       59584           64          78.000      7626752      1906688
       59584          128         155.050     15253504      3813376
       59584          256         337.071     30507008      7626752
       59584          512         679.070     61014016     15253504
       59584         1024        1247.831    122028032     30507008
       59584         2048        2583.132    244056064     61014016
       59584         4096        5031.824    488112128    122028032
       59584         8192       10344.699    976224256    244056064
       59584        16384       20609.006   1952448512    488112128
       65536            1           6.180       131072        32768
       65536            2           3.510       262144        65536
       65536            4           6.180       524288       131072
       65536            8          11.980      1048576       262144
       65536           16          23.840      2097152       524288
       65536           32          47.090      4194304      1048576
       65536           64          93.640      8388608      2097152
       65536          128         170.470     16777216      4194304
       65536          256         340.070     33554432      8388608
       65536          512         725.071     67108864     16777216
       65536         1024        1415.791    134217728     33554432
       65536         2048        2889.622    268435456     67108864
       65536         4096        5676.115    536870912    134217728
       65536         8192       10973.649   1073741824    268435456
       65536        16384       22951.458   2147483648    536870912
       72088            1           7.530       144176        36044
       72088            2           5.010       288352        72088
       72088            4           9.680       576704       144176
       72088            8          18.370      1153408       288352
       72088           16          33.770      2306816       576704
       72088           32          51.720      4613632      1153408
       72088           64         102.910      9227264      2306816
       72088          128         205.500     18454528      4613632
       72088          256         377.841     36909056      9227264
       72088          512         821.980     73818112     18454528
       72088         1024        1627.532    147636224     36909056
       72088         2048        3105.942    295272448     73818112
       72088         4096        5995.065    590544896    147636224
       72088         8192       12405.650   1181089792    295272448
       79296            1           8.440       158592        39648
       79296            2           4.090       317184        79296
       79296            4           7.670       634368       158592
       79296            8          13.840      1268736       317184
       79296           16          28.790      2537472       634368
       79296           32          56.920      5074944      1268736
       79296           64         113.260     10149888      2537472
       79296          128         225.941     20299776      5074944
       79296          256         447.060     40599552     10149888
       79296          512         843.271     81199104     20299776
       79296         1024        1734.461    162398208     40599552
       79296         2048        3339.993    324796416     81199104
       79296         4096        6994.695    649592832    162398208
       79296         8192       13441.301   1299185664    324796416
       87224            1           9.120       174448        43612
       87224            2           4.510       348896        87224
       87224            4           8.400       697792       174448
       87224            8          23.850      1395584       348896
       87224           16          29.260      2791168       697792
       87224           32          62.540      5582336      1395584
       87224           64         124.400     11164672      2791168
       87224          128         226.680     22329344      5582336
       87224          256         452.441     44658688     11164672
       87224          512         950.560     89317376     22329344
       87224         1024        1864.722    178634752     44658688
       87224         2048        3852.063    357269504     89317376
       87224         4096        7604.296    714539008    178634752
       87224         8192       15186.552   1429078016    357269504
       95944            1           9.490       191888        47972
       95944            2           4.910       383776        95944
       95944            4           8.830       767552       191888
       95944            8          17.000      1535104       383776
       95944           16          33.240      3070208       767552
       95944           32          65.850      6140416      1535104
       95944           64         131.270     12280832      3070208
       95944          128         265.240     24561664      6140416
       95944          256         521.571     49123328     12280832
       95944          512        1045.061     98246656     24561664
       95944         1024        2089.021    196493312     49123328
       95944         2048        4176.254    392986624     98246656
       95944         4096        8353.786    785973248    196493312
       95944         8192       16707.034   1571946496    392986624
      105536            1          10.330       211072        52768
      105536            2           5.460       422144       105536
      105536            4          10.190       844288       211072
      105536            8          19.510      1688576       422144
      105536           16          38.270      3377152       844288
      105536           32          75.570      6754304      1688576
      105536           64         150.490     13508608      3377152
      105536          128         287.350     27017216      6754304
      105536          256         603.361     54034432     13508608
      105536          512        1159.151    108068864     27017216
      105536         1024        2204.241    216137728     54034432
      105536         2048        4532.734    432275456    108068864
      105536         4096        8958.127    864550912    216137728
      105536         8192       18300.955   1729101824    432275456
      116088            1          10.920       232176        58044
      116088            2           5.921       464352       116088
      116088            4          10.620       928704       232176
      116088            8          21.300      1857408       464352
      116088           16          41.950      3714816       928704
      116088           32          83.100      7429632      1857408
      116088           64         151.450     14859264      3714816
      116088          128         333.800     29718528      7429632
      116088          256         659.371     59437056     14859264
      116088          512        1308.711    118874112     29718528
      116088         1024        2484.322    237748224     59437056
      116088         2048        5055.314    475496448    118874112
      116088         4096       10336.268    950992896    237748224
      116088         8192       20133.936   1901985792    475496448
      127696            1          12.750       255392        63848
      127696            2           6.470       510784       127696
      127696            4          12.140      1021568       255392
      127696            8          22.920      2043136       510784
      127696           16          44.130      4086272      1021568
      127696           32          87.950      8172544      2043136
      127696           64         174.530     16345088      4086272
      127696          128         352.181     32690176      8172544
      127696          256         693.400     65380352     16345088
      127696          512        1391.721    130760704     32690176
      127696         1024        2781.103    261521408     65380352
      127696         2048        5560.444    523042816    130760704
      127696         4096       11118.539   1046085632    261521408
      127696         8192       22248.568   2092171264    523042816
      140464            1          13.220       280928        70232
      140464            2           7.120       561856       140464
      140464            4          13.330      1123712       280928
      140464            8          25.250      2247424       561856
      140464           16          49.030      4494848      1123712
      140464           32          96.120      8989696      2247424
      140464           64         191.960     17979392      4494848
      140464          128         381.740     35958784      8989696
      140464          256         767.611     71917568     17979392
      140464          512        1530.781    143835136     35958784
      140464         1024        3056.703    287670272     71917568
      140464         2048        6112.405    575340544    143835136
      140464         4096       12221.359   1150681088    287670272
      154504            1          14.270       309008        77252
      154504            2           7.820       618016       154504
      154504            4          14.120      1236032       309008
      154504            8          27.820      2472064       618016
      154504           16          53.370      4944128      1236032
      154504           32         106.350      9888256      2472064
      154504           64         210.960     19776512      4944128
      154504          128         423.621     39553024      9888256
      154504          256         841.650     79106048     19776512
      154504          512        1679.552    158212096     39553024
      154504         1024        3363.082    316424192     79106048
      154504         2048        6748.046    632848384    158212096
      154504         4096       13451.571   1265696768    316424192
      169952            1          16.270       339904        84976
      169952            2           8.480       679808       169952
      169952            4          16.110      1359616       339904
      169952            8          31.140      2719232       679808
      169952           16          56.620      5438464      1359616
      169952           32         111.600     10876928      2719232
      169952           64         241.841     21753856      5438464
      169952          128         486.850     43507712     10876928
      169952          256         883.951     87015424     21753856
      169952          512        1854.051    174030848     43507712
      169952         1024        3868.133    348061696     87015424
      169952         2048        7539.676    696123392    174030848
      169952         4096       14697.822   1392246784    348061696
      186944            1          17.430       373888        93472
      186944            2           9.460       747776       186944
      186944            4          17.880      1495552       373888
      186944            8          32.190      2991104       747776
      186944           16          62.240      5982208      1495552
      186944           32         133.560     11964416      2991104
      186944           64         243.750     23928832      5982208
      186944          128         529.861     47857664     11964416
      186944          256         972.960     95715328     23928832
      186944          512        2073.852    191430656     47857664
      186944         1024        4103.843    382861312     95715328
      186944         2048        8411.647    765722624    191430656
      186944         4096       16139.113   1531445248    382861312
      205632            1          18.560       411264       102816
      205632            2          10.360       822528       205632
      205632            4          19.340      1645056       411264
      205632            8          37.630      3290112       822528
      205632           16          74.100      6580224      1645056
      205632           32         147.120     13160448      3290112
      205632           64         292.700     26320896      6580224
      205632          128         548.041     52641792     13160448
      205632          256        1137.601    105283584     26320896
      205632          512        2243.512    210567168     52641792
      205632         1024        4385.213    421134336    105283584
      205632         2048        8871.657    842268672    210567168
      205632         4096       17943.665   1684537344    421134336
      226192            1          22.130       452384       113096
      226192            2          11.290       904768       226192
      226192            4          21.190      1809536       452384
      226192            8          39.550      3619072       904768
      226192           16          78.690      7238144      1809536
      226192           32         155.331     14476288      3619072
      226192           64         308.700     28952576      7238144
      226192          128         618.670     57905152     14476288
      226192          256        1256.431    115810304     28952576
      226192          512        2463.992    231620608     57905152
      226192         1024        4924.454    463241216    115810304
      226192         2048        9856.088    926482432    231620608
      226192         4096       19683.256   1852964864    463241216
      248808            1          23.620       497616       124404
      248808            2          12.410       995232       248808
      248808            4          22.330      1990464       497616
      248808            8          44.410      3980928       995232
      248808           16          86.530      7961856      1990464
      248808           32         175.900     15923712      3980928
      248808           64         338.700     31847424      7961856
      248808          128         679.351     63694848     15923712
      248808          256        1353.571    127389696     31847424
      248808          512        2710.042    254779392     63694848
      248808         1024        5412.094    509558784    127389696
      248808         2048       10827.689   1019117568    254779392
      248808         4096       21660.988   2038235136    509558784
      273688            1          25.100       547376       136844
      273688            2          13.740      1094752       273688
      273688            4          25.590      2189504       547376
      273688            8          49.860      4379008      1094752
      273688           16          90.950      8758016      2189504
      273688           32         195.531     17516032      4379008
      273688           64         389.710     35032064      8758016
      273688          128         714.331     70064128     17516032
      273688          256        1535.021    140128256     35032064
      273688          512        2910.862    280256512     70064128
      273688         1024        5902.915    560513024    140128256
      273688         2048       12074.730   1121026048    280256512
      301056            1          29.090       602112       150528
      301056            2          15.040      1204224       301056
      301056            4          27.050      2408448       602112
      301056            8          53.770      4816896      1204224
      301056           16         100.270      9633792      2408448
      301056           32         197.401     19267584      4816896
      301056           64         411.080     38535168      9633792
      301056          128         781.691     77070336     19267584
      301056          256        1713.091    154140672     38535168
      301056          512        3203.563    308281344     77070336
      301056         1024        6519.355    616562688    154140672
      301056         2048       12986.340   1233125376    308281344
      331160            1          31.450       662320       165580
      331160            2          16.510      1324640       331160
      331160            4          31.120      2649280       662320
      331160            8          56.470      5298560      1324640
      331160           16         109.970     10597120      2649280
      331160           32         217.060     21194240      5298560
      331160           64         475.371     42388480     10597120
      331160          128         862.780     84776960     21194240
      331160          256        1799.942    169553920     42388480
      331160          512        3668.983    339107840     84776960
      331160         1024        7270.355    678215680    169553920
      331160         2048       14524.712   1356431360    339107840
      364272            1          33.250       728544       182136
      364272            2          18.190      1457088       364272
      364272            4          34.310      2914176       728544
      364272            8          65.010      5828352      1457088
      364272           16         125.460     11656704      2914176
      364272           32         252.750     23313408      5828352
      364272           64         495.641     46626816     11656704
      364272          128         994.311     93253632     23313408
      364272          256        1986.151    186507264     46626816
      364272          512        3965.663    373014528     93253632
      364272         1024        7953.897    746029056    186507264
      364272         2048       15854.873   1492058112    373014528
      400696            1          38.030       801392       200348
      400696            2          20.110      1602784       400696
      400696            4          36.170      3205568       801392
      400696            8          71.680      6411136      1602784
      400696           16         133.350     12822272      3205568
      400696           32         262.971     25644544      6411136
      400696           64         525.940     51289088     12822272
      400696          128        1141.921    102578176     25644544
      400696          256        2144.812    205156352     51289088
      400696          512        4455.243    410312704    102578176
      400696         1024        8672.627    820625408    205156352
      400696         2048       17144.654   1641250816    410312704
      440760            1          40.650       881520       220380
      440760            2          22.180      1763040       440760
      440760            4          41.450      3526080       881520
      440760            8          80.570      7052160      1763040
      440760           16         146.720     14104320      3526080
      440760           32         314.940     28208640      7052160
      440760           64         631.111     56417280     14104320
      440760          128        1164.491    112834560     28208640
      440760          256        2416.212    225669120     56417280
      440760          512        4826.214    451338240    112834560
      440760         1024        9362.057    902676480    225669120
      440760         2048       19446.676   1805352960    451338240
      484832            1          45.340       969664       242416
      484832            2          24.300      1939328       484832
      484832            4          43.680      3878656       969664
      484832            8          88.600      7757312      1939328
      484832           16         174.430     15514624      3878656
      484832           32         321.750     31029248      7757312
      484832           64         690.011     62058496     15514624
      484832          128        1385.891    124116992     31029248
      484832          256        2581.392    248233984     62058496
      484832          512        5261.085    496467968    124116992
      484832         1024       10686.048    992935936    248233984
      484832         2048       21524.247   1985871872    496467968
      533312            1          48.790      1066624       266656
      533312            2          26.620      2133248       533312
      533312            4          50.180      4266496      1066624
      533312            8          97.450      8532992      2133248
      533312           16         177.430     17065984      4266496
      533312           32         380.751     34131968      8532992
      533312           64         716.980     68263936     17065984
      533312          128        1426.331    136527872     34131968
      533312          256        2938.963    273055744     68263936
      533312          512        5718.754    546111488    136527872
      533312         1024       11436.120   1092222976    273055744
      586640            1          53.730      1173280       293320
      586640            2          37.920      2346560       586640
      586640            4          55.280      4693120      1173280
      586640            8         102.660      9386240      2346560
      586640           16         202.170     18772480      4693120
      586640           32         403.401     37544960      9386240
      586640           64         804.810     75089920     18772480
      586640          128        1601.762    150179840     37544960
      586640          256        3201.182    300359680     75089920
      586640          512        6391.065    600719360    150179840
      586640         1024       12781.951   1201438720    300359680
      645304            1          59.280      1290608       322652
      645304            2          32.210      2581216       645304
      645304            4          60.880      5162432      1290608
      645304            8         112.870     10324864      2581216
      645304           16         232.520     20649728      5162432
      645304           32         460.391     41299456     10324864
      645304           64         845.620     82598912     20649728
      645304          128        1815.852    165197824     41299456
      645304          256        3542.433    330395648     82598912
      645304          512        7004.315    660791296    165197824
      645304         1024       13954.392   1321582592    330395648
      709832            1          65.380      1419664       354916
      709832            2          47.440      2839328       709832
      709832            4          64.050      5678656      1419664
      709832            8         124.770     11357312      2839328
      709832           16         247.870     22714624      5678656
      709832           32         488.851     45429248     11357312
      709832           64         981.121     90858496     22714624
      709832          128        1936.871    181716992     45429248
      709832          256        3883.933    363433984     90858496
      709832          512        7753.187    726867968    181716992
      709832         1024       15506.992   1453735936    363433984
      780808            1          72.961      1561616       390404
      780808            2          38.430      3123232       780808
      780808            4          73.200      6246464      1561616
      780808            8         137.890     12492928      3123232
      780808           16         270.440     24985856      6246464
      780808           32         551.120     49971712     12492928
      780808           64        1074.141     99943424     24985856
      780808          128        2139.932    199886848     49971712
      780808          256        4390.764    399773696     99943424
      780808          512        8564.807    799547392    199886848
      780808         1024       17048.513   1599094784    399773696
      858888            1          79.040      1717776       429444
      858888            2          42.190      3435552       858888
      858888            4          80.460      6871104      1717776
      858888            8         153.380     13742208      3435552
      858888           16         303.520     27484416      6871104
      858888           32         592.281     54968832     13742208
      858888           64        1174.621    109937664     27484416
      858888          128        2375.661    219875328     54968832
      858888          256        4691.874    439750656    109937664
      858888          512        9371.208    879501312    219875328
      858888         1024       18745.665   1759002624    439750656
      944776            1          85.290      1889552       472388
      944776            2          46.630      3779104       944776
      944776            4          86.330      7558208      1889552
      944776            8         168.520     15116416      3779104
      944776           16         321.970     30232832      7558208
      944776           32         649.261     60465664     15116416
      944776           64        1295.661    120931328     30232832
      944776          128        2593.222    241862656     60465664
      944776          256        5150.374    483725312    120931328
      944776          512       10331.528    967450624    241862656
      944776         1024       20662.857   1934901248    483725312
     1039248            1          92.520      2078496       519624
     1039248            2          51.710      4156992      1039248
     1039248            4          97.980      8313984      2078496
     1039248            8         189.070     16627968      4156992
     1039248           16         362.210     33255936      8313984
     1039248           32         724.221     66511872     16627968
     1039248           64        1419.211    133023744     33255936
     1039248          128        2836.142    266047488     66511872
     1039248          256        5664.195    532094976    133023744
     1039248          512       11337.809   1064189952    266047488
     1039248         1024       22643.478   2128379904    532094976
     1143168            1         102.370      2286336       571584
     1143168            2          56.240      4572672      1143168
     1143168            4         105.100      9145344      2286336
     1143168            8         202.000     18290688      4572672
     1143168           16         399.591     36581376      9145344
     1143168           32         777.010     73162752     18290688
     1143168           64        1572.772    146325504     36581376
     1143168          128        3127.432    292651008     73162752
     1143168          256        6235.765    585302016    146325504
     1143168          512       12490.160   1170604032    292651008
     1257480            1         111.490      2514960       628740
     1257480            2          61.770      5029920      1257480
     1257480            4         112.650     10059840      2514960
     1257480            8         227.060     20119680      5029920
     1257480           16         434.161     40239360     10059840
     1257480           32         872.870     80478720     20119680
     1257480           64        1721.602    160957440     40239360
     1257480          128        3425.293    321914880     80478720
     1257480          256        6870.315    643829760    160957440
     1257480          512       13684.351   1287659520    321914880
     1383224            1         129.940      2766448       691612
     1383224            2          68.460      5532896      1383224
     1383224            4         127.820     11065792      2766448
     1383224            8         244.510     22131584      5532896
     1383224           16         479.560     44263168     11065792
     1383224           32         962.631     88526336     22131584
     1383224           64        1904.242    177052672     44263168
     1383224          128        3811.553    354105344     88526336
     1383224          256        7561.216    708210688    177052672
     1383224          512       15115.332   1416421376    354105344
     1521544            1         134.960      3043088       760772
     1521544            2          89.270      6086176      1521544
     1521544            4         136.810     12172352      3043088
     1521544            8         277.620     24344704      6086176
     1521544           16         529.141     48689408     12172352
     1521544           32        1048.091     97378816     24344704
     1521544           64        2088.851    194757632     48689408
     1521544          128        4171.134    389515264     97378816
     1521544          256        8300.266    779030528    194757632
     1521544          512       16613.734   1558061056    389515264
     1673696            1         148.080      3347392       836848
     1673696            2          82.640      6694784      1673696
     1673696            4         164.010     13389568      3347392
     1673696            8         295.061     26779136      6694784
     1673696           16         583.660     53558272     13389568
     1673696           32        1142.291    107116544     26779136
     1673696           64        2306.032    214233088     53558272
     1673696          128        4583.474    428466176    107116544
     1673696          256        9179.167    856932352    214233088
     1673696          512       18272.755   1713864704    428466176
     1841064            1         163.430      3682128       920532
     1841064            2          90.980      7364256      1841064
     1841064            4         170.351     14728512      3682128
     1841064            8         337.750     29457024      7364256
     1841064           16         636.240     58914048     14728512
     1841064           32        1270.301    117828096     29457024
     1841064           64        2534.762    235656192     58914048
     1841064          128        5032.994    471312384    117828096
     1841064          256       10055.809    942624768    235656192
     1841064          512       20113.466   1885249536    471312384
     2025168            1         187.791      4050336      1012584
     2025168            2         100.150      8100672      2025168
     2025168            4         187.250     16201344      4050336
     2025168            8         353.570     32402688      8100672
     2025168           16         707.181     64805376     16201344
     2025168           32        1408.351    129610752     32402688
     2025168           64        2797.652    259221504     64805376
     2025168          128        5542.745    518443008    129610752
     2025168          256       11070.829   1036886016    259221504
     2025168          512       22119.937   2073772032    518443008
     2227680            1         198.400      4455360      1113840
     2227680            2         118.810      8910720      2227680
     2227680            4         202.221     17821440      4455360
     2227680            8         392.710     35642880      8910720
     2227680           16         769.821     71285760     17821440
     2227680           32        1530.221    142571520     35642880
     2227680           64        3075.732    285143040     71285760
     2227680          128        6119.045    570286080    142571520
     2227680          256       12210.160   1140572160    285143040
     2450448            1         220.120      4900896      1225224
     2450448            2         121.930      9801792      2450448
     2450448            4         231.680     19603584      4900896
     2450448            8         433.730     39207168      9801792
     2450448           16         860.221     78414336     19603584
     2450448           32        1685.071    156828672     39207168
     2450448           64        3352.473    313657344     78414336
     2450448          128        6707.386    627314688    156828672
     2450448          256       13440.170   1254629376    313657344
     2695488            1         245.910      5390976      1347744
     2695488            2         133.700     10781952      2695488
     2695488            4         247.520     21563904      5390976
     2695488            8         481.251     43127808     10781952
     2695488           16         943.380     86255616     21563904
     2695488           32        1852.962    172511232     43127808
     2695488           64        3686.223    345022464     86255616
     2695488          128        7411.256    690044928    172511232
     2695488          256       14766.992   1380089856    345022464
     2965032            1         277.840      5930064      1482516
     2965032            2         147.520     11860128      2965032
     2965032            4         270.251     23720256      5930064
     2965032            8         528.400     47440512     11860128
     2965032           16        1035.641     94881024     23720256
     2965032           32        2037.912    189762048     47440512
     2965032           64        4052.733    379524096     94881024
     2965032          128        8129.196    759048192    189762048
     2965032          256       16168.224   1518096384    379524096
     3261528            1         295.090      6523056      1630764
     3261528            2         163.690     13046112      3261528
     3261528            4         300.560     26092224      6523056
     3261528            8         575.821     52184448     13046112
     3261528           16        1140.101    104368896     26092224
     3261528           32        2236.642    208737792     52184448
     3261528           64        4501.323    417475584    104368896
     3261528          128        8940.468    834951168    208737792
     3261528          256       17809.254   1669902336    417475584
     3587680            1         334.200      7175360      1793840
     3587680            2         179.080     14350720      3587680
     3587680            4         334.551     28701440      7175360
     3587680            8         638.200     57402880     14350720
     3587680           16        1251.761    114805760     28701440
     3587680           32        2453.092    229611520     57402880
     3587680           64        4932.914    459223040    114805760
     3587680          128        9802.018    918446080    229611520
     3587680          256       19650.666   1836892160    459223040
     3946448            1         360.311      7892896      1973224
     3946448            2         198.280     15785792      3946448
     3946448            4         366.610     31571584      7892896
     3946448            8         707.401     63143168     15785792
     3946448           16        1389.901    126286336     31571584
     3946448           32        2718.252    252572672     63143168
     3946448           64        5407.924    505145344    126286336
     3946448          128       10838.469   1010290688    252572672
     3946448          256       21588.107   2020581376    505145344
     4341088            1         398.680      8682176      2170544
     4341088            2         221.060     17364352      4341088
     4341088            4         415.861     34728704      8682176
     4341088            8         779.220     69457408     17364352
     4341088           16        1517.161    138914816     34728704
     4341088           32        3004.073    277829632     69457408
     4341088           64        5956.145    555659264    138914816
     4341088          128       11884.649   1111318528    277829632
     4775192            1         442.340      9550384      2387596
     4775192            2         248.970     19100768      4775192
     4775192            4         452.190     38201536      9550384
     4775192            8         872.331     76403072     19100768
     4775192           16        1678.081    152806144     38201536
     4775192           32        3325.473    305612288     76403072
     4775192           64        6588.856    611224576    152806144
     4775192          128       13119.720   1222449152    305612288
     5252704            1         484.921     10505408      2626352
     5252704            2         280.540     21010816      5252704
     5252704            4         502.150     42021632     10505408
     5252704            8         957.851     84043264     21010816
     5252704           16        1878.502    168086528     42021632
     5252704           32        3685.253    336173056     84043264
     5252704           64        7293.995    672346112    168086528
     5252704          128       14589.342   1344692224    336173056
     5777968            1         545.151     11555936      2888984
     5777968            2         332.920     23111872      5777968
     5777968            4         590.241     46223744     11555936
     5777968            8        1091.410     92447488     23111872
     5777968           16        2132.102    184894976     46223744
     5777968           32        4155.494    369789952     92447488
     5777968           64        8206.686    739579904    184894976
     5777968          128       16388.113   1479159808    369789952
     6355760            1         598.530     12711520      3177880
     6355760            2         405.860     25423040      6355760
     6355760            4         690.531     50846080     12711520
     6355760            8        1267.441    101692160     25423040
     6355760           16        2422.832    203384320     50846080
     6355760           32        4724.584    406768640    101692160
     6355760           64        9298.187    813537280    203384320
     6355760          128       18589.885   1627074560    406768640
     6991336            1         648.331     13982672      3495668
     6991336            2         528.090     27965344      6991336
     6991336            4         850.801     55930688     13982672
     6991336            8        1538.771    111861376     27965344
     6991336           16        2893.822    223722752     55930688
     6991336           32        5609.945    447445504    111861376
     6991336           64       10979.979    894891008    223722752
     6991336          128       21789.577   1789782016    447445504
     7690464            1         722.100     15380928      3845232
     7690464            2         678.211     30761856      7690464
     7690464            4        1065.701     61523712     15380928
     7690464            8        1874.111    123047424     30761856
     7690464           16        3485.263    246094848     61523712
     7690464           32        6737.976    492189696    123047424
     7690464           64       13216.520    984379392    246094848
     7690464          128       26152.421   1968758784    492189696
     8459504            1         789.760     16919008      4229752
     8459504            2         944.601     33838016      8459504
     8459504            4        1445.301     67676032     16919008
     8459504            8        2469.792    135352064     33838016
     8459504           16        4525.424    270704128     67676032
     8459504           32        8638.457    541408256    135352064
     8459504           64       16828.773   1082816512    270704128
     9305448            1         866.580     18610896      4652724
     9305448            2        1275.641     37221792      9305448
     9305448            4        1924.542     74443584     18610896
     9305448            8        3229.132    148887168     37221792
     9305448           16        5869.965    297774336     74443584
     9305448           32       11168.029    595548672    148887168
     9305448           64       21742.278   1191097344    297774336
    10235992            1         950.521     20471984      5117996
    10235992            2        1621.601     40943968     10235992
    10235992            4        2575.393     81887936     20471984
    10235992            8        4929.893    163775872     40943968
    10235992           16        7927.487    327551744     81887936
    10235992           32       14661.322    655103488    163775872
    10235992           64       28590.223   1310206976    327551744
    11259584            1        1054.451     22519168      5629792
    11259584            2        1935.351     45038336     11259584
    11259584            4        2980.653     90076672     22519168
    11259584            8        5075.514    180153344     45038336
    11259584           16        9306.247    360306688     90076672
    11259584           32       17679.964    720613376    180153344
    11259584           64       34463.458   1441226752    360306688
    12385536            1        1148.291     24771072      6192768
    12385536            2        2206.831     49542144     12385536
    12385536            4        3421.243     99084288     24771072
    12385536            8        5860.055    198168576     49542144
    12385536           16       10746.019    396337152     99084288
    12385536           32       20574.876    792674304    198168576
    12385536           64       40089.863   1585348608    396337152
    13624088            1        1278.491     27248176      6812044
    13624088            2        2508.012     54496352     13624088
    13624088            4        3910.253    108992704     27248176
    13624088            8        6683.536    217985408     54496352
    13624088           16       12285.180    435970816    108992704
    13624088           32       23455.148    871941632    217985408
    13624088           64       45678.117   1743883264    435970816
    14986496            1        1390.511     29972992      7493248
    14986496            2        2812.542     59945984     14986496
    14986496            4        4360.933    119891968     29972992
    14986496            8        7480.977    239783936     59945984
    14986496           16       13691.101    479567872    119891968
    14986496           32       26209.401    959135744    239783936
    14986496           64       51144.131   1918271488    479567872
    16485144            1        1533.222     32970288      8242572
    16485144            2        3080.562     65940576     16485144
    16485144            4        4811.424    131881152     32970288
    16485144            8        8289.897    263762304     65940576
    16485144           16       15185.732    527524608    131881152
    16485144           32       29070.773   1055049216    263762304
    16485144           64       56724.986   2110098432    527524608
    18133656            1        1700.071     36267312      9066828
    18133656            2        3382.443     72534624     18133656
    18133656            4        5248.594    145069248     36267312
    18133656            8        9095.587    290138496     72534624
    18133656           16       16734.204    580276992    145069248
    18133656           32       31919.196   1160553984    290138496
    19947016            1        1838.562     39894032      9973508
    19947016            2        3722.073     79788064     19947016
    19947016            4        5815.484    159576128     39894032
    19947016            8        9955.448    319152256     79788064
    19947016           16       18308.375    638304512    159576128
    19947016           32       34985.538   1276609024    319152256
    21941712            1        2026.912     43883424     10970856
    21941712            2        4073.153     87766848     21941712
    21941712            4        6410.435    175533696     43883424
    21941712            8       11026.909    351067392     87766848
    21941712           16       20254.646    702134784    175533696
    21941712           32       38772.172   1404269568    351067392
    24135880            1        2252.362     48271760     12067940
    24135880            2        4516.674     96543520     24135880
    24135880            4        7065.815    193087040     48271760
    24135880            8       12119.380    386174080     96543520
    24135880           16       22297.808    772348160    193087040
    24135880           32       42619.285   1544696320    386174080
    26549464            1        2447.462     53098928     13274732
    26549464            2        4931.764    106197856     26549464
    26549464            4        7760.876    212395712     53098928
    26549464            8       13318.571    424791424    106197856
    26549464           16       24596.160    849582848    212395712
    26549464           32       47036.858   1699165696    424791424
    29204408            1        2716.952     58408816     14602204
    29204408            2        5446.084    116817632     29204408
    29204408            4        8553.457    233635264     58408816
    29204408            8       14739.272    467270528    116817632
    29204408           16       27142.032    934541056    233635264
    29204408           32       52120.512   1869082112    467270528
    32124848            1        2995.783     64249696     16062424
    32124848            2        6009.975    128499392     32124848
    32124848            4        9412.857    256998784     64249696
    32124848            8       16242.883    513997568    128499392
    32124848           16       29963.045   1027995136    256998784
    32124848           32       57297.066   2055990272    513997568
    35337328            1        3290.533     70674656     17668664
    35337328            2        6558.585    141349312     35337328
    35337328            4       10336.619    282698624     70674656
    35337328            8       17789.384    565397248    141349312
    35337328           16       32845.006   1130794496    282698624
    38871056            1        3639.603     77742112     19435528
    38871056            2        7241.206    155484224     38871056
    38871056            4       11339.829    310968448     77742112
    38871056            8       19530.826    621936896    155484224
    38871056           16       35863.739   1243873792    310968448
    42758160            1        4008.383     85516320     21379080
    42758160            2        7984.397    171032640     42758160
    42758160            4       12453.270    342065280     85516320
    42758160            8       21473.047    684130560    171032640
    42758160           16       39463.272   1368261120    342065280
    47033976            1        4355.723     94067952     23516988
    47033976            2        8731.087    188135904     47033976
    47033976            4       13692.771    376271808     94067952
    47033976            8       23649.259    752543616    188135904
    47033976           16       43611.276   1505087232    376271808
    51737368            1        4808.954    103474736     25868684
    51737368            2        9595.768    206949472     51737368
    51737368            4       15088.602    413898944    103474736
    51737368            8       25896.731    827797888    206949472
    51737368           16       47673.068   1655595776    413898944
    56911104            1        5255.344    113822208     28455552
    56911104            2       10507.578    227644416     56911104
    56911104            4       16436.754    455288832    113822208
    56911104            8       28420.383    910577664    227644416
    56911104           16       52204.252   1821155328    455288832
    62602208            1        5807.295    125204416     31301104
    62602208            2       11599.070    250408832     62602208
    62602208            4       18237.474    500817664    125204416
    62602208            8       31452.316   1001635328    250408832
    62602208           16       58006.246   2003270656    500817664
    68862424            1        6371.915    137724848     34431212
    68862424            2       13087.071    275449696     68862424
    68862424            4       20520.916    550899392    137724848
    68862424            8       34746.428   1101798784    275449696
    75748664            1        7077.416    151497328     37874332
    75748664            2       14159.691    302994656     75748664
    75748664            4       22111.498    605989312    151497328
    75748664            8       38118.321   1211978624    302994656
    83323528            1        7691.126    166647056     41661764
    83323528            2       15397.773    333294112     83323528
    83323528            4       24110.419    666588224    166647056
    83323528            8       42087.594   1333176448    333294112
    91655880            1        8519.857    183311760     45827940
    91655880            2       17114.614    366623520     91655880
    91655880            4       26733.082    733247040    183311760
    91655880            8       46063.487   1466494080    366623520
   100821464            1        9309.557    201642928     50410732
   100821464            2       18606.265    403285856    100821464
   100821464            4       29270.934    806571712    201642928
   100821464            8       50528.531   1613143424    403285856
   110903608            1       10318.708    221807216     55451804
   110903608            2       20653.577    443614432    110903608
   110903608            4       32479.286    887228864    221807216
   110903608            8       55989.026   1774457728    443614432
   121993968            1       11312.579    243987936     60996984
   121993968            2       22636.108    487975872    121993968
   121993968            4       35614.099    975951744    243987936
   121993968            8       61488.440   1951903488    487975872
   134193360            1       12457.101    268386720     67096680
   134193360            2       24872.170    536773440    134193360
   134193360            4       39082.041   1073546880    268386720
   134193360            8       67396.335   2147093760    536773440
   147612696            1       13720.931    295225392     73806348
   147612696            2       27462.862    590450784    147612696
   147612696            4       42988.395   1180901568    295225392
   162373960            1       15176.932    324747920     81186980
   162373960            2       30298.154    649495840    162373960
   162373960            4       47216.718   1298991680    324747920
   178611352            1       16633.273    357222704     89305676
   178611352            2       32926.887    714445408    178611352
   178611352            4       52059.672   1428890816    357222704
   196472480            1       18343.625    392944960     98236240
   196472480            2       36693.730    785889920    196472480
   196472480            4       57444.186   1571779840    392944960
   216119728            1       20207.006    432239456    108059864
   216119728            2       40490.653    864478912    216119728
   216119728            4       63372.391   1728957824    432239456
   237731696            1       21972.798    475463392    118865848
   237731696            2       44211.545    950926784    237731696
   237731696            4       69380.316   1901853568    475463392
   261504864            1       24223.050    523009728    130752432
   261504864            2       48572.239   1046019456    261504864
   261504864            4       75976.461   2092038912    523009728
   287655344            1       26705.421    575310688    143827672
   287655344            2       53286.253   1150621376    287655344
   316420872            1       29197.143    632841744    158210436
   316420872            2       58467.547   1265683488    316420872
   348062952            1       32186.046    696125904    174031476
   348062952            2       64407.412   1392251808    348062952
   382869240            1       35326.238    765738480    191434620
   382869240            2       70580.467   1531476960    382869240
   421156160            1       38961.961    842312320    210578080
   421156160            2       77869.373   1684624640    421156160
   463271776            1       42445.034    926543552    231635888
   463271776            2       84999.439   1853087104    463271776
   509598952            1       46642.578   1019197904    254799476
   509598952            2       93161.285   2038395808    509598952
   560558840            1       51108.201   1121117680    280279420
   616614720            1       56317.866   1233229440    308307360
   678276192            1       61321.149   1356552384    339138096
   746103808            1       67080.444   1492207616    373051904
   820714184            1       74362.650   1641428368    410357092
   902785600            1       81842.757   1805571200    451392800
   993064160            1       89470.812   1986128320    496532080

META_DATA
FLOPS          4
OPENMP_THREADS 1
ERT_VERSION  1.1.0
HOSTNAME  ('pve.fritz.box', ['pve'], ['192.168.188.21'])
UNAME  uname_result(system='Linux', node='pve', release='6.14.8-2-pve', version='#1 SMP PREEMPT_DYNAMIC PMX 6.14.8-2 (2025-07-22T10:04Z)', machine='x86_64')
TIMESTAMP_DATA  1765906901.1270597
CONFIG  {'ERT_MPI': ['False'], 'ERT_OPENMP': ['True'], 'ERT_OPENMP_CFLAGS': ['-fopenmp'], 'ERT_OPENMP_LDFLAGS': ['-fopenmp'], 'ERT_PRECISION': ['FP64'], 'ERT_TRIALS_MIN': ['1'], 'ERT_TRIALS': ['3', '#', 'Run', 'each', 'test', '3', 'times', 'to', 'filter', 'out', 'background', 'noise'], 'ERT_RESULTS': ['Results/1600X'], 'ERT_GNUPLOT': ['gnuplot'], 'ERT_DRIVER': ['driver1'], 'ERT_KERNEL': ['kernel1'], 'ERT_CC': ['g++'], 'ERT_LD': ['g++'], 'ERT_CFLAGS': ['-O3', '-march=native', '-fopenmp', '-fstrict-aliasing', '-funroll-loops', '-Wno-all'], 'ERT_LDFLAGS': ['-O3', '-march=native', '-fopenmp'], 'ERT_LDLIBS': ['-lm'], 'ERT_RUN': ['export', 'OMP_NUM_THREADS=ERT_OPENMP_THREADS;', './ERT_CODE'], 'ERT_WORKING_SET_MIN': ['128'], 'ERT_MEMORY_MAX': ['1073741824'], 'ERT_ALIGN': ['64'], 'ERT_MIN_PROCS': ['1'], 'ERT_MAX_PROCS': ['1'], 'ERT_OPENMP_THREADS': ['1,2,4,8,12', '#', 'Logical', 'Threads'], 'ERT_NUM_EXPERIMENTS': ['5'], 'ERT_FLOPS': ['1,2,4,8'], 'ERT_GPU': [False], 'ERT_HIP': [False], 'ERT_OCL': [False], 'ERT_SYCL': [False], 'ERT_WSS_MULT': [1.1]}
