fp64
        1024            1           1.130         2048          512
        1024            2           0.350         4096         1024
        1024            4           0.410         8192         2048
        1024            8           0.480        16384         4096
        1024           16           0.630        32768         8192
        1024           32           1.010        65536        16384
        1024           64           1.610       131072        32768
        1024          128           3.180       262144        65536
        1024          256           5.590       524288       131072
        1024          512          11.870      1048576       262144
        1024         1024          21.420      2097152       524288
        1024         2048          46.760      4194304      1048576
        1024         4096          84.980      8388608      2097152
        1024         8192         186.100     16777216      4194304
        1024        16384         338.991     33554432      8388608
        1024        32768         692.940     67108864     16777216
        1024        65536        1491.761    134217728     33554432
        1024       131072        2786.893    268435456     67108864
        1024       262144        5675.184    536870912    134217728
        1024       524288       11484.170   1073741824    268435456
        1024      1048576       22876.838   2147483648    536870912
        1120            1           0.810         2240          560
        1120            2           0.370         4480         1120
        1120            4           0.590         8960         2240
        1120            8           0.520        17920         4480
        1120           16           0.710        35840         8960
        1120           32           1.080        71680        17920
        1120           64           1.870       143360        35840
        1120          128           3.450       286720        71680
        1120          256           6.110       573440       143360
        1120          512          12.970      1146880       286720
        1120         1024          23.580      2293760       573440
        1120         2048          51.060      4587520      1146880
        1120         4096          93.390      9175040      2293760
        1120         8192         212.130     18350080      4587520
        1120        16384         372.910     36700160      9175040
        1120        32768         784.561     73400320     18350080
        1120        65536        1637.881    146800640     36700160
        1120       131072        3265.693    293601280     73400320
        1120       262144        6348.145    587202560    146800640
        1120       524288       12501.730   1174405120    293601280
        1232            1           0.700         2464          616
        1232            2           0.460         4928         1232
        1232            4           0.560         9856         2464
        1232            8           0.680        19712         4928
        1232           16           0.920        39424         9856
        1232           32           1.530        78848        19712
        1232           64           2.670       157696        39424
        1232          128           4.990       315392        78848
        1232          256           9.520       630784       157696
        1232          512          18.820      1261568       315392
        1232         1024          36.300      2523136       630784
        1232         2048          53.940      5046272      1261568
        1232         4096         107.510     10092544      2523136
        1232         8192         214.651     20185088      5046272
        1232        16384         429.060     40370176     10092544
        1232        32768         862.191     80740352     20185088
        1232        65536        1721.411    161480704     40370176
        1232       131072        3441.913    322961408     80740352
        1232       262144        6882.555    645922816    161480704
        1232       524288       13768.062   1291845632    322961408
        1352            1           0.730         2704          676
        1352            2           0.390         5408         1352
        1352            4           0.450        10816         2704
        1352            8           0.540        21632         5408
        1352           16           0.760        43264        10816
        1352           32           1.200        86528        21632
        1352           64           2.130       173056        43264
        1352          128           3.960       346112        86528
        1352          256           7.670       692224       173056
        1352          512          15.050      1384448       346112
        1352         1024          29.820      2768896       692224
        1352         2048          59.390      5537792      1384448
        1352         4096         118.500     11075584      2768896
        1352         8192         240.541     22151168      5537792
        1352        16384         473.270     44302336     11075584
        1352        32768         949.081     88604672     22151168
        1352        65536        1897.751    177209344     44302336
        1352       131072        3795.393    354418688     88604672
        1352       262144        7587.216    708837376    177209344
        1352       524288       15173.683   1417674752    354418688
        1480            1           0.740         2960          740
        1480            2           0.360         5920         1480
        1480            4           0.420        11840         2960
        1480            8           0.550        23680         5920
        1480           16           0.790        47360        11840
        1480           32           1.300        94720        23680
        1480           64           2.300       189440        47360
        1480          128           4.320       378880        94720
        1480          256          16.700       757760       189440
        1480          512          16.470      1515520       378880
        1480         1024          32.680      3031040       757760
        1480         2048          64.980      6062080      1515520
        1480         4096         129.730     12124160      3031040
        1480         8192         259.291     24248320      6062080
        1480        16384         521.790     48496640     12124160
        1480        32768        1039.341     96993280     24248320
        1480        65536        2078.152    193986560     48496640
        1480       131072        4152.963    387973120     96993280
        1480       262144        8311.507    775946240    193986560
        1480       524288       16620.003   1551892480    387973120
        1624            1           0.910         3248          812
        1624            2           0.370         6496         1624
        1624            4           0.440        12992         3248
        1624            8           0.610        25984         6496
        1624           16           0.850        51968        12992
        1624           32           1.440       103936        25984
        1624           64           2.400       207872        51968
        1624          128           4.930       415744       103936
        1624          256           8.750       831488       207872
        1624          512          18.800      1662976       415744
        1624         1024          34.160      3325952       831488
        1624         2048          74.430      6651904      1662976
        1624         4096         135.840     13303808      3325952
        1624         8192         276.640     26607616      6651904
        1624        16384         594.001     53215232     13303808
        1624        32768        1178.751    106430464     26607616
        1624        65536        2196.241    212860928     53215232
        1624       131072        4673.994    425721856    106430464
        1624       262144        9140.518    851443712    212860928
        1624       524288       18280.224   1702887424    425721856
        1784            1           0.840         3568          892
        1784            2           0.380         7136         1784
        1784            4           0.480        14272         3568
        1784            8           0.620        28544         7136
        1784           16           0.920        57088        14272
        1784           32           1.460       114176        28544
        1784           64           2.610       228352        57088
        1784          128           5.160       456704       114176
        1784          256           9.550       913408       228352
        1784          512          20.630      1826816       456704
        1784         1024          40.830      3653632       913408
        1784         2048          74.510      7307264      1826816
        1784         4096         163.140     14614528      3653632
        1784         8192         326.050     29229056      7307264
        1784        16384         648.571     58458112     14614528
        1784        32768        1235.621    116916224     29229056
        1784        65536        2518.502    233832448     58458112
        1784       131072        5131.944    467664896    116916224
        1784       262144       10075.558    935329792    233832448
        1784       524288       20024.716   1870659584    467664896
        1960            1           0.760         3920          980
        1960            2           0.390         7840         1960
        1960            4           0.490        15680         3920
        1960            8           0.640        31360         7840
        1960           16           0.970        62720        15680
        1960           32           1.620       125440        31360
        1960           64           2.960       250880        62720
        1960          128           5.620       501760       125440
        1960          256          10.960      1003520       250880
        1960          512          21.660      2007040       501760
        1960         1024          42.980      4014080      1003520
        1960         2048          85.670      8028160      2007040
        1960         4096         171.140     16056320      4014080
        1960         8192         346.080     32112640      8028160
        1960        16384         684.701     64225280     16056320
        1960        32768        1372.731    128450560     32112640
        1960        65536        2738.762    256901120     64225280
        1960       131072        5485.175    513802240    128450560
        1960       262144       10961.639   1027604480    256901120
        1960       524288       21946.537   2055208960    513802240
        2152            1           0.880         4304         1076
        2152            2           0.400         8608         2152
        2152            4           0.490        17216         4304
        2152            8           0.690        34432         8608
        2152           16           1.030        68864        17216
        2152           32           1.770       137728        34432
        2152           64           3.240       275456        68864
        2152          128           6.170       550912       137728
        2152          256          12.000      1101824       275456
        2152          512          23.780      2203648       550912
        2152         1024          47.160      4407296      1101824
        2152         2048          94.150      8814592      2203648
        2152         4096         188.050     17629184      4407296
        2152         8192         375.660     35258368      8814592
        2152        16384         755.531     70516736     17629184
        2152        32768        1508.611    141033472     35258368
        2152        65536        3014.203    282066944     70516736
        2152       131072        6023.944    564133888    141033472
        2152       262144       12050.360   1128267776    282066944
        2360            1           1.090         4720         1180
        2360            2           0.410         9440         2360
        2360            4           0.570        18880         4720
        2360            8           0.680        37760         9440
        2360           16           1.120        75520        18880
        2360           32           1.830       151040        37760
        2360           64           3.660       302080        75520
        2360          128           6.410       604160       151040
        2360          256          13.730      1208320       302080
        2360          512          24.830      2416640       604160
        2360         1024          54.110      4833280      1208320
        2360         2048          98.520      9666560      2416640
        2360         4096         215.680     19333120      4833280
        2360         8192         423.770     38666240      9666560
        2360        16384         862.251     77332480     19333120
        2360        32768        1727.851    154664960     38666240
        2360        65536        3265.593    309329920     77332480
        2360       131072        6429.595    618659840    154664960
        2360       262144       13383.231   1237319680    309329920
        2592            1           1.140         5184         1296
        2592            2           0.500        10368         2592
        2592            4           0.540        20736         5184
        2592            8           0.780        41472        10368
        2592           16           1.150        82944        20736
        2592           32           2.130       165888        41472
        2592           64           3.650       331776        82944
        2592          128           7.650       663552       165888
        2592          256          13.710      1327104       331776
        2592          512          29.700      2654208       663552
        2592         1024          53.900      5308416      1327104
        2592         2048         117.900     10616832      2654208
        2592         4096         235.570     21233664      5308416
        2592         8192         429.551     42467328     10616832
        2592        16384         945.010     84934656     21233664
        2592        32768        1810.032    169869312     42467328
        2592        65536        3748.793    339738624     84934656
        2592       131072        7284.436    679477248    169869312
        2592       262144       14228.751   1358954496    339738624
        2848            1           0.890         5696         1424
        2848            2           0.440        11392         2848
        2848            4           0.540        22784         5696
        2848            8           0.760        45568        11392
        2848           16           1.220        91136        22784
        2848           32           2.300       182272        45568
        2848           64           4.330       364544        91136
        2848          128           7.650       729088       182272
        2848          256          16.460      1458176       364544
        2848          512          29.690      2916352       729088
        2848         1024          59.210      5832704      1458176
        2848         2048         118.180     11665408      2916352
        2848         4096         236.060     23330816      5832704
        2848         8192         471.420     46661632     11665408
        2848        16384        1036.141     93323264     23330816
        2848        32768        1888.472    186646528     46661632
        2848        65536        3973.323    373293056     93323264
        2848       131072        8102.827    746586112    186646528
        2848       262144       16012.623   1493172224    373293056
        3128            1           0.930         6256         1564
        3128            2           0.440        12512         3128
        3128            4           0.580        25024         6256
        3128            8           0.820        50048        12512
        3128           16           1.340       100096        25024
        3128           32           2.330       200192        50048
        3128           64           4.360       400384       100096
        3128          128           8.430       800768       200192
        3128          256          16.560      1601536       400384
        3128          512          32.780      3203072       800768
        3128         1024          65.240      6406144      1601536
        3128         2048         130.021     12812288      3203072
        3128         4096         260.550     25624576      6406144
        3128         8192         561.330     51249152     12812288
        3128        16384        1142.751    102498304     25624576
        3128        32768        2244.102    204996608     51249152
        3128        65536        4380.013    409993216    102498304
        3128       131072        8673.817    819986432    204996608
        3128       262144       17548.725   1639972864    409993216
        3440            1           1.140         6880         1720
        3440            2           0.450        13760         3440
        3440            4           0.630        27520         6880
        3440            8           0.920        55040        13760
        3440           16           1.500       110080        27520
        3440           32           2.610       220160        55040
        3440           64           4.970       440320       110080
        3440          128           9.610       880640       220160
        3440          256          18.910      1761280       440320
        3440          512          37.670      3522560       880640
        3440         1024          74.910      7045120      1761280
        3440         2048         149.700     14090240      3522560
        3440         4096         298.731     28180480      7045120
        3440         8192         601.320     56360960     14090240
        3440        16384        1196.741    112721920     28180480
        3440        32768        2397.802    225443840     56360960
        3440        65536        4785.424    450887680    112721920
        3440       131072        9580.958    901775360    225443840
        3440       262144       19167.795   1803550720    450887680
        3784            1           0.920         7568         1892
        3784            2           0.470        15136         3784
        3784            4           0.640        30272         7568
        3784            8           0.970        60544        15136
        3784           16           1.650       121088        30272
        3784           32           2.860       242176        60544
        3784           64           5.460       484352       121088
        3784          128          10.590       968704       242176
        3784          256          20.920      1937408       484352
        3784          512          41.491      3874816       968704
        3784         1024          82.680      7749632      1937408
        3784         2048         164.930     15499264      3874816
        3784         4096         333.650     30998528      7749632
        3784         8192         659.251     61997056     15499264
        3784        16384        1323.421    123994112     30998528
        3784        32768        2641.262    247988224     61997056
        3784        65536        5287.534    495976448    123994112
        3784       131072       10572.469    991952896    247988224
        3784       262144       21145.607   1983905792    495976448
        4160            1           0.960         8320         2080
        4160            2           0.480        16640         4160
        4160            4           0.690        33280         8320
        4160            8           1.020        66560        16640
        4160           16           1.670       133120        33280
        4160           32           3.250       266240        66560
        4160           64           5.700       532480       133120
        4160          128          12.090      1064960       266240
        4160          256          21.880      2129920       532480
        4160          512          43.360      4259840      1064960
        4160         1024          95.630      8519680      2129920
        4160         2048         172.520     17039360      4259840
        4160         4096         377.841     34078720      8519680
        4160         8192         692.190     68157440     17039360
        4160        16384        1514.742    136314880     34078720
        4160        32768        2851.982    272629760     68157440
        4160        65536        5640.534    545259520    136314880
        4160       131072       11645.040   1090519040    272629760
        4576            1           0.990         9152         2288
        4576            2           0.510        18304         4576
        4576            4           0.720        36608         9152
        4576            8           1.060        73216        18304
        4576           16           1.920       146432        36608
        4576           32           3.560       292864        73216
        4576           64           6.810       585728       146432
        4576          128          12.280      1171456       292864
        4576          256          24.080      2342912       585728
        4576          512          52.210      4685824      1171456
        4576         1024         104.440      9371648      2342912
        4576         2048         199.720     18743296      4685824
        4576         4096         416.261     37486592      9371648
        4576         8192         798.461     74973184     18743296
        4576        16384        1669.511    149946368     37486592
        4576        32768        3170.352    299892736     74973184
        4576        65536        6357.796    599785472    149946368
        4576       131072       12557.960   1199570944    299892736
        5032            1           1.110        10064         2516
        5032            2           0.530        20128         5032
        5032            4           0.760        40256        10064
        5032            8           1.210        80512        20128
        5032           16           2.000       161024        40256
        5032           32           3.740       322048        80512
        5032           64           7.160       644096       161024
        5032          128          13.980      1288192       322048
        5032          256          35.860      2576384       644096
        5032          512          54.960      5152768      1288192
        5032         1024         109.680     10305536      2576384
        5032         2048         219.010     20611072      5152768
        5032         4096         437.691     41222144     10305536
        5032         8192         878.360     82444288     20611072
        5032        16384        1755.672    164888576     41222144
        5032        32768        3509.613    329777152     82444288
        5032        65536        7025.055    659554304    164888576
        5032       131072       14041.022   1319108608    329777152
        5528            1           1.080        11056         2764
        5528            2           0.550        22112         5528
        5528            4           0.790        44224        11056
        5528            8           1.230        88448        22112
        5528           16           2.120       176896        44224
        5528           32           3.930       353792        88448
        5528           64           8.140       707584       176896
        5528          128          16.060      1415168       353792
        5528          256          40.290      2830336       707584
        5528          512          63.090      5660672      1415168
        5528         1024         125.920     11321344      2830336
        5528         2048         251.431     22642688      5660672
        5528         4096         458.980     45285376     11321344
        5528         8192         920.241     90570752     22642688
        5528        16384        1852.801    181141504     45285376
        5528        32768        3743.773    362283008     90570752
        5528        65536        7725.097    724566016    181141504
        5528       131072       15398.042   1449132032    362283008
        6080            1           1.420        12160         3040
        6080            2           0.570        24320         6080
        6080            4           0.830        48640        12160
        6080            8           1.390        97280        24320
        6080           16           2.360       194560        48640
        6080           32           4.630       389120        97280
        6080           64           8.200       778240       194560
        6080          128          17.560      1556480       389120
        6080          256          34.830      3112960       778240
        6080          512          69.280      6225920      1556480
        6080         1024         142.010     12451840      3112960
        6080         2048         276.170     24903680      6225920
        6080         4096         509.220     49807360     12451840
        6080         8192        1107.781     99614720     24903680
        6080        16384        2100.302    199229440     49807360
        6080        32768        4330.764    398458880     99614720
        6080        65536        8519.586    796917760    199229440
        6080       131072       16954.214   1593835520    398458880
        6688            1           1.370        13376         3344
        6688            2           0.600        26752         6688
        6688            4           0.890        53504        13376
        6688            8           1.440       107008        26752
        6688           16          11.000       214016        53504
        6688           32           4.680       428032       107008
        6688           64           9.030       856064       214016
        6688          128          18.560      1712128       428032
        6688          256          34.970      3424256       856064
        6688          512          76.210      6848512      1712128
        6688         1024         138.800     13697024      3424256
        6688         2048         282.610     27394048      6848512
        6688         4096         568.661     54788096     13697024
        6688         8192        1122.171    109576192     27394048
        6688        16384        2434.991    219152384     54788096
        6688        32768        4748.514    438304768    109576192
        6688        65536        9258.248    876609536    219152384
        6688       131072       18330.205   1753219072    438304768
        7352            1           1.410        14704         3676
        7352            2           0.640        29408         7352
        7352            4           0.980        58816        14704
        7352            8           1.580       117632        29408
        7352           16           2.890       235264        58816
        7352           32           5.110       470528       117632
        7352           64          10.750       941056       235264
        7352          128          19.410      1882112       470528
        7352          256          42.040      3764224       941056
        7352          512          76.530      7528448      1882112
        7352         1024         152.220     15056896      3764224
        7352         2048         304.581     30113792      7528448
        7352         4096         611.870     60227584     15056896
        7352         8192        1274.781    120455168     30113792
        7352        16384        2477.952    240910336     60227584
        7352        32768        5069.814    481820672    120455168
        7352        65536       10012.598    963641344    240910336
        7352       131072       20755.937   1927282688    481820672
        8080            1           1.380        16160         4040
        8080            2           0.670        32320         8080
        8080            4           1.030        64640        16160
        8080            8           1.700       129280        32320
        8080           16           3.100       258560        64640
        8080           32           5.790       517120       129280
        8080           64          11.270      1034240       258560
        8080          128          22.210      2068480       517120
        8080          256          44.140      4136960      1034240
        8080          512          87.970      8273920      2068480
        8080         1024         175.620     16547840      4136960
        8080         2048         350.940     33095680      8273920
        8080         4096         705.531     66191360     16547840
        8080         8192        1405.731    132382720     33095680
        8080        16384        2814.812    264765440     66191360
        8080        32768        5625.725    529530880    132382720
        8080        65536       11248.449   1059061760    264765440
        8080       131072       22502.858   2118123520    529530880
        8888            1           1.820        17776         4444
        8888            2           0.720        35552         8888
        8888            4           1.080        71104        17776
        8888            8           1.860       142208        35552
        8888           16           3.240       284416        71104
        8888           32           6.620       568832       142208
        8888           64          11.840      1137664       284416
        8888          128          23.380      2275328       568832
        8888          256          46.380      4550656      1137664
        8888          512          92.450      9101312      2275328
        8888         1024         184.470     18202624      4550656
        8888         2048         404.000     36405248      9101312
        8888         4096         805.221     72810496     18202624
        8888         8192        1499.731    145620992     36405248
        8888        16384        3070.353    291241984     72810496
        8888        32768        6188.685    582483968    145620992
        8888        65536       12195.590   1164967936    291241984
        9776            1           1.560        19552         4888
        9776            2           0.770        39104         9776
        9776            4           1.190        78208        19552
        9776            8           2.040       156416        39104
        9776           16           3.700       312832        78208
        9776           32           6.960       625664       156416
        9776           64          13.580      1251328       312832
        9776          128          26.810      2502656       625664
        9776          256          53.330      5005312      1251328
        9776          512         106.310     10010624      2502656
        9776         1024         216.400     20021248      5005312
        9776         2048         424.721     40042496     10010624
        9776         4096         852.020     80084992     20021248
        9776         8192        1703.832    160169984     40042496
        9776        16384        3403.542    320339968     80084992
        9776        32768        6809.186    640679936    160169984
        9776        65536       13618.941   1281359872    320339968
       10752            1           1.510        21504         5376
       10752            2           0.800        43008        10752
       10752            4           1.270        86016        21504
       10752            8           2.290       172032        43008
       10752           16           4.110       344064        86016
       10752           32           7.320       688128       172032
       10752           64          14.270      1376256       344064
       10752          128          30.830      2752512       688128
       10752          256          65.010      5505024      1376256
       10752          512         121.630     11010048      2752512
       10752         1024         241.780     22020096      5505024
       10752         2048         484.110     44040192     11010048
       10752         4096         896.341     88080384     22020096
       10752         8192        1937.352    176160768     44040192
       10752        16384        3680.473    352321536     88080384
       10752        32768        7435.286    704643072    176160768
       10752        65536       15201.202   1409286144    352321536
       11824            1           1.760        23648         5912
       11824            2           0.920        47296        11824
       11824            4           1.410        94592        23648
       11824            8           2.340       189184        47296
       11824           16           4.380       378368        94592
       11824           32           8.370       756736       189184
       11824           64          16.370      1513472       378368
       11824          128          32.450      3026944       756736
       11824          256          72.710      6053888      1513472
       11824          512         128.631     12107776      3026944
       11824         1024         257.070     24215552      6053888
       11824         2048         514.080     48431104     12107776
       11824         4096        1030.701     96862208     24215552
       11824         8192        2062.072    193724416     48431104
       11824        16384        4121.333    387448832     96862208
       11824        32768        8240.597    774897664    193724416
       11824        65536       16489.063   1549795328    387448832
       13000            1           1.830        26000         6500
       13000            2           0.900        52000        13000
       13000            4           1.440       104000        26000
       13000            8           2.560       208000        52000
       13000           16           4.810       416000       104000
       13000           32           9.170       832000       208000
       13000           64          17.971      1664000       416000
       13000          128          43.340      3328000       832000
       13000          256          70.870      6656000      1664000
       13000          512         141.350     13312000      3328000
       13000         1024         282.600     26624000      6656000
       13000         2048         567.710     53248000     13312000
       13000         4096        1131.781    106496000     26624000
       13000         8192        2263.662    212992000     53248000
       13000        16384        4530.404    425984000    106496000
       13000        32768        9059.487    851968000    212992000
       13000        65536       18110.235   1703936000    425984000
       14296            1           2.000        28592         7148
       14296            2           0.980        57184        14296
       14296            4           1.610       114368        28592
       14296            8           2.830       228736        57184
       14296           16          13.030       457472       114368
       14296           32           9.650       914944       228736
       14296           64          20.620      1829888       457472
       14296          128          37.430      3659776       914944
       14296          256          81.530      7319552      1829888
       14296          512         159.530     14639104      3659776
       14296         1024         324.601     29278208      7319552
       14296         2048         652.030     58556416     14639104
       14296         4096        1295.351    117112832     29278208
       14296         8192        2589.762    234225664     58556416
       14296        16384        5064.544    468451328    117112832
       14296        32768       10255.899    936902656    234225664
       14296        65536       20411.226   1873805312    468451328
       15720            1           2.070        31440         7860
       15720            2           1.040        62880        15720
       15720            4           1.680       125760        31440
       15720            8           3.040       251520        62880
       15720           16           5.740       503040       125760
       15720           32          11.090      1006080       251520
       15720           64          21.740      2012160       503040
       15720          128          43.041      4024320      1006080
       15720          256          85.650      8048640      2012160
       15720          512         177.620     16097280      4024320
       15720         1024         341.970     32194560      8048640
       15720         2048         686.001     64389120     16097280
       15720         4096        1368.041    128778240     32194560
       15720         8192        2739.232    257556480     64389120
       15720        16384        5481.394    515112960    128778240
       15720        32768       10948.639   1030225920    257556480
       15720        65536       21901.678   2060451840    515112960
       17288            1           2.390        34576         8644
       17288            2           1.420        69152        17288
       17288            4           2.560       138304        34576
       17288            8           4.590       276608        69152
       17288           16           8.520       553216       138304
       17288           32          16.560      1106432       276608
       17288           64          32.671      2212864       553216
       17288          128          47.280      4425728      1106432
       17288          256          94.140      8851456      2212864
       17288          512         187.960     17702912      4425728
       17288         1024         379.330     35405824      8851456
       17288         2048         753.701     70811648     17702912
       17288         4096        1502.941    141623296     35405824
       17288         8192        3009.722    283246592     70811648
       17288        16384        6018.505    566493184    141623296
       17288        32768       12040.010   1132986368    283246592
       19016            1           2.320        38032         9508
       19016            2           1.210        76064        19016
       19016            4           2.180       152128        38032
       19016            8           3.730       304256        76064
       19016           16           6.790       608512       152128
       19016           32          13.320      1217024       304256
       19016           64          26.120      2434048       608512
       19016          128          51.950      4868096      1217024
       19016          256         115.470      9736192      2434048
       19016          512         206.720     19472384      4868096
       19016         1024         413.030     38944768      9736192
       19016         2048         829.341     77889536     19472384
       19016         4096        1660.011    155779072     38944768
       19016         8192        3327.023    311558144     77889536
       19016        16384        6635.235    623116288    155779072
       19016        32768       13245.061   1246232576    311558144
       20912            1           2.420        41824        10456
       20912            2           1.260        83648        20912
       20912            4           2.200       167296        41824
       20912            8           4.030       334592        83648
       20912           16           7.480       669184       167296
       20912           32          14.540      1338368       334592
       20912           64          28.810      2676736       669184
       20912          128          57.140      5353472      1338368
       20912          256         113.821     10706944      2676736
       20912          512         227.290     21413888      5353472
       20912         1024         457.780     42827776     10706944
       20912         2048         910.391     85655552     21413888
       20912         4096        1817.191    171311104     42827776
       20912         8192        3639.153    342622208     85655552
       20912        16384        7275.376    685244416    171311104
       20912        32768       14559.132   1370488832    342622208
       23000            1           2.790        46000        11500
       23000            2           1.430        92000        23000
       23000            4           2.350       184000        46000
       23000            8           4.310       368000        92000
       23000           16           8.450       736000       184000
       23000           32          15.340      1472000       368000
       23000           64          32.980      2944000       736000
       23000          128          65.740      5888000      1472000
       23000          256         119.631     11776000      2944000
       23000          512         261.440     23552000      5888000
       23000         1024         481.370     47104000     11776000
       23000         2048         985.501     94208000     23552000
       23000         4096        1936.322    188416000     47104000
       23000         8192        3998.573    376832000     94208000
       23000        16384        7858.816    753664000    188416000
       23000        32768       15728.873   1507328000    376832000
       25296            1           2.750        50592        12648
       25296            2           1.520       101184        25296
       25296            4           2.660       202368        50592
       25296            8           4.820       404736       101184
       25296           16           9.070       809472       202368
       25296           32          17.530      1618944       404736
       25296           64          34.820      3237888       809472
       25296          128          69.050      6475776      1618944
       25296          256         137.590     12951552      3237888
       25296          512         274.970     25903104      6475776
       25296         1024         553.381     51806208     12951552
       25296         2048        1101.360    103612416     25903104
       25296         4096        2202.272    207224832     51806208
       25296         8192        4408.324    414449664    103612416
       25296        16384        8808.027    828899328    207224832
       25296        32768       17626.104   1657798656    414449664
       27824            1           3.200        55648        13912
       27824            2           1.630       111296        27824
       27824            4           2.870       222592        55648
       27824            8           5.030       445184       111296
       27824           16           9.840       890368       222592
       27824           32          19.360      1780736       445184
       27824           64          38.170      3561472       890368
       27824          128          75.980      7122944      1780736
       27824          256         151.390     14245888      3561472
       27824          512         306.370     28491776      7122944
       27824         1024         603.741     56983552     14245888
       27824         2048        1212.781    113967104     28491776
       27824         4096        2422.022    227934208     56983552
       27824         8192        4841.874    455868416    113967104
       27824        16384        9682.157    911736832    227934208
       27824        32768       19390.436   1823473664    455868416
       30600            1           3.650        61200        15300
       30600            2           1.800       122400        30600
       30600            4           3.130       244800        61200
       30600            8           5.630       489600       122400
       30600           16          10.860       979200       244800
       30600           32          21.140      1958400       489600
       30600           64          41.870      3916800       979200
       30600          128          83.410      7833600      1958400
       30600          256         166.441     15667200      3916800
       30600          512         332.550     31334400      7833600
       30600         1024         667.970     62668800     15667200
       30600         2048        1330.602    125337600     31334400
       30600         4096        2663.902    250675200     62668800
       30600         8192        5325.894    501350400    125337600
       30600        16384       10661.189   1002700800    250675200
       30600        32768       21307.707   2005401600    501350400
       33656            1           3.750        67312        16828
       33656            2           1.940       134624        33656
       33656            4           3.530       269248        67312
       33656            8           6.270       538496       134624
       33656           16          12.360      1076992       269248
       33656           32          22.390      2153984       538496
       33656           64          44.281      4307968      1076992
       33656          128         101.290      8615936      2153984
       33656          256         175.260     17231872      4307968
       33656          512         375.570     34463744      8615936
       33656         1024         722.851     68927488     17231872
       33656         2048        1412.981    137854976     34463744
       33656         4096        2937.312    275709952     68927488
       33656         8192        5984.505    551419904    137854976
       33656        16384       11659.449   1102839808    275709952
       37016            1           4.630        74032        18508
       37016            2           2.110       148064        37016
       37016            4           3.730       296128        74032
       37016            8           6.730       592256       148064
       37016           16          13.330      1184512       296128
       37016           32          24.630      2369024       592256
       37016           64          48.550      4738048      1184512
       37016          128         105.560      9476096      2369024
       37016          256         210.840     18952192      4738048
       37016          512         400.240     37904384      9476096
       37016         1024         771.031     75808768     18952192
       37016         2048        1643.791    151617536     37904384
       37016         4096        3161.153    303235072     75808768
       37016         8192        6336.025    606470144    151617536
       37016        16384       12677.650   1212940288    303235072
       40712            1           4.010        81424        20356
       40712            2           2.280       162848        40712
       40712            4           3.930       325696        81424
       40712            8           7.510       651392       162848
       40712           16          14.460      1302784       325696
       40712           32          28.320      2605568       651392
       40712           64          55.710      5211136      1302784
       40712          128         110.980     10422272      2605568
       40712          256         221.260     20844544      5211136
       40712          512         446.370     41689088     10422272
       40712         1024         887.251     83378176     20844544
       40712         2048        1770.781    166756352     41689088
       40712         4096        3547.143    333512704     83378176
       40712         8192        7089.726    667025408    166756352
       40712        16384       14181.711   1334050816    333512704
       44776            1           5.440        89552        22388
       44776            2           2.480       179104        44776
       44776            4           4.300       358208        89552
       44776            8           8.110       716416       179104
       44776           16          15.840      1432832       358208
       44776           32          31.130      2865664       716416
       44776           64          61.460      5731328      1432832
       44776          128         130.420     11462656      2865664
       44776          256         243.910     22925312      5731328
       44776          512         486.761     45850624     11462656
       44776         1024         977.671     91701248     22925312
       44776         2048        1954.231    183402496     45850624
       44776         4096        3901.473    366804992     91701248
       44776         8192        7802.927    733609984    183402496
       44776        16384       15606.802   1467219968    366804992
       49248            1           5.030        98496        24624
       49248            2           2.700       196992        49248
       49248            4          12.780       393984        98496
       49248            8           8.710       787968       196992
       49248           16          16.660      1575936       393984
       49248           32          32.640      3151872       787968
       49248           64          64.490      6303744      1575936
       49248          128         128.350     12607488      3151872
       49248          256         273.470     25214976      6303744
       49248          512         514.331     50429952     12607488
       49248         1024        1039.070    100859904     25214976
       49248         2048        2055.962    201719808     50429952
       49248         4096        4209.083    403439616    100859904
       49248         8192        8550.567    806879232    201719808
       49248        16384       17004.874   1613758464    403439616
       54168            1           6.040       108336        27084
       54168            2           2.940       216672        54168
       54168            4           5.370       433344       108336
       54168            8           9.940       866688       216672
       54168           16          19.520      1733376       433344
       54168           32          39.020      3466752       866688
       54168           64          77.360      6933504      1733376
       54168          128         140.970     13867008      3466752
       54168          256         308.030     27734016      6933504
       54168          512         621.661     55468032     13867008
       54168         1024        1162.461    110936064     27734016
       54168         2048        2374.432    221872128     55468032
       54168         4096        4612.773    443744256    110936064
       54168         8192        9485.168    887488512    221872128
       54168        16384       18843.325   1774977024    443744256
       59584            1           6.490       119168        29792
       59584            2           3.180       238336        59584
       59584            4           5.810       476672       119168
       59584            8          10.930       953344       238336
       59584           16          20.110      1906688       476672
       59584           32          39.360      3813376       953344
       59584           64          85.060      7626752      1906688
       59584          128         164.810     15253504      3813376
       59584          256         338.570     30507008      7626752
       59584          512         625.911     61014016     15253504
       59584         1024        1245.831    122028032     30507008
       59584         2048        2514.892    244056064     61014016
       59584         4096        5170.974    488112128    122028032
       59584         8192       10370.358    976224256    244056064
       59584        16384       20859.957   1952448512    488112128
       65536            1           7.160       131072        32768
       65536            2           3.440       262144        65536
       65536            4           6.390       524288       131072
       65536            8          11.720      1048576       262144
       65536           16          22.020      2097152       524288
       65536           32          47.080      4194304      1048576
       65536           64          93.530      8388608      2097152
       65536          128         170.480     16777216      4194304
       65536          256         340.100     33554432      8388608
       65536          512         693.731     67108864     16777216
       65536         1024        1382.901    134217728     33554432
       65536         2048        2726.832    268435456     67108864
       65536         4096        5647.905    536870912    134217728
       65536         8192       11189.279   1073741824    268435456
       65536        16384       22621.238   2147483648    536870912
       72088            1           7.130       144176        36044
       72088            2           3.870       288352        72088
       72088            4           6.970       576704       144176
       72088            8          12.560      1153408       288352
       72088           16          24.200      2306816       576704
       72088           32          51.740      4613632      1153408
       72088           64         102.880      9227264      2306816
       72088          128         187.391     18454528      4613632
       72088          256         409.970     36909056      9227264
       72088          512         822.291     73818112     18454528
       72088         1024        1528.141    147636224     36909056
       72088         2048        3186.173    295272448     73818112
       72088         4096        6295.655    590544896    147636224
       72088         8192       12505.160   1181089792    295272448
       79296            1           8.200       158592        39648
       79296            2           4.330       317184        79296
       79296            4           7.350       634368       158592
       79296            8          14.370      1268736       317184
       79296           16          26.640      2537472       634368
       79296           32          52.230      5074944      1268736
       79296           64         113.120     10149888      2537472
       79296          128         214.230     20299776      5074944
       79296          256         411.531     40599552     10149888
       79296          512         825.230     81199104     20299776
       79296         1024        1747.642    162398208     40599552
       79296         2048        3479.823    324796416     81199104
       79296         4096        6845.265    649592832    162398208
       79296         8192       13738.531   1299185664    324796416
       87224            1           8.300       174448        43612
       87224            2           4.520       348896        87224
       87224            4           8.070       697792       174448
       87224            8          15.850      1395584       348896
       87224           16          29.600      2791168       697792
       87224           32          62.530      5582336      1395584
       87224           64         124.250     11164672      2791168
       87224          128         226.670     22329344      5582336
       87224          256         470.590     44658688     11164672
       87224          512         967.121     89317376     22329344
       87224         1024        1916.272    178634752     44658688
       87224         2048        3948.773    357269504     89317376
       87224         4096        7612.706    714539008    178634752
       87224         8192       15452.653   1429078016    357269504
       95944            1           9.360       191888        47972
       95944            2           4.990       383776        95944
       95944            4           8.840       767552       191888
       95944            8          16.610      1535104       383776
       95944           16          33.260      3070208       767552
       95944           32          66.050      6140416      1535104
       95944           64         130.830     12280832      3070208
       95944          128         261.030     24561664      6140416
       95944          256         523.801     49123328     12280832
       95944          512        1048.011     98246656     24561664
       95944         1024        2088.461    196493312     49123328
       95944         2048        4177.154    392986624     98246656
       95944         4096        8353.516    785973248    196493312
       95944         8192       16748.243   1571946496    392986624
      105536            1          10.050       211072        52768
      105536            2           5.500       422144       105536
      105536            4           9.670       844288       211072
      105536            8          18.270      1688576       422144
      105536           16          38.100      3377152       844288
      105536           32          75.600      6754304      1688576
      105536           64         137.790     13508608      3377152
      105536          128         300.090     27017216      6754304
      105536          256         555.861     54034432     13508608
      105536          512        1104.441    108068864     27017216
      105536         1024        2332.482    216137728     54034432
      105536         2048        4620.283    432275456    108068864
      105536         4096        9059.738    864550912    216137728
      105536         8192       18444.144   1729101824    432275456
      116088            1          11.680       232176        58044
      116088            2           5.890       464352       116088
      116088            4          14.500       928704       232176
      116088            8          33.210      1857408       464352
      116088           16          38.770      3714816       928704
      116088           32          76.360      7429632      1857408
      116088           64         165.420     14859264      3714816
      116088          128         301.771     29718528      7429632
      116088          256         624.700     59437056     14859264
      116088          512        1247.701    118874112     29718528
      116088         1024        2638.872    237748224     59437056
      116088         2048        4972.624    475496448    118874112
      116088         4096       10150.988    950992896    237748224
      116088         8192       20396.667   1901985792    475496448
      127696            1          13.010       255392        63848
      127696            2           6.410       510784       127696
      127696            4          21.140      1021568       255392
      127696            8          21.930      2043136       510784
      127696           16          44.610      4086272      1021568
      127696           32          87.400      8172544      2043136
      127696           64         174.550     16345088      4086272
      127696          128         347.730     32690176      8172544
      127696          256         697.181     65380352     16345088
      127696          512        1389.211    130760704     32690176
      127696         1024        2786.802    261521408     65380352
      127696         2048        5563.605    523042816    130760704
      127696         4096       11122.789   1046085632    261521408
      127696         8192       22241.138   2092171264    523042816
      140464            1          13.330       280928        70232
      140464            2           7.070       561856       140464
      140464            4          12.780      1123712       280928
      140464            8          25.220      2247424       561856
      140464           16          49.000      4494848      1123712
      140464           32          96.670      8989696      2247424
      140464           64         191.900     17979392      4494848
      140464          128         386.181     35958784      8989696
      140464          256         763.280     71917568     17979392
      140464          512        1530.262    143835136     35958784
      140464         1024        3056.872    287670272     71917568
      140464         2048        6110.465    575340544    143835136
      140464         4096       12224.090   1150681088    287670272
      154504            1          14.290       309008        77252
      154504            2           7.780       618016       154504
      154504            4          14.640      1236032       309008
      154504            8          27.780      2472064       618016
      154504           16          54.010      4944128      1236032
      154504           32         105.710      9888256      2472064
      154504           64         211.120     19776512      4944128
      154504          128         420.100     39553024      9888256
      154504          256         842.441     79106048     19776512
      154504          512        1682.321    158212096     39553024
      154504         1024        3361.883    316424192     79106048
      154504         2048        6728.055    632848384    158212096
      154504         4096       13442.091   1265696768    316424192
      169952            1          16.910       339904        84976
      169952            2           8.450       679808       169952
      169952            4          15.730      1359616       339904
      169952            8          29.120      2719232       679808
      169952           16          61.170      5438464      1359616
      169952           32         128.990     10876928      2719232
      169952           64         221.420     21753856      5438464
      169952          128         441.460     43507712     10876928
      169952          256         958.771     87015424     21753856
      169952          512        1899.502    174030848     43507712
      169952         1024        3798.013    348061696     87015424
      169952         2048        7387.726    696123392    174030848
      169952         4096       14660.382   1392246784    348061696
      186944            1          18.030       373888        93472
      186944            2           9.340       747776       186944
      186944            4          17.690      1495552       373888
      186944            8          34.250      2991104       747776
      186944           16          62.340      5982208      1495552
      186944           32         133.590     11964416      2991104
      186944           64         243.680     23928832      5982208
      186944          128         489.701     47857664     11964416
      186944          256         986.290     95715328     23928832
      186944          512        2019.052    191430656     47857664
      186944         1024        3985.463    382861312     95715328
      186944         2048        8098.807    765722624    191430656
      186944         4096       16215.463   1531445248    382861312
      205632            1          18.760       411264       102816
      205632            2          10.330       822528       205632
      205632            4          19.260      1645056       411264
      205632            8          37.560      3290112       822528
      205632           16          68.590      6580224      1645056
      205632           32         146.891     13160448      3290112
      205632           64         268.040     26320896      6580224
      205632          128         544.390     52641792     13160448
      205632          256        1170.111    105283584     26320896
      205632          512        2232.612    210567168     52641792
      205632         1024        4477.214    421134336    105283584
      205632         2048        9047.007    842268672    210567168
      205632         4096       17230.784   1684537344    421134336
      226192            1          20.580       452384       113096
      226192            2          11.200       904768       226192
      226192            4          21.220      1809536       452384
      226192            8          39.510      3619072       904768
      226192           16          78.840      7238144      1809536
      226192           32         154.530     14476288      3619072
      226192           64         311.811     28952576      7238144
      226192          128         615.370     57905152     14476288
      226192          256        1234.241    115810304     28952576
      226192          512        2460.662    231620608     57905152
      226192         1024        4921.664    463241216    115810304
      226192         2048        9844.928    926482432    231620608
      226192         4096       19710.526   1852964864    463241216
      248808            1          22.620       497616       124404
      248808            2          20.910       995232       248808
      248808            4          22.340      1990464       497616
      248808            8          43.470      3980928       995232
      248808           16          86.520      7961856      1990464
      248808           32         169.900     15923712      3980928
      248808           64         338.630     31847424      7961856
      248808          128         679.161     63694848     15923712
      248808          256        1354.301    127389696     31847424
      248808          512        2709.432    254779392     63694848
      248808         1024        5412.794    509558784    127389696
      248808         2048       10825.999   1019117568    254779392
      248808         4096       21669.448   2038235136    509558784
      273688            1          24.630       547376       136844
      273688            2          13.570      1094752       273688
      273688            4          25.590      2189504       547376
      273688            8          48.870      4379008      1094752
      273688           16          92.040      8758016      2189504
      273688           32         195.450     17516032      4379008
      273688           64         389.621     35032064      8758016
      273688          128         718.900     70064128     17516032
      273688          256        1508.131    140128256     35032064
      273688          512        3003.343    280256512     70064128
      273688         1024        5826.225    560513024    140128256
      273688         2048       11926.689   1121026048    280256512
      301056            1          26.630       602112       150528
      301056            2          19.930      1204224       301056
      301056            4          35.850      2408448       602112
      301056            8          59.810      4816896      1204224
      301056           16         100.150      9633792      2408448
      301056           32         197.690     19267584      4816896
      301056           64         392.130     38535168      9633792
      301056          128         809.721     77070336     19267584
      301056          256        1609.611    154140672     38535168
      301056          512        3246.713    308281344     77070336
      301056         1024        6660.415    616562688    154140672
      301056         2048       13199.171   1233125376    308281344
      331160            1          28.130       662320       165580
      331160            2          16.240      1324640       331160
      331160            4          30.970      2649280       662320
      331160            8          60.290      5298560      1324640
      331160           16         110.020     10597120      2649280
      331160           32         236.271     21194240      5298560
      331160           64         431.230     42388480     10597120
      331160          128         941.561     84776960     21194240
      331160          256        1810.781    169553920     42388480
      331160          512        3626.323    339107840     84776960
      331160         1024        7020.846    678215680    169553920
      331160         2048       14284.421   1356431360    339107840
      364272            1          32.170       728544       182136
      364272            2          18.130      1457088       364272
      364272            4          32.680      2914176       728544
      364272            8          64.920      5828352      1457088
      364272           16         125.140     11656704      2914176
      364272           32         255.370     23313408      5828352
      364272           64         497.121     46626816     11656704
      364272          128         992.851     93253632     23313408
      364272          256        1984.461    186507264     46626816
      364272          512        3965.933    373014528     93253632
      364272         1024        7930.507    746029056    186507264
      364272         2048       15852.503   1492058112    373014528
      400696            1          34.420       801392       200348
      400696            2          20.030      1602784       400696
      400696            4          35.910      3205568       801392
      400696            8          71.490      6411136      1602784
      400696           16         133.040     12822272      3205568
      400696           32         266.671     25644544      6411136
      400696           64         521.890     51289088     12822272
      400696          128        1141.581    102578176     25644544
      400696          256        2283.362    205156352     51289088
      400696          512        4336.443    410312704    102578176
      400696         1024        8677.437    820625408    205156352
      400696         2048       17658.685   1641250816    410312704
      440760            1          37.540       881520       220380
      440760            2          22.050      1763040       440760
      440760            4          41.310      3526080       881520
      440760            8          76.830      7052160      1763040
      440760           16         147.960     14104320      3526080
      440760           32         314.541     28208640      7052160
      440760           64         574.180     56417280     14104320
      440760          128        1152.861    112834560     28208640
      440760          256        2412.692    225669120     56417280
      440760          512        4965.234    451338240    112834560
      440760         1024        9566.698    902676480    225669120
      440760         2048       19110.185   1805352960    451338240
      484832            1          42.570       969664       242416
      484832            2          24.220      1939328       484832
      484832            4          45.450      3878656       969664
      484832            8          91.441      7757312      1939328
      484832           16         163.030     15514624      3878656
      484832           32         317.870     31029248      7757312
      484832           64         637.421     62058496     15514624
      484832          128        1331.811    124116992     31029248
      484832          256        2665.232    248233984     62058496
      484832          512        5236.374    496467968    124116992
      484832         1024       10607.279    992935936    248233984
      484832         2048       20929.636   1985871872    496467968
      533312            1          46.190      1066624       266656
      533312            2          26.800      2133248       533312
      533312            4          48.070      4266496      1066624
      533312            8          91.290      8532992      2133248
      533312           16         199.240     17065984      4266496
      533312           32         376.480     34131968      8532992
      533312           64         761.181     68263936     17065984
      533312          128        1455.071    136527872     34131968
      533312          256        2945.913    273055744     68263936
      533312          512        5749.094    546111488    136527872
      533312         1024       11565.920   1092222976    273055744
      586640            1          50.220      1173280       293320
      586640            2          29.500      2346560       586640
      586640            4          53.370      4693120      1173280
      586640            8         113.820      9386240      2346560
      586640           16         207.500     18772480      4693120
      586640           32         402.681     37544960      9386240
      586640           64         803.190     75089920     18772480
      586640          128        1607.982    150179840     37544960
      586640          256        3193.632    300359680     75089920
      586640          512        6413.645    600719360    150179840
      586640         1024       12820.211   1201438720    300359680
      645304            1          55.940      1290608       322652
      645304            2          32.391      2581216       645304
      645304            4          61.280      5162432      1290608
      645304            8         122.870     10324864      2581216
      645304           16         227.440     20649728      5162432
      645304           32         428.850     41299456     10324864
      645304           64         884.361     82598912     20649728
      645304          128        1758.041    165197824     41299456
      645304          256        3498.533    330395648     82598912
      645304          512        7009.456    660791296    165197824
      645304         1024       14150.321   1321582592    330395648
      709832            1          61.920      1419664       354916
      709832            2          35.250      2839328       709832
      709832            4          64.700      5678656      1419664
      709832            8         125.580     11357312      2839328
      709832           16         244.660     22714624      5678656
      709832           32         493.551     45429248     11357312
      709832           64         973.350     90858496     22714624
      709832          128        1944.642    181716992     45429248
      709832          256        3892.543    363433984     90858496
      709832          512        7761.036    726867968    181716992
      709832         1024       15693.273   1453735936    363433984
      780808            1          67.910      1561616       390404
      780808            2          38.771      3123232       780808
      780808            4          70.810      6246464      1561616
      780808            8         138.700     12492928      3123232
      780808           16         268.540     24985856      6246464
      780808           32         539.130     49971712     12492928
      780808           64        1067.391     99943424     24985856
      780808          128        2131.002    199886848     49971712
      780808          256        4256.873    399773696     99943424
      780808          512        8517.997    799547392    199886848
      780808         1024       17056.044   1599094784    399773696
      858888            1          72.311      1717776       429444
      858888            2          42.210      3435552       858888
      858888            4          77.340      6871104      1717776
      858888            8         149.620     13742208      3435552
      858888           16         295.850     27484416      6871104
      858888           32         595.400     54968832     13742208
      858888           64        1175.571    109937664     27484416
      858888          128        2346.042    219875328     54968832
      858888          256        4689.854    439750656    109937664
      858888          512        9361.898    879501312    219875328
      858888         1024       18710.295   1759002624    439750656
      944776            1          79.931      1889552       472388
      944776            2          46.460      3779104       944776
      944776            4          86.680      7558208      1889552
      944776            8         167.710     15116416      3779104
      944776           16         330.590     30232832      7558208
      944776           32         653.621     60465664     15116416
      944776           64        1291.361    120931328     30232832
      944776          128        2596.002    241862656     60465664
      944776          256        5173.854    483725312    120931328
      944776          512       10338.408    967450624    241862656
      944776         1024       20690.077   1934901248    483725312
     1039248            1          89.490      2078496       519624
     1039248            2          51.320      4156992      1039248
     1039248            4          96.811      8313984      2078496
     1039248            8         186.340     16627968      4156992
     1039248           16         366.700     33255936      8313984
     1039248           32         718.851     66511872     16627968
     1039248           64        1430.351    133023744     33255936
     1039248          128        2854.612    266047488     66511872
     1039248          256        5669.295    532094976    133023744
     1039248          512       11382.059   1064189952    266047488
     1039248         1024       22764.538   2128379904    532094976
     1143168            1         109.000      2286336       571584
     1143168            2          56.540      4572672      1143168
     1143168            4         105.980      9145344      2286336
     1143168            8         202.680     18290688      4572672
     1143168           16         393.620     36581376      9145344
     1143168           32         790.641     73162752     18290688
     1143168           64        1571.091    146325504     36581376
     1143168          128        3140.653    292651008     73162752
     1143168          256        6276.575    585302016    146325504
     1143168          512       12523.860   1170604032    292651008
     1257480            1         118.500      2514960       628740
     1257480            2          61.821      5029920      1257480
     1257480            4         116.150     10059840      2514960
     1257480            8         220.730     20119680      5029920
     1257480           16         440.390     40239360     10059840
     1257480           32         868.011     80478720     20119680
     1257480           64        1727.551    160957440     40239360
     1257480          128        3443.813    321914880     80478720
     1257480          256        6886.476    643829760    160957440
     1257480          512       13773.971   1287659520    321914880
     1383224            1         120.370      2766448       691612
     1383224            2          75.230      5532896      1383224
     1383224            4         127.750     11065792      2766448
     1383224            8         249.200     22131584      5532896
     1383224           16         482.471     44263168     11065792
     1383224           32         956.601     88526336     22131584
     1383224           64        1893.661    177052672     44263168
     1383224          128        3788.183    354105344     88526336
     1383224          256        7546.736    708210688    177052672
     1383224          512       15136.833   1416421376    354105344
     1521544            1         131.270      3043088       760772
     1521544            2          74.740      6086176      1521544
     1521544            4         139.200     12172352      3043088
     1521544            8         275.200     24344704      6086176
     1521544           16         525.511     48689408     12172352
     1521544           32        1043.741     97378816     24344704
     1521544           64        2077.381    194757632     48689408
     1521544          128        4174.994    389515264     97378816
     1521544          256        8321.926    779030528    194757632
     1521544          512       16639.514   1558061056    389515264
     1673696            1         143.670      3347392       836848
     1673696            2          82.210      6694784      1673696
     1673696            4         157.130     13389568      3347392
     1673696            8         298.031     26779136      6694784
     1673696           16         580.930     53558272     13389568
     1673696           32        1154.751    107116544     26779136
     1673696           64        2320.612    214233088     53558272
     1673696          128        4590.304    428466176    107116544
     1673696          256        9157.027    856932352    214233088
     1673696          512       18305.775   1713864704    428466176
     1841064            1         159.960      3682128       920532
     1841064            2          90.041      7364256      1841064
     1841064            4         169.870     14728512      3682128
     1841064            8         325.600     29457024      7364256
     1841064           16         638.730     58914048     14728512
     1841064           32        1273.732    117828096     29457024
     1841064           64        2522.921    235656192     58914048
     1841064          128        5043.795    471312384    117828096
     1841064          256       10068.828    942624768    235656192
     1841064          512       20100.586   1885249536    471312384
     2025168            1         173.520      4050336      1012584
     2025168            2          99.471      8100672      2025168
     2025168            4         191.890     16201344      4050336
     2025168            8         359.500     32402688      8100672
     2025168           16         707.590     64805376     16201344
     2025168           32        1398.692    129610752     32402688
     2025168           64        2787.252    259221504     64805376
     2025168          128        5565.444    518443008    129610752
     2025168          256       11112.929   1036886016    259221504
     2025168          512       22209.168   2073772032    518443008
     2227680            1         202.281      4455360      1113840
     2227680            2         109.590      8910720      2227680
     2227680            4         202.950     17821440      4455360
     2227680            8         393.040     35642880      8910720
     2227680           16         780.531     71285760     17821440
     2227680           32        1542.661    142571520     35642880
     2227680           64        3080.073    285143040     71285760
     2227680          128        6087.244    570286080    142571520
     2227680          256       12216.920   1140572160    285143040
     2450448            1         209.080      4900896      1225224
     2450448            2         120.240      9801792      2450448
     2450448            4         223.570     19603584      4900896
     2450448            8         440.121     39207168      9801792
     2450448           16         847.450     78414336     19603584
     2450448           32        1691.802    156828672     39207168
     2450448           64        3362.192    313657344     78414336
     2450448          128        6740.256    627314688    156828672
     2450448          256       13386.521   1254629376    313657344
     2695488            1         229.190      5390976      1347744
     2695488            2         132.810     10781952      2695488
     2695488            4         244.000     21563904      5390976
     2695488            8         483.321     43127808     10781952
     2695488           16         938.531     86255616     21563904
     2695488           32        1873.071    172511232     43127808
     2695488           64        3707.953    345022464     86255616
     2695488          128        7389.406    690044928    172511232
     2695488          256       14717.862   1380089856    345022464
     2965032            1         255.960      5930064      1482516
     2965032            2         145.860     11860128      2965032
     2965032            4         280.031     23720256      5930064
     2965032            8         522.730     47440512     11860128
     2965032           16        1027.961     94881024     23720256
     2965032           32        2032.091    189762048     47440512
     2965032           64        4087.364    379524096     94881024
     2965032          128        8131.546    759048192    189762048
     2965032          256       16199.644   1518096384    379524096
     3261528            1         288.360      6523056      1630764
     3261528            2         160.470     13046112      3261528
     3261528            4         297.700     26092224      6523056
     3261528            8         579.961     52184448     13046112
     3261528           16        1125.331    104368896     26092224
     3261528           32        2252.581    208737792     52184448
     3261528           64        4475.714    417475584    104368896
     3261528          128        9115.357    834951168    208737792
     3261528          256       17820.355   1669902336    417475584
     3587680            1         309.910      7175360      1793840
     3587680            2         184.480     14350720      3587680
     3587680            4         325.721     28701440      7175360
     3587680            8         637.370     57402880     14350720
     3587680           16        1249.041    114805760     28701440
     3587680           32        2470.372    229611520     57402880
     3587680           64        4929.164    459223040    114805760
     3587680          128        9828.888    918446080    229611520
     3587680          256       19608.566   1836892160    459223040
     3946448            1         352.200      7892896      1973224
     3946448            2         194.011     15785792      3946448
     3946448            4         356.490     31571584      7892896
     3946448            8         696.910     63143168     15785792
     3946448           16        1368.252    126286336     31571584
     3946448           32        2719.792    252572672     63143168
     3946448           64        5412.824    505145344    126286336
     3946448          128       10801.189   1010290688    252572672
     3946448          256       21609.767   2020581376    505145344
     4341088            1         379.640      8682176      2170544
     4341088            2         214.890     17364352      4341088
     4341088            4         402.331     34728704      8682176
     4341088            8         766.220     69457408     17364352
     4341088           16        1511.321    138914816     34728704
     4341088           32        2985.363    277829632     69457408
     4341088           64        5963.295    555659264    138914816
     4341088          128       11880.609   1111318528    277829632
     4775192            1         418.601      9550384      2387596
     4775192            2         235.470     19100768      4775192
     4775192            4         441.970     38201536      9550384
     4775192            8         841.551     76403072     19100768
     4775192           16        1679.292    152806144     38201536
     4775192           32        3290.302    305612288     76403072
     4775192           64        6559.335    611224576    152806144
     4775192          128       13056.541   1222449152    305612288
     5252704            1         455.060     10505408      2626352
     5252704            2         262.231     21010816      5252704
     5252704            4         491.040     42021632     10505408
     5252704            8         930.901     84043264     21010816
     5252704           16        1829.191    168086528     42021632
     5252704           32        3626.843    336173056     84043264
     5252704           64        7217.896    672346112    168086528
     5252704          128       14424.912   1344692224    336173056
     5777968            1         501.550     11555936      2888984
     5777968            2         300.760     23111872      5777968
     5777968            4         539.010     46223744     11555936
     5777968            8        1031.591     92447488     23111872
     5777968           16        2022.402    184894976     46223744
     5777968           32        3981.823    369789952     92447488
     5777968           64        7956.126    739579904    184894976
     5777968          128       15826.953   1479159808    369789952
     6355760            1         549.021     12711520      3177880
     6355760            2         340.810     25423040      6355760
     6355760            4         619.981     50846080     12711520
     6355760            8        1166.160    101692160     25423040
     6355760           16        2284.092    203384320     50846080
     6355760           32        4474.454    406768640    101692160
     6355760           64        8876.247    813537280    203384320
     6355760          128       17694.134   1627074560    406768640
     6991336            1         618.460     13982672      3495668
     6991336            2         435.740     27965344      6991336
     6991336            4         740.701     55930688     13982672
     6991336            8        1377.031    111861376     27965344
     6991336           16        2643.742    223722752     55930688
     6991336           32        5158.474    447445504    111861376
     6991336           64       10163.188    894891008    223722752
     6991336          128       20266.466   1789782016    447445504
     7690464            1         687.391     15380928      3845232
     7690464            2         588.830     30761856      7690464
     7690464            4         956.201     61523712     15380928
     7690464            8        1713.461    123047424     30761856
     7690464           16        3194.123    246094848     61523712
     7690464           32        6279.395    492189696    123047424
     7690464           64       12353.490    984379392    246094848
     7690464          128       24497.550   1968758784    492189696
     8459504            1         762.861     16919008      4229752
     8459504            2         897.680     33838016      8459504
     8459504            4        1356.262     67676032     16919008
     8459504            8        2306.981    135352064     33838016
     8459504           16        4275.274    270704128     67676032
     8459504           32        8113.816    541408256    135352064
     8459504           64       15954.833   1082816512    270704128
     9305448            1         843.010     18610896      4652724
     9305448            2        1328.911     37221792      9305448
     9305448            4        1985.162     74443584     18610896
     9305448            8        3293.412    148887168     37221792
     9305448           16        5946.415    297774336     74443584
     9305448           32       11269.019    595548672    148887168
     9305448           64       22029.638   1191097344    297774336
    10235992            1         929.100     20471984      5117996
    10235992            2        1704.492     40943968     10235992
    10235992            4        2602.522     81887936     20471984
    10235992            8        4373.653    163775872     40943968
    10235992           16        7935.187    327551744     81887936
    10235992           32       15074.092    655103488    163775872
    10235992           64       29357.894   1310206976    327551744
    11259584            1        1027.741     22519168      5629792
    11259584            2        2018.112     45038336     11259584
    11259584            4        3113.442     90076672     22519168
    11259584            8        5317.274    180153344     45038336
    11259584           16        9696.258    360306688     90076672
    11259584           32       18461.845    720613376    180153344
    11259584           64       36033.639   1441226752    360306688
    12385536            1        1132.491     24771072      6192768
    12385536            2        2286.531     49542144     12385536
    12385536            4        3537.193     99084288     24771072
    12385536            8        6092.025    198168576     49542144
    12385536           16       11156.109    396337152     99084288
    12385536           32       21287.747    792674304    198168576
    12385536           64       41595.194   1585348608    396337152
    13624088            1        1242.351     27248176      6812044
    13624088            2        2536.272     54496352     13624088
    13624088            4        3946.963    108992704     27248176
    13624088            8        6803.735    217985408     54496352
    13624088           16       12528.701    435970816    108992704
    13624088           32       23978.479    871941632    217985408
    13624088           64       46695.078   1743883264    435970816
    14986496            1        1354.341     29972992      7493248
    14986496            2        2788.223     59945984     14986496
    14986496            4        4351.793    119891968     29972992
    14986496            8        7484.566    239783936     59945984
    14986496           16       13731.001    479567872    119891968
    14986496           32       26356.292    959135744    239783936
    14986496           64       51394.011   1918271488    479567872
    16485144            1        1521.491     32970288      8242572
    16485144            2        3069.332     65940576     16485144
    16485144            4        4795.834    131881152     32970288
    16485144            8        8238.067    263762304     65940576
    16485144           16       15124.812    527524608    131881152
    16485144           32       29050.344   1055049216    263762304
    16485144           64       56859.036   2110098432    527524608
    18133656            1        1648.081     36267312      9066828
    18133656            2        3413.713     72534624     18133656
    18133656            4        5326.934    145069248     36267312
    18133656            8        9115.248    290138496     72534624
    18133656           16       16608.613    580276992    145069248
    18133656           32       31652.586   1160553984    290138496
    19947016            1        1829.732     39894032      9973508
    19947016            2        3721.623     79788064     19947016
    19947016            4        5827.804    159576128     39894032
    19947016            8        9978.339    319152256     79788064
    19947016           16       18364.254    638304512    159576128
    19947016           32       35057.089   1276609024    319152256
    21941712            1        2001.022     43883424     10970856
    21941712            2        4068.143     87766848     21941712
    21941712            4        6433.355    175533696     43883424
    21941712            8       10993.779    351067392     87766848
    21941712           16       20290.437    702134784    175533696
    21941712           32       38766.911   1404269568    351067392
    24135880            1        2234.252     48271760     12067940
    24135880            2        4528.364     96543520     24135880
    24135880            4        7075.885    193087040     48271760
    24135880            8       12147.870    386174080     96543520
    24135880           16       22293.258    772348160    193087040
    24135880           32       42591.945   1544696320    386174080
    26549464            1        2443.272     53098928     13274732
    26549464            2        4921.834    106197856     26549464
    26549464            4        7739.056    212395712     53098928
    26549464            8       13388.791    424791424    106197856
    26549464           16       24608.550    849582848    212395712
    26549464           32       47201.198   1699165696    424791424
    29204408            1        2702.022     58408816     14602204
    29204408            2        5459.284    116817632     29204408
    29204408            4        8578.337    233635264     58408816
    29204408            8       14752.062    467270528    116817632
    29204408           16       27148.562    934541056    233635264
    29204408           32       51952.912   1869082112    467270528
    32124848            1        2966.013     64249696     16062424
    32124848            2        6010.045    128499392     32124848
    32124848            4        9409.437    256998784     64249696
    32124848            8       16248.203    513997568    128499392
    32124848           16       29894.615   1027995136    256998784
    32124848           32       57107.866   2055990272    513997568
    35337328            1        3250.053     70674656     17668664
    35337328            2        6601.135    141349312     35337328
    35337328            4       10310.768    282698624     70674656
    35337328            8       17798.444    565397248    141349312
    35337328           16       32792.137   1130794496    282698624
    38871056            1        3591.502     77742112     19435528
    38871056            2        7246.986    155484224     38871056
    38871056            4       11352.150    310968448     77742112
    38871056            8       19529.925    621936896    155484224
    38871056           16       35780.169   1243873792    310968448
    42758160            1        3783.433     85516320     21379080
    42758160            2        7998.376    171032640     42758160
    42758160            4       12503.650    342065280     85516320
    42758160            8       21506.918    684130560    171032640
    42758160           16       39516.152   1368261120    342065280
    47033976            1        4342.174     94067952     23516988
    47033976            2        8753.727    188135904     47033976
    47033976            4       13746.751    376271808     94067952
    47033976            8       23760.169    752543616    188135904
    47033976           16       43645.516   1505087232    376271808
    51737368            1        4793.934    103474736     25868684
    51737368            2        9631.338    206949472     51737368
    51737368            4       15098.572    413898944    103474736
    51737368            8       25985.361    827797888    206949472
    51737368           16       47723.959   1655595776    413898944
    56911104            1        5240.734    113822208     28455552
    56911104            2       10533.339    227644416     56911104
    56911104            4       16548.183    455288832    113822208
    56911104            8       28316.043    910577664    227644416
    56911104           16       52329.852   1821155328    455288832
    62602208            1        5759.884    125204416     31301104
    62602208            2       11641.280    250408832     62602208
    62602208            4       18274.844    500817664    125204416
    62602208            8       31461.916   1001635328    250408832
    62602208           16       57981.287   2003270656    500817664
    68862424            1        6358.205    137724848     34431212
    68862424            2       12751.060    275449696     68862424
    68862424            4       20022.106    550899392    137724848
    68862424            8       34560.278   1101798784    275449696
    75748664            1        7054.486    151497328     37874332
    75748664            2       14142.821    302994656     75748664
    75748664            4       22176.988    605989312    151497328
    75748664            8       38198.021   1211978624    302994656
    83323528            1        7692.927    166647056     41661764
    83323528            2       15717.112    333294112     83323528
    83323528            4       24436.560    666588224    166647056
    83323528            8       42275.624   1333176448    333294112
    91655880            1        8516.297    183311760     45827940
    91655880            2       17078.704    366623520     91655880
    91655880            4       26741.101    733247040    183311760
    91655880            8       46113.517   1466494080    366623520
   100821464            1        9301.607    201642928     50410732
   100821464            2       18669.965    403285856    100821464
   100821464            4       29305.234    806571712    201642928
   100821464            8       50800.201   1613143424    403285856
   110903608            1       10280.979    221807216     55451804
   110903608            2       20655.227    443614432    110903608
   110903608            4       32465.756    887228864    221807216
   110903608            8       56066.435   1774457728    443614432
   121993968            1       11315.289    243987936     60996984
   121993968            2       22724.978    487975872    121993968
   121993968            4       35610.609    975951744    243987936
   121993968            8       61445.139   1951903488    487975872
   134193360            1       12495.180    268386720     67096680
   134193360            2       25054.170    536773440    134193360
   134193360            4       39238.082   1073546880    268386720
   134193360            8       67662.115   2147093760    536773440
   147612696            1       13770.771    295225392     73806348
   147612696            2       27513.263    590450784    147612696
   147612696            4       43048.614   1180901568    295225392
   162373960            1       15175.673    324747920     81186980
   162373960            2       30432.864    649495840    162373960
   162373960            4       47700.339   1298991680    324747920
   178611352            1       16623.893    357222704     89305676
   178611352            2       33307.167    714445408    178611352
   178611352            4       52011.262   1428890816    357222704
   196472480            1       18312.974    392944960     98236240
   196472480            2       36626.550    785889920    196472480
   196472480            4       57505.916   1571779840    392944960
   216119728            1       20176.106    432239456    108059864
   216119728            2       40386.463    864478912    216119728
   216119728            4       63338.101   1728957824    432239456
   237731696            1       22127.048    475463392    118865848
   237731696            2       44402.156    950926784    237731696
   237731696            4       69364.106   1901853568    475463392
   261504864            1       24426.340    523009728    130752432
   261504864            2       48612.149   1046019456    261504864
   261504864            4       76044.972   2092038912    523009728
   287655344            1       26734.752    575310688    143827672
   287655344            2       53569.113   1150621376    287655344
   316420872            1       29233.904    632841744    158210436
   316420872            2       58463.257   1265683488    316420872
   348062952            1       32198.236    696125904    174031476
   348062952            2       64371.932   1392251808    348062952
   382869240            1       35385.159    765738480    191434620
   382869240            2       70823.367   1531476960    382869240
   421156160            1       39037.322    842312320    210578080
   421156160            2       77995.123   1684624640    421156160
   463271776            1       42523.165    926543552    231635888
   463271776            2       85075.738   1853087104    463271776
   509598952            1       46682.938   1019197904    254799476
   509598952            2       93927.656   2038395808    509598952
   560558840            1       51548.841   1121117680    280279420
   616614720            1       56318.036   1233229440    308307360
   678276192            1       61609.270   1356552384    339138096
   746103808            1       67542.945   1492207616    373051904
   820714184            1       74408.990   1641428368    410357092
   902785600            1       82069.016   1805571200    451392800
   993064160            1       89533.772   1986128320    496532080

META_DATA
FLOPS          4
OPENMP_THREADS 1
ERT_VERSION  1.1.0
HOSTNAME  ('pve.fritz.box', ['pve'], ['192.168.188.21'])
UNAME  uname_result(system='Linux', node='pve', release='6.14.8-2-pve', version='#1 SMP PREEMPT_DYNAMIC PMX 6.14.8-2 (2025-07-22T10:04Z)', machine='x86_64')
TIMESTAMP_DATA  1765906966.7056587
CONFIG  {'ERT_MPI': ['False'], 'ERT_OPENMP': ['True'], 'ERT_OPENMP_CFLAGS': ['-fopenmp'], 'ERT_OPENMP_LDFLAGS': ['-fopenmp'], 'ERT_PRECISION': ['FP64'], 'ERT_TRIALS_MIN': ['1'], 'ERT_TRIALS': ['3', '#', 'Run', 'each', 'test', '3', 'times', 'to', 'filter', 'out', 'background', 'noise'], 'ERT_RESULTS': ['Results/1600X'], 'ERT_GNUPLOT': ['gnuplot'], 'ERT_DRIVER': ['driver1'], 'ERT_KERNEL': ['kernel1'], 'ERT_CC': ['g++'], 'ERT_LD': ['g++'], 'ERT_CFLAGS': ['-O3', '-march=native', '-fopenmp', '-fstrict-aliasing', '-funroll-loops', '-Wno-all'], 'ERT_LDFLAGS': ['-O3', '-march=native', '-fopenmp'], 'ERT_LDLIBS': ['-lm'], 'ERT_RUN': ['export', 'OMP_NUM_THREADS=ERT_OPENMP_THREADS;', './ERT_CODE'], 'ERT_WORKING_SET_MIN': ['128'], 'ERT_MEMORY_MAX': ['1073741824'], 'ERT_ALIGN': ['64'], 'ERT_MIN_PROCS': ['1'], 'ERT_MAX_PROCS': ['1'], 'ERT_OPENMP_THREADS': ['1,2,4,8,12', '#', 'Logical', 'Threads'], 'ERT_NUM_EXPERIMENTS': ['5'], 'ERT_FLOPS': ['1,2,4,8'], 'ERT_GPU': [False], 'ERT_HIP': [False], 'ERT_OCL': [False], 'ERT_SYCL': [False], 'ERT_WSS_MULT': [1.1]}
