fp64

1024 1 0.78 0.9 0.95 2.155789473684211 2.2755555555555556 2.6256410256410256 0.13473684210526318 0.14222222222222222 0.1641025641025641
1024 2 0.36 0.36 0.39 10.502564102564103 11.377777777777778 11.377777777777778 0.6564102564102564 0.7111111111111111 0.7111111111111111
1024 4 0.38 0.39 0.47 17.429787234042557 21.005128205128205 21.557894736842105 1.0893617021276598 1.3128205128205128 1.3473684210526315
1024 8 0.44 0.46 0.48 34.13333333333334 35.61739130434783 37.236363636363635 2.1333333333333337 2.226086956521739 2.327272727272727
1024 16 0.52 0.53 0.55 59.57818181818182 61.82641509433962 63.01538461538462 3.7236363636363636 3.8641509433962264 3.9384615384615387
1024 32 0.71 0.72 0.74 88.56216216216217 91.02222222222223 92.30422535211268 5.535135135135135 5.688888888888889 5.769014084507043
1024 64 1.12 1.12 1.17 112.02735042735043 117.02857142857142 117.02857142857142 7.001709401709402 7.314285714285714 7.314285714285714
1024 128 1.94 1.95 2.08 126.03076923076924 134.4328205128205 135.1257731958763 7.876923076923077 8.402051282051282 8.445360824742268
1024 256 3.6 3.63 3.88 135.1257731958763 144.43195592286503 145.63555555555556 8.445360824742268 9.026997245179064 9.102222222222222
1024 512 6.92 6.93 7.25 144.6311724137931 151.30966810966814 151.52832369942197 9.03944827586207 9.456854256854259 9.470520231213873
1024 1024 13.57 13.58 14.21 147.58282899366642 154.42945508100146 154.54325718496685 9.223926812104152 9.651840942562592 9.658953574060428
1024 2048 26.85 26.86 29.06 144.33255333792155 156.15428145941922 156.21243947858474 9.020784583620097 9.759642591213701 9.763277467411546
1024 4096 53.42 53.43 53.43 157.0018341755568 157.0018341755568 157.03122426057658 9.8126146359723 9.8126146359723 9.814451516286036
1024 8192 110.7 111.72 115.41 145.370557144095 150.17200143215183 151.55570009033423 9.085659821505937 9.38575008950949 9.47223125564589
1024 16384 212.84 212.84 230.54 145.5471154680316 157.6509678631836 157.6509678631836 9.096694716751974 9.853185491448976 9.853185491448976
1024 32768 425.391 435.371 460.79 145.6387161179713 154.1417871194912 157.758071985538 9.102419757373207 9.6338616949682 9.859879499096126
1024 65536 850.48 858.121 921.321 145.67965779570855 156.40886075506836 157.8140908663343 9.104978612231784 9.775553797191773 9.863380679145894
1024 131072 1706.172 1706.732 1780.131 150.79533809590419 157.2803791104872 157.332001697367 9.424708630994012 9.83002369440545 9.833250106085437
1024 262144 3409.082 3428.183 3557.812 150.8991796081412 156.60509138514485 157.4825457410529 9.431198725508825 9.787818211571553 9.842659108815806
1024 524288 6897.765 6940.495 7042.805 152.45939991239288 154.706807511568 155.66517908336976 9.528712494524555 9.669175469473 9.72907369271061
1024 1048576 13683.33 13749.69 14053.791 152.8045811980554 156.18415018811334 156.9415959419235 9.550286324878462 9.761509386757083 9.80884974637022

1120 1 0.72 0.83 1.25 1.792 2.698795180722892 3.111111111111111 0.112 0.16867469879518074 0.19444444444444445
1120 2 0.35 0.36 0.43 10.418604651162791 12.444444444444445 12.8 0.6511627906976745 0.7777777777777778 0.8
1120 4 0.38 0.44 0.56 16.0 20.363636363636363 23.578947368421055 1.0 1.2727272727272727 1.473684210526316
1120 8 0.45 0.46 0.47 38.12765957446809 38.95652173913044 39.82222222222222 2.3829787234042556 2.4347826086956523 2.488888888888889
1120 16 0.54 0.55 0.55 65.16363636363637 65.16363636363637 66.37037037037037 4.072727272727273 4.072727272727273 4.148148148148148
1120 32 0.75 0.76 0.77 93.0909090909091 94.31578947368422 95.57333333333334 5.818181818181818 5.894736842105264 5.973333333333334
1120 64 1.2 1.21 1.24 115.61290322580646 118.47933884297521 119.46666666666668 7.225806451612904 7.404958677685951 7.466666666666668
1120 128 2.1 2.12 2.18 131.5229357798165 135.24528301886792 136.53333333333333 8.22018348623853 8.452830188679245 8.533333333333333
1120 256 3.93 4.07 12.46 46.02247191011236 140.8943488943489 145.91348600508906 2.8764044943820224 8.805896805896806 9.119592875318066
1120 512 7.55 7.56 7.57 151.50330250990754 151.70370370370372 151.90463576158942 9.468956406869221 9.481481481481483 9.494039735099339
1120 1024 14.82 15.42 15.6 147.03589743589745 148.75226977950712 154.77462887989205 9.18974358974359 9.297016861219195 9.673414304993253
1120 2048 29.34 30.55 30.63 149.7721188377408 150.16432078559737 156.3571915473756 9.3607574273588 9.385270049099836 9.772324471710975
1120 4096 58.42 60.07 61.52 149.13914174252275 152.73913767271517 157.05306401917153 9.321196358907672 9.546196104544698 9.81581650119822
1120 8192 116.53 116.54 121.32 151.2535443455325 157.457353698301 157.47086587144943 9.453346521595781 9.841084606143813 9.84192911696559
1120 16384 232.77 242.04 245.241 149.64936531819723 151.6284911584862 157.66705331443055 9.353085332387327 9.476780697405388 9.85419083215191
1120 32768 465.241 465.25 469.221 156.43016830022526 157.7653304674906 157.76838240825725 9.776885518764079 9.860333154218162 9.860523900516078
1120 65536 932.841 943.971 977.39 150.1965847819192 155.51392998301856 157.36941236502255 9.38728654886995 9.71962062393866 9.83558827281391
1120 131072 1865.311 1907.992 1937.901 151.5047879122824 153.8797227661332 157.40071226728412 9.46904924451765 9.617482672883325 9.837544516705258
1120 262144 3753.673 3774.433 3810.433 154.10389317959405 155.5737139856503 156.43412732009423 9.631493323724628 9.723357124103144 9.77713295750589
1120 524288 7497.625 7622.186 7652.675 153.46334713025183 154.07720567301823 156.63695103449427 9.59145919564074 9.62982535456364 9.789809439655892

1232 1 0.56 0.67 1.43 1.7230769230769232 3.6776119402985072 4.3999999999999995 0.1076923076923077 0.2298507462686567 0.27499999999999997
1232 2 0.35 0.35 0.36 13.68888888888889 14.08 14.08 0.8555555555555556 0.88 0.88
1232 4 0.38 0.39 0.41 24.039024390243902 25.27179487179487 25.936842105263157 1.502439024390244 1.5794871794871794 1.6210526315789473
1232 8 0.43 0.45 0.49 40.228571428571435 43.80444444444444 45.84186046511628 2.5142857142857147 2.7377777777777776 2.8651162790697673
1232 16 0.56 0.58 0.6 65.70666666666668 67.97241379310346 70.39999999999999 4.106666666666667 4.248275862068966 4.3999999999999995
1232 32 0.79 0.81 0.81 97.3432098765432 97.3432098765432 99.80759493670885 6.08395061728395 6.08395061728395 6.237974683544303
1232 64 1.33 1.33 1.34 117.68358208955223 118.56842105263158 118.56842105263158 7.3552238805970145 7.410526315789474 7.410526315789474
1232 128 2.31 2.36 2.39 131.96317991631798 133.64067796610172 136.53333333333333 8.247698744769874 8.352542372881357 8.533333333333333
1232 256 4.42 4.46 4.51 139.86341463414635 141.43139013452915 142.71131221719457 8.741463414634147 8.839461883408072 8.919457013574661
1232 512 8.38 8.62 8.75 144.1792 146.35359628770303 150.545107398568 9.0112 9.14709976798144 9.4090692124105
1232 1024 16.34 16.34 16.48 153.10291262135922 154.41468788249693 154.41468788249693 9.568932038834951 9.650917992656058 9.650917992656058
1232 2048 32.39 32.67 34.18 147.63815096547688 154.46195286195285 155.7972213646187 9.227384435342305 9.653872053872053 9.73732633528867
1232 4096 64.5 66.57 68.08 148.24535840188014 151.60799158780233 156.4735503875969 9.265334900117509 9.475499474237646 9.779596899224806
1232 8192 128.7 129.81 135.89 148.53990727794542 155.49717279100224 156.83829059829063 9.283744204871589 9.71857329943764 9.802393162393164
1232 16384 257.11 259.341 267.53 150.8996224722461 155.66445722041635 157.01519194119248 9.431226404515382 9.729028576276022 9.81344949632453
1232 32768 516.821 530.56 541.711 149.0469124680872 152.17949336550063 156.22498311794607 9.31543202925545 9.51121833534379 9.76406144487163
1232 65536 1027.341 1048.321 1066.02 151.47999474681527 154.03745990016418 157.1831592431335 9.467499671675954 9.627341243760261 9.823947452695844
1232 131072 2086.022 2103.662 2148.491 150.32011211589904 153.52343104548166 154.82166918661454 9.39500700724369 9.595214440342604 9.676354324163409
1232 262144 4167.523 4194.093 4246.413 152.11022008457493 154.00774756306075 154.98962237280995 9.506888755285933 9.625484222691297 9.686851398300622
1232 524288 8313.757 8428.346 8479.646 152.34664654632988 153.2739201736616 155.38650359879415 9.521665409145617 9.57962001085385 9.711656474924634

1352 1 0.59 0.77 0.81 3.3382716049382712 3.5116883116883115 4.583050847457627 0.20864197530864195 0.21948051948051947 0.2864406779661017
1352 2 0.33 0.36 0.36 15.022222222222222 15.022222222222222 16.387878787878787 0.9388888888888889 0.9388888888888889 1.0242424242424242
1352 4 0.39 0.41 0.49 22.073469387755104 26.380487804878047 27.73333333333333 1.379591836734694 1.648780487804878 1.7333333333333332
1352 8 0.47 0.48 0.5 43.264 45.06666666666667 46.02553191489362 2.704 2.816666666666667 2.876595744680851
1352 16 0.59 0.63 0.63 68.67301587301587 68.67301587301587 73.32881355932203 4.292063492063492 4.292063492063492 4.583050847457627
1352 32 0.86 0.86 0.88 98.32727272727271 100.61395348837209 100.61395348837209 6.145454545454545 6.288372093023256 6.288372093023256
1352 64 1.39 1.41 1.43 121.01818181818183 122.73475177304965 124.50071942446044 7.563636363636364 7.670921985815603 7.781294964028778
1352 128 2.49 2.54 2.56 135.2 136.26456692913385 139.0008032128514 8.45 8.516535433070866 8.687550200803212
1352 256 4.69 4.78 4.84 143.02148760330576 144.81673640167364 147.5957356076759 8.93884297520661 9.051046025104602 9.224733475479743
1352 512 9.12 9.27 9.63 143.76407061266872 149.34714131607336 151.80350877192984 8.985254413291795 9.334196332254585 9.487719298245615
1352 1024 17.94 18.24 18.97 145.96183447548762 151.80350877192984 154.34202898550723 9.122614654717976 9.487719298245615 9.646376811594202
1352 2048 35.58 36.2 37.66 147.04705257567713 152.977679558011 155.64339516582348 9.19044078597982 9.561104972375688 9.727712197863967
1352 4096 70.85 73.07 80.78 137.10799702896756 151.5749828931162 156.32440366972477 8.569249814310473 9.473436430819763 9.770275229357798
1352 8192 142.54 145.85 149.84 147.83214095034702 151.8763661295852 155.40317103970816 9.239508809396689 9.492272883099075 9.71269818998176
1352 16384 282.57 287.62 302.3 146.55089646046972 154.0307906265211 156.7835792900874 9.159431028779357 9.62692441415757 9.798973705630463
1352 32768 574.961 583.061 595.851 148.7027327301624 151.96466921985862 154.10553411448774 9.29392079563515 9.497791826241164 9.631595882155484
1352 65536 1146.931 1152.411 1192.29 148.62939721041022 153.77269394339345 154.507415005785 9.289337325650639 9.61079337146209 9.656713437861562
1352 131072 2269.841 2296.791 2400.692 147.63188613949646 154.31037826254106 156.1425174714881 9.226992883718529 9.644398641408817 9.758907341968007
1352 262144 4610.384 4657.624 4701.374 150.77238611520804 152.18862149456461 153.74801231307413 9.423274132200502 9.511788843410288 9.609250769567133
1352 524288 9187.607 9286.587 9305.997 152.33991070489276 152.65831806669124 154.30293785966245 9.521244419055797 9.541144879168202 9.643933616228903

1480 1 0.57 0.81 0.98 3.0204081632653064 3.654320987654321 5.192982456140351 0.18877551020408165 0.22839506172839505 0.32456140350877194
1480 2 0.34 0.34 0.36 16.444444444444446 17.41176470588235 17.41176470588235 1.027777777777778 1.088235294117647 1.088235294117647
1480 4 0.38 0.39 0.4 29.599999999999998 30.358974358974358 31.157894736842106 1.8499999999999999 1.8974358974358974 1.9473684210526316
1480 8 0.47 0.48 0.49 48.3265306122449 49.333333333333336 50.382978723404264 3.0204081632653064 3.0833333333333335 3.1489361702127665
1480 16 0.61 0.63 0.64 74.0 75.17460317460318 77.63934426229508 4.625 4.698412698412699 4.852459016393443
1480 32 0.9 0.91 0.94 100.76595744680853 104.08791208791209 105.24444444444444 6.297872340425533 6.5054945054945055 6.5777777777777775
1480 64 1.51 1.52 1.54 123.01298701298701 124.63157894736842 125.45695364238411 7.688311688311688 7.7894736842105265 7.841059602649007
1480 128 2.71 2.75 2.83 133.87985865724383 137.77454545454546 139.80811808118082 8.36749116607774 8.610909090909091 8.738007380073801
1480 256 5.12 5.13 5.16 146.85271317829458 147.71150097465886 148.0 9.178294573643411 9.231968810916179 9.25
1480 512 9.98 10.16 10.24 148.0 149.16535433070865 151.85571142284567 9.25 9.32283464566929 9.490981963927855
1480 1024 19.59 19.6 20.64 146.85271317829458 154.64489795918365 154.7238386932108 9.178294573643411 9.665306122448978 9.670239918325676
1480 2048 38.9 39.05 47.21 128.40669349714042 155.23892445582587 155.83753213367612 8.025418343571276 9.702432778489117 9.739845758354758
1480 4096 77.5 79.99 83.03 146.0214380344454 151.57094636829603 156.44077419354838 9.126339877152837 9.473184148018502 9.777548387096774
1480 8192 154.72 158.31 159.7 151.83669380087667 153.16985661044785 156.72388831437434 9.489793362554792 9.57311603815299 9.795243019648396
1480 16384 309.151 324.481 331.281 146.39125093198825 149.4591054638022 156.8703966670009 9.149453183249266 9.341194091487637 9.804399791687556
1480 32768 632.39 633.911 654.69 148.15146099680763 153.00772505919602 153.3757333291165 9.259466312300477 9.562982816199751 9.585983333069782
1480 65536 1239.981 1242.951 1273.931 152.2739928614658 156.06935430278426 156.44317130665712 9.517124553841613 9.754334643924016 9.77769820666607
1480 131072 2499.272 2512.061 2533.242 153.1528057722081 154.44414765405776 155.23445227250176 9.572050360763006 9.65275922837861 9.70215326703136
1480 262144 4993.754 5037.824 5064.834 153.20269923950124 154.02408658976574 155.38335288442323 9.575168702468828 9.626505411860359 9.711459555276452
1480 524288 10032.797 10085.797 10188.588 152.31673711803833 153.86909730584503 154.68193764909225 9.519796069877396 9.616818581615314 9.667621103068265

1624 1 0.5 0.62 0.78 4.1641025641025635 5.238709677419355 6.496 0.2602564102564102 0.3274193548387097 0.406
1624 2 0.35 0.37 0.43 15.106976744186046 17.55675675675676 18.560000000000002 0.9441860465116279 1.0972972972972974 1.1600000000000001
1624 4 0.41 0.42 0.43 30.21395348837209 30.933333333333334 31.68780487804878 1.8883720930232557 1.9333333333333333 1.9804878048780488
1624 8 0.48 0.49 0.53 49.026415094339626 53.02857142857143 54.13333333333334 3.0641509433962266 3.3142857142857145 3.3833333333333337
1624 16 0.65 0.66 0.66 78.73939393939393 78.73939393939393 79.95076923076923 4.921212121212121 4.921212121212121 4.996923076923077
1624 32 0.97 1.0 1.0 103.936 103.936 107.15051546391753 6.496 6.496 6.6969072164948455
1624 64 1.62 1.64 1.64 126.75121951219512 126.75121951219512 128.31604938271605 7.921951219512195 7.921951219512195 8.019753086419753
1624 128 2.99 3.01 3.09 134.54498381877022 138.12093023255815 139.0448160535117 8.409061488673139 8.632558139534884 8.690301003344482
1624 256 5.6 5.66 5.68 146.3887323943662 146.9060070671378 148.48000000000002 9.149295774647888 9.181625441696113 9.280000000000001
1624 512 10.87 11.11 11.18 148.74561717352415 149.6828082808281 152.9876724931003 9.29660107334526 9.355175517551757 9.561729530818768
1624 1024 21.48 22.07 22.07 150.70013593112822 150.70013593112822 154.83947858473 9.418758495695513 9.418758495695513 9.677467411545624
1624 2048 42.66 43.59 43.85 151.69678449258836 152.60160587290662 155.92836380684483 9.481049030786773 9.537600367056664 9.745522737927802
1624 4096 84.97 85.0 87.41 152.20006864203182 156.5153882352941 156.57064846416384 9.512504290126989 9.782211764705881 9.78566552901024
1624 8192 169.66 173.54 184.1 144.5280608365019 153.32266912527373 156.82904632795 9.03300380228137 9.582666820329608 9.801815395496876
1624 16384 339.04 344.06 348.77 152.57972876107465 154.6684648026507 156.95856536101934 9.536233047567165 9.666779050165669 9.809910335063709
1624 32768 677.791 697.161 700.101 152.0215854569555 152.66267619674653 157.02549015847066 9.50134909105972 9.541417262296658 9.814093134904416
1624 65536 1382.961 1385.081 1397.041 152.36555548477105 153.68121286769514 153.91679736449547 9.52284721779819 9.605075804230946 9.619799835280967
1624 131072 2719.082 2765.462 2800.672 152.0070383108054 153.94239949780544 156.5682300129235 9.500439894425337 9.62139996861284 9.785514375807718
1624 262144 5507.905 5540.374 5550.924 153.3877444547971 153.67982594676823 154.58576573125356 9.586734028424818 9.604989121673015 9.661610358203347
1624 524288 11029.348 11060.598 11073.728 153.7772486374959 153.9597971104275 154.39601905751817 9.611078039843493 9.622487319401719 9.649751191094886

1784 1 0.62 0.83 0.96 3.716666666666667 4.298795180722892 5.754838709677419 0.23229166666666667 0.26867469879518074 0.3596774193548387
1784 2 0.35 0.37 0.71 10.050704225352113 19.286486486486485 20.388571428571428 0.6281690140845071 1.2054054054054053 1.2742857142857142
1784 4 0.41 0.42 0.45 31.715555555555554 33.98095238095238 34.80975609756098 1.982222222222222 2.123809523809524 2.175609756097561
1784 8 0.5 0.51 0.52 54.89230769230769 55.96862745098039 57.088 3.4307692307692306 3.4980392156862745 3.568
1784 16 0.68 0.69 0.71 80.40563380281691 82.73623188405797 83.95294117647057 5.025352112676057 5.171014492753623 5.247058823529411
1784 32 1.03 1.06 1.08 105.71851851851851 107.71320754716982 110.8504854368932 6.607407407407407 6.7320754716981135 6.928155339805825
1784 64 1.77 1.79 1.81 126.16132596685082 127.57094972067038 129.01242937853107 7.885082872928177 7.973184357541899 8.063276836158192
1784 128 3.2 3.26 3.31 137.97703927492446 140.09325153374235 142.72 8.623564954682779 8.755828220858897 8.92
1784 256 6.15 6.17 6.32 144.526582278481 148.04019448946514 148.52162601626014 9.032911392405062 9.252512155591571 9.282601626016259
1784 512 11.92 12.32 12.32 148.28051948051947 148.28051948051947 153.25637583892617 9.267532467532467 9.267532467532467 9.578523489932886
1784 1024 23.53 24.36 32.19 113.50208139173658 149.98489326765187 155.27547811304717 7.093880086983536 9.374055829228242 9.704717382065448
1784 2048 46.78 47.15 48.44 150.85185796862098 154.97908801696713 156.2048738777255 9.428241123038811 9.686193001060445 9.762804617357844
1784 4096 93.28 96.6 104.17 140.29497936066045 151.28910973084888 156.673756432247 8.768436210041278 9.455569358178055 9.792109777015437
1784 8192 186.28 187.75 192.91 151.51654139235913 155.68072436750998 156.90925488511917 9.469783837022446 9.730045272969374 9.806828430319948
1784 16384 372.251 385.53 386.94 151.07797591357834 151.630513838093 157.0395029160432 9.442373494598646 9.476907114880813 9.8149689322527
1784 32768 750.141 752.961 763.891 153.0535429792994 155.27527189323217 155.85899717519774 9.565846436206213 9.70470449332701 9.741187323449859
1784 65536 1498.721 1503.811 1525.621 153.27033909470308 155.49324216939496 156.0213328564823 9.579396193418942 9.718327635587185 9.751333303530144
1784 131072 2999.762 3039.302 3073.622 152.15432997291146 153.87246677033082 155.9006667862317 9.509645623306966 9.617029173145676 9.743791674139482
1784 262144 6045.494 6082.085 6131.965 152.53345249035178 153.7843999220662 154.71519647525912 9.533340780646986 9.611524995129137 9.669699779703695
1784 524288 12067.909 12080.92 12166.149 153.75938466642157 154.84413306271375 155.01107805834465 9.609961541651348 9.67775831641961 9.68819237864654

1960 1 0.82 0.97 0.99 3.9595959595959593 4.041237113402062 4.780487804878049 0.24747474747474746 0.25257731958762886 0.29878048780487804
1960 2 0.35 0.37 0.49 16.0 21.189189189189186 22.4 1.0 1.3243243243243241 1.4
1960 4 0.41 0.43 0.6 26.133333333333333 36.46511627906976 38.24390243902439 1.6333333333333333 2.27906976744186 2.3902439024390243
1960 8 0.52 0.53 0.73 42.958904109589035 59.16981132075471 60.30769230769231 2.6849315068493147 3.6981132075471694 3.769230769230769
1960 16 0.71 0.73 1.02 61.49019607843137 85.91780821917807 88.33802816901408 3.8431372549019605 5.369863013698629 5.52112676056338
1960 32 1.12 1.13 1.57 79.89808917197452 111.00884955752211 111.99999999999999 4.993630573248407 6.938053097345132 6.999999999999999
1960 64 1.92 1.92 2.69 93.26394052044608 130.66666666666666 130.66666666666666 5.82899628252788 8.166666666666666 8.166666666666666
1960 128 3.53 3.61 4.86 103.24279835390946 138.99168975069253 142.1416430594901 6.4526748971193415 8.686980609418283 8.88385269121813
1960 256 6.8 6.93 9.36 107.2136752136752 144.8080808080808 147.57647058823528 6.7008547008547 9.05050505050505 9.223529411764705
1960 512 13.06 13.3 18.48 108.60606060606061 150.90526315789472 153.6784073506891 6.787878787878788 9.43157894736842 9.604900459418069
1960 1024 25.82 26.31 35.24 113.90692395005674 152.56860509312048 155.46398140975987 7.119182746878546 9.53553781832003 9.716498838109992
1960 2048 51.91 52.88 53.46 150.17134306023195 151.8184568835098 154.65536505490272 9.385708941264497 9.488653555219363 9.66596031593142
1960 4096 103.55 104.36 106.62 150.59388482461074 153.85511690302798 155.05861902462578 9.412117801538171 9.615944806439249 9.691163689039112
1960 8192 210.62 212.95 214.06 150.01700457815565 150.798966893637 152.4671920995157 9.376062786134728 9.424935430852312 9.529199506219731
1960 16384 413.331 420.96 424.13 151.42828849645156 152.56860509312048 155.38461910672075 9.464268031028222 9.53553781832003 9.711538694170047
1960 32768 825.39 841.401 849.281 151.24624240975604 152.66271373578115 155.6240807375907 9.452890150609752 9.541419608486322 9.726505046099419
1960 65536 1661.931 1675.991 1710.152 150.2212201020728 153.28311428879988 154.57989531454675 9.38882625637955 9.580194643049992 9.661243457159172
1960 131072 3324.903 3367.133 3403.373 150.9685362139266 152.59339028188074 154.53149761060698 9.435533513370412 9.537086892617546 9.658218600662936
1960 262144 6664.685 6698.125 6758.695 152.04184831539226 153.41673677335075 154.18650393829566 9.502615519712016 9.588546048334422 9.636656496143479
1960 524288 13365.58 13497.75 13505.62 152.17435112197734 152.26307792039412 153.7687822002487 9.510896945123584 9.516442370024633 9.610548887515543

2152 1 0.86 0.9 0.98 4.391836734693878 4.782222222222222 5.004651162790697 0.27448979591836736 0.29888888888888887 0.3127906976744186
2152 2 0.37 0.38 0.46 18.713043478260868 22.652631578947368 23.26486486486486 1.1695652173913043 1.4157894736842105 1.4540540540540539
2152 4 0.43 0.46 0.52 33.107692307692304 37.426086956521736 40.03720930232558 2.069230769230769 2.3391304347826085 2.5023255813953487
2152 8 0.57 0.57 0.6 57.38666666666666 60.40701754385965 60.40701754385965 3.5866666666666664 3.7754385964912283 3.7754385964912283
2152 16 0.78 0.79 0.88 78.25454545454545 87.16962025316455 88.28717948717947 4.890909090909091 5.4481012658227845 5.517948717948717
2152 32 1.2 1.21 1.22 112.89180327868853 113.82479338842974 114.77333333333333 7.055737704918033 7.114049586776859 7.173333333333333
2152 64 2.07 2.09 2.11 130.5478672985782 131.79712918660286 133.0705314009662 8.159241706161138 8.237320574162679 8.316908212560387
2152 128 3.82 3.83 3.91 140.89820971867007 143.84125326370759 144.21780104712042 8.80613810741688 8.990078328981724 9.013612565445026
2152 256 7.32 7.35 7.46 147.6975871313673 149.90802721088434 150.52240437158468 9.231099195710456 9.369251700680271 9.407650273224043
2152 512 14.36 14.63 14.69 150.01007488087134 150.6252904989747 153.45738161559888 9.375629680054459 9.414080656185918 9.59108635097493
2152 1024 28.54 28.95 28.96 152.18563535911602 152.23820379965457 154.42522775052558 9.511602209944751 9.51488773747841 9.651576734407849
2152 2048 56.49 56.531 57.6 153.0311111111111 155.92492614671596 156.03809523809522 9.564444444444444 9.745307884169748 9.752380952380951
2152 4096 112.71 113.22 114.89 153.4440247192967 155.70733086027204 156.41188891846332 9.590251544956043 9.731708178767002 9.775743057403957
2152 8192 225.07 228.821 229.55 153.59776954911783 154.08711613007546 156.6551206291376 9.599860596819864 9.630444758129716 9.7909450393211
2152 16384 449.77 452.04 453.49 155.49788528964254 155.99667286080876 156.78399181804033 9.718617830602659 9.749792053800547 9.798999488627521
2152 32768 902.061 904.601 914.201 154.26965404763286 155.906827429994 156.34582583661194 9.641853377977053 9.744176714374625 9.771614114788246
2152 65536 1807.041 1809.091 1837.471 153.50824257906655 155.91639337103553 156.09327292518543 9.59426516119166 9.74477458568972 9.75582955782409
2152 131072 3623.303 3643.643 3671.643 153.6461709376429 154.82688287518835 155.6960287340032 9.60288568360268 9.676680179699272 9.7310017958752
2152 262144 7237.135 7251.255 7266.796 155.2634443020005 155.59620727722304 155.89978299423734 9.70396526887503 9.72476295482644 9.743736437139834

2360 1 0.7 0.86 0.98 4.816326530612245 5.488372093023255 6.742857142857143 0.3010204081632653 0.34302325581395343 0.42142857142857143
2360 2 0.39 0.39 0.41 23.024390243902438 24.2051282051282 24.2051282051282 1.4390243902439024 1.5128205128205126 1.5128205128205126
2360 4 0.44 0.45 0.45 41.95555555555555 41.95555555555555 42.90909090909091 2.622222222222222 2.622222222222222 2.6818181818181817
2360 8 0.58 0.58 0.59 64.0 65.10344827586206 65.10344827586206 4.0 4.068965517241379 4.068965517241379
2360 16 0.82 0.83 0.83 90.98795180722891 90.98795180722891 92.09756097560975 5.686746987951807 5.686746987951807 5.7560975609756095
2360 32 1.27 1.28 1.33 113.56390977443608 117.99999999999999 118.9291338582677 7.097744360902255 7.374999999999999 7.4330708661417315
2360 64 2.23 2.25 2.25 134.25777777777776 134.25777777777776 135.46188340807174 8.39111111111111 8.39111111111111 8.466367713004484
2360 128 4.15 4.16 4.19 144.19093078758948 145.23076923076923 145.58072289156624 9.011933174224342 9.076923076923077 9.09879518072289
2360 256 7.99 7.99 8.1 149.1753086419753 151.2290362953692 151.2290362953692 9.323456790123457 9.451814768460576 9.451814768460576
2360 512 15.67 15.67 15.87 152.27725267800884 154.2208040842374 154.2208040842374 9.517328292375552 9.638800255264837 9.638800255264837
2360 1024 31.02 31.03 32.69 147.85194249005812 155.76152110860457 155.81173436492585 9.240746405628633 9.735095069287786 9.738233397807866
2360 2048 61.74 61.75 65.06 148.57915770058406 156.54348178137653 156.56883705863297 9.286197356286504 9.783967611336033 9.78555231616456
2360 4096 123.19 124.66 130.58 148.05575126359318 155.08679608535215 156.93741375111617 9.253484453974574 9.69292475533451 9.80858835944476
2360 8192 246.06 249.02 259.33 149.10052828442525 155.27363263994857 157.14151020076403 9.318783017776578 9.704602039996786 9.821344387547752
2360 16384 491.831 495.471 506.251 152.75521431068776 156.07872105531905 157.23384658551413 9.547200894417985 9.75492006595744 9.827115411594633
2360 32768 986.16 986.91 1036.86 149.16667631117028 156.71637737990292 156.83556420864767 9.322917269448142 9.794773586243933 9.80222276304048
2360 65536 1972.312 1976.182 1981.552 156.10487133317724 156.52906463068683 156.83620035775272 9.756554458323578 9.783066539417927 9.802262522359545
2360 131072 3941.203 3962.473 4006.363 154.41931747073343 156.12973009532178 156.972335604129 9.65120734192084 9.758108130957611 9.810770975258063
2360 262144 7962.116 7980.796 8027.196 154.1409578139116 155.0371266224572 155.40086077620572 9.633809863369475 9.689820413903576 9.712553798512857

2592 1 0.9 0.98 1.14 4.5473684210526315 5.289795918367347 5.76 0.28421052631578947 0.3306122448979592 0.36
2592 2 0.38 0.4 0.41 25.28780487804878 25.919999999999998 27.28421052631579 1.5804878048780489 1.6199999999999999 1.7052631578947368
2592 4 0.47 0.48 0.55 37.701818181818176 43.2 44.11914893617022 2.356363636363636 2.7 2.7574468085106387
2592 8 0.61 0.62 0.64 64.8 66.89032258064516 67.98688524590163 4.05 4.180645161290323 4.249180327868852
2592 16 0.86 0.87 0.87 95.33793103448275 95.33793103448275 96.44651162790697 5.958620689655172 5.958620689655172 6.027906976744186
2592 32 1.37 1.38 1.41 117.65106382978725 120.20869565217392 121.08613138686131 7.353191489361703 7.51304347826087 7.567883211678832
2592 64 2.42 2.43 2.54 130.62047244094487 136.53333333333333 137.097520661157 8.163779527559054 8.533333333333333 8.568595041322313
2592 128 4.52 4.53 4.73 140.2858350951374 146.4794701986755 146.80353982300883 8.767864693446088 9.154966887417219 9.175221238938052
2592 256 8.71 8.73 9.16 144.88034934497816 152.0164948453608 152.36555683122845 9.055021834061135 9.50103092783505 9.522847301951778
2592 512 17.13 17.14 17.55 151.23692307692306 154.8546091015169 154.9450087565674 9.452307692307691 9.678413068844806 9.684063047285463
2592 1024 33.92 33.95 34.78 152.62840713053478 156.35982326951395 156.49811320754716 9.539275445658424 9.772488954344622 9.781132075471698
2592 2048 67.56 67.57 69.23 153.35594395493283 157.1234571555424 157.14671403197158 9.584746497183302 9.8202160722214 9.821669626998224
2592 4096 134.8 134.82 138.14 153.71119154480962 157.49639519359147 157.51976261127592 9.606949471550601 9.843524699599467 9.844985163204745
2592 8192 269.31 269.311 274.801 154.53847693421787 157.6887984523469 157.68938398128552 9.658654808388617 9.855549903271681 9.855586498830345
2592 16384 539.49 542.091 565.171 150.28134139932868 156.67970137855085 157.4350886948785 9.392583837458043 9.792481336159428 9.839693043429905
2592 32768 1079.031 1079.401 1094.56 155.19415290162257 157.37368410813033 157.42764758380434 9.69963455635141 9.835855256758146 9.839227973987771
2592 65536 2157.822 2174.761 2221.751 152.91480638469386 156.21883232226438 157.44515720017682 9.557175399043366 9.763677020141523 9.840322325011051
2592 131072 4360.074 4382.404 4422.633 153.6363627730359 155.04669309356234 155.8407605008539 9.602272673314744 9.690418318347646 9.740047531303368
2592 262144 8661.536 8682.826 8753.787 155.2418965643098 156.51062177222025 156.89532387788955 9.702618535269362 9.781913860763765 9.805957742368097

2848 1 0.82 0.94 1.01 5.639603960396039 6.059574468085107 6.946341463414634 0.35247524752475246 0.3787234042553192 0.43414634146341463
2848 2 0.4 0.41 0.52 21.907692307692308 27.785365853658536 28.479999999999997 1.3692307692307693 1.7365853658536585 1.7799999999999998
2848 4 0.47 0.49 0.65 35.05230769230769 46.49795918367347 48.47659574468086 2.190769230769231 2.906122448979592 3.0297872340425536
2848 8 0.62 0.64 0.87 52.377011494252876 71.2 73.49677419354839 3.2735632183908048 4.45 4.593548387096774
2848 16 0.91 0.92 1.26 72.33015873015873 99.06086956521739 100.14945054945055 4.520634920634921 6.191304347826087 6.259340659340659
2848 32 1.48 1.49 2.05 88.91317073170732 122.3302013422819 123.15675675675676 5.557073170731708 7.6456375838926185 7.697297297297298
2848 64 2.65 2.72 3.78 96.44021164021164 134.0235294117647 137.56377358490568 6.027513227513228 8.376470588235295 8.597735849056605
2848 128 4.94 5.14 6.87 106.12634643377001 141.84591439688717 147.58866396761132 6.632896652110626 8.865369649805448 9.224291497975708
2848 256 9.56 9.95 13.82 105.51201157742403 146.550351758794 152.52887029288704 6.594500723589002 9.159396984924625 9.53305439330544
2848 512 18.79 18.8 27.12 107.53510324483776 155.12510638297874 155.20766365087815 6.72094395280236 9.695319148936171 9.700478978179884
2848 1024 37.26 38.92 45.74 127.51867074770442 149.8639260020555 156.54063338701022 7.969916921731526 9.36649537512847 9.783789586688139
2848 2048 74.19 74.2 78.34 148.90742915496554 157.2157412398922 157.2369322011053 9.306714322185346 9.825983827493262 9.827308262569082
2848 4096 148.09 148.1 148.1 157.53420661715057 157.53420661715057 157.54484435140793 9.84588791357191 9.84588791357191 9.846552771962996
2848 8192 295.88 295.88 316.01 147.65871966077023 157.70458293902934 157.70458293902934 9.22866997879814 9.856536433689334 9.856536433689334
2848 16384 591.461 595.091 605.421 154.1460636482712 156.82183733244162 157.78430699572752 9.63412897801695 9.801364833277601 9.86151918723297
2848 32768 1185.421 1205.001 1251.791 149.10358678086038 154.89325569024425 157.45168003603783 9.318974173803774 9.680828480640265 9.840730002252364
2848 65536 2370.291 2375.061 2467.922 151.2580446221558 157.17198674055106 157.4882813966724 9.453627788884738 9.823249171284441 9.843017587292024
2848 131072 4742.674 4762.164 4834.123 154.44085969678474 156.77454871356804 157.41881309995165 9.652553731049046 9.798409294598002 9.838675818746978
2848 262144 9535.477 9579.007 9634.517 154.98153399905777 155.8796463975859 156.5912459334756 9.68634587494111 9.742477899849119 9.786952870842224

3128 1 0.75 0.99 1.48 4.2270270270270265 6.319191919191919 8.341333333333333 0.26418918918918916 0.39494949494949494 0.5213333333333333
3128 2 0.41 0.42 0.56 22.34285714285714 29.79047619047619 30.517073170731706 1.3964285714285714 1.861904761904762 1.9073170731707316
3128 4 0.5 0.51 0.67 37.34925373134328 49.06666666666667 50.048 2.334328358208955 3.066666666666667 3.128
3128 8 0.67 0.67 0.91 54.997802197802194 74.69850746268656 74.69850746268656 3.437362637362637 4.66865671641791 4.66865671641791
3128 16 0.98 0.99 1.35 74.14518518518518 101.1070707070707 102.13877551020408 4.634074074074074 6.319191919191919 6.383673469387755
3128 32 1.61 1.61 2.26 88.58053097345133 124.34285714285714 124.34285714285714 5.536283185840708 7.771428571428571 7.771428571428571
3128 64 2.86 2.88 3.95 101.36303797468354 139.0222222222222 139.9944055944056 6.335189873417721 8.688888888888888 8.74965034965035
3128 128 5.4 5.42 7.43 107.77496635262449 147.74317343173433 148.29037037037037 6.7359353970390305 9.233948339483396 9.268148148148148
3128 256 10.5 11.01 18.76 85.36972281449893 145.46194368755678 152.5272380952381 5.335607675906183 9.091371480472299 9.53295238095238
3128 512 20.66 20.94 21.74 147.33541858325668 152.96427889207257 155.037366892546 9.208463661453543 9.560267430754536 9.689835430784125
3128 1024 40.99 43.2 43.2 148.29037037037037 148.29037037037037 156.28553305684312 9.268148148148148 9.268148148148148 9.767845816052695
3128 2048 82.79 86.09 86.101 148.8053332713906 148.8243466140086 154.75646817248457 9.300333329461912 9.301521663375537 9.672279260780286
3128 4096 163.05 170.45 171.89 149.07543196230148 150.3348547961279 157.15777982214044 9.317214497643842 9.395928424757994 9.822361238883778
3128 8192 325.791 330.201 332.42 154.16988147524216 155.2059260874437 157.30683781933817 9.635617592202635 9.70037038046523 9.831677363708636
3128 16384 651.24 658.461 690.56 148.42780352177945 155.6634394444014 157.38944782261532 9.276737720111216 9.728964965275088 9.836840488913458
3128 32768 1305.051 1312.091 1339.131 153.08181798494692 156.2365781031956 157.0793846370755 9.567613624059183 9.764786131449725 9.817461539817218
3128 65536 2611.972 2621.982 2661.832 154.02670641873718 156.3676699534932 156.96692613856501 9.626669151171074 9.772979372093324 9.810432883660313
3128 131072 5238.863 5281.294 5346.734 153.36211451701166 155.26240955341626 156.51992273896073 9.585132157313229 9.703900597088516 9.782495171185046
3128 262144 10520.878 10566.768 10671.408 153.67914561977202 155.20099088008746 155.87794706867618 9.604946601235751 9.700061930005466 9.742371691792261

3440 1 0.82 0.89 1.13 6.0884955752212395 7.730337078651685 8.390243902439025 0.38053097345132747 0.4831460674157303 0.524390243902439
3440 2 0.42 0.44 0.45 30.577777777777776 31.272727272727273 32.76190476190476 1.911111111111111 1.9545454545454546 2.0476190476190474
3440 4 0.54 0.55 0.56 49.14285714285714 50.03636363636363 50.96296296296296 3.071428571428571 3.127272727272727 3.185185185185185
3440 8 0.7 0.72 0.73 75.3972602739726 76.44444444444444 78.62857142857143 4.712328767123288 4.777777777777778 4.914285714285715
3440 16 1.05 1.07 1.13 97.41592920353983 102.8785046728972 104.83809523809524 6.0884955752212395 6.429906542056075 6.552380952380952
3440 32 1.72 1.79 1.8 122.3111111111111 122.99441340782123 128.0 7.644444444444444 7.687150837988827 8.0
3440 64 3.14 3.14 3.24 135.9012345679012 140.22929936305732 140.22929936305732 8.493827160493826 8.764331210191083 8.764331210191083
3440 128 5.93 6.03 6.18 142.49838187702267 146.0431177446103 148.50590219224284 8.906148867313917 9.127694859038144 9.281618887015178
3440 256 11.52 11.56 12.011 146.6389143285322 152.35986159169548 152.88888888888889 9.164932145533262 9.522491349480967 9.555555555555555
3440 512 22.68 23.36 23.72 148.50590219224284 150.7945205479452 155.31569664903 9.281618887015178 9.424657534246576 9.707231040564375
3440 1024 45.02 45.03 47.08 149.64146134239593 156.45391960914947 156.488671701466 9.352591333899746 9.778369975571842 9.780541981341624
3440 2048 89.98 93.86 100.84 139.728679095597 150.11975282335393 156.5930206712603 8.733042443474812 9.382484551459621 9.787063791953768
3440 4096 179.11 179.65 191.95 146.81156551185208 156.86323406623993 157.33616213500082 9.175722844490755 9.803952129139995 9.833510133437551
3440 8192 358.99 366.18 368.97 152.75214787110062 153.9159975968103 156.99869077133067 9.547009241943789 9.619749849800645 9.812418173208167
3440 16384 715.481 719.741 743.921 151.52404623609226 156.6145599597633 157.54704876859063 9.470252889755766 9.788409997485207 9.846690548036914
3440 32768 1470.201 1483.421 1499.781 150.3178397379351 151.975629305504 153.34218926527734 9.394864983620943 9.498476831594 9.583886829079834
3440 65536 2872.182 2939.992 2975.062 151.55572556134965 153.36357377843206 156.98436937492124 9.472232847584353 9.585223361152003 9.811523085932578
3440 131072 5774.664 5814.034 5897.274 152.91393277639804 155.10321405069183 156.16066320049097 9.557120798524878 9.69395087816824 9.760041450030686
3440 262144 11612.659 11683.109 11760.779 153.35299813048098 154.37249793697893 155.3090226794742 9.584562383155061 9.648281121061183 9.706813917467137

3784 1 0.89 0.93 0.98 7.722448979591838 8.13763440860215 8.503370786516854 0.48265306122448987 0.5086021505376344 0.5314606741573034
3784 2 0.43 0.44 0.45 33.635555555555555 34.4 35.2 2.102222222222222 2.15 2.2
3784 4 0.54 0.54 0.56 54.05714285714286 56.05925925925926 56.05925925925926 3.3785714285714286 3.5037037037037035 3.5037037037037035
3784 8 0.73 0.76 0.76 79.66315789473684 79.66315789473684 82.93698630136987 4.978947368421053 4.978947368421053 5.183561643835617
3784 16 1.13 1.14 1.16 104.38620689655174 106.21754385964914 107.15752212389381 6.524137931034484 6.638596491228071 6.697345132743363
3784 32 1.89 1.9 1.93 125.47979274611401 127.46105263157897 128.13544973544975 7.842487046632126 7.966315789473685 8.00846560846561
3784 64 3.44 3.47 3.6 134.54222222222222 139.58270893371758 140.8 8.408888888888889 8.723919308357349 8.8
3784 128 6.53 6.55 6.7 144.5826865671642 147.89374045801526 148.3467075038285 9.036417910447762 9.243358778625954 9.271669218989281
3784 256 12.78 13.07 13.41 144.47486950037285 148.23320581484316 151.5968701095462 9.029679343773303 9.264575363427697 9.474804381846637
3784 512 25.18 25.8 34.24 113.16635514018691 150.18666666666667 153.88467037331216 7.072897196261682 9.386666666666667 9.61779189833201
3784 1024 49.88 50.04 59.28 130.72928475033737 154.8687450039968 155.3655172413793 8.170580296896086 9.6792965627498 9.710344827586207
3784 2048 99.421 105.101 112.87 137.31960662709312 147.47018582125764 155.89527363434283 8.58247541419332 9.216886613828603 9.743454602146427
3784 4096 198.5 199.87 209.87 147.70347357888218 155.09345074298295 156.16386901763224 9.231467098680136 9.693340671436435 9.760241813602015
3784 8192 397.77 409.04 416.83 148.73463042487347 151.56722080970076 155.8615682429545 9.295914401554592 9.472951300606297 9.741348015184656
3784 16384 797.371 808.65 815.85 151.98150640436356 153.33470846472517 155.50366391554246 9.498844150272722 9.583419279045323 9.718978994721404
3784 32768 1599.981 1623.022 1656.021 149.74944399859666 152.79412355470228 154.99448055945663 9.359340249912291 9.549632722168893 9.68715503496604
3784 65536 3205.932 3227.893 3241.102 153.02710251019562 153.65331130864624 154.70585402310468 9.564193906887226 9.60333195679039 9.669115876444042
3784 131072 6429.615 6448.265 6548.205 151.48470397612783 153.83252642377445 154.2787392402189 9.46779399850799 9.614532901485903 9.642421202513681
3784 262144 12916.89 13076.249 13144.25 150.93335808433346 151.71826354790278 153.5900508558949 9.433334880270841 9.482391471743924 9.599378178493431

4160 1 0.93 1.03 1.09 7.6330275229357785 8.077669902912621 8.946236559139784 0.47706422018348615 0.5048543689320388 0.5591397849462365
4160 2 0.45 0.47 0.59 28.203389830508478 35.40425531914894 36.977777777777774 1.7627118644067798 2.2127659574468086 2.311111111111111
4160 4 0.56 0.57 0.78 42.666666666666664 58.385964912280706 59.42857142857142 2.6666666666666665 3.649122807017544 3.714285714285714
4160 8 0.77 0.8 1.09 61.06422018348623 83.19999999999999 86.44155844155844 3.8165137614678892 5.199999999999999 5.402597402597403
4160 16 1.21 1.22 1.67 79.7125748502994 109.11475409836066 110.01652892561982 4.982035928143713 6.8196721311475414 6.876033057851239
4160 32 2.06 2.09 2.86 93.0909090909091 127.38755980861245 129.24271844660194 5.818181818181818 7.961722488038278 8.077669902912621
4160 64 3.79 3.84 5.28 100.84848484848484 138.66666666666669 140.49604221635883 6.303030303030303 8.666666666666668 8.781002638522427
4160 128 7.32 7.35 10.1 105.44158415841584 144.89251700680273 145.4863387978142 6.59009900990099 9.05578231292517 9.092896174863387
4160 256 14.37 14.37 17.03 125.06870229007633 148.21990257480863 148.21990257480863 7.816793893129771 9.26374391092554 9.26374391092554
4160 512 27.94 27.95 28.25 150.790796460177 152.4093023255814 152.4638511095204 9.424424778761063 9.525581395348837 9.528990694345024
4160 1024 55.55 56.47 56.48 150.84419263456093 150.87090490525944 153.36957695769578 9.427762039660058 9.429431556578715 9.585598559855987
4160 2048 110.76 110.77 112.61 151.31302726223248 153.8264873160603 153.84037558685446 9.45706420388953 9.61415545725377 9.615023474178404
4160 4096 221.191 228.531 237.62 143.41688410066493 149.12077573720853 154.0691981138473 8.963555256291558 9.320048483575533 9.629324882115457
4160 8192 443.17 446.85 450.8 151.1921916592724 152.52867852747005 153.79524787327662 9.449511978704525 9.533042407966878 9.612202992079789
4160 16384 891.991 901.141 912.541 149.37945801887258 151.269202044963 152.82091411236212 9.336216126179536 9.454325127810188 9.551307132022632
4160 32768 1787.981 1801.931 1812.471 150.418826011561 151.29866792901615 152.4791147109505 9.401176625722563 9.45616674556351 9.529944669434407
4160 65536 3585.753 3592.093 3612.413 150.94052645696934 151.7943772613905 152.062766174915 9.433782903560584 9.487148578836907 9.503922885932187
4160 131072 7154.155 7165.035 7222.555 150.9879869381403 152.2000995110282 152.43156459428124 9.436749183633768 9.512506219439263 9.526972787142578

4576 1 1.01 1.17 1.65 5.546666666666667 7.822222222222222 9.06138613861386 0.3466666666666667 0.4888888888888889 0.5663366336633663
4576 2 0.46 0.47 0.48 38.13333333333333 38.944680851063836 39.791304347826085 2.3833333333333333 2.4340425531914898 2.4869565217391303
4576 4 0.6 0.6 0.61 60.01311475409836 61.013333333333335 61.013333333333335 3.7508196721311475 3.8133333333333335 3.8133333333333335
4576 8 0.82 0.83 0.85 86.13647058823528 88.21204819277108 89.28780487804877 5.383529411764705 5.513253012048192 5.580487804878048
4576 16 1.3 1.31 1.32 110.93333333333332 111.78015267175573 112.63999999999999 6.933333333333333 6.986259541984733 7.039999999999999
4576 32 2.24 2.25 2.27 129.01497797356828 130.16177777777776 130.74285714285713 8.063436123348017 8.13511111111111 8.17142857142857
4576 64 4.15 4.15 4.18 140.1263157894737 141.13927710843373 141.13927710843373 8.757894736842106 8.821204819277108 8.821204819277108
4576 128 7.8 7.92 8.03 145.8849315068493 147.9111111111111 150.18666666666667 9.117808219178082 9.244444444444444 9.386666666666667
4576 256 15.26 15.39 15.47 151.44873949579832 152.23599740090967 153.53289646133683 9.465546218487395 9.514749837556854 9.595806028833552
4576 512 30.16 30.44 30.82 152.03841661258923 153.9363994743758 155.3655172413793 9.502401038286827 9.621024967148488 9.710344827586207
4576 1024 59.71 60.531 61.31 152.85676072418852 154.82394145148766 156.95273823480153 9.553547545261782 9.676496340717978 9.809546139675096
4576 2048 120.74 120.76 127.65 146.83349784567173 155.2111295130838 155.2368394898128 9.177093615354483 9.700695594567737 9.7023024681133
4576 4096 237.8 242.72 246.09 152.32879027997885 154.44377059986815 157.63915895710682 9.520549392498678 9.652735662491759 9.852447434819176
4576 8192 477.47 481.32 481.91 155.57507418397626 155.7657774453586 157.02176890694702 9.723442136498516 9.735361090334912 9.813860556684189
4576 16384 954.201 966.881 976.641 153.53273925628764 155.08254686978026 157.14337754833625 9.595796203517978 9.692659179361266 9.821461096771015
4576 32768 1916.402 1923.252 1944.011 154.26493780127785 155.93002685035555 156.48738417096203 9.641558612579866 9.745626678147222 9.780461510685127
4576 65536 3836.363 3865.622 3875.393 154.76765117757088 155.15885205537427 156.3422105780918 9.67297819859818 9.697428253460892 9.771388161130737
4576 131072 7678.406 7706.666 7750.416 154.7750396881922 155.6536826690037 156.22655848101806 9.673439980512013 9.728355166812731 9.764159905063629

5032 1 1.0 1.25 1.4 7.1885714285714295 8.0512 10.064000000000002 0.44928571428571434 0.5032 0.6290000000000001
5032 2 0.47 0.62 0.67 30.04179104477612 32.46451612903226 42.825531914893624 1.8776119402985074 2.0290322580645164 2.6765957446808515
5032 4 0.63 0.84 0.85 47.36 47.923809523809524 63.8984126984127 2.96 2.9952380952380953 3.9936507936507937
5032 8 0.9 1.23 1.27 63.39527559055118 65.45691056910569 89.45777777777778 3.9622047244094487 4.0910569105691055 5.591111111111111
5032 16 1.4 1.87 1.95 82.57641025641026 86.10909090909091 115.01714285714287 5.161025641025641 5.381818181818182 7.1885714285714295
5032 32 2.44 2.49 3.44 93.6186046511628 129.33654618473895 131.98688524590165 5.851162790697675 8.083534136546184 8.249180327868853
5032 64 4.53 4.54 6.26 102.89073482428115 141.87136563876655 142.18454746136868 6.430670926517572 8.86696035242291 8.886534216335543
5032 128 8.7 8.94 12.31 104.6459788789602 144.09306487695753 148.0680459770115 6.540373679935012 9.005816554809845 9.25425287356322
5032 256 17.04 17.07 23.54 109.44706881903144 150.93052138254248 151.19624413145542 6.840441801189465 9.433157586408905 9.449765258215963
5032 512 33.76 33.77 34.8 148.0680459770115 152.58418714835653 152.62938388625597 9.25425287356322 9.536511696772283 9.539336492890998
5032 1024 67.04 67.18 67.18 153.40184578743674 153.40184578743674 153.72219570405727 9.587615361714796 9.587615361714796 9.60763723150358
5032 2048 134.02 134.03 142.41 144.73051049785832 153.77954189360594 153.7910162662289 9.045656906116145 9.611221368350371 9.611938516639306
5032 4096 271.48 275.99 276.16 149.26906141367323 149.3610058335447 151.8422867246206 9.329316338354577 9.335062864596544 9.490142920288788
5032 8192 535.031 539.79 551.65 149.45035439137135 152.73400396450472 154.09254417033782 9.34064714946071 9.545875247781545 9.630784010646114
5032 16384 1072.681 1081.901 1108.371 148.76659169177105 152.40634401853774 153.71632013618216 9.297911980735691 9.525396501158609 9.607270008511385
5032 32768 2154.492 2179.661 2203.582 149.65503983967923 151.29745038333942 153.06492296095786 9.353439989979952 9.456090648958714 9.566557685059866
5032 65536 4303.683 4326.483 4355.413 151.43324042978244 152.44583279305618 153.2534584912504 9.464577526861403 9.527864549566011 9.57834115570315
5032 131072 8637.457 8683.587 8693.676 151.73197252807677 151.9082618738086 152.71955715669552 9.483248283004798 9.494266367113038 9.54497232229347

5528 1 0.99 1.17 1.31 8.43969465648855 9.44957264957265 11.167676767676767 0.5274809160305344 0.5905982905982906 0.6979797979797979
5528 2 0.5 0.52 0.69 32.04637681159421 42.52307692307693 44.224000000000004 2.002898550724638 2.657692307692308 2.7640000000000002
5528 4 0.64 0.65 0.89 49.689887640449435 68.03692307692307 69.10000000000001 3.1056179775280897 4.252307692307692 4.3187500000000005
5528 8 0.94 0.94 1.29 68.56434108527132 94.09361702127661 94.09361702127661 4.285271317829458 5.880851063829788 5.880851063829788
5528 16 1.5 1.52 2.07 85.4570048309179 116.37894736842105 117.93066666666667 5.3410628019323685 7.273684210526316 7.370666666666667
5528 32 2.63 2.64 3.63 97.4633608815427 134.0121212121212 134.5216730038023 6.091460055096419 8.375757575757575 8.407604562737644
5528 64 4.89 4.9 7.07 100.08260254596888 144.40489795918367 144.7002044989775 6.255162659123055 9.02530612244898 9.043762781186095
5528 128 9.43 9.71 12.91 109.61797056545315 145.74335736354274 150.0708377518558 6.851123160340822 9.108959835221421 9.379427359490988
5528 256 18.5 19.05 25.48 111.0806907378336 148.5740682414698 152.99113513513515 6.9425431711146 9.285879265091863 9.561945945945947
5528 512 36.61 37.77 37.791 149.78889153502158 149.87217368281702 154.62092324501504 9.361805720938849 9.367010855176064 9.66380770281344
5528 1024 72.88 75.17 82.83 136.68168537969333 150.60987095915925 155.34226125137215 8.542605336230833 9.413116934947453 9.70889132821076
5528 2048 145.39 146.31 149.99 150.9613174211614 154.75830770282278 155.73758855492127 9.435082338822587 9.672394231426424 9.73359928468258
5528 4096 290.401 292.26 299.621 151.14219630800247 154.94893587901186 155.94084042410321 9.446387269250154 9.684308492438241 9.746302526506451
5528 8192 580.45 592.101 626.251 144.62372435333438 152.96503805938514 156.0354070118012 9.038982772083399 9.560314878711571 9.752212938237575
5528 16384 1178.951 1188.721 1392.581 130.0760989845474 152.3835315435666 153.64633814297628 8.129756186534213 9.523970721472912 9.602896133936017
5528 32768 2355.222 2390.842 2405.661 150.59603493592823 151.52946451501185 153.82117184707005 9.412252183495514 9.47059153218824 9.613823240441878
5528 65536 4708.653 4752.444 4781.883 151.523158554904 152.46176830279325 153.8796798150129 9.4701974096815 9.528860518924578 9.617479988438307
5528 131072 9482.507 9535.507 9588.157 151.13770373180165 151.97220577783645 152.82161479026593 9.446106483237603 9.498262861114778 9.55135092439162

6080 1 1.01 1.08 1.36 8.941176470588236 11.25925925925926 12.03960396039604 0.5588235294117647 0.7037037037037037 0.7524752475247525
6080 2 0.51 0.54 0.56 43.42857142857143 45.03703703703704 47.68627450980392 2.7142857142857144 2.814814814814815 2.980392156862745
6080 4 0.68 0.7 0.71 68.50704225352113 69.4857142857143 71.52941176470588 4.281690140845071 4.342857142857143 4.470588235294118
6080 8 0.99 1.02 1.03 94.44660194174757 95.37254901960785 98.26262626262626 5.902912621359223 5.96078431372549 6.141414141414141
6080 16 1.62 1.64 1.66 117.20481927710844 118.63414634146342 120.09876543209876 7.325301204819278 7.414634146341464 7.506172839506172
6080 32 2.88 2.91 2.93 132.80546075085323 133.71821305841925 135.11111111111111 8.300341296928327 8.357388316151203 8.444444444444445
6080 64 5.39 5.45 5.5 141.49818181818182 142.79633027522937 144.38589981447126 8.843636363636364 8.924770642201835 9.024118738404454
6080 128 10.39 10.41 10.55 147.53364928909951 149.51777137367915 149.8055822906641 9.22085308056872 9.344860710854947 9.362848893166506
6080 256 20.66 20.73 29.69 104.8487706298417 150.1669078630005 150.675701839303 6.553048164365106 9.38543174143753 9.417231364956438
6080 512 40.42 40.96 41.5 150.0221686746988 152.0 154.03067788223652 9.376385542168675 9.5 9.626917367639782
6080 1024 80.75 81.52 81.88 152.07425500732782 152.74582924435722 154.20235294117649 9.504640937957989 9.546614327772327 9.63764705882353
6080 2048 162.68 164.91 167.09 149.04350948590582 151.01376508398522 153.08384558642734 9.315219342869113 9.438360317749076 9.567740349151709
6080 4096 324.67 325.01 339.1 146.88103804187557 153.2487000399988 153.40918471062926 9.180064877617223 9.578043752499925 9.588074044414329
6080 8192 644.151 652.401 652.411 152.6870638293959 152.68940421611865 154.64498231004845 9.542941489337244 9.543087763507415 9.665311394378028
6080 16384 1302.621 1306.441 1314.441 151.56970910067474 152.4978472047341 152.94505462448402 9.473106818792171 9.53111545029588 9.559065914030251
6080 32768 2587.722 2597.451 2615.782 152.32877969188564 153.4038101199984 153.98055896267064 9.520548730742853 9.5877381324999 9.623784935166915
6080 65536 5161.594 5195.234 5231.274 152.33722416375056 153.39400689170114 154.39373185880174 9.52107651023441 9.587125430731321 9.649608241175109
6080 131072 10369.678 10382.048 10456.877 152.41984007271006 153.51841178156755 153.7015440595166 9.526240004544379 9.594900736347972 9.606346503719788

6688 1 1.14 1.19 1.91 7.003141361256545 11.24033613445378 11.733333333333334 0.43769633507853406 0.7025210084033613 0.7333333333333334
6688 2 0.53 0.54 0.7 38.21714285714286 49.54074074074074 50.47547169811321 2.388571428571429 3.096296296296296 3.1547169811320757
6688 4 0.72 0.74 0.94 56.919148936170224 72.3027027027027 74.31111111111112 3.557446808510639 4.518918918918919 4.644444444444445
6688 8 1.07 1.08 1.47 72.79455782312925 99.08148148148148 100.00747663551401 4.549659863945578 6.192592592592592 6.250467289719626
6688 16 1.75 1.77 2.39 89.54644351464435 120.91299435028249 122.29485714285715 5.596652719665272 7.5570621468926555 7.643428571428572
6688 32 3.11 3.12 4.28 100.00747663551401 137.18974358974359 137.63086816720258 6.250467289719626 8.574358974358974 8.601929260450161
6688 64 5.85 5.92 8.04 106.47562189054727 144.6054054054054 146.3357264957265 6.654726368159205 9.037837837837838 9.145982905982907
6688 128 11.31 11.31 11.59 147.72459016393444 151.3817860300619 151.3817860300619 9.232786885245902 9.461361626878869 9.461361626878869
6688 256 22.22 22.5 22.51 152.12154597956462 152.18915555555554 154.10693069306933 9.507596623722788 9.511822222222222 9.631683168316833
6688 512 44.18 45.3 52.33 130.871622396331 151.1812803532009 155.01385242191037 8.179476399770687 9.448830022075056 9.688365776369398
6688 1024 87.711 88.87 90.241 151.78271517381233 154.12427140767412 156.16084641607097 9.486419698363271 9.632766962979632 9.760052901004435
6688 2048 175.03 177.36 180.11 152.09620787296652 154.45448804691023 156.51058675655602 9.506012992060407 9.65340550293189 9.781911672284751
6688 4096 350.75 361.84 363.75 150.62019518900345 151.41525536148575 156.2026970776907 9.413762199312716 9.46345346009286 9.762668567355668
6688 8192 701.12 704.551 722.331 151.69803317315746 155.52627418029354 156.28735737106345 9.481127073322341 9.720392136268346 9.767959835691466
6688 16384 1405.751 1416.871 1441.831 151.99588856114207 154.67349109410807 155.89701447838203 9.49974303507138 9.667093193381755 9.743563404898877
6688 32768 2805.122 2836.042 2842.592 154.19193749929642 154.5480525323673 156.25158834446418 9.636996093706026 9.659253283272957 9.765724271529011
6688 65536 5639.664 5650.845 5708.534 153.56123586195687 155.12892956717093 155.43648274081576 9.597577241372305 9.695558097948183 9.714780171300985
6688 131072 11284.158 11319.539 11457.868 153.01442397486161 154.88431746204506 155.3699506866175 9.563401498428851 9.680269841377816 9.710621917913594

7352 1 1.23 1.36 1.52 9.673684210526316 10.811764705882352 11.954471544715446 0.6046052631578948 0.675735294117647 0.7471544715447154
7352 2 0.57 0.58 0.58 50.70344827586207 50.70344827586207 51.592982456140355 3.1689655172413795 3.1689655172413795 3.224561403508772
7352 4 0.78 0.81 0.86 68.3906976744186 72.61234567901234 75.40512820512821 4.274418604651163 4.538271604938271 4.712820512820513
7352 8 1.18 1.2 1.23 95.63577235772357 98.02666666666667 99.68813559322035 5.977235772357723 6.126666666666667 6.230508474576272
7352 16 1.9 1.93 1.98 118.82020202020202 121.89844559585494 123.82315789473685 7.426262626262626 7.618652849740934 7.738947368421053
7352 32 3.42 3.42 3.52 133.67272727272726 137.5812865497076 137.5812865497076 8.354545454545454 8.598830409356726 8.598830409356726
7352 64 6.39 6.4 6.47 145.44914992272024 147.04 147.27010954616588 9.090571870170015 9.19 9.204381846635368
7352 128 12.38 12.47 12.98 145.00092449922957 150.93119486768242 152.02843295638127 9.062557781201848 9.433199679230151 9.50177705977383
7352 256 24.38 24.58 25.19 149.4332671695117 153.14174125305126 154.3980311730927 9.339579198094482 9.571358828315704 9.649876948318294
7352 512 48.37 48.8 50.8 148.19779527559058 154.27147540983606 155.64291916477157 9.262362204724411 9.641967213114754 9.727682447798223
7352 1024 96.85 96.87 97.23 154.85854160238608 155.43404562816147 155.46614352090862 9.67865885014913 9.714627851760092 9.716633970056789
7352 2048 193.31 194.05 198.19 151.944053685857 155.1857356351456 155.7797941130826 9.496503355366062 9.6991084771966 9.736237132067663
7352 4096 389.33 397.51 403.88 149.1224720213925 151.51212296545998 154.69546143374518 9.320154501337031 9.469507685341249 9.668466339609074
7352 8192 771.851 778.971 809.451 148.81094470202643 154.63370009923347 156.06013077653589 9.300684043876652 9.664606256202092 9.753758173533493
7352 16384 1538.621 1549.961 1585.251 151.96983695326483 155.42993404350173 156.5754893505288 9.498114809579052 9.714370877718858 9.78596808440805
7352 32768 3096.802 3116.432 3136.232 153.6304304018325 154.60650898206669 155.58652829596468 9.601901900114532 9.662906811379168 9.724158018497793
7352 65536 6201.565 6227.555 6338.625 152.0268739671459 154.73831126340914 155.3868005898511 9.501679622946618 9.671144453963072 9.711675036865694
7352 131072 12464.939 12549.64 12550.459 153.56272531546455 153.5727469473228 154.61629519406392 9.597670332216534 9.598296684207675 9.663518449628995

8080 1 1.23 1.42 1.57 10.29299363057325 11.380281690140846 13.138211382113822 0.6433121019108281 0.7112676056338029 0.8211382113821138
8080 2 0.6 0.63 0.68 47.529411764705884 51.301587301587304 53.866666666666674 2.9705882352941178 3.2063492063492065 3.366666666666667
8080 4 0.83 0.83 1.13 57.20353982300885 77.87951807228916 77.87951807228916 3.5752212389380533 4.867469879518072 4.867469879518072
8080 8 1.26 1.29 1.72 75.16279069767442 100.2170542635659 102.60317460317461 4.6976744186046515 6.263565891472869 6.412698412698413
8080 16 2.06 2.11 2.89 89.46712802768165 122.5402843601896 125.51456310679612 5.591695501730103 7.65876777251185 7.844660194174757
8080 32 3.72 3.8 5.17 100.02321083172149 136.08421052631581 139.01075268817203 6.251450676982593 8.505263157894738 8.688172043010752
8080 64 7.08 7.32 9.95 103.94371859296484 141.2896174863388 146.07909604519776 6.496482412060303 8.830601092896176 9.12994350282486
8080 128 13.67 13.88 19.62 105.42711518858307 149.02593659942363 151.3152889539137 6.589194699286442 9.314121037463977 9.457205559619606
8080 256 27.03 27.87 35.73 115.78393506856985 148.437746681019 153.0506844247133 7.236495941785615 9.277359167563688 9.565667776544581
8080 512 53.57 55.99 56.0 147.74857142857144 147.77495981425255 154.45062535000935 9.234285714285715 9.235934988390785 9.653164084375584
8080 1024 106.75 111.62 120.05 137.8412328196585 148.25156781938722 155.01489461358315 8.615077051228656 9.265722988711701 9.688430913348947
8080 2048 214.05 221.03 226.93 145.84092010752215 149.73388227842375 154.61658491006776 9.115057506720134 9.358367642401484 9.663536556879235
8080 4096 425.76 438.68 445.4 148.61104625056132 150.88757180632808 155.4663660278091 9.288190390660082 9.430473237895505 9.716647876738069
8080 8192 858.701 875.721 892.451 148.33612153496384 151.16997308503508 154.1662581038103 9.27100759593524 9.448123317814693 9.635391131488143
8080 16384 1707.841 1738.091 1788.451 148.04176351490761 152.331172533544 155.02932650053492 9.252610219681726 9.5206982833465 9.689332906283433
8080 32768 3444.333 3500.583 3567.233 148.44303133549167 151.2693399927955 153.7397458375831 9.27768945846823 9.454333749549718 9.608734114848943
8080 65536 6927.165 6992.945 7003.745 151.21363784660923 151.44717425919984 152.88530878072055 9.450852365413077 9.46544839119999 9.555331798795034
8080 131072 13803.46 13940.001 13989.441 151.40873177134097 151.94572224205723 153.44873821491137 9.46304573570881 9.496607640128577 9.59054613843196

8888 1 1.28 1.38 1.55 11.468387096774194 12.881159420289856 13.8875 0.7167741935483871 0.805072463768116 0.86796875
8888 2 0.61 0.62 0.63 56.43174603174603 57.34193548387097 58.281967213114754 3.526984126984127 3.5838709677419356 3.642622950819672
8888 4 0.87 0.87 0.88 80.8 81.72873563218391 81.72873563218391 5.05 5.1080459770114945 5.1080459770114945
8888 8 1.32 1.34 1.34 106.12537313432836 106.12537313432836 107.73333333333333 6.632835820895522 6.632835820895522 6.733333333333333
8888 16 2.22 2.24 2.25 126.4071111111111 126.97142857142856 128.11531531531529 7.900444444444444 7.935714285714285 8.007207207207205
8888 32 4.03 4.08 4.14 137.39903381642515 139.41960784313727 141.14937965260546 8.587439613526572 8.71372549019608 8.821836228287841
8888 64 7.65 7.66 16.49 68.99114614918133 148.5201044386423 148.7142483660131 4.311946634323833 9.282506527415144 9.294640522875818
8888 128 14.9 15.28 15.34 148.3264667535854 148.90890052356022 152.70657718120808 9.270404172099088 9.306806282722514 9.544161073825505
8888 256 29.4 30.16 30.29 150.23624958732256 150.88381962864722 154.78421768707483 9.38976559920766 9.430238726790451 9.674013605442177
8888 512 59.94 60.17 60.37 150.758853735299 151.2599634369287 151.84037370704038 9.422428358456187 9.453747714808044 9.490023356690024
8888 1024 116.29 116.311 119.49 152.3359611682986 156.4995916121433 156.5278527818385 9.520997573018663 9.781224475758956 9.782990798864907
8888 2048 232.21 238.571 243.24 149.6680151290906 152.59712203075813 156.77726196115586 9.354250945568163 9.537320126922383 9.798578872572241
8888 4096 465.92 469.77 478.62 152.12589528226985 154.9917959852694 156.27252747252746 9.507868455141866 9.686987249079337 9.767032967032966
8888 8192 931.44 950.411 959.561 151.75793097051672 153.2189673730628 156.33963755045949 9.484870685657295 9.576185460816426 9.771227346903718
8888 16384 1866.812 1885.631 1896.271 153.58668882243097 154.45332835533569 156.0103449088607 9.599168051401936 9.65333302220848 9.750646556803794
8888 32768 3764.273 3773.973 3816.343 152.62883027023517 154.3423781781163 154.7400966933057 9.539301891889698 9.646398636132268 9.671256043331606
8888 65536 7507.955 7576.105 7627.586 152.73088182814325 153.76871571869717 155.16448034118477 9.545680114258953 9.610544732418573 9.697780021324048

9776 1 1.32 1.6 1.69 11.569230769230769 12.219999999999999 14.81212121212121 0.7230769230769231 0.7637499999999999 0.9257575757575757
9776 2 0.66 0.67 0.75 52.13866666666666 58.36417910447761 59.24848484848484 3.258666666666666 3.6477611940298504 3.7030303030303027
9776 4 0.92 0.94 0.99 78.99797979797978 83.2 85.0086956521739 4.937373737373736 5.2 5.313043478260869
9776 8 1.42 1.45 1.46 107.13424657534246 107.87310344827586 110.15211267605633 6.695890410958904 6.742068965517241 6.884507042253521
9776 16 2.43 2.44 2.48 126.14193548387095 128.20983606557377 128.73744855967078 7.8838709677419345 8.01311475409836 8.046090534979424
9776 32 4.44 4.46 4.6 136.01391304347825 140.28340807174888 140.91531531531527 8.500869565217391 8.767713004484305 8.807207207207204
9776 64 8.47 8.49 8.81 142.0349602724177 147.38845700824498 147.73648170011805 8.877185017026106 9.211778563015312 9.233530106257378
9776 128 16.51 16.62 17.26 144.99745075318654 150.58098676293622 151.5842519685039 9.062340672074159 9.411311672683514 9.474015748031494
9776 256 32.6 32.61 34.14 146.6113649677797 153.49009506286413 153.53717791411043 9.163210310486232 9.593130941429008 9.596073619631902
9776 512 64.77 64.85 73.28 136.60786026200873 154.36582883577486 154.55649220318048 8.537991266375546 9.647864302235929 9.65978076269878
9776 1024 129.13 130.07 140.52 142.47970395673212 153.9267163834858 155.047223728026 8.904981497295758 9.620419773967862 9.690451483001626
9776 2048 257.81 262.34 270.491 148.03633392608256 152.6358771060456 155.317854233738 9.25227087038016 9.53974231912785 9.707365889608624
9776 4096 515.201 515.751 521.61 153.5342343896781 155.27840372582895 155.44417033352028 9.59588964935488 9.70490023286431 9.715260645845017
9776 8192 1035.741 1048.23 1075.931 148.86640871951823 152.80041975520638 154.64289238332748 9.30415054496989 9.550026234700399 9.665180773957967
9776 16384 2055.881 2113.861 2117.432 151.2870155924724 151.5425886564916 155.81639598790008 9.455438474529524 9.471411791030725 9.738524749243755
9776 32768 4147.694 4181.523 4197.743 152.6248595971692 153.21688676589844 154.46653875623417 9.539053724823075 9.576055422868652 9.654158672264636
9776 65536 8317.816 8386.667 8499.036 150.7653187961552 152.7853522740321 154.05003813501042 9.4228324247597 9.549084517127007 9.628127383438152

10752 1 1.4 1.56 2.01 10.698507462686567 13.784615384615384 15.36 0.6686567164179105 0.8615384615384615 0.96
10752 2 0.69 0.7 0.94 45.753191489361704 61.44 62.3304347826087 2.8595744680851065 3.84 3.8956521739130436
10752 4 0.99 0.99 1.33 64.67368421052632 86.88484848484848 86.88484848484848 4.042105263157895 5.43030303030303 5.43030303030303
10752 8 1.53 1.54 2.1 81.91999999999999 111.7090909090909 112.43921568627451 5.119999999999999 6.9818181818181815 7.027450980392157
10752 16 2.63 2.66 3.6 95.57333333333332 129.34736842105264 130.82281368821293 5.973333333333333 8.08421052631579 8.176425855513308
10752 32 4.78 4.84 6.94 99.15389048991354 142.17520661157025 143.95983263598325 6.197118155619596 8.88595041322314 8.997489539748953
10752 64 9.18 9.25 12.69 108.45200945626479 148.78443243243242 149.918954248366 6.778250591016549 9.299027027027027 9.369934640522875
10752 128 17.88 18.08 26.12 105.37947932618683 152.24070796460177 153.94362416107384 6.586217457886677 9.51504424778761 9.621476510067115
10752 256 35.39 35.56 35.73 154.07287993282955 154.8094488188976 155.55309409437695 9.629554995801847 9.6755905511811 9.722068380898559
10752 512 70.46 70.56 79.34 138.77045626417947 156.03809523809522 156.2595515185921 8.673153516511217 9.752380952380951 9.766221969912007
10752 1024 140.191 140.63 140.97 156.2041285379868 156.58178198108513 157.07210876589792 9.762758033624175 9.78636137381782 9.81700679786862
10752 2048 279.95 282.99 286.4 153.77162011173186 155.62455210431463 157.31449187354883 9.610726256983241 9.726534506519664 9.832155742096802
10752 4096 561.171 563.25 565.28 155.81726577979057 156.37884420772303 156.95818921505207 9.738579111236911 9.77367776298269 9.809886825940755
10752 8192 1122.921 1126.701 1173.211 150.15267330429054 156.35094670192004 156.87725850705436 9.384542081518159 9.771934168870002 9.804828656690898
10752 16384 2246.382 2251.921 2263.312 155.66635797450814 156.45377257905585 156.83954732543262 9.729147373406759 9.77836078619099 9.802471707839539
10752 32768 4499.554 4505.403 4517.564 155.9785477305911 156.39956558825037 156.60287041782362 9.748659233161943 9.774972849265648 9.787679401113976
10752 65536 8989.737 9002.916 9110.237 154.6925885682228 156.53663146473875 156.7661149597591 9.668286785513924 9.783539466546172 9.797882184984944

11824 1 1.44 1.59 1.98 11.943434343434344 14.872955974842768 16.422222222222224 0.7464646464646465 0.929559748427673 1.026388888888889
11824 2 0.72 0.73 0.74 63.913513513513514 64.78904109589041 65.6888888888889 3.9945945945945946 4.049315068493151 4.105555555555556
11824 4 1.05 1.07 1.08 87.58518518518518 88.403738317757 90.08761904761904 5.474074074074074 5.525233644859813 5.63047619047619
11824 8 1.66 1.68 2.04 92.7372549019608 112.60952380952382 113.96626506024097 5.79607843137255 7.038095238095239 7.122891566265061
11824 16 2.87 2.88 2.98 126.96912751677854 131.3777777777778 131.8355400696864 7.935570469798659 8.211111111111112 8.2397212543554
11824 32 5.29 5.32 13.58 55.724300441826216 142.2436090225564 143.05028355387523 3.4827687776141385 8.890225563909775 8.940642722117202
11824 64 10.15 10.2 10.24 147.8 148.37960784313728 149.11054187192119 9.2375 9.27372549019608 9.319408866995074
11824 128 19.89 20.57 20.88 144.96858237547895 147.15333009236753 152.18421317244847 9.060536398467434 9.19708313077297 9.51151332327803
11824 256 39.49 39.66 48.1 125.86045738045738 152.64467977811398 153.30179792352493 7.866278586278586 9.540292486132124 9.581362370220308
11824 512 78.531 82.31 86.08 140.65724907063196 147.09969627019802 154.17829901567532 8.791078066914498 9.193731016887376 9.636143688479708
11824 1024 155.0 164.231 175.7 137.82328969834947 147.44811880826398 156.2293677419355 8.613955606146842 9.215507425516499 9.764335483870969
11824 2048 310.96 312.89 314.33 154.07725638660008 154.78635942343956 155.74705428350916 9.629828524162505 9.674147463964973 9.734190892719322
11824 4096 624.32 638.47 664.801 145.7010564063532 151.70988143530627 155.1483341875961 9.106316025397074 9.481867589706642 9.696770886724757
11824 8192 1245.331 1254.4 1320.491 146.70635089523518 154.43591836734694 155.56058268845794 9.169146930952198 9.652244897959184 9.722536418028621
11824 16384 2503.002 2532.552 2613.392 148.25515345573876 152.98751299084876 154.79365657718213 9.265947090983673 9.561719561928047 9.674603536073883
11824 32768 5097.694 5114.924 5209.284 148.75319986393524 151.49739546472247 152.00945054763977 9.297074991495952 9.468587216545155 9.500590659227486
11824 65536 10039.758 10067.018 10307.838 150.35115297698704 153.94780539778512 154.3658052315604 9.39694706106169 9.62173783736157 9.647862826972524

13000 1 1.68 1.74 2.05 12.682926829268293 14.942528735632182 15.476190476190474 0.7926829268292683 0.9339080459770114 0.9672619047619047
13000 2 0.77 0.78 1.06 49.056603773584904 66.66666666666666 67.53246753246752 3.0660377358490565 4.166666666666666 4.22077922077922
13000 4 1.11 1.13 1.56 66.66666666666666 92.03539823008849 93.69369369369367 4.166666666666666 5.752212389380531 5.855855855855855
13000 8 1.82 1.85 2.48 83.87096774193547 112.43243243243242 114.28571428571426 5.241935483870967 7.027027027027026 7.1428571428571415
13000 16 3.16 3.18 4.39 94.76082004555809 130.81761006289307 131.64556962025316 5.922551252847381 8.176100628930817 8.227848101265822
13000 32 5.77 5.89 8.13 102.3370233702337 141.25636672325976 144.1941074523397 6.396063960639606 8.828522920203735 9.01213171577123
13000 64 11.07 11.16 15.6 106.66666666666666 149.10394265232975 150.31616982836493 6.666666666666666 9.31899641577061 9.394760614272808
13000 128 21.99 22.31 30.79 108.08704124715815 149.17077543702376 151.34151887221464 6.755440077947385 9.323173464813985 9.458844929513415
13000 256 42.75 44.34 49.57 134.2747629614686 150.11276499774468 155.69590643274853 8.392172685091788 9.382047812359042 9.730994152046783
13000 512 85.23 87.85 88.4 150.58823529411762 151.5310187820148 156.18913528100433 9.411764705882351 9.470688673875925 9.76182095506277
13000 1024 170.88 175.54 181.7 146.52724270776002 151.66913523983138 155.8052434456929 9.157952669235002 9.479320952489461 9.737827715355806
13000 2048 338.68 344.451 358.661 148.46331215270126 154.5880255827389 157.22215660800754 9.278957009543829 9.661751598921182 9.826384788000471
13000 4096 682.12 687.331 700.72 151.98081972827947 154.9413601307085 156.12502199026562 9.498801233017467 9.68383500816928 9.757813874391601
13000 8192 1359.471 1374.651 1409.641 151.09662672978436 154.94259997628487 156.67270578041018 9.443539170611523 9.683912498517804 9.792044111275636
13000 16384 2754.362 2797.402 2829.082 150.5732248128545 152.27843549121647 154.65795708770304 9.410826550803407 9.51740221820103 9.66612231798144
13000 32768 5496.294 5528.505 5533.994 153.95173901525735 154.10459066239423 155.00771974716054 9.621983688453584 9.63153691639964 9.687982484197533
13000 65536 10894.118 11000.179 11086.638 153.69276060064374 154.90075206957994 156.4088070277924 9.605797537540234 9.681297004348746 9.775550439237024

14296 1 1.81 1.9 1.91 14.969633507853404 15.04842105263158 15.796685082872928 0.9356020942408377 0.9405263157894738 0.987292817679558
14296 2 0.83 0.83 0.85 67.27529411764706 68.89638554216867 68.89638554216867 4.2047058823529415 4.306024096385542 4.306024096385542
14296 4 1.2 1.21 1.28 89.35 94.51900826446281 95.30666666666667 5.584375 5.907438016528926 5.956666666666667
14296 8 1.94 1.95 1.96 116.70204081632654 117.30051282051282 117.90515463917525 7.293877551020409 7.331282051282051 7.369072164948453
14296 16 3.4 3.44 3.48 131.4574712643678 132.9860465116279 134.55058823529413 8.216091954022987 8.311627906976744 8.409411764705883
14296 32 6.29 6.33 6.51 140.54439324116746 144.54091627172195 145.46009538950716 8.784024577572966 9.033807266982622 9.091255961844197
14296 64 12.13 12.35 12.89 141.96183087664855 148.16906882591093 150.85638911788953 8.872614429790534 9.260566801619433 9.428524319868096
14296 128 23.76 23.96 33.57 109.01924337205838 152.74524207011686 154.0309764309764 6.813702710753649 9.546577629382304 9.626936026936026
14296 256 47.26 47.4 50.27 145.6047742192162 154.4209282700422 154.87837494710115 9.100298388701013 9.651308016877637 9.679898434193822
14296 512 93.69 97.04 105.42 138.86457977613355 150.85638911788953 156.2504429501548 8.679036236008347 9.428524319868096 9.765652684384674
14296 1024 186.87 190.3 200.46 146.05511323954903 153.85290593799263 156.67687697329694 9.128444577471814 9.61580662112454 9.792304810831059
14296 2048 372.71 399.531 407.74 143.61214499435914 146.56288498264215 157.10986021303427 8.975759062147446 9.160180311415134 9.819366263314642
14296 4096 748.971 751.421 772.32 151.6377045784131 155.85514911081802 156.3649754129332 9.477356536150818 9.740946819426126 9.772810963308325
14296 8192 1497.791 1502.231 1552.481 150.8718393332994 155.91853982510014 156.38073936884388 9.429489958331212 9.744908739068759 9.773796210552742
14296 16384 2997.592 3007.122 3074.823 152.35066473744993 155.78061947603058 156.27588010643208 9.52191654609062 9.736288717251911 9.767242506652005
14296 32768 6022.564 6080.974 6163.604 152.00565383499654 154.071149786202 155.56541300349818 9.500353364687284 9.629446861637625 9.722838312718636
14296 65536 12043.069 12113.409 12207.05 153.5018953801287 154.6885201350008 155.5920099768589 9.593868461258044 9.66803250843755 9.72450062355368

15720 1 1.91 2.01 2.41 13.045643153526969 15.64179104477612 16.460732984293195 0.8153526970954356 0.9776119402985075 1.0287958115183247
15720 2 0.86 0.89 1.13 55.64601769911504 70.65168539325842 73.11627906976743 3.47787610619469 4.415730337078651 4.569767441860464
15720 4 1.3 1.3 1.67 75.30538922155688 96.73846153846152 96.73846153846152 4.706586826347305 6.046153846153845 6.046153846153845
15720 8 2.12 2.15 2.94 85.55102040816327 116.9860465116279 118.64150943396226 5.346938775510204 7.311627906976744 7.415094339622641
15720 16 3.68 3.72 5.12 98.24999999999999 135.22580645161287 136.69565217391303 6.140624999999999 8.451612903225804 8.543478260869565
15720 32 6.89 7.05 7.16 140.51396648044692 142.7063829787234 146.02031930333817 8.782122905027933 8.919148936170213 9.126269956458636
15720 64 13.31 13.46 13.97 144.03435934144593 149.49182763744426 151.17655897821183 9.002147458840371 9.343239227340266 9.44853493613824
15720 128 26.1 26.11 27.11 148.44411656215416 154.12945231711987 154.1885057471264 9.277757285134635 9.633090769819992 9.6367816091954
15720 256 51.71 51.88 53.64 150.04921700223713 155.13955281418654 155.64958421968672 9.37807606263982 9.696222050886659 9.72809901373042
15720 512 102.98 104.23 113.43 141.91377942343294 154.43998848699988 156.31462419887353 8.869611213964559 9.652499280437493 9.769664012429596
15720 1024 205.29 212.73 217.79 147.82386702787088 151.34000846143 156.82478445126407 9.23899168924193 9.458750528839374 9.801549028204004
15720 2048 415.491 416.021 436.091 147.65065089625787 154.7737253648253 154.97115460984713 9.228165681016117 9.673357835301582 9.685697163115446
15720 4096 822.58 841.621 870.05 148.01245905407734 153.01215155040094 156.5540616110287 9.250778690879834 9.563259471900059 9.784628850689293
15720 8192 1644.401 1667.652 1740.602 147.96977137794852 154.44258154579012 156.62632168187685 9.248110711121782 9.652661346611882 9.789145105117303
15720 16384 3311.933 3325.312 3406.973 151.193731209493 154.90665537549557 155.53242170055975 9.449608200593312 9.681665960968473 9.720776356284984
15720 32768 6706.205 6745.465 6767.155 152.23914924366295 152.72867326418563 153.62278964034053 9.514946827728934 9.545542079011602 9.601424352521283
15720 65536 13342.38 13393.73 13486.75 152.77600904591543 153.8370446470102 154.42910785032356 9.548500565369714 9.614815290438138 9.651819240645223

17288 1 2.17 2.27 2.49 13.885943775100401 15.23171806167401 15.933640552995392 0.8678714859437751 0.9519823788546257 0.995852534562212
17288 2 0.93 0.95 1.03 67.1378640776699 72.79157894736844 74.35698924731183 4.196116504854369 4.549473684210527 4.647311827956989
17288 4 1.39 1.41 1.47 94.08435374149661 98.08794326241137 99.49928057553959 5.880272108843538 6.130496453900711 6.218705035971224
17288 8 2.3 2.33 2.34 118.20854700854701 118.71587982832618 120.26434782608696 7.388034188034188 7.419742489270386 7.516521739130435
17288 16 4.07 4.08 13.02 42.48970814132105 135.5921568627451 135.92530712530714 2.655606758832566 8.474509803921569 8.495331695331696
17288 32 7.54 7.57 16.28 67.96265356265357 146.16010568031703 146.74164456233424 4.247665847665848 9.135006605019814 9.17135278514589
17288 64 14.59 14.61 14.65 151.04873720136519 151.4622861054073 151.66991089787527 9.440546075085324 9.466392881587955 9.479369431117204
17288 128 28.65 28.7 28.76 153.88484005563282 154.2065505226481 154.47567190226877 9.617802503477051 9.637909407665505 9.654729493891798
17288 256 56.84 56.86 57.04 155.17980364656384 155.67105170594442 155.72582688247712 9.69873772791024 9.729440731621526 9.73286418015482
17288 512 113.081 113.28 113.59 155.84921207852804 156.27570621468928 156.55072028015317 9.740575754908003 9.76723163841808 9.784420017509573
17288 1024 225.66 229.51 230.23 153.78458063675455 154.26702104483468 156.89898076752638 9.61153628979716 9.641688815302167 9.806186297970399
17288 2048 450.83 451.6 451.611 156.79788136250005 156.80170062001773 157.0695117893663 9.799867585156253 9.800106288751108 9.816844486835393
17288 4096 903.92 905.661 908.251 155.9296890397038 156.37561515843126 156.6768032569254 9.745605564981487 9.773475947401954 9.792300203557838
17288 8192 1808.372 1809.801 1816.971 155.889440172683 156.5070369615223 156.63071093779376 9.743090010792688 9.781689810095143 9.78941943361211
17288 16384 3611.083 3620.222 3625.003 156.27385246301864 156.48023353263972 156.87625679055287 9.767115778938665 9.780014595789982 9.804766049409555
17288 32768 7241.745 7241.926 7260.186 156.0547302782601 156.4482111526685 156.45212141548757 9.753420642391257 9.778013197041782 9.778257588467973

19016 1 2.21 2.51 3.18 11.959748427672954 15.152191235059762 17.209049773755655 0.7474842767295596 0.9470119521912351 1.0755656108597285
19016 2 1.01 1.03 1.38 55.118840579710145 73.84854368932038 75.3108910891089 3.444927536231884 4.615533980582524 4.706930693069307
19016 4 1.5 1.51 2.1 72.44190476190475 100.74701986754967 101.41866666666665 4.527619047619047 6.296688741721854 6.338666666666666
19016 8 2.48 2.54 3.42 88.96374269005848 119.78582677165352 122.68387096774192 5.560233918128655 7.486614173228345 7.66774193548387
19016 16 4.37 4.49 6.17 98.62431118314424 135.5260579064588 139.24759725400455 6.164019448946515 8.470378619153674 8.702974828375284
19016 32 8.25 8.26 11.38 106.94411247803161 147.33946731234866 147.51806060606057 6.684007029876976 9.208716707021791 9.219878787878786
19016 64 15.99 16.02 22.67 107.3686810763123 151.93807740324596 152.22313946216383 6.710542567269519 9.496129837702872 9.51394621638524
19016 128 31.42 31.44 31.48 154.64091486658194 154.83765903307886 154.93621896880967 9.665057179161371 9.677353689567429 9.683513685550604
19016 256 62.3 62.34 64.62 150.66839987619932 156.1788899582932 156.27916532905297 9.416774992262457 9.761180622393326 9.76744783306581
19016 512 124.21 124.84 135.79 143.40072170262906 155.97872476770266 156.76985749939618 8.962545106414316 9.748670297981416 9.798116093712261
19016 1024 247.691 247.85 256.96 151.5596513075965 157.13039338309463 157.2312599165896 9.472478206724782 9.820649586443414 9.82695374478685
19016 2048 494.871 513.32 514.571 151.36790841302755 151.73680355333903 157.39361570995268 9.460494275814222 9.48355022208369 9.837100981872043
19016 4096 992.791 1012.771 1026.911 151.69676047875618 153.81470440998012 156.91023790505756 9.481047529922261 9.613419025623758 9.806889869066097
19016 8192 1986.232 1989.881 2053.972 151.68568218067236 156.5712442100809 156.85888858904698 9.480355136292022 9.785702763130056 9.803680536815436
19016 16384 4009.983 4035.543 4076.983 152.83759780210022 154.40704955937775 155.39125427713782 9.552349862631264 9.65044059746111 9.711953392321114
19016 32768 7959.226 8052.936 8120.256 153.47207969797995 154.7550577826522 156.57710636687537 9.592004981123747 9.672191111415762 9.78606914792971

20912 1 2.33 2.62 2.77 15.098916967509023 15.963358778625954 17.950214592274676 0.943682310469314 0.9977099236641221 1.1218884120171673
20912 2 1.08 1.08 1.12 74.68571428571428 77.45185185185184 77.45185185185184 4.667857142857143 4.84074074074074 4.84074074074074
20912 4 1.61 1.65 1.71 97.83391812865497 101.39151515151515 103.91055900621117 6.114619883040936 6.336969696969697 6.494409937888198
20912 8 2.7 2.71 2.76 121.22898550724638 123.46568265682657 123.92296296296296 7.576811594202899 7.716605166051661 7.745185185185185
20912 16 4.84 4.91 13.87 48.24686373467917 136.29002036659875 138.26115702479336 3.015428983417448 8.518126272912422 8.641322314049585
20912 32 9.1 9.16 9.17 145.95070883315157 146.11004366812224 147.0734065934066 9.121919302071973 9.13187772925764 9.192087912087912
20912 64 17.66 17.78 18.69 143.21754949170676 150.54758155230593 151.5705549263873 8.951096843231673 9.40922384701912 9.473159682899206
20912 128 34.76 34.83 36.91 145.0412354375508 153.70289979902384 154.01242807825085 9.065077214846925 9.60643123743899 9.625776754890678
20912 256 68.72 69.09 73.35 145.97060668029994 154.97096540743956 155.80535506402794 9.123162917518746 9.685685337964973 9.737834691501746
20912 512 137.611 138.45 146.09 146.58010815250873 154.66874684001445 155.61174615401384 9.161256759531796 9.666796677500903 9.725734134625865
20912 1024 273.161 276.591 284.93 150.30981644614465 154.84153858946962 156.78583692401185 9.39436352788404 9.677596161841851 9.79911480775074
20912 2048 546.95 548.811 555.41 154.22039934462828 156.0747725537571 156.60581771642745 9.638774959039267 9.754673284609819 9.787863607276716
20912 4096 1096.231 1118.171 1162.441 147.3718700562007 153.20653459980628 156.27281476258196 9.210741878512543 9.575408412487892 9.767050922661372
20912 8192 2189.351 2228.331 2321.032 147.61632239452103 153.75732240856496 156.49487359496032 9.226020149657565 9.60983265053531 9.78092959968502
20912 16384 4396.973 4453.683 4516.593 151.7171053490983 153.8601683146286 155.84458126079008 9.482319084318643 9.616260519664287 9.74028632879938
20912 32768 8861.507 8942.037 9074.747 151.02226343059482 153.2636055968008 154.65640686172227 9.438891464412176 9.57897534980005 9.666025428857642

23000 1 2.58 2.73 3.12 14.743589743589743 16.84981684981685 17.829457364341085 0.9214743589743589 1.0531135531135531 1.1143410852713178
23000 2 1.17 1.19 1.25 73.6 77.3109243697479 78.63247863247864 4.6 4.831932773109243 4.914529914529915
23000 4 1.76 1.78 1.89 97.35449735449735 103.37078651685393 104.54545454545455 6.084656084656085 6.46067415730337 6.534090909090909
23000 8 2.93 2.96 2.99 123.07692307692307 124.32432432432432 125.59726962457337 7.692307692307692 7.77027027027027 7.849829351535836
23000 16 5.27 5.34 5.53 133.09222423146474 137.82771535580525 139.65844402277042 8.318264014466546 8.614232209737828 8.728652751423152
23000 32 9.93 9.95 10.14 145.16765285996053 147.93969849246233 148.23766364551864 9.072978303747533 9.246231155778895 9.264853977844915
23000 64 19.3 19.32 19.66 149.74567650050864 152.38095238095238 152.53886010362694 9.35910478128179 9.523809523809524 9.533678756476684
23000 128 38.08 38.74 38.92 151.2846865364851 151.98760970573048 154.6218487394958 9.45529290853032 9.499225606608155 9.663865546218487
23000 256 75.36 75.41 75.79 155.37669877292518 156.15966052247714 156.2632696390658 9.711043673307824 9.759978782654821 9.766454352441613
23000 512 150.12 153.16 163.06 144.43763032012757 153.77383128754244 156.88782307487344 9.027351895007973 9.610864455471402 9.80548894217959
23000 1024 300.48 307.07 313.741 150.13657762294378 153.398247956492 156.7625133120341 9.383536101433986 9.58739049728075 9.79765708200213
23000 2048 599.23 604.311 632.711 148.8957833829347 155.89324040105177 157.2150927023013 9.305986461433418 9.743327525065736 9.82594329389383
23000 4096 1201.371 1226.511 1243.971 151.46333797170513 153.61949464782623 156.8341503165966 9.46645862323157 9.60121841548914 9.802134394787288
23000 8192 2408.032 2473.682 2560.302 147.1826370482857 152.33647655600035 156.48961475595007 9.198914815517856 9.521029784750022 9.78060092224688
23000 16384 4849.054 4905.553 4979.464 151.35444296815882 153.6348705232621 155.4249550530887 9.459652685509926 9.602179407703881 9.714059690818043
23000 32768 9694.598 9819.927 9891.227 152.39039605500915 153.49686408055786 155.48122779304515 9.524399753438072 9.593554005034866 9.717576737065322

25296 1 2.85 2.89 3.02 16.752317880794703 17.505882352941175 17.75157894736842 1.047019867549669 1.0941176470588234 1.1094736842105262
25296 2 1.25 1.28 1.59 63.637735849056604 79.05 80.9472 3.9773584905660377 4.940625 5.0592
25296 4 1.9 1.9 2.48 81.6 106.50947368421053 106.50947368421053 5.1 6.656842105263158 6.656842105263158
25296 8 3.22 3.23 4.41 91.77687074829932 125.30526315789474 125.6944099378882 5.736054421768707 7.831578947368421 7.855900621118012
25296 16 5.75 5.82 7.95 101.82037735849056 139.08453608247422 140.77773913043478 6.36377358490566 8.692783505154638 8.798608695652174
25296 32 10.94 10.97 15.0 107.9296 147.5792160437557 147.98391224862888 6.7456 9.223701002734732 9.248994515539305
25296 64 21.19 21.31 29.22 110.81067761806982 151.9421867667762 152.80264275601698 6.925667351129364 9.496386672923512 9.550165172251061
25296 128 41.77 42.68 52.0 124.53415384615386 151.7285848172446 155.03413933445054 7.783384615384616 9.483036551077788 9.689633708403159
25296 256 83.24 88.86 88.9 145.68674915635543 145.7523295070898 155.59288803459876 9.105421822272215 9.109520594193112 9.724555502162422
25296 512 166.12 177.391 177.501 145.9321581286866 146.02265052905727 155.93007464483503 9.120759883042913 9.12641565806608 9.74562966530219
25296 1024 332.72 343.571 354.391 146.18375748819807 150.78748788460027 155.70512142341906 9.13648484301238 9.424217992787517 9.731570088963691
25296 2048 674.07 675.91 693.821 149.33594687967067 153.29321359352576 153.7116560594597 9.333496679979417 9.58082584959536 9.606978503716231
25296 4096 1323.071 1373.421 1397.341 148.29940007485646 150.88223640092878 156.62412070100547 9.268712504678529 9.430139775058048 9.789007543812842
25296 8192 2688.132 2719.292 2826.512 146.6293665125073 152.41087165335682 154.1775716371071 9.164335407031706 9.525679478334801 9.636098227319193
25296 16384 5391.314 5501.514 5579.024 148.57425384798486 150.66749407526729 153.7471807429506 9.285890865499054 9.416718379704205 9.609198796434413
25296 32768 10688.848 10727.598 10828.858 153.09081123789784 154.5358668361734 155.09610165660507 9.568175702368615 9.658491677260837 9.693506353537817

27824 1 3.11 3.26 3.57 15.587675070028013 17.06993865030675 17.893247588424437 0.9742296918767508 1.0668711656441718 1.1183279742765273
27824 2 1.38 1.4 1.45 76.75586206896553 79.49714285714286 80.64927536231885 4.797241379310345 4.968571428571429 5.040579710144928
27824 4 2.06 2.08 2.09 106.50334928229665 107.01538461538462 108.05436893203883 6.656459330143541 6.688461538461539 6.753398058252427
27824 8 3.49 3.5 3.57 124.7014005602241 127.19542857142858 127.55988538681949 7.793837535014006 7.949714285714286 7.972492836676218
27824 16 6.3 6.33 6.62 134.49667673716013 140.65845181674564 141.32825396825396 8.406042296072508 8.791153238546602 8.833015873015873
27824 32 12.0 12.01 12.65 140.7696442687747 148.27110741049125 148.39466666666667 8.798102766798419 9.266944213155703 9.274666666666667
27824 64 23.33 23.55 31.5 113.06260317460317 151.23023354564756 152.6563223317617 7.066412698412698 9.451889596602973 9.541020145735105
27824 128 46.05 46.12 49.12 145.01107491856678 154.44371205550738 154.67847991313792 9.063192182410424 9.652732003469211 9.66740499457112
27824 256 91.37 92.33 97.69 145.82749513768042 154.2931658182606 155.9142825872825 9.114218446105026 9.643322863641288 9.744642661705155
27824 512 182.07 187.68 198.87 143.26834615578016 151.81040068201193 156.48803207557532 8.95427163473626 9.488150042625746 9.780502004723457
27824 1024 363.511 367.42 377.78 150.83792683572452 155.09104566980565 156.75881059995433 9.427370427232782 9.693190354362853 9.797425662497146
27824 2048 732.391 764.781 777.941 146.4983899807312 149.01926695354618 155.6096456674099 9.1561493737957 9.313704184596636 9.725602854213118
27824 4096 1454.391 1470.971 1558.191 146.28130184297046 154.95492977087923 156.72140985470895 9.142581365185654 9.684683110679952 9.79508811591931
27824 8192 2911.842 2931.643 2964.602 153.770528387959 155.49929374074537 156.55671427227165 9.610658024247437 9.718705858796586 9.784794642016978
27824 16384 5861.175 6034.104 6039.045 150.97367746059186 151.09730160434754 155.5552994066889 9.435854841286991 9.443581350271721 9.722206212918056
27824 32768 11933.849 12099.449 14540.121 125.40979982216105 150.70716559076368 152.79845287132426 7.8381124888850655 9.41919784942273 9.549903304457766

30600 1 3.08 3.65 4.08 15.0 16.767123287671232 19.87012987012987 0.9375 1.047945205479452 1.2418831168831168
30600 2 1.54 1.58 1.62 75.55555555555554 77.46835443037973 79.48051948051948 4.722222222222221 4.841772151898733 4.967532467532467
30600 4 2.26 2.3 2.33 105.06437768240342 106.43478260869564 108.31858407079646 6.566523605150214 6.652173913043478 6.769911504424779
30600 8 3.8 3.88 3.91 125.21739130434783 126.18556701030927 128.8421052631579 7.826086956521739 7.886597938144329 8.052631578947368
30600 16 6.96 7.14 7.22 135.62326869806094 137.14285714285714 140.68965517241378 8.476454293628809 8.571428571428571 8.793103448275861
30600 32 13.16 13.46 13.85 141.40072202166064 145.4977711738484 148.8145896656535 8.83754512635379 9.093610698365525 9.300911854103344
30600 64 25.64 25.81 27.35 143.21023765996344 151.7551336691205 152.7613104524181 8.950639853747715 9.484695854320032 9.54758190327613
30600 128 50.52 50.9 61.6 127.16883116883115 153.901768172888 155.05938242280283 7.948051948051947 9.6188605108055 9.691211401425177
30600 256 100.36 100.4 107.53 145.70073467869432 156.04780876494024 156.11000398565164 9.106295917418395 9.752988047808765 9.756875249103228
30600 512 200.1 204.791 214.64 145.9858367499068 153.00672392829765 156.5937031484258 9.124114796869176 9.562920245518603 9.787106446776612
30600 1024 399.521 404.46 417.41 150.13727510121942 154.94437027147308 156.85983965799042 9.383579693826213 9.684023141967067 9.803739978624401
30600 2048 800.21 811.25 852.361 147.04755379469498 154.49935285053928 156.63088439284687 9.190472112168436 9.656209553158705 9.78943027455293
30600 4096 1604.462 1623.152 1715.861 146.09295275083468 154.43729237927192 156.23629602944786 9.130809546927168 9.652330773704495 9.764768501840491
30600 8192 3206.432 3229.443 3294.493 152.17831696713273 155.2436132175115 156.35772098082853 9.511144810445796 9.702725826094468 9.772357561301783
30600 16384 6413.965 6460.124 6519.805 153.7930658969095 155.21386276795926 156.33088113202987 9.612066618556844 9.700866422997453 9.770680070751867
30600 32768 12982.88 13029.33 13407.22 149.57624324804098 153.9144069572265 154.46508016711238 9.348515203002561 9.619650434826656 9.654067510444523

33656 1 3.51 3.53 4.02 16.744278606965175 19.068555240793202 19.177207977207978 1.0465174129353234 1.1917847025495751 1.1985754985754986
33656 2 1.74 1.75 1.82 73.96923076923076 76.928 77.37011494252873 4.623076923076923 4.808 4.835632183908046
33656 4 2.55 2.56 2.61 103.16015325670497 105.175 105.58745098039216 6.447509578544061 6.5734375 6.59921568627451
33656 8 4.27 4.29 4.38 122.94429223744292 125.5235431235431 126.11147540983606 7.684018264840183 7.845221445221444 7.881967213114754
33656 16 7.74 7.86 7.98 134.96140350877192 137.0218829516539 139.14625322997415 8.435087719298245 8.56386768447837 8.696640826873384
33656 32 14.59 14.66 14.78 145.736400541272 146.92933151432467 147.63427004797808 9.1085250338295 9.183083219645292 9.22714187799863
33656 64 28.35 28.63 28.95 148.80718480138168 150.47041564792175 151.95654320987651 9.300449050086355 9.40440097799511 9.497283950617282
33656 128 55.91 56.65 64.52 133.53899566026038 152.0906619593998 154.10366660704705 8.346187228766274 9.505666372462487 9.63147916294044
33656 256 111.01 112.43 124.99 137.86600528042243 153.26756203860177 155.2281055760742 8.616625330026402 9.57922262741261 9.701756598504637
33656 512 221.37 224.1 231.721 148.72948071171797 153.78734493529674 155.6838957401635 9.295592544482373 9.611709058456047 9.73024348376022
33656 1024 441.79 449.001 453.48 151.99675399135572 153.5129944031305 156.0186695036103 9.499797124459732 9.594562150195657 9.751166843975644
33656 2048 892.68 904.511 930.79 148.10534707076783 152.4082913308959 154.42821167719674 9.25658419192299 9.525518208180994 9.651763229824796
33656 4096 1786.982 1790.031 1818.891 151.5813492947076 154.025238669051 154.28804095396595 9.473834330919225 9.626577416815687 9.643002559622872
33656 8192 3553.293 3563.703 3611.862 152.6691507039859 154.73228380704003 155.1855993862594 9.54182191899912 9.670767737940002 9.699099961641213
33656 16384 7138.475 7171.605 7296.696 151.14235374476337 153.77866014650834 154.49235417928898 9.44639710904771 9.611166259156771 9.655772136205561

37016 1 3.82 4.34 4.42 16.749321266968327 17.058064516129033 19.380104712041884 1.0468325791855204 1.0661290322580645 1.2112565445026178
37016 2 1.99 1.99 2.08 71.18461538461538 74.4040201005025 74.4040201005025 4.4490384615384615 4.650251256281407 4.650251256281407
37016 4 2.93 2.95 3.01 98.3813953488372 100.38237288135592 101.06757679180886 6.148837209302325 6.273898305084745 6.316723549488054
37016 8 4.84 4.88 4.9 120.86857142857141 121.3639344262295 122.36694214876032 7.554285714285713 7.585245901639344 7.64793388429752
37016 16 8.64 8.66 8.82 134.2984126984127 136.77967667436488 137.0962962962963 8.393650793650794 8.548729792147805 8.568518518518518
37016 32 16.44 16.47 16.59 142.79831223628693 143.8387370977535 144.10121654501214 8.924894514767933 8.989921068609593 9.006326034063258
37016 64 31.74 31.85 31.91 148.48160451269194 148.76131868131867 149.27687460617517 9.280100282043247 9.297582417582417 9.329804662885948
37016 128 61.84 62.88 64.991 145.80628086965888 150.70127226463103 153.23570504527814 9.11289255435368 9.41882951653944 9.577231565329884
37016 256 124.071 124.97 132.3 143.2516402116402 151.65393294390654 152.75279477073613 8.953227513227512 9.478370808994159 9.547049673171008
37016 512 246.811 247.82 251.93 150.45601555987776 152.9512710838512 153.5765585812626 9.40350097249236 9.5594544427407 9.598534911328912
37016 1024 487.371 496.15 503.38 150.5994834915968 152.79405018643556 155.54632507884136 9.4124677182248 9.549628136652222 9.721645317427585
37016 2048 977.85 979.681 986.731 153.6564028088709 154.76214808697932 155.05193639106204 9.60352517555443 9.672634255436208 9.690746024441378
37016 4096 1973.581 1986.211 2000.371 151.5894161633017 152.67012014332818 153.6471378676629 9.474338510206357 9.541882508958011 9.602946116728932
37016 8192 3941.013 3954.893 3989.623 152.01189285303397 153.34678940745047 153.88686715826614 9.500743303314623 9.584174337965655 9.617929197391634
37016 16384 7921.206 7934.496 7959.026 152.39808087069952 152.86922924909155 153.12570939324138 9.52488005441872 9.554326828068222 9.570356837077586

40712 1 4.2 4.49 4.54 17.93480176211454 18.134521158129175 19.386666666666663 1.1209251101321587 1.1334075723830734 1.2116666666666664
40712 2 2.15 2.17 2.2 74.02181818181818 75.04516129032258 75.7432558139535 4.626363636363636 4.690322580645161 4.7339534883720935
40712 4 3.19 3.21 3.22 101.14782608695651 101.46292834890966 102.09905956112853 6.321739130434782 6.3414330218068535 6.381191222570533
40712 8 5.29 5.34 5.45 119.52146788990825 121.98352059925094 123.13648393194707 7.470091743119266 7.623970037453184 7.696030245746692
40712 16 9.52 9.59 9.75 133.6188717948718 135.84817518248175 136.8470588235294 8.351179487179488 8.49051094890511 8.552941176470588
40712 32 17.97 18.04 18.12 143.79514348785872 144.4328159645233 144.99543683917642 8.98719646799117 9.027050997782705 9.062214802448526
40712 64 34.49 35.11 36.06 144.5129229062673 148.4231273141555 151.09121484488256 9.032057681641707 9.276445457134718 9.44320092780516
40712 128 67.79 68.31 77.06 135.2487931481962 152.5731518079344 153.74350199144416 8.453049571762262 9.5358219879959 9.60896887446526
40712 256 135.63 142.97 162.74 128.08494531153988 145.79662866335596 153.68682444886824 8.005309081971243 9.112289291459748 9.605426528054265
40712 512 269.46 271.19 276.97 150.51842437809148 153.72649433976179 154.71345654271508 9.407401523630718 9.607905896235112 9.669591033919692
40712 1024 537.23 540.47 564.62 147.6713116786511 154.26975780339333 155.20014891201163 9.229456979915694 9.641859862712083 9.700009307000727
40712 2048 1083.181 1089.98 1093.541 152.49208945983736 152.9902860602947 153.95058812885378 9.530755591239835 9.561892878768418 9.621911758053361
40712 4096 2150.561 2157.602 2177.062 153.19393935496555 154.575637212053 155.08172239708614 9.574621209685347 9.660977325753313 9.692607649817884
40712 8192 4315.223 4321.733 4364.063 152.84504554585942 154.3421141472645 154.57495661290272 9.552815346616214 9.646382134204032 9.66093478830642
40712 16384 8650.407 8665.357 8670.787 153.85579371284288 153.95220485434126 154.2182715795916 9.61598710705268 9.622012803396329 9.638641973724475

44776 1 4.33 4.64 5.09 17.593713163064834 19.3 20.68175519630485 1.0996070726915521 1.20625 1.292609699769053
44776 2 2.35 2.36 2.37 75.57130801687764 75.89152542372882 76.21446808510639 4.723206751054852 4.743220338983051 4.763404255319149
44776 4 3.5 3.51 3.61 99.22659279778394 102.05356125356126 102.34514285714286 6.201662049861496 6.3783475783475785 6.396571428571429
44776 8 5.8 5.82 5.89 121.63259762308999 123.0955326460481 123.52000000000001 7.6020373514431245 7.693470790378006 7.720000000000001
44776 16 10.37 10.49 10.71 133.7845004668534 136.59027645376548 138.1708775313404 8.361531279178337 8.536892278360343 8.635679845708776
44776 32 19.62 19.66 20.09 142.64131408661027 145.7611393692777 146.0583078491335 8.915082130413142 9.110071210579857 9.128644240570845
44776 64 37.87 38.13 39.14 146.43147675012773 150.3102019407291 151.3421705835754 9.151967296882983 9.394387621295568 9.458885661473463
44776 128 74.94 76.97 77.89 147.1646681217101 148.92368455242303 152.95777955697892 9.19779175760688 9.30773028452644 9.559861222311183
44776 256 147.7 151.86 153.81 149.04955464534166 150.96346635058603 155.2153825321598 9.315597165333854 9.435216646911627 9.700961408259987
44776 512 295.82 300.6 306.94 149.37976151690884 152.53035262807717 154.99501047934555 9.336235094806803 9.533147039254823 9.687188154959097
44776 1024 591.16 606.13 615.461 148.99603386729623 151.28973652516788 155.12086068069559 9.312252116706015 9.455608532822993 9.695053792543474
44776 2048 1179.231 1194.271 1210.281 151.53711906573764 153.56857530660963 155.5272003534507 9.471069941608603 9.598035956663102 9.720450022090668
44776 4096 2359.622 2367.162 2377.352 154.29140993845255 154.95559323780967 155.45074253418557 9.643213121153284 9.684724577363104 9.715671408386598
44776 8192 4728.273 4781.424 4826.453 151.99774741409476 153.4291842764833 155.15389741666777 9.499859213380923 9.589324017280207 9.697118588541736
44776 16384 9495.277 9542.347 9641.967 152.17019182911534 153.7588151007294 154.52102850711992 9.510636989319709 9.609925943795588 9.657564281694995

49248 1 4.81 5.31 5.6 17.58857142857143 18.54915254237288 20.47733887733888 1.0992857142857144 1.159322033898305 1.27983367983368
49248 2 2.55 2.57 3.44 57.265116279069765 76.65058365758755 77.25176470588237 3.5790697674418603 4.790661478599222 4.828235294117648
49248 4 3.81 3.84 5.25 75.04457142857143 102.60000000000001 103.40787401574804 4.690285714285714 6.4125000000000005 6.462992125984252
49248 8 6.35 6.37 8.77 89.84811858608894 123.69984301412873 124.08944881889765 5.615507411630559 7.731240188383046 7.755590551181103
49248 16 11.55 11.57 15.81 99.67969639468691 136.20881590319792 136.4446753246753 6.229981024667932 8.51305099394987 8.527792207792206
49248 32 21.58 21.64 29.71 106.08791652642208 145.65027726432533 146.05523632993516 6.63049478290138 9.103142329020333 9.128452270620947
49248 64 41.54 42.27 51.06 123.45757931844888 149.130447125621 151.75117958594126 7.716098707403055 9.320652945351313 9.484448724121329
49248 128 82.61 82.85 104.9 120.18577693040992 152.17245624622814 152.61455029657427 7.51161105815062 9.510778515389259 9.538409393535892
49248 256 162.181 162.43 169.73 148.55933541507102 155.23595394939358 155.47429106985405 9.284958463441939 9.702247121837098 9.717143191865878
49248 512 326.19 329.541 336.36 149.9285051730289 153.0308884175262 154.6029982525522 9.370531573314306 9.564430526095387 9.662687390784512
49248 1024 650.471 660.13 675.271 149.36211387724336 152.7879417690455 155.05672658734977 9.33513211732771 9.549246360565343 9.69104541170936
49248 2048 1297.081 1307.701 1342.45 150.26243658981713 154.25529842066342 155.51828143346486 9.39140228686357 9.640956151291464 9.719892589591554
49248 4096 2599.342 2627.602 2648.932 152.30274540833818 153.53908849209282 155.20836273179904 9.518921588021136 9.596193030755801 9.70052267073744
49248 8192 5235.264 5237.183 5305.534 152.08256737210618 154.06741219468557 154.12388601606338 9.505160460756636 9.629213262167848 9.632742876003961
49248 16384 10421.028 10530.108 10552.708 152.92363476749284 153.25184357083518 154.85597620503466 9.557727172968303 9.578240223177199 9.678498512814667

54168 1 5.27 5.63 6.2 17.473548387096773 19.242628774422734 20.557115749525618 1.0920967741935483 1.2026642984014209 1.2848197343453511
54168 2 2.77 2.78 2.86 75.75944055944056 77.93956834532375 78.22093862815885 4.734965034965035 4.871223021582734 4.888808664259928
54168 4 4.17 4.18 4.21 102.93206650831353 103.6708133971292 103.91942446043166 6.433254156769595 6.479425837320575 6.4949640287769785
54168 8 6.94 7.05 7.09 122.24090267983075 122.93446808510639 124.88299711815561 7.640056417489422 7.683404255319149 7.805187319884726
54168 16 12.48 12.61 12.81 135.31428571428572 137.46042823156225 138.8923076923077 8.457142857142857 8.59127676447264 8.680769230769231
54168 32 23.68 23.77 33.53 103.39254399045632 145.8456878418174 146.4 6.46203399940352 9.115355490113588 9.15
54168 64 45.64 46.38 55.29 125.40249593054801 149.49340232858992 151.91726555652934 7.837655995659251 9.34333764553687 9.494829097283084
54168 128 91.22 91.69 92.13 150.51566265060242 151.23795397535173 152.0171892128919 9.407228915662651 9.452372123459483 9.501074325805744
54168 256 178.5 181.89 182.24 152.184021071115 152.47685964044203 155.3726386554622 9.511501316944688 9.529803727527627 9.710789915966387
54168 512 359.63 368.91 374.06 148.28645671817355 150.35654224607626 154.23638739815922 9.267903544885847 9.397283890379766 9.639774212384951
54168 1024 710.51 727.661 730.19 151.92766814116874 152.4556957154499 156.1358235633559 9.495479258823046 9.52848098221562 9.758488972709744
54168 2048 1430.282 1446.951 1457.972 152.17859327888326 153.337692845162 155.12474323245345 9.511162079930203 9.583605802822625 9.695296452028341
54168 4096 2864.752 2877.862 2888.702 153.61371854902305 154.19233305836067 154.89796533870995 9.60085740931394 9.637020816147542 9.681122833669372
54168 8192 5736.225 5778.844 5802.924 152.93815876272032 153.5754403475851 154.71647503366762 9.55863492267002 9.598465021724069 9.669779689604226
54168 16384 11531.399 11640.219 11652.498 152.32588102568224 152.48656610326663 153.92555786162634 9.52036756410514 9.530410381454164 9.620347366351647

59584 1 5.66 6.41 6.45 18.47565891472868 18.59095163806552 21.05441696113074 1.1547286821705425 1.161934477379095 1.3159010600706713
59584 2 3.0 3.01 3.02 78.91920529801324 79.1813953488372 79.44533333333332 4.932450331125827 4.948837209302325 4.965333333333333
59584 4 4.55 4.56 4.62 103.17575757575757 104.53333333333335 104.76307692307692 6.448484848484848 6.533333333333334 6.547692307692308
59584 8 7.59 7.65 7.67 124.29517601043025 124.62013071895424 125.6052700922266 7.768448500651891 7.78875816993464 7.850329380764163
59584 16 13.75 13.79 13.9 137.17179856115106 138.26598984771576 138.66821818181816 8.573237410071942 8.641624365482235 8.666763636363635
59584 32 25.83 25.9 26.02 146.5555726364335 147.2345945945946 147.63360433604336 9.159723289777094 9.202162162162162 9.22710027100271
59584 64 50.11 50.62 50.81 150.10336547923634 150.66677202686685 152.20019956096587 9.381460342452272 9.416673251679178 9.512512472560367
59584 128 99.64 99.88 100.29 152.09396749426662 152.71830196235481 153.08615014050582 9.505872968391664 9.544893872647176 9.567884383781614
59584 256 197.761 201.86 204.8 148.95999999999998 151.12953532150993 154.2620031249842 9.309999999999999 9.44559595759437 9.641375195311513
59584 512 393.77 395.85 397.69 153.42104654379037 154.13418213969936 154.94836071818574 9.588815408986898 9.63338638373121 9.684272544886609
59584 1024 780.101 790.891 791.65 154.14391713509758 154.29184552612182 156.42593971806215 9.633994820943599 9.643240345382614 9.776621232378885
59584 2048 1562.132 1582.521 1588.321 153.6566374177512 154.21979487160044 156.23267688005876 9.60353983860945 9.638737179475028 9.764542305003673
59584 4096 3144.762 3157.973 3167.232 154.11315874555447 154.56500989717136 155.21433036903903 9.632072421597154 9.66031311857321 9.70089564806494
59584 8192 6301.884 6310.795 6336.145 154.07227202028992 154.6911690207018 154.9099056726528 9.62951700126812 9.668198063793863 9.6818691045408
59584 16384 12567.779 12622.12 12660.359 154.21746824082948 154.68467357306062 155.35350454523427 9.638591765051842 9.667792098316289 9.709594034077142

65536 1 6.401 6.72 7.04 18.618181818181817 19.504761904761907 20.47680049992189 1.1636363636363636 1.2190476190476192 1.279800031245118
65536 2 3.28 3.29 3.29 79.6790273556231 79.6790273556231 79.9219512195122 4.979939209726444 4.979939209726444 4.995121951219512
65536 4 4.95 4.96 4.98 105.27871485943774 105.70322580645163 105.91676767676768 6.579919678714859 6.606451612903227 6.61979797979798
65536 8 8.34 8.36 16.57 63.28159324079663 125.42775119617227 125.7285371702638 3.9550995775497895 7.839234449760767 7.858033573141488
65536 16 15.1 15.14 15.19 138.0613561553654 138.51730515191545 138.88423841059603 8.628834759710337 8.657331571994716 8.680264900662252
65536 32 28.521 28.77 37.62 111.49133439659758 145.78741744873133 147.06020125521547 6.968208399787349 9.111713590545708 9.191262578450967
65536 64 55.11 55.57 56.27 149.07780344766306 150.95569551916503 152.2157140264925 9.317362715478941 9.434730969947815 9.51348212665578
65536 128 108.631 109.89 109.98 152.54788143298782 152.67281827281826 154.44224944997285 9.534242589561739 9.542051142051141 9.652640590623303
65536 256 217.15 217.85 219.221 153.0621245227419 154.02539361946296 154.52190651623303 9.566382782671369 9.626587101216435 9.657619157264564
65536 512 429.93 434.6 439.31 152.75970043932531 154.41524160147262 156.0925359942316 9.547481277457832 9.650952600092038 9.755783499639476
65536 1024 861.271 868.541 872.451 153.8398465931038 154.53240319109864 155.83681326783326 9.614990412068988 9.658275199443665 9.739800829239579
65536 2048 1733.551 1738.031 1741.441 154.14559321848975 154.4480253804449 154.8471640003669 9.63409957615561 9.653001586277806 9.67794775002293
65536 4096 3448.533 3459.443 3480.292 154.2603068937894 155.189986364857 155.6809553511595 9.641269180861837 9.699374147803562 9.730059709447469
65536 8192 6912.425 6930.976 6943.035 154.6502104627155 154.9192817865767 155.33504146518771 9.66563815391972 9.682455111661044 9.708440091574232
65536 16384 13844.221 13854.89 13903.34 154.4581120795435 154.99824596225594 155.11769481287536 9.653632004971469 9.687390372640996 9.69485592580471

72088 1 6.8 7.3 7.66 18.821932114882507 19.75013698630137 21.20235294117647 1.1763707571801567 1.2343835616438357 1.3251470588235295
72088 2 3.59 3.59 3.67 78.5700272479564 80.32089136490251 80.32089136490251 4.910626702997275 5.020055710306407 5.020055710306407
72088 4 5.45 5.47 5.58 103.35197132616489 105.43034734917734 105.81724770642202 6.459498207885305 6.589396709323584 6.6135779816513764
72088 8 9.11 9.17 9.31 123.8891514500537 125.78058887677209 126.60900109769486 7.743071965628356 7.861286804798255 7.913062568605929
72088 16 16.53 16.67 16.98 135.85488810365138 138.38128374325134 139.55329703569268 8.490930506478211 8.648830233953209 8.722081064730792
72088 32 31.2 31.47 32.33 142.7043612743582 146.60413091833493 147.87282051282054 8.919022579647388 9.162758182395933 9.242051282051284
72088 64 61.24 61.41 63.03 146.39479612882755 150.25670086305163 150.67380796864794 9.149674758051722 9.391043803940727 9.417112998040496
72088 128 119.46 120.78 128.21 143.93984868574992 152.7945686371916 154.48290641218819 8.99624054285937 9.549660539824474 9.655181650761762
72088 256 237.19 240.4 246.49 149.73855328816583 153.531846921797 155.60966313925547 9.358659580510365 9.595740432612313 9.725603946203467
72088 512 479.18 488.11 496.451 148.69163724113758 151.23253365020182 154.05090362702953 9.293227327571099 9.452033353137614 9.628181476689345
72088 1024 944.031 971.221 988.32 149.38099401003726 152.0109470450083 156.38916942346177 9.336312125627328 9.500684190313018 9.77432308896636
72088 2048 1902.772 1920.012 1942.281 152.023547571129 153.7867721660073 155.18015190469487 9.501471723195563 9.611673260375456 9.69875949404343
72088 4096 3810.753 3841.772 3880.862 152.1684862795946 153.7167994352606 154.96803282710792 9.510530392474662 9.607299964703788 9.685502051694245
72088 8192 7626.326 7705.116 7759.136 152.21924090517294 153.286438776522 154.8700897391483 9.513702556573309 9.580402423532625 9.67938060869677

79296 1 7.68 7.76 8.44 18.79052132701422 20.437113402061854 20.650000000000002 1.1744075829383887 1.2773195876288659 1.2906250000000001
79296 2 3.9 3.92 5.28 60.07272727272726 80.91428571428571 81.32923076923076 3.754545454545454 5.057142857142857 5.083076923076923
79296 4 5.93 5.95 8.17 77.64602203182375 106.61647058823529 106.9760539629005 4.852876376988984 6.6635294117647055 6.686003372681281
79296 8 9.97 10.01 13.81 91.87081824764662 126.74685314685316 127.25536609829486 5.741926140477914 7.921678321678322 7.953460381143429
79296 16 18.12 18.18 24.86 102.07047465808527 139.57491749174918 140.0370860927152 6.37940466613033 8.723432343234323 8.7523178807947
79296 32 34.5 34.56 34.72 146.16774193548386 146.84444444444443 147.0998260869565 9.135483870967741 9.177777777777777 9.193739130434782
79296 64 66.64 67.01 67.29 150.83798484172982 151.4682584688852 152.309243697479 9.427374052608114 9.466766154305326 9.519327731092437
79296 128 131.23 131.67 139.71 145.29937728151168 154.17161084529505 154.68853158576545 9.08121108009448 9.63572567783094 9.66803322411034
79296 256 260.7 260.931 267.69 151.66630057155663 155.59497338376812 155.7328423475259 9.47914378572229 9.724685836485508 9.733302646720368
79296 512 523.13 525.951 529.591 153.32417658155063 154.38530205285284 155.21783113184102 9.582761036346914 9.649081378303302 9.701114445740064
79296 1024 1047.101 1050.671 1051.57 154.43404433371055 154.56618484758786 155.09316484274197 9.652127770856909 9.660386552974241 9.693322802671373
79296 2048 2084.922 2087.312 2105.382 154.2695890816963 155.6051112627149 155.78348542535403 9.641849317606018 9.725319453919681 9.736467839084627
79296 4096 4176.123 4193.023 4210.613 154.2751214609369 154.92231547501646 155.54925752905268 9.642195091308556 9.682644717188529 9.721828595565793
79296 8192 8376.606 8380.496 8382.827 154.98180554125716 155.02491308390339 155.09690488009105 9.686362846328572 9.689057067743962 9.69355655500569

87224 1 8.32 8.53 9.1 19.17010989010989 20.45111371629543 20.967307692307692 1.1981318681318682 1.2781946072684645 1.3104567307692307
87224 2 4.27 4.3 4.38 79.65662100456622 81.13860465116281 81.70866510538643 4.978538812785389 5.0711627906976755 5.106791569086652
87224 4 6.5 6.51 15.72 44.38880407124682 107.18771121351767 107.35261538461539 2.774300254452926 6.699231950844855 6.709538461538462
87224 8 10.97 11.01 11.41 122.31235758106924 126.7560399636694 127.21823154056518 7.644522348816827 7.922252497729337 7.951139471285324
87224 16 19.82 20.06 20.37 137.02346588119784 139.14097706879363 140.82583249243189 8.563966617574865 8.696311066799602 8.801614530776993
87224 32 37.62 37.99 38.56 144.7701244813278 146.9422479599895 148.38745348219035 9.048132780082987 9.183890497499343 9.274215842636897
87224 64 73.17 74.39 75.58 147.71992590632442 150.08296814087916 152.58537652043188 9.232495369145276 9.380185508804948 9.536586032526992
87224 128 144.441 146.57 152.34 146.57571222265986 152.34593709490346 154.59145256540734 9.160982013916241 9.521621068431466 9.661965785337959
87224 256 286.7 290.3 294.94 151.4161795619448 153.83633482604202 155.76800837111966 9.46351122262155 9.614770926627626 9.735500523194979
87224 512 570.951 580.88 589.81 151.4341499805022 153.7621815176973 156.43614951195462 9.464634373781388 9.61013634485608 9.777259344497164
87224 1024 1159.791 1176.651 1179.091 151.502091017572 151.8162581768086 154.02322659858547 9.46888068859825 9.488516136050537 9.626451662411592
87224 2048 2313.582 2322.842 2363.402 151.16747129773097 153.80706221086064 154.42266753458492 9.447966956108186 9.61294138817879 9.651416720911557
87224 4096 4613.203 4627.123 4687.134 152.44689142661593 154.42403584257434 154.88999898768816 9.527930714163496 9.651502240160896 9.68062493673051
87224 8192 9220.037 9229.047 9323.027 153.28476641760236 154.84567539855414 154.99699361293236 9.580297901100147 9.677854712409633 9.687312100808272

95944 1 9.01 9.3 9.36 20.5008547008547 20.633118279569892 21.297225305216426 1.2813034188034187 1.2895698924731183 1.3310765815760266
95944 2 4.66 4.67 4.7 81.65446808510639 82.17901498929336 82.35536480686694 5.103404255319149 5.136188436830835 5.147210300429184
95944 4 7.11 7.12 7.15 107.34993006993007 107.80224719101123 107.95386779184247 6.709370629370629 6.737640449438202 6.747116736990154
95944 8 12.02 12.05 12.18 126.03481116584565 127.39452282157674 127.71247920133112 7.877175697865353 7.962157676348546 7.982029950083195
95944 16 21.86 21.93 21.98 139.68189262966334 140.00036479708163 140.44867337602926 8.730118289353959 8.750022799817602 8.778042086001829
95944 32 41.36 41.58 41.66 147.3935669707153 147.67715247715248 148.462669245648 9.212097935669707 9.22982202982203 9.278916827853
95944 64 80.54 81.08 88.87 138.1887251040846 151.46561420818944 152.4811522224981 8.636795319005287 9.46660088801184 9.530072013906132
95944 128 159.09 160.21 167.29 146.82087393149624 153.30918169902003 154.38848450562574 9.176304620718515 9.581823856188752 9.649280281601609
95944 256 316.78 317.27 317.88 154.5341890021392 154.83130456708798 155.07079992423766 9.6583868126337 9.676956535442999 9.691924995264854
95944 512 631.021 632.971 637.57 154.09548128048684 155.21509832204003 155.69474866922022 9.630967580030427 9.700943645127502 9.730921791826264
95944 1024 1260.09 1264.301 1291.021 152.1999347803018 155.41655982238407 155.93593473482053 9.512495923768862 9.713534988899005 9.745995920926283
95944 2048 2523.812 2524.602 2531.662 155.22870904567833 155.66280308737774 155.71152843397212 9.701794315354896 9.728925192961109 9.731970527123257
95944 4096 5050.134 5060.414 5083.463 154.61374421334435 155.3179735887222 155.63413723279422 9.663359013334022 9.707373349295137 9.727133577049639
95944 8192 10095.517 10132.408 10153.358 154.82035559073168 155.14046572147512 155.7073794239562 9.67627222442073 9.696279107592195 9.731711213997263

105536 1 9.39 10.27 10.96 19.25839416058394 20.552288218111002 22.478381256656018 1.2036496350364962 1.2845180136319376 1.4048988285410011
105536 2 5.09 5.1 5.24 80.5618320610687 82.77333333333334 82.93595284872299 5.035114503816794 5.173333333333334 5.183497053045187
105536 4 7.77 7.79 7.92 106.6020202020202 108.38100128369705 108.65997425997426 6.6626262626262625 6.773812580231065 6.791248391248391
105536 8 13.19 13.24 13.28 127.15180722891566 127.53595166163142 128.01940864291132 7.946987951807229 7.9709969788519635 8.001213040181957
105536 16 23.9 24.0 24.62 137.1710804224208 140.71466666666666 141.3034309623431 8.5731925264013 8.794666666666666 8.831464435146444
105536 32 45.4 45.74 46.86 144.13794280836535 147.6673371228684 148.77321585903084 9.008621425522835 9.229208570179274 9.298325991189428
105536 64 88.6 89.24 97.9 137.9837385086823 151.37391304347827 152.46735891647856 8.623983656792644 9.460869565217392 9.52920993227991
105536 128 174.38 175.311 183.41 147.30503244097923 154.1102155597766 154.9329969033146 9.206564527561202 9.631888472486038 9.683312306457163
105536 256 348.091 353.71 359.18 150.43830948271062 152.76478471063868 155.23076436908738 9.402394342669414 9.547799044414917 9.701922773067961
105536 512 694.861 697.88 728.391 148.36655587452344 154.85307502722532 155.52587352002774 9.272909742157715 9.678317189201582 9.720367095001734
105536 1024 1386.561 1393.691 1404.601 153.8783811203324 155.0829617182001 155.88043223486022 9.617398820020775 9.692685107387506 9.742527014678764
105536 2048 2776.142 2784.302 2788.612 155.0145577799995 155.25451477605517 155.71085917074848 9.68840986124997 9.703407173503448 9.73192869817178
105536 4096 5547.195 5562.004 5575.494 155.06265669015158 155.43874330187467 155.85370840577988 9.691416043134474 9.714921456367167 9.740856775361243
105536 8192 11114.998 11139.639 11160.118 154.93580121643876 155.22063363094622 155.56474450107865 9.683487576027423 9.701289601934139 9.722796531317416

116088 1 11.25 11.3 11.65 19.929270386266094 20.54654867256637 20.637866666666667 1.2455793991416308 1.2841592920353981 1.2898666666666667
116088 2 5.59 5.6 5.67 81.8962962962963 82.92 83.06833631484795 5.118518518518519 5.1825 5.191771019677997
116088 4 8.54 8.6 8.67 107.11695501730104 107.98883720930235 108.74754098360657 6.694809688581315 6.749302325581397 6.796721311475411
116088 8 14.46 14.47 14.72 126.18260869565216 128.3626814098134 128.45145228215767 7.88641304347826 8.022667588113338 8.028215767634855
116088 16 26.41 26.71 36.39 102.08342951360264 139.0795956570573 140.65944717909883 6.380214344600165 8.692474728566081 8.791215448693677
116088 32 49.93 50.35 59.2 125.50054054054054 147.55972194637536 148.80096134588425 7.843783783783784 9.22248262164846 9.300060084117765
116088 64 97.17 98.09 101.37 146.58443326427937 151.48602304006525 152.92028403828343 9.16152707901746 9.467876440004078 9.557517752392714
116088 128 193.311 193.61 201.88 147.2088765603329 153.49686483136202 153.73428309821995 9.200554785020806 9.593554051960126 9.608392693638747
116088 256 381.15 390.611 397.49 149.53094669048278 152.16431692911877 155.94137741046833 9.345684168155174 9.510269808069923 9.74633608815427
116088 512 760.0 762.37 788.58 150.74451799436963 155.92705903957398 156.4133052631579 9.421532374648102 9.745441189973373 9.775831578947368
116088 1024 1526.641 1561.821 1565.222 151.89425142248191 152.2250142621978 155.73289594606723 9.49339071390512 9.514063391387362 9.733305996629202
116088 2048 3105.403 3111.722 3179.202 149.5647171837461 152.80813903041465 153.1190792306184 9.347794823984131 9.550508689400916 9.56994245191365
116088 4096 6112.194 6180.264 6252.055 152.10884997012982 153.87577229710575 155.58944889511034 9.506803123133114 9.61723576856911 9.724340555944396
116088 8192 12268.64 12311.419 12356.959 153.92021548343732 154.48956712463445 155.0282502380052 9.620013467714832 9.655597945289653 9.689265639875325

127696 1 12.04 12.54 12.81 19.936924277907885 20.366188197767148 21.211960132890365 1.2460577673692428 1.2728867623604467 1.3257475083056478
127696 2 6.11 6.16 8.02 63.68877805486285 82.91948051948052 83.59803600654665 3.980548628428928 5.182467532467532 5.224877250409166
127696 4 9.44 9.51 13.08 78.10152905198777 107.42039957939012 108.21694915254238 4.8813455657492355 6.713774973711883 6.763559322033899
127696 8 15.9 15.98 21.98 92.95432211101001 127.85581977471841 128.49911949685534 5.809645131938126 7.990988735919901 8.031194968553459
127696 16 28.92 29.1 36.21 112.84926815796742 140.42171821305843 141.2957123098202 7.0530792598729635 8.776357388316152 8.830982019363763
127696 32 54.991 55.18 56.55 144.51890362511054 148.10699528814789 148.61602807732174 9.032431476569409 9.256687205509243 9.288501754832609
127696 64 107.2 107.831 111.6 146.46136200716847 151.58060298059 152.4728358208955 9.15383512544803 9.473787686286874 9.52955223880597
127696 128 212.42 214.67 224.13 145.8536385133628 152.2810639586342 153.89405893983619 9.115852407085175 9.517566497414638 9.618378683739762
127696 256 423.651 427.301 435.511 150.12330802207063 153.00772055295917 154.3259711413404 9.382706751379414 9.562982534559948 9.645373196333775
127696 512 840.01 844.151 859.17 152.19421534737015 154.90203056088308 155.66565159938574 9.512138459210634 9.681376910055192 9.729103224961609
127696 1024 1676.131 1685.222 1706.811 153.2222419471166 155.18513762578462 156.02683083840105 9.576390121694788 9.699071101611539 9.751676927400066
127696 2048 3365.413 3402.942 3420.613 152.90908851717515 153.70312394392852 155.4171259218408 9.556818032323447 9.606445246495532 9.71357037011505
127696 4096 6707.505 6746.555 6887.295 151.8862822051328 155.0547845530052 155.95748821655744 9.4928926378208 9.690924034562824 9.74734301353484
127696 8192 13519.39 13621.931 13663.86 153.11714727756285 153.58844968455648 154.75337748226806 9.569821704847678 9.59927810528478 9.672086092641754

140464 1 13.37 13.89 14.03 20.02337847469708 20.225197984161266 21.01181750186986 1.2514611546685674 1.2640748740100791 1.3132385938668663
140464 2 6.7 6.71 8.83 63.63035107587769 83.73412816691506 83.85910447761194 3.9768969422423557 5.233383010432191 5.241194029850746
140464 4 10.28 10.33 14.06 79.92261735419629 108.78141335914812 109.31050583657589 4.995163584637268 6.798838334946757 6.831906614785993
140464 8 17.44 17.52 24.14 93.09958574979288 128.27762557077628 128.86605504587155 5.818724109362055 8.017351598173518 8.054128440366972
140464 16 31.71 31.84 40.39 111.28615994057935 141.16984924623117 141.74859665720592 6.9553849962862095 8.823115577889448 8.85928729107537
140464 32 60.29 60.91 61.37 146.48355874205637 147.58982104744706 149.1075800298557 9.155222421378523 9.224363815465441 9.319223751865982
140464 64 118.61 118.98 127.86 140.61780071953697 151.11272482770212 151.58411601045444 8.78861254497106 9.444545301731383 9.474007250653402
140464 128 234.72 238.95 240.41 149.57274655796348 150.486645741787 153.1986366734833 9.348296659872718 9.405415358861687 9.574914792092706
140464 256 460.751 466.611 474.031 151.71490472142116 154.12745948981058 156.08770897947048 9.482181545088823 9.632966218113161 9.755481811216905
140464 512 921.441 935.04 950.71 151.2923352021121 153.8277891854894 156.09804208842453 9.455770950132006 9.614236824093087 9.756127630526533
140464 1024 1843.162 1861.442 1879.902 153.02407891475193 154.54162525611864 156.0743287893305 9.564004932171995 9.658851578507415 9.754645549333157
140464 2048 3717.062 3723.612 3775.513 152.38738258880318 154.51141096333345 154.7836823814077 9.524211411800199 9.65696318520834 9.67398014883798
140464 4096 7435.185 7492.386 7531.986 152.77260048013898 153.58005954311483 154.7615947686574 9.548287530008686 9.598753721444677 9.672599673041088

154504 1 14.66 14.991 16.1 19.19304347826087 20.61290107397772 21.078308321964528 1.1995652173913043 1.2883063171236075 1.317394270122783
154504 2 7.33 7.36 7.4 83.51567567567567 83.96956521739129 84.31323328785811 5.219729729729729 5.248097826086956 5.269577080491132
154504 4 11.29 11.3 11.36 108.8056338028169 109.3833628318584 109.48024800708593 6.800352112676056 6.83646017699115 6.842515500442871
154504 8 19.13 19.27 19.55 126.44828644501278 128.28562532433835 129.22446419236803 7.903017902813299 8.017851582771147 8.076529012023002
154504 16 35.02 35.08 35.29 140.09997166336075 140.9386545039909 141.18012564249 8.756248228960047 8.808665906499431 8.823757852655625
154504 32 66.35 66.651 74.92 131.9841964762413 148.35870429550945 149.03174076865108 8.249012279765081 9.272419018469341 9.314483798040692
154504 64 129.84 130.08 130.31 151.7651139590208 152.03345633456334 152.31447935921133 9.4853196224388 9.502091020910209 9.519654959950708
154504 128 254.93 256.67 260.61 151.7709374160623 154.10068960143374 155.15248891852664 9.485683588503894 9.631293100089609 9.697030557407915
154504 256 506.92 511.94 515.72 153.3895292018925 154.52210805953823 156.0523317288724 9.58684557511828 9.65763175372114 9.753270733054524
154504 512 1013.851 1020.091 1023.421 154.59141057297046 155.09606103769173 156.05063860468647 9.661963160810654 9.693503814855733 9.753164912792904
154504 1024 2029.232 2031.582 2049.211 154.41269444678952 155.7526065893476 155.93297957059616 9.650793402924345 9.734537911834225 9.74581122316226
154504 2048 4061.494 4075.013 4086.223 154.87367772145572 155.299721497821 155.81664875043515 9.679604857590983 9.706232593613812 9.738540546902197
154504 4096 8126.406 8151.356 8175.966 154.80699993126194 155.27438232362812 155.75111162302255 9.675437495703871 9.704648895226757 9.73444447643891

169952 1 16.37 16.53 16.87 20.1484291641968 20.562855414398058 20.763836285888818 1.2592768227623 1.2851784633998786 1.2977397678680511
169952 2 8.04 8.08 8.09 84.03065512978985 84.13465346534652 84.55323383084577 5.251915945611866 5.258415841584157 5.284577114427861
169952 4 12.49 12.55 16.7 81.41413173652694 108.33593625498007 108.85636509207364 5.088383233532934 6.770996015936254 6.803522818254603
169952 8 21.02 21.3 29.08 93.50866574965612 127.66347417840375 129.36403425309229 5.844291609353507 7.978967136150234 8.085252140818268
169952 16 38.33 38.69 39.28 138.45376782077392 140.56510726285862 141.88531176624053 8.65336048879837 8.785319203928664 8.867831985390033
169952 32 72.93 73.67 81.53 133.41013124003433 147.6439256142256 149.1420266008501 8.338133202502146 9.2277453508891 9.321376662553131
169952 64 142.03 146.93 147.221 147.76326746863558 148.05591778397874 153.1638104625783 9.235204216789723 9.253494861498671 9.572738153911144
169952 128 283.13 289.28 291.76 149.12157938031257 150.4 153.66690919365664 9.320098711269535 9.4 9.60418182460354
169952 256 561.37 576.76 586.221 148.4345050757308 150.86938067827174 155.0054758893421 9.277156567233176 9.429336292391984 9.687842243083882
169952 512 1113.08 1123.561 1128.911 154.1581648154726 154.89221145981392 156.35070974233656 9.634885300967037 9.68076321623837 9.771919358896035
169952 1024 2236.351 2252.762 2275.842 152.93754838868426 154.50442434664646 155.6382231590658 9.558596774292766 9.656526521665404 9.727388947441613
169952 2048 4516.543 4531.053 4579.684 152.00249449525336 153.63391070464192 154.127480243186 9.500155905953335 9.60211941904012 9.632967515199125
169952 4096 8989.057 9060.437 9099.677 152.99958273244204 153.66221121564004 154.88240690875583 9.562473920777627 9.603888200977503 9.680150431797239

186944 1 17.17 18.57 26.75 13.977121495327104 20.133979536887452 21.775655212580077 0.873570093457944 1.2583737210554657 1.3609784507862548
186944 2 8.79 8.81 8.82 84.78185941043084 84.87809307604994 85.07121729237771 5.2988662131519275 5.304880817253121 5.316951080773607
186944 4 13.57 13.61 13.75 108.76741818181819 109.88626010286553 110.21016949152542 6.797963636363637 6.867891256429096 6.888135593220339
186944 8 23.07 23.17 32.06 93.29706799750468 129.0938282261545 129.65340268747292 5.831066749844043 8.068364264134656 8.103337667967057
186944 16 42.06 42.51 42.59 140.46038976285513 140.72472359444836 142.2303376129339 8.778774360178446 8.795295224653023 8.88939610080837
186944 32 80.12 80.61 80.69 148.27631676787706 148.42347103337056 149.3312031952072 9.267269797992316 9.27646693958566 9.33320019970045
186944 64 156.32 156.64 157.28 152.14160732451677 152.76322778345252 153.07594677584444 9.508850457782298 9.547701736465783 9.567246673490278
186944 128 308.321 309.911 314.98 151.9387389675535 154.42389589269177 155.22025421557402 9.496171185472093 9.651493493293236 9.701265888473376
186944 256 615.34 617.9 619.74 154.44432826669248 154.90423693154233 155.5486852796828 9.65277051666828 9.681514808221396 9.721792829980174
186944 512 1227.171 1228.351 1235.512 154.94034537908172 155.84361147587293 155.99346464347676 9.683771586192607 9.740225717242058 9.749591540217297
186944 1024 2452.462 2462.282 2467.831 155.14081474784942 155.49044016891648 156.11304558439642 9.696300921740589 9.71815251055728 9.757065349024776
186944 2048 4898.514 4917.313 4933.044 155.2231490333352 155.7197241664299 156.31732888790356 9.70144681458345 9.732482760401869 9.769833055493972
186944 4096 9812.217 9835.207 10077.958 151.95987599868943 155.71052525889897 156.07535463188393 9.49749224991809 9.731907828681186 9.754709664492745

205632 1 19.18 19.88 20.11 20.45072103431129 20.687323943661973 21.44233576642336 1.2781700646444556 1.2929577464788733 1.34014598540146
205632 2 9.66 9.69 9.71 84.70937178166838 84.8842105263158 85.14782608695651 5.294335736354274 5.305263157894737 5.321739130434782
205632 4 14.96 15.01 15.05 109.30604651162791 109.59733510992672 109.96363636363635 6.8316279069767445 6.84983344437042 6.872727272727272
205632 8 25.41 25.49 25.56 128.72112676056338 129.0746174970577 129.4809917355372 8.045070422535211 8.067163593566105 8.092561983471075
205632 16 46.44 46.7 46.93 140.2135947155338 140.90415417558884 141.69302325581396 8.763349669720862 8.806509635974303 8.855813953488372
205632 32 88.111 88.25 89.641 146.81282002655036 149.12688951841358 149.36214547559328 9.175801251659397 9.320430594900849 9.33513409222458
205632 64 171.69 172.09 180.49 145.83021774059503 152.94843395897493 153.30477022540626 9.11438860878719 9.559277122435933 9.581548139087891
205632 128 339.121 344.4 346.1 152.09994799190986 152.8507317073171 155.23011550449544 9.506246749494366 9.553170731707318 9.701882219030965
205632 256 674.65 681.621 682.231 154.32248607876215 154.46059320355448 156.05659823612245 9.645155379922635 9.653787075222155 9.753537389757653
205632 512 1349.65 1356.031 1363.731 154.405207478601 155.28197216730297 156.01612862594004 9.650325467412562 9.705123260456435 9.751008039121253
205632 1024 2695.653 2707.562 2711.302 155.325498966917 155.54005263776048 156.22720580134018 9.707843685432312 9.72125328986003 9.764200362583761
205632 2048 5393.693 5422.764 5427.455 155.18667073241508 155.32091604945376 156.15806683843516 9.699166920775943 9.70755725309086 9.759879177402198
205632 4096 10809.098 10820.038 10832.308 155.51047329894976 155.68682328102727 155.8443955268053 9.71940458118436 9.730426455064205 9.740274720425331

226192 1 20.24 20.85 22.97 19.694558119286025 21.697074340527575 22.35098814229249 1.2309098824553766 1.3560671462829734 1.3969367588932806
226192 2 10.64 10.66 10.84 83.46568265682657 84.8750469043152 85.03458646616542 5.216605166051661 5.3046904315197 5.314661654135339
226192 4 16.48 16.53 16.77 107.90316040548599 109.46981246218995 109.80194174757281 6.7439475253428744 6.841863278886872 6.862621359223301
226192 8 27.95 28.2 28.33 127.74698199788212 128.3358865248227 129.48379248658318 7.984186374867632 8.02099290780142 8.092737030411449
226192 16 50.89 50.96 52.02 139.14156093810072 142.03579277864992 142.23116525840047 8.696347558631295 8.87723704866562 8.88944782865003
226192 32 96.99 98.03 106.12 136.41432340746326 147.67201876976438 149.25546963604498 8.525895212966454 9.229501173110274 9.328466852252811
226192 64 189.21 190.75 199.07 145.43917215049981 151.7828361730013 153.01821256804607 9.089948259406238 9.486427260812581 9.56363828550288
226192 128 378.231 381.511 389.85 148.5318763627036 151.77845986092143 153.09467494732056 9.283242272668975 9.48615374130759 9.568417184207535
226192 256 742.29 748.42 769.871 150.42819381428836 154.73972368456216 156.01759959045657 9.401762113393023 9.671232730285135 9.751099974403536
226192 512 1492.421 1500.321 1540.201 150.38336424921164 154.3807011966106 155.1979019324976 9.398960265575727 9.648793824788163 9.6998688707811
226192 1024 2985.903 3008.083 3042.552 152.25416558205086 153.99881452739172 155.14275446992085 9.515885348878179 9.624925907961982 9.696422154370053
226192 2048 5981.054 5998.695 6063.465 152.79752286852482 154.44733096115073 154.90287029677378 9.549845179282801 9.65295818507192 9.681429393548362
226192 4096 12031.099 12034.689 12101.199 153.1224190264122 153.96865378074997 154.0145970039811 9.570151189150762 9.623040861296873 9.625912312748818

248808 1 23.37 23.73 24.45 20.35239263803681 20.969911504424775 21.292939666238766 1.2720245398773007 1.3106194690265485 1.3308087291399229
248808 2 11.69 11.75 11.96 83.2133779264214 84.70059574468085 85.13532934131736 5.200836120401338 5.293787234042553 5.320958083832335
248808 4 18.02 18.18 18.29 108.82799343903773 109.4864686468647 110.45860155382907 6.801749589939858 6.842904290429043 6.903662597114317
248808 8 30.64 30.81 31.01 128.37562076749435 129.20895813047713 129.92584856396869 8.023476297968397 8.07555988315482 8.120365535248043
248808 16 56.2 56.7 57.14 139.3394469723486 140.42074074074074 141.6700355871886 8.708715435771788 8.776296296296296 8.854377224199288
248808 32 106.54 107.51 115.85 137.4511178247734 148.11377546274764 149.46228646517739 8.590694864048338 9.257110966421727 9.341392904073587
248808 64 207.68 210.82 218.991 145.42800389057084 151.06452898207002 153.34853620955315 9.089250243160677 9.441533061379376 9.584283513097072
248808 128 412.6 413.92 426.77 149.24865384164772 153.88202551217626 154.37432864760058 9.328040865102983 9.617626594511016 9.648395540475036
248808 256 819.201 822.921 855.181 148.9622617901941 154.80185339783526 155.50481017479225 9.310141361887132 9.675115837364704 9.719050635924516
248808 512 1635.951 1666.031 1676.581 151.96366414745248 152.92596116158703 155.73778921251306 9.49772900921578 9.557872572599189 9.733611825782067
248808 1024 3269.853 3301.543 3331.812 152.93743584572 154.33958727782735 155.8353797556037 9.5585897403575 9.64622420486421 9.739711234725231
248808 2048 6580.225 6595.425 6682.605 152.50303856056135 154.51886239324986 154.87579345691066 9.531439910035084 9.657428899578116 9.679737091056916
248808 4096 13156.86 13231.82 13266.63 153.6362388941276 154.04042195253564 154.9180530916951 9.602264930882974 9.627526372033477 9.682378318230944

273688 1 25.43 26.49 26.72 20.485628742514972 20.663495658739148 21.52481321274086 1.2803517964071858 1.2914684786711967 1.3453008257963037
273688 2 12.87 13.0 13.09 83.63269671504966 84.21169230769232 85.06231546231547 5.227043544690604 5.26323076923077 5.316394716394717
273688 4 19.8 19.98 20.02 109.36583416583419 109.58478478478477 110.58101010101011 6.835364635364637 6.849049049049048 6.911313131313132
273688 8 34.15 34.26 34.581 126.6304618142911 127.81692936368944 128.22863836017572 7.9144038633931935 7.98855808523059 8.014289897510983
273688 16 62.491 62.64 72.07 121.52096572776469 139.81507024265647 140.14843737498202 7.595060357985293 8.73844189016603 8.759277335936376
273688 32 119.94 121.6 128.05 136.79056618508395 144.0463157894737 146.03995330998833 8.549410386567747 9.002894736842107 9.127497081874271
273688 64 229.7 233.56 240.03 145.94868974711497 149.9917109094023 152.5122507618633 9.121793109194686 9.374481931837643 9.532015672616456
273688 128 467.44 473.671 483.391 144.9429716316605 147.91728435981938 149.88902960807803 9.058935726978781 9.244830272488711 9.368064350504877
273688 256 908.061 923.43 939.33 149.17894243769496 151.7475672222042 154.31590609000938 9.323683902355935 9.484222951387762 9.644744130625586
273688 512 1823.282 1826.192 1894.771 147.91049261361928 153.4649763004109 153.70990993165074 9.244405788351205 9.591561018775682 9.606869370728171
273688 1024 3643.473 3652.452 3709.963 151.0831843875532 153.46211914626122 153.84031225152486 9.442699024222074 9.591382446641326 9.615019515720304
273688 2048 7297.375 7313.016 7408.036 151.32567498322095 153.29189051411896 153.62045228592473 9.45785468645131 9.580743157132435 9.601278267870295

301056 1 27.77 28.44 29.23 20.599110502907973 21.171308016877635 21.682102988836874 1.2874444064317483 1.3232067510548522 1.3551314368023046
301056 2 14.05 14.18 14.31 84.15262054507338 84.92411847672778 85.70989323843416 5.259538784067086 5.3077574047954865 5.356868327402135
301056 4 21.72 21.82 22.01 109.42517037710132 110.37800183318056 110.88618784530388 6.839073148568833 6.898625114573785 6.9303867403314925
301056 8 36.99 37.17 37.61 128.07487370380218 129.5909604519774 130.22157339821572 8.004679606487636 8.099435028248587 8.138848337388483
301056 16 67.61 67.76 68.42 140.80374159602457 142.17520661157025 142.49063747966278 8.800233849751535 8.88595041322314 8.905664842478924
301056 32 129.58 131.041 138.37 139.24683096046832 147.03477537564578 148.6925760148171 8.70292693502927 9.189673460977861 9.293286000926068
301056 64 251.591 252.75 253.3 152.1325227003553 152.46357270029674 153.1659240592867 9.508282668772207 9.528973293768546 9.57287025370542
301056 128 496.6 501.63 506.31 152.21965989216093 153.63980623168473 155.19600483286348 9.513728743260058 9.602487889480296 9.699750302053967
301056 256 990.281 995.831 1001.771 153.8681714683296 154.78597472864374 155.65346805603664 9.6167607167706 9.674123420540234 9.72834175350229
301056 512 1976.902 1990.371 2011.941 153.22583713935944 154.88637244011295 155.9416420237321 9.576614821209965 9.68039827750706 9.746352626483256
301056 1024 3946.843 3975.713 3989.293 154.5543754244173 155.08229291198836 156.21667444081257 9.65964846402608 9.692643306999273 9.763542152550786
301056 2048 7920.236 7961.146 7979.476 154.53713702503777 154.89294832678613 155.69300914770722 9.65857106406486 9.680809270424133 9.730813071731701

331160 1 30.07 30.72 41.611 15.916945038571532 21.559895833333336 22.025939474559358 0.9948090649107207 1.3474934895833335 1.3766212171599599
331160 2 15.52 15.54 21.02 63.01807802093245 85.24066924066923 85.35051546391752 3.938629876308278 5.327541827541827 5.334407216494845
331160 4 24.14 24.38 33.29 79.58185641333733 108.66611977030352 109.74647887323944 4.973866025833583 6.79163248564397 6.859154929577465
331160 8 40.99 41.33 42.06 125.97622444127437 128.2013065569804 129.2646987070017 7.873514027579648 8.012581659811275 8.079043669187607
331160 16 75.36 76.19 77.18 137.30396475770925 139.08806930043312 140.619957537155 8.581497797356828 8.69300433127707 8.788747346072187
331160 32 144.14 146.84 151.15 140.21991399272244 144.3356033778262 147.03926737893715 8.763744624545152 9.020975211114138 9.189954211183572
331160 64 277.92 285.43 286.02 148.2011048178449 148.50744490768315 152.52043753598156 9.262569051115307 9.281715306730197 9.532527345998847
331160 128 561.441 568.591 579.81 146.21507045411428 149.10007369093074 150.99887610630503 9.138441903382143 9.318754605683171 9.437429756644065
331160 256 1100.541 1101.61 1150.151 147.41883457041726 153.91465219088428 154.0641557197778 9.213677160651079 9.619665761930268 9.629009732486113
331160 512 2191.481 2225.352 2256.651 150.2703962641986 152.38391050045118 154.7391193444068 9.391899766512413 9.523994406278199 9.671194959025424
331160 1024 4449.023 4493.593 4512.784 150.28764505458273 150.92948560316879 152.44148659155056 9.39297781591142 9.433092850198049 9.52759291197191
331160 2048 8915.687 8978.617 8996.806 150.7681014795695 151.07352947564198 152.1398586558725 9.423006342473094 9.442095592227624 9.508741165992031

364272 1 34.01 34.48 36.22 20.11441192711209 21.129466357308587 21.42146427521317 1.2571507454445057 1.3205916473317867 1.3388415172008232
364272 2 17.03 17.25 17.31 84.17608318890815 84.4688695652174 85.56007046388726 5.2610051993067595 5.279304347826088 5.347504403992954
364272 4 26.25 26.5 26.64 109.390990990991 109.96890566037736 111.01622857142857 6.8369369369369375 6.873056603773585 6.938514285714286
364272 8 45.1 45.39 46.38 125.66520051746443 128.406080634501 129.2317516629712 7.854075032341527 8.025380039656312 8.0769844789357
364272 16 81.75 83.28 85.31 136.63936232563591 139.9700288184438 142.5896513761468 8.539960145352245 8.748126801152738 8.911853211009175
364272 32 157.19 159.55 161.181 144.64116738325237 146.1197618301473 148.3135568420383 9.040072961453273 9.132485114384206 9.269597302627394
364272 64 307.73 311.97 321.1 145.2096418561196 149.45929416290028 151.51859097260584 9.075602616007474 9.341205885181267 9.469911935787865
364272 128 600.181 611.57 618.96 150.66180690189998 152.48235197933187 155.37584828576712 9.416362931368749 9.530146998708242 9.710990517860445
364272 256 1213.531 1235.371 1249.99 149.20700485603885 150.97267460544242 153.6897401055268 9.325437803502428 9.435792162840151 9.605608756595425
364272 512 2399.211 2442.072 2462.452 151.4809336385034 152.7450984246165 155.47383202227735 9.467558352406462 9.54656865153853 9.717114501392334
364272 1024 4801.384 4856.244 4939.384 151.03686127662883 153.622646638019 155.37791936658266 9.439803829789302 9.601415414876188 9.711119960411416
364272 2048 9590.367 9698.077 9846.797 151.5272541924039 153.85092446677834 155.5788336358765 9.470453387025243 9.615682779173646 9.72367710224228

400696 1 37.97 38.45 38.9 20.60133676092545 20.842444733420024 21.105925730840138 1.2875835475578405 1.3026527958387515 1.3191203581775086
400696 2 18.91 18.96 19.23 83.34810192407696 84.5350210970464 84.75854045478582 5.20925637025481 5.2834388185654 5.2974087784241135
400696 4 28.95 29.07 29.51 108.62649949169771 110.2706570347437 110.72773747841104 6.789156218231107 6.891916064671482 6.92048359240069
400696 8 49.241 49.73 50.83 126.1289789494393 128.91888196259802 130.19914299059727 7.883061184339956 8.057430122662376 8.13744643691233
400696 16 90.89 91.19 93.63 136.94619245968173 140.61050553788792 141.07461766971062 8.559137028730108 8.788156596117995 8.817163604356914
400696 32 173.4 174.77 177.68 144.32994146780726 146.73310064656403 147.89241061130332 9.020621341737954 9.170818790410252 9.243275663206457
400696 64 334.35 341.281 349.86 146.5988909849654 150.28404159622127 153.3993958426798 9.162430686560338 9.39275259976383 9.587462240167488
400696 128 668.531 678.13 693.161 147.9860753850837 151.26624098624157 153.4381741460007 9.249129711567731 9.454140061640098 9.589885884125044
400696 256 1335.701 1367.461 1387.791 147.82942964754778 150.02720516343794 153.59451853371374 9.239339352971736 9.376700322714871 9.599657408357109
400696 512 2642.262 2687.462 2718.992 150.90618287953768 152.67665328849301 155.2884248420482 9.431636429971105 9.542290830530813 9.705526552628012
400696 1024 5266.844 5386.184 5421.924 151.3531742606499 152.35747757596098 155.80970463526165 9.459573391290618 9.522342348497562 9.738106539703853
400696 2048 10566.838 10647.588 10849.138 151.2793750065673 154.14296796607832 155.32090262006477 9.454960937910457 9.633935497879895 9.707556413754048

440760 1 41.2 41.881 42.85 20.572228704784127 21.048208017955634 21.396116504854366 1.285764294049008 1.3155130011222271 1.3372572815533978
440760 2 20.81 20.93 21.17 83.28011336797354 84.23506927854754 84.72080730418068 5.205007085498346 5.264691829909221 5.295050456511293
440760 4 31.87 32.25 32.68 107.89718482252142 109.33581395348838 110.63947285848761 6.743574051407589 6.833488372093024 6.9149670536554755
440760 8 54.29 55.36 56.36 125.12704045422285 127.38728323699422 129.89795542457176 7.820440028388928 7.961705202312139 8.118622214035735
440760 16 98.91 100.36 101.42 139.06842831788603 140.53726584296533 142.59751289050652 8.691776769867877 8.783579115185333 8.912344555656658
440760 32 190.88 194.1 199.27 141.55989361168264 145.33044822256568 147.78206202849958 8.847493350730165 9.083153013910355 9.236378876781224
440760 64 371.61 376.01 386.22 146.07550100978716 150.0419669689636 151.81851941551625 9.129718813111698 9.377622935560225 9.488657463469766
440760 128 732.14 737.701 752.161 150.01384012199517 152.9543270240924 154.11609801404106 9.375865007624698 9.559645439005775 9.632256125877566
440760 256 1456.851 1478.971 1501.281 150.31770867679003 152.5852231044422 154.90199066342404 9.394856792299377 9.536576444027638 9.681374416464003
440760 512 2913.022 2970.202 2986.042 151.14932743745734 151.95540235983947 154.9381501409876 9.446832964841084 9.497212647489967 9.683634383811725
440760 1024 5826.054 5907.434 5964.965 151.32971945350894 152.803481173044 154.93788420086736 9.458107465844309 9.55021757331525 9.68361776255421
440760 2048 11657.349 11851.979 11969.339 150.83146696739058 152.3250218381251 154.8682260435027 9.426966685461911 9.52031386488282 9.679264127718918

484832 1 44.0 46.75 47.34 20.48297422898183 20.741475935828877 22.03781818181818 1.2801858893113645 1.2963422459893048 1.3773636363636363
484832 2 22.91 23.18 23.42 82.80649017933389 83.66384814495255 84.64984722828459 5.175405636208368 5.2289905090595346 5.290615451767787
484832 4 35.35 35.69 35.96 107.86028921023359 108.67626786214626 109.72152758132957 6.741268075639599 6.792266741384141 6.857595473833098
484832 8 60.52 60.92 61.48 126.1761873780091 127.33604727511491 128.17766027759419 7.886011711125569 7.958502954694682 8.011103767349637
484832 16 109.97 111.63 112.92 137.3948281969536 138.98256741019438 141.0805128671456 8.5871767623096 8.686410463137149 8.8175320541966
484832 32 209.52 213.72 219.42 141.41485735119863 145.18644956017218 148.09683085147 8.838428584449915 9.074153097510761 9.256051928216875
484832 64 405.69 415.84 428.631 144.78303249181698 149.23647556752599 152.9702383593384 9.048939530738561 9.327279722970374 9.56063989745865
484832 128 811.531 818.101 822.901 150.82858326821818 151.71353170329823 152.94177548362293 9.426786454263636 9.48209573145614 9.558860967726433
484832 256 1601.001 1629.161 1647.201 150.70048160485575 152.3692158110831 155.0492373209011 9.418780100303485 9.523075988192694 9.69057733255632
484832 512 3248.243 3257.963 3279.463 151.3869703667948 152.38600561148178 152.84200350774248 9.461685647924675 9.524125350717611 9.552625219233905
484832 1024 6417.204 6501.244 6548.304 151.63253508083923 152.73014456925475 154.73030559726635 9.477033442552452 9.545634035578422 9.670644099829147
484832 2048 12985.85 13015.45 13049.9 152.17525590234408 152.57804163513362 152.92582865195578 9.510953493896505 9.536127602195851 9.557864290747236

533312 1 48.8 50.47 51.201 20.83209312318119 21.133822072518328 21.857049180327866 1.3020058201988243 1.3208638795323955 1.3660655737704916
533312 2 25.12 25.56 25.69 83.03806928766056 83.460406885759 84.92229299363056 5.189879330478785 5.2162754303599375 5.30764331210191
533312 4 39.17 39.41 39.6 107.73979797979797 108.25922354732302 108.9225427623181 6.733737373737373 6.766201471707689 6.807658922644881
533312 8 66.94 67.38 67.81 125.83677923610085 126.63983377856931 127.4722438004183 7.864798702256303 7.914989611160582 7.967015237526144
533312 16 123.03 123.56 130.9 130.37420932009167 138.11900291356426 138.71400471429732 8.148388082505729 8.632437682097766 8.669625294643582
533312 32 235.54 239.33 243.54 140.14933070542827 142.6146659424226 144.9094336418443 8.759333169089267 8.913416621401412 9.056839602615268
533312 64 457.991 458.391 462.12 147.71906864018004 148.9207597880412 149.0508241428325 9.232441790011253 9.307547486752576 9.315676508927032
533312 128 909.311 913.23 919.861 148.4222855409676 149.4999857648128 150.1443092627275 9.276392846310475 9.3437491103008 9.384019328920468
533312 256 1798.202 1811.291 1814.981 150.44551099983966 150.75200174902872 151.8493161502434 9.402844437489978 9.422000109314295 9.490582259390212
533312 512 3605.413 3619.272 3627.133 150.56285170684396 150.88987177531837 151.4698837553423 9.410178231677747 9.430616985957398 9.466867734708893
533312 1024 7186.616 7208.455 7238.635 150.88797487371582 151.51970512405225 151.98014976728965 9.430498429607239 9.469981570253266 9.498759360455603

586640 1 53.53 54.34 56.75 20.67453744493392 21.59146117040854 21.91817672333271 1.29215859030837 1.3494663231505337 1.3698860452082944
586640 2 27.78 28.31 28.57 82.13370668533427 82.8880254327093 84.46940244780417 5.133356667833392 5.180501589544331 5.279337652987761
586640 4 43.22 43.91 44.16 106.27536231884059 106.8804372580278 108.5867653863952 6.642210144927537 6.680027328626737 6.7866728366497
586640 8 74.44 75.59 75.7 123.99260237780715 124.17303876174098 126.09134873723805 7.749537648612947 7.7608149226088115 7.880709296077378
586640 16 136.4 138.46 145.24 129.25144588267693 135.58052867254082 137.62815249266862 8.078215367667308 8.473783042033801 8.601759530791789
586640 32 259.531 263.89 268.261 139.95683308419785 142.27503884194175 144.6646450713017 8.747302067762366 8.89218992762136 9.041540316956356
586640 64 510.761 514.42 518.91 144.70702048524797 145.9700633723417 147.015766669734 9.044188780327998 9.123128960771357 9.188485416858375
586640 128 1009.571 1019.411 1023.74 146.69724734795946 147.32020745312735 148.756095410823 9.168577959247466 9.20751296582046 9.297255963176438
586640 256 2003.101 2027.421 2033.332 147.71797227408018 148.1486479621154 149.94734663903617 9.232373267130011 9.259290497632213 9.37170916493976
586640 512 3990.503 4040.223 4044.403 148.5310341229596 148.68470378986507 150.53725307310881 9.283189632684975 9.292793986866567 9.408578317069301
586640 1024 7971.556 8077.006 8084.476 148.6105865117294 148.7480286630962 150.7157097058592 9.288161656983087 9.296751791443512 9.4197318566162

645304 1 59.49 60.35 62.7 20.583859649122804 21.385385252692625 21.69453689695747 1.2864912280701752 1.336586578293289 1.3559085560598418
645304 2 30.58 30.76 32.24 80.06253101736972 83.91469440832249 84.4086330935252 5.003908188585608 5.244668400520156 5.275539568345325
645304 4 47.4 48.0 48.61 106.20102859493932 107.55066666666666 108.91206751054852 6.637564287183707 6.721916666666666 6.807004219409283
645304 8 81.3 83.03 89.24 115.69771402958315 124.3510056606046 126.99709717097171 7.231107126848947 7.7719378537877875 7.937318573185732
645304 16 149.33 152.27 153.65 134.3945850959974 135.61258291193275 138.28251523471505 8.399661568499837 8.475786431995797 8.64265720216969
645304 32 287.53 289.77 293.85 140.54604730304575 142.52495427407945 143.6352937084826 8.78412795644036 8.907809642129966 8.977205856780163
645304 64 555.541 567.25 570.531 144.77550211995492 145.61289026002643 148.68193706675112 9.048468882497183 9.100805641251652 9.292621066671945
645304 128 1104.021 1123.091 1127.46 146.52211519699145 147.09210918794648 149.6328638676257 9.157632199811966 9.193256824246655 9.352053991726606
645304 256 2190.142 2233.862 2235.361 147.8041569124629 147.90333870221167 150.8558111757137 9.237759807028931 9.24395866888823 9.428488198482107
645304 512 4365.643 4452.403 4455.524 148.3083237796497 148.41228343436114 151.3617343424554 9.269270236228106 9.275767714647571 9.460108396403463
645304 1024 8724.407 8898.997 8907.127 148.37361048068584 148.50916254944238 151.4810796882814 9.273350655042865 9.281822659340149 9.467567480517587

709832 1 64.21 66.27 68.42 20.749254603916985 21.4224234193451 22.1097025385454 1.2968284127448115 1.3389014637090688 1.3818564086590874
709832 2 33.72 33.82 44.2 64.23819004524886 83.95410999408634 84.20308422301305 4.0148868778280535 5.247131874630396 5.262692763938316
709832 4 52.11 52.24 52.69 107.77483393433289 108.7032159264931 108.97440030704279 6.735927120895806 6.793950995405819 6.810900019190174
709832 8 89.481 89.971 90.45 125.56453289110004 126.23303064320724 126.92428560253015 7.847783305693753 7.889564415200453 7.932767850158134
709832 16 163.96 165.96 171.151 132.71686405571688 136.86806459387802 138.5375945352525 8.294804003482305 8.554254037117376 8.658599658453282
709832 32 316.12 318.46 320.26 141.85114594392056 142.65291716385104 143.70887004934832 8.865696621495035 8.91580732274069 8.98180437808427
709832 64 611.38 616.83 619.89 146.57196599396667 147.29908726877744 148.61214956328305 9.160747874622917 9.20619295429859 9.288259347705191
709832 128 1213.321 1222.501 1226.061 148.21203186464624 148.6436346473336 149.76827401817 9.26325199154039 9.29022716545835 9.360517126135624
709832 256 2408.382 2430.292 2433.372 149.35405848345422 149.54334047102157 150.90379516206315 9.334628655215889 9.346458779438848 9.431487197628947
709832 512 4805.384 4844.324 4865.083 149.40504982134942 150.04528351117722 151.26116206321907 9.337815613834339 9.377830219448576 9.453822628951192
709832 1024 9595.297 9672.847 9683.148 150.13050879734567 150.29038875524444 151.5050483585865 9.383156799834104 9.393149297202777 9.469065522411656

780808 1 70.61 72.941 73.861 21.142632783200877 21.409303409605023 22.116074210451778 1.3214145489500548 1.338081463100314 1.3822546381532361
780808 2 36.71 36.97 37.3 83.73276139410189 84.48017311333514 85.07850721874149 5.233297587131368 5.280010819583446 5.317406701171343
780808 4 56.65 57.65 57.8 108.07031141868514 108.35150043365135 110.26414827890557 6.754394463667821 6.7719687771032095 6.891509267431598
780808 8 98.08 98.28 98.821 126.41976907742283 127.11566951566952 127.37487765089723 7.901235567338927 7.944729344729345 7.960929853181077
780808 16 180.85 181.32 187.71 133.1088167918598 137.7997793955438 138.15789881116947 8.319301049491237 8.612486212221487 8.634868675698092
780808 32 341.7 343.291 350.47 142.58484891716836 145.56662423425024 146.24440152180276 8.911553057323022 9.09791401464064 9.140275095112672
780808 64 668.93 673.12 679.32 147.12274627568743 148.47787021630614 149.40789619242673 9.195171642230465 9.279866888519134 9.33799351202667
780808 128 1313.791 1329.041 1345.711 148.5362369780733 150.39930897541913 152.14508852625724 9.283514811129582 9.399956810963696 9.509068032891077
780808 256 2627.852 2652.662 2667.782 149.85246020851778 150.7066094361061 152.129456301192 9.365778763032361 9.419163089756632 9.5080910188245
780808 512 5248.054 5277.394 5332.154 149.94829331635958 151.50420681116475 152.3512128495629 9.371768332272474 9.469012925697797 9.521950803097681
780808 1024 10441.697 10574.848 10645.888 150.20774067884238 151.216810303089 153.14510505332612 9.387983792427649 9.451050643943063 9.571569065832882

858888 1 77.8 80.54 82.52 20.816480853126514 21.328234417680655 22.079383033419028 1.301030053320407 1.333014651105041 1.3799614395886892
858888 2 40.32 40.39 40.89 84.0193690388848 85.05947016588266 85.20714285714286 5.2512105649303 5.316216885367666 5.3254464285714285
858888 4 62.31 63.07 64.0 107.361 108.94409386396067 110.27289359653346 6.7100625 6.809005866497542 6.8920558497833415
858888 8 107.96 108.27 108.68 126.44652189915347 126.92535328345804 127.28981104112636 7.902907618697092 7.932834580216127 7.955613190070397
858888 16 197.28 199.06 199.64 137.66988579443 138.07101376469407 139.31678832116788 8.604367862151875 8.62943836029338 8.707299270072992
858888 32 381.231 382.88 384.82 142.84297073956654 143.5667363142499 144.1877286999221 8.927685671222909 8.97292101964062 9.011733043745132
858888 64 738.351 741.82 747.861 147.00280399699946 148.1999191178453 148.8962079011202 9.187675249812466 9.262494944865331 9.306012993820012
858888 128 1459.561 1471.701 1480.201 148.5442368975565 149.40217340342912 150.64483635832968 9.28401480609728 9.33763583771432 9.415302272395605
858888 256 2893.732 2921.482 2943.202 149.41232575949596 150.52314407550688 151.9666147383379 9.338270359968497 9.40769650471918 9.49791342114612
858888 512 5785.735 5827.424 5853.085 150.26286343013984 150.9245443612821 152.01202820384967 9.39142896438374 9.432784022580131 9.500751762740604
858888 1024 11542.438 11633.309 11704.828 150.28009159980823 151.20398022609047 152.39437491455445 9.392505724988014 9.450248764130654 9.524648432159653

944776 1 85.58 87.261 100.781 18.749089610144768 21.654026426467727 22.079364337462025 1.171818100634048 1.353376651654233 1.3799602710913765
944776 2 44.35 44.52 44.71 84.52480429434131 84.88553459119497 85.21091319052988 5.282800268396332 5.3053459119496855 5.3256820744081175
944776 4 69.02 69.13 69.51 108.73554884189325 109.33325618400117 109.50750507099391 6.795971802618328 6.833328511500073 6.84421906693712
944776 8 117.51 118.88 119.34 126.66680073738897 127.15693135935398 128.63940090205088 7.9166750460868105 7.9473082099596235 8.03996255637818
944776 16 217.16 218.71 220.11 137.3532869928672 138.23250880160944 139.21915638239088 8.5845804370542 8.63953180010059 8.70119727389943
944776 32 416.43 420.05 422.781 143.0188773856914 143.94872991310558 145.20006723819128 8.938679836605713 8.996795619569099 9.075004202386955
944776 64 808.041 817.201 823.32 146.8825341301074 147.9823544024053 149.6598910203814 9.180158383131712 9.24889715015033 9.353743188773837
944776 128 1605.821 1618.721 1633.721 148.04403934331503 149.4159005782961 150.6161994394145 9.25275245895719 9.338493786143506 9.413512464963405
944776 256 3191.462 3219.213 3234.702 149.5424654264906 150.2619776945483 151.56856387448764 9.346404089155662 9.39137360590927 9.473035242155477
944776 512 6355.005 6413.645 6431.695 150.41923225526088 150.8425589504876 152.2344394693631 9.401202015953805 9.427659934405474 9.514652466835194
944776 1024 12696.05 12800.87 12849.219 150.58512490136562 151.1538862592933 152.4018295454098 9.411570306335351 9.447117891205831 9.525114346588113

1039248 1 91.38 97.24 100.4 20.70215139442231 21.37490744549568 22.74563361785949 1.2938844621513943 1.33593171534348 1.421602101116218
1039248 2 48.97 49.47 56.53 73.53603396426676 84.03056397816859 84.88854400653462 4.596002122766673 5.251910248635537 5.3055340004084135
1039248 4 75.98 76.06 76.7 108.39614080834419 109.30823034446489 109.42332192682285 6.774758800521512 6.8317643965290555 6.838957620426428
1039248 8 130.65 131.16 131.76 126.19890710382514 126.77621225983533 127.27109070034443 7.887431693989071 7.923513266239708 7.954443168771527
1039248 16 240.48 241.381 250.33 132.84838413294452 137.7736275846069 138.28982035928144 8.303024008309032 8.610851724037932 8.64311377245509
1039248 32 458.16 459.451 466.041 142.71678242901376 144.7637985334671 145.17171293871135 8.91979890181336 9.047737408341694 9.07323205866946
1039248 64 900.421 904.1 922.261 144.23654908968285 147.13388341997566 147.7350528252895 9.014784318105178 9.195867713748479 9.233440801580594
1039248 128 1778.171 1786.152 1787.252 148.8584083274211 148.9500826357443 149.61861823187982 9.303650520463819 9.30938016473402 9.351163639492489
1039248 256 3524.323 3544.412 3550.873 149.84905852729736 150.1222137832735 150.97792568955796 9.365566157956085 9.382638361454594 9.436120355597373
1039248 512 7039.666 7061.586 7086.235 150.1770618671269 150.70126625944937 151.17051746489108 9.386066366695431 9.418829141215586 9.448157341555692
1039248 1024 14069.611 14109.88 14151.821 150.39618604559794 150.8432321182037 151.27496446063788 9.399761627849871 9.427702007387731 9.454685278789867

1143168 1 100.38 106.121 110.18 20.750916681793427 21.54461416684728 22.776808129109384 1.2969322926120892 1.346538385427955 1.4235505080693365
1143168 2 53.74 53.99 54.3 84.21127071823204 84.69479533246897 85.08879791589132 5.263204419889503 5.293424708279311 5.3180498697432075
1143168 4 83.67 84.11 90.581 100.96316004460095 108.73075734157649 109.30254571531015 6.31019750278756 6.795672333848531 6.831409107206884
1143168 8 143.61 144.96 150.84 121.25887032617341 126.17748344370861 127.36360977647794 7.578679395385838 7.886092715231788 7.9602256110298715
1143168 16 261.73 265.941 272.15 134.4162263457652 137.5544801290512 139.76760784014058 8.401014146610326 8.5971550080657 8.735475490008787
1143168 32 501.02 504.03 510.22 143.39452001097564 145.1555502648652 146.02760768033212 8.962157500685977 9.072221891554076 9.126725480020758
1143168 64 985.701 991.621 993.631 147.26342475224706 147.56192537269783 148.44816430134492 9.203964047015441 9.222620335793614 9.278010268834057
1143168 128 1944.632 1959.952 1981.231 147.71170449079386 149.31539547907295 150.4917166846992 9.231981530674616 9.33221221744206 9.4057322927937
1143168 256 3869.692 3891.042 3909.713 149.704598777455 150.42294994502757 151.25286870376246 9.356537423590938 9.401434371564223 9.453304293985154
1143168 512 7704.706 7765.466 7787.115 150.3257666029075 150.7448531742976 151.93364055682332 9.395360412681718 9.4215533233936 9.495852534801458

1257480 1 110.371 118.3 127.66 19.700454331818893 21.259171597633138 22.786420345924203 1.2312783957386808 1.3286982248520711 1.4241512716202627
1257480 2 59.01 59.7 74.8 67.24491978609626 84.2532663316583 85.23843416370107 4.202807486631016 5.2658291457286435 5.327402135231317
1257480 4 91.6 92.75 98.08 102.56769983686787 108.46188679245283 109.82358078602621 6.410481239804242 6.778867924528302 6.863973799126638
1257480 8 157.21 157.331 159.62 126.04736248590403 127.88121857739416 127.97964506074676 7.877960155369002 7.992576161087135 7.998727816296673
1257480 16 289.98 291.58 292.441 137.59821639236634 138.0045270594691 138.76598386095594 8.599888524522896 8.625282941216819 8.672873991309746
1257480 32 554.941 558.67 562.18 143.1547191291046 144.0541285553189 145.02211946855613 8.947169945569037 9.003383034707431 9.063882466784758
1257480 64 1083.341 1088.841 1094.211 147.0990878358927 147.82455840659932 148.57504700735967 9.193692989743294 9.239034900412458 9.28594043795998
1257480 128 2142.941 2154.782 2158.932 149.10839248294994 149.39556762586656 150.22106534897603 9.319274530184371 9.33722297661666 9.388816584311002
1257480 256 4258.273 4286.213 4295.733 149.87657752472046 150.2094646252998 151.19504080644901 9.367286095295029 9.388091539081238 9.449690050403063
1257480 512 8480.967 8536.556 8568.336 150.2811654444924 150.84063409178128 151.82932795281482 9.392572840280774 9.42753963073633 9.489332997050926

1383224 1 121.63 128.69 132.661 20.85351384355613 21.49699277333126 22.744783359368576 1.303344615222258 1.3435620483332038 1.421548959960536
1383224 2 64.65 66.32 73.31 75.47259582594461 83.42726176115804 85.58230471771074 4.717037239121538 5.214203860072377 5.348894044856921
1383224 4 101.07 101.6 103.14 107.28904401783981 108.91527559055119 109.48641535569408 6.705565251114988 6.807204724409449 6.84290095973088
1383224 8 172.26 173.551 175.77 125.9121806906753 127.52207708396956 128.47778938813423 7.869511293167206 7.970129817748098 8.02986183675839
1383224 16 317.98 322.06 325.46 136.00186812511524 137.4376451592871 139.20110698786084 8.500116757819702 8.589852822455443 8.700069186741302
1383224 32 604.341 612.07 616.281 143.6460575614046 144.6343326743673 146.48408100724592 8.977878597587788 9.039645792147956 9.15525506295287
1383224 64 1186.651 1194.261 1202.321 147.25906974926 148.25291288922605 149.20365971123775 9.20369185932875 9.265807055576628 9.32522873195236
1383224 128 2346.632 2349.921 2374.711 149.11513190447175 150.68819079449906 150.89939283193956 9.319695744029485 9.418011924656192 9.431212051996223
1383224 256 4664.954 4685.324 4716.684 150.15012411261807 151.1551149931147 151.8151493026512 9.38438275703863 9.447194687069668 9.4884468314157
1383224 512 9300.937 9327.357 9396.577 150.73801619462066 151.85667022287237 152.28803033500816 9.421126012163791 9.491041888929523 9.51800189593801

1521544 1 134.38 140.95 144.93 20.996950251845718 21.589840368925156 22.6453936597708 1.3123093907403574 1.3493650230578222 1.415337103735675
1521544 2 71.0 71.64 87.51 69.54834876014169 84.95499720826355 85.72078873239437 4.346771797508856 5.309687325516472 5.357549295774648
1521544 4 110.64 111.76 120.42 101.08247799368876 108.91510379384395 110.01764280549531 6.317654874605547 6.807193987115247 6.876102675343457
1521544 8 190.89 192.04 197.43 123.30802816188016 126.76892314101231 127.53263135837395 7.70675176011751 7.923057696313269 7.970789459898372
1521544 16 351.661 353.65 356.651 136.51835547916593 137.67682171638626 138.4555239278737 8.53239721744787 8.604801357274141 8.653470245492107
1521544 32 666.43 677.35 679.881 143.22920628757092 143.76439949804384 146.12009663430518 8.951825392973182 8.98527496862774 9.132506039644074
1521544 64 1309.771 1319.001 1319.711 147.5759707996675 147.6554089041631 148.69594150427824 9.223498174979218 9.228463056510193 9.29349634401739
1521544 128 2582.152 2601.972 2612.992 149.06867835798963 149.70002136840827 150.84908401984083 9.316792397374352 9.356251335525517 9.428067751240052
1521544 256 5135.434 5174.464 5197.764 149.87801062149032 150.55289359438967 151.69711615415562 9.367375663843145 9.409555849649355 9.481069759634726
1521544 512 10260.168 10345.248 10359.597 150.39784424046613 150.60644810061586 151.85531620924726 9.399865265029133 9.412903006288492 9.490957263077954

1673696 1 149.91 158.88 166.841 20.063365719457444 21.068680765357502 22.329344273230603 1.2539603574660902 1.316792547834844 1.3955840170769127
1673696 2 78.37 78.43 80.57 83.09276405610028 85.35998979982149 85.4253413295904 5.193297753506267 5.334999362488843 5.3390838330994
1673696 4 122.53 123.28 131.21 102.046856184742 108.61103179753407 109.27583448951276 6.377928511546375 6.788189487345879 6.8297396555945475
1673696 8 208.891 212.33 213.89 125.20050493244192 126.12035981726555 128.1966958844565 7.82503155827762 7.882522488579097 8.01229349277853
1673696 16 385.16 388.79 391.951 136.6453255636546 137.75630031636615 139.05460587807664 8.540332847728413 8.609768769772884 8.69091286737979
1673696 32 739.23 740.211 744.721 143.83446149631874 144.71082434603105 144.90286379070113 8.989653843519921 9.04442652162694 9.05642898691882
1673696 64 1434.271 1445.911 1455.501 147.188554319097 148.1647819264118 149.36723115784952 9.199284644943562 9.260298870400737 9.335451947365595
1673696 128 2843.072 2850.553 2874.373 149.0642223538838 150.30984373909203 150.7053553339486 9.316513897117737 9.394365233693252 9.419084708371788
1673696 256 5671.055 5700.284 5716.294 149.91047556336324 150.33151892081165 151.10633770965012 9.369404722710202 9.395719932550728 9.444146106853132
1673696 512 11268.368 11348.799 11370.169 150.73344151700823 151.0172753962776 152.0952017186517 9.420840094813014 9.43857971226735 9.505950107415732

1841064 1 165.81 174.21 175.46 20.985569360538012 21.13614603065266 22.20691152523973 1.3115980850336257 1.3210091269157913 1.387931970327483
1841064 2 85.56 86.34 88.641 83.07956814566622 85.29367616400278 86.07124824684432 5.1924730091041384 5.3308547602501735 5.37945301542777
1841064 4 133.38 133.49 137.28 107.28811188811187 110.33419731815117 110.42519118308591 6.705506993006992 6.895887332384448 6.90157444894287
1841064 8 229.35 230.99 239.53 122.97843276416314 127.52510498289968 128.43699149771092 7.686152047760197 7.97031906143123 8.027311968606933
1841064 16 425.99 426.801 428.4 137.5211204481793 138.03634012104 138.29913378248315 8.595070028011206 8.627271257565 8.643695861405197
1841064 32 810.11 811.37 821.371 143.4529536591869 145.22116420375414 145.44703311895913 8.965809603699181 9.076322762734634 9.090439569934945
1841064 64 1575.641 1580.482 1603.541 146.95987941686553 149.10400244988554 149.5621096429961 9.184992463554096 9.319000153117846 9.347631852687256
1841064 128 3121.123 3124.843 3161.952 149.05741263624492 150.8275404556325 151.00730858732578 9.316088289765307 9.42672127847703 9.437956786707861
1841064 256 6191.304 6201.845 6282.525 150.03915909606408 151.99102331644858 152.24979551965143 9.377447443504005 9.499438957278036 9.515612219978214
1841064 512 12353.969 12362.3 12522.929 150.54381734496778 152.49990179820907 152.60274135381107 9.408988584060486 9.531243862388067 9.537671334613192

2025168 1 178.86 192.23 194.74 20.79868542672281 21.07025958487229 22.645286816504527 1.2999178391701756 1.316891224054518 1.415330426031533
2025168 2 94.53 95.62 102.87 78.74668999708369 84.71733946873039 85.69419231989843 4.921668124817731 5.294833716795649 5.355887019993652
2025168 4 147.24 149.2 155.94 103.89472874182377 108.5880965147453 110.03357783211084 6.493420546363986 6.786756032171581 6.877098614506927
2025168 8 252.841 259.88 263.01 123.19945249230068 124.68326920116978 128.15440533774188 7.6999657807687925 7.792704325073111 8.009650333608867
2025168 16 462.471 464.13 471.341 137.49148917662583 139.62763880809257 140.12851832871684 8.593218073539115 8.726727425505786 8.758032395544802
2025168 32 889.561 890.08 903.56 143.44454380450662 145.61696926119 145.70192713034854 8.965283987781664 9.101060578824375 9.106370445646784
2025168 64 1736.871 1742.142 1768.431 146.58276404338082 148.79470445003906 149.24626181218983 9.161422752711301 9.299669028127441 9.327891363261864
2025168 128 3434.812 3452.772 3492.662 148.4377841314161 150.15269122896038 150.937812025811 9.277361508213506 9.384543201810024 9.433613251613188
2025168 256 6828.306 6832.276 6937.186 149.46781245306093 151.76289950815803 151.85113496671065 9.341738278316308 9.485181219259877 9.490695935419415
2025168 512 13606.61 13631.761 13843.51 149.80102820744162 152.1279629242326 152.409162311553 9.362564262965101 9.507997682764538 9.525572644472062

2227680 1 202.97 211.84 215.16 20.707194645844954 21.031722054380666 21.950830171946595 1.2941996653653096 1.3144826283987916 1.3719268857466622
2227680 2 104.73 105.1 113.541 78.48019658097076 84.78325404376785 85.08278430249212 4.905012286310672 5.298953377735491 5.317674018905757
2227680 4 161.93 162.91 173.22 102.88326983027365 109.39438954023694 110.05644414253072 6.430204364392103 6.837149346264809 6.87852775890817
2227680 8 275.97 281.56 284.541 125.2644785812941 126.59070890751529 129.15490814218938 7.829029911330881 7.911919306719706 8.072181758886837
2227680 16 513.301 514.241 519.88 137.1196429945372 138.62325252167759 138.8771110907635 8.569977687158575 8.663953282604849 8.679819443172718
2227680 32 979.151 986.85 996.011 143.1425154943068 144.47131782945738 145.6072863123257 8.946407218394175 9.029457364341086 9.100455394520356
2227680 64 1910.852 1922.442 1943.021 146.7524231596056 148.32335123764463 149.22298534894384 9.17202644747535 9.27020945235279 9.32643658430899
2227680 128 3778.972 3799.333 3831.813 148.8293087371435 150.10163099680918 150.91037456747497 9.301831796071468 9.381351937300574 9.431898410467186
2227680 256 7493.666 7566.866 7610.906 149.86023477362616 150.73243797366044 152.20483005247365 9.366264673351635 9.420777373353777 9.512801878279603

2450448 1 224.491 230.861 235.83 20.78147818343722 21.22877402419638 21.831146905666596 1.2988423864648262 1.3267983765122737 1.3644466816041623
2450448 2 115.58 116.481 124.81 78.5337072349972 84.14927756458135 84.80526042567918 4.908356702187325 5.259329847786335 5.300328776604949
2450448 4 178.15 179.35 182.061 107.67591082109841 109.30350710900474 110.03976424361494 6.729744426318651 6.831469194312796 6.877485265225934
2450448 8 307.76 308.16 314.05 124.84371278458843 127.22990654205607 127.39526904081103 7.802732049036777 7.951869158878504 7.962204315050689
2450448 16 566.47 568.141 575.48 136.25901160770138 138.01914665549575 138.4262820625982 8.516188225481336 8.626196665968484 8.651642628912388
2450448 32 1082.59 1087.051 1095.671 143.13482058026543 144.26983830565447 144.86432721528928 8.94592628626659 9.016864894103405 9.05402045095558
2450448 64 2115.602 2125.622 2140.952 146.50367873730937 147.56026424265465 148.25914515112012 9.156479921081836 9.222516515165916 9.266196571945008
2450448 128 4183.983 4189.673 4229.423 148.32157672571415 149.7287945861169 149.9324179854459 9.270098545357135 9.358049661632306 9.37077612409037
2450448 256 8309.676 8341.317 8413.596 149.11927979427585 150.41142495843283 150.98415100660964 9.319954987142241 9.400714059902052 9.436509437913102

2695488 1 243.26 253.52 261.691 20.60054033191818 21.264499842221518 22.161374660856694 1.2875337707448862 1.3290312401388449 1.3850859163035434
2695488 2 126.7 127.18 130.26 82.77254721326578 84.77710331813176 85.09827940015785 5.173284200829111 5.298568957383235 5.318642462509866
2695488 4 196.71 198.41 205.1 105.13848854217454 108.68355425633789 109.62281531188042 6.571155533885909 6.792722141021118 6.851425956992526
2695488 8 337.39 341.58 347.3 124.1802706593723 126.25975759704902 127.8277601588666 7.761266916210769 7.891234849815564 7.989235009929162
2695488 16 620.08 630.071 646.231 133.47489674744787 136.89824797522817 139.1040123854986 8.342181046715492 8.55614049845176 8.694000774093663
2695488 32 1186.911 1197.631 1206.421 142.9942217517765 144.0437263230494 145.34470739592098 8.937138859486032 9.002732895190588 9.084044212245061
2695488 64 2320.112 2333.682 2360.001 146.19589737461973 147.84467806667746 148.70940023585067 9.137243585913733 9.240292379167341 9.294337514740667
2695488 128 4578.524 4592.203 4652.464 148.31816602987146 150.26446522507823 150.7134019609813 9.269885376866966 9.391529076567389 9.41958762256133
2695488 256 9119.457 9133.857 9265.637 148.94711027423153 151.0960655504022 151.3346524908226 9.30919439213947 9.443504096900137 9.458415780676413

2965032 1 275.48 281.09 288.75 20.53701818181818 21.096673663239535 21.526295919848987 1.2835636363636362 1.318542103952471 1.3453934949905617
2965032 2 139.051 139.65 161.45 73.46006813254877 84.92751879699247 85.29336718182537 4.591254258284298 5.30796992481203 5.330835448864086
2965032 4 215.9 217.421 227.751 104.14995323840509 109.09827477566563 109.86686428902269 6.509372077400318 6.818642173479102 6.866679018063918
2965032 8 369.08 372.491 379.29 125.07714941074111 127.36015635277094 128.53720602579386 7.81732183817132 7.960009772048184 8.033575376612117
2965032 16 679.2 683.44 693.67 136.7812129687027 138.82860821725387 139.69526501766782 8.548825810543919 8.676788013578367 8.730954063604239
2965032 32 1292.391 1310.331 1321.581 143.5871490283229 144.81993328403283 146.8302146950884 8.974196814270181 9.051245830252052 9.176888418443024
2965032 64 2534.321 2546.302 2582.222 146.97578132321695 149.049129286314 149.75375889636712 9.18598633270106 9.315570580394626 9.359609931022945
2965032 128 5023.014 5039.454 5107.084 148.6265336540382 150.62111728770617 151.1140904644104 9.289158353377388 9.413819830481636 9.44463065402565
2965032 256 9940.468 10000.387 10136.178 149.7700991438785 151.80376359434888 152.7188039838768 9.360631196492406 9.487735224646805 9.5449252489923

3261528 1 295.2 308.061 314.94 20.712059439893313 21.1745595839785 22.09707317073171 1.294503714993332 1.3234099739986562 1.381067073170732
3261528 2 153.01 157.89 162.43 80.31836483408237 82.62785483564508 85.26313312855369 5.019897802130148 5.164240927227818 5.328945820534606
3261528 4 237.31 239.48 249.681 104.50224085933651 108.95366627693336 109.94995575407695 6.531390053708532 6.809604142308335 6.87187223462981
3261528 8 406.231 407.7 415.29 125.65784873221122 127.99717439293599 128.46003382312034 7.853615545763201 7.999823399558499 8.028752113945021
3261528 16 748.61 750.92 765.92 136.26605389596824 138.9880360091621 139.41691401397256 8.516628368498015 8.686752250572631 8.713557125873285
3261528 32 1423.551 1437.761 1457.232 143.24266280180507 145.18253868341122 146.6317624026115 8.952666425112817 9.073908667713201 9.16448515016322
3261528 64 2787.462 2809.072 2844.972 146.7415440292558 148.61690408789806 149.76906734513332 9.171346501828488 9.288556505493629 9.360566709070833
3261528 128 5512.714 5545.315 5621.394 148.53098146118205 150.56875362355433 151.45918471373628 9.283186341323878 9.410547101472146 9.466199044608517
3261528 256 10951.308 11013.049 11163.448 149.58660944181403 151.62942941595918 152.484281877562 9.349163090113377 9.476839338497449 9.530267617347626

3587680 1 330.48 345.27 351.73 20.400193330111165 20.781880846873463 21.7119341563786 1.2750120831319478 1.2988675529295914 1.3569958847736625
3587680 2 168.39 170.651 175.19 81.91517780695246 84.09396956361228 85.2231130114615 5.1196986129345285 5.255873097725767 5.326444563216344
3587680 4 261.31 265.24 272.66 105.26457859605368 108.20931986125773 109.83674562779841 6.579036162253355 6.763082491328608 6.8647966017374005
3587680 8 445.201 451.46 461.281 124.44232474348608 127.14942630576353 128.9369969968621 7.77764529646788 7.94683914411022 8.05856231230388
3587680 16 822.15 829.601 842.07 136.33754913487002 138.38671843452457 139.64089278112266 8.521096820929376 8.649169902157785 8.727555798820166
3587680 32 1574.592 1586.421 1598.772 143.61742637474262 144.73555254248402 145.8228671300248 8.976089148421414 9.045972033905251 9.11392919562655
3587680 64 3076.832 3088.333 3120.922 147.14338903695767 148.69608944372257 149.25190585641337 9.196461814809854 9.29350559023266 9.328244116025836
3587680 128 6091.144 6119.164 6175.764 148.7178072219081 150.0933918424151 150.78383962027493 9.294862951369256 9.380836990150943 9.423989976267183
3587680 256 12077.8 12124.879 12267.12 149.74110956768988 151.497772472616 152.08830747321534 9.358819347980617 9.4686107795385 9.505519217075959

3946448 1 358.96 378.581 383.95 20.55709337153275 20.848632128923533 21.98823267216403 1.284818335720797 1.3030395080577208 1.374264542010252
3946448 2 186.29 187.27 200.47 78.74391180725296 84.2942916644417 84.73773149390736 4.92149448795331 5.268393229027606 5.29610821836921
3946448 4 287.07 292.481 297.701 106.05131994853896 107.94405106656501 109.97869509178946 6.628207496783685 6.746503191660313 6.873668443236841
3946448 8 492.72 497.051 507.001 124.54249202664295 127.03559192115095 128.15223250527683 7.783905751665184 7.939724495071935 8.009514531579802
3946448 16 904.74 912.001 931.521 135.57003653165094 138.47170781610987 139.58301390454716 8.473127283228184 8.654481738506867 8.723938369034197
3946448 32 1730.361 1741.751 1778.491 142.01515329568718 145.01078053062693 145.96530550561414 8.875947080980449 9.063173783164183 9.122831594100884
3946448 64 3374.092 3412.232 3469.692 145.58794959322037 148.0395658911821 149.71297285314094 9.099246849576273 9.25247286819888 9.357060803321309
3946448 128 6688.145 6707.675 6849.636 147.49552939747454 150.61711964279723 151.0569355179949 9.218470587342159 9.413569977674827 9.441058469874681
3946448 256 13294.56 13342.0 13610.95 148.4526337985225 151.44516384350172 151.98557725866823 9.278289612407656 9.465322740218857 9.499098578666764

4341088 1 410.421 421.41 432.06 20.094838679812987 20.602681474098855 21.154317152387424 1.2559274174883117 1.2876675921311784 1.322144822024214
4341088 2 205.43 209.15 219.16 79.23139258988866 83.02343772412144 84.5268558633111 4.951962036868041 5.18896485775759 5.282928491456944
4341088 4 316.69 318.701 336.36 103.24861457961707 108.9695482599678 109.66151125706527 6.453038411226067 6.810596766247987 6.8538444535665795
4341088 8 547.16 550.52 565.391 122.84845001070057 126.16691128387706 126.94167702317421 7.678028125668786 7.885431955242316 7.933854813948388
4341088 16 1001.351 1008.461 1037.99 133.83059181687685 137.7493190118408 138.7273952889646 8.364411988554803 8.60933243824005 8.670462205560288
4341088 32 1906.562 1922.822 1977.532 140.49311566133952 144.49056230893967 145.7228414287078 8.78081972883372 9.03066014430873 9.107677589294237
4341088 64 3723.562 3756.732 3842.763 144.5988899133254 147.91027520728122 149.22788018569318 9.037430619582837 9.244392200455076 9.326742511605824
4341088 128 7378.686 7434.866 7609.285 146.047694100037 149.4739149300068 150.61198267550617 9.127980881252313 9.342119683125425 9.413248917219136

4775192 1 438.34 451.74 466.37 20.478126809185838 21.1413290831009 21.787616918373867 1.2798829255741149 1.3213330676938062 1.3617260573983667
4775192 2 226.551 235.721 238.36 80.13411646249371 81.03125304915557 84.31111758500295 5.008382278905857 5.064453315572223 5.269444849062684
4775192 4 348.84 355.24 370.59 103.08301896975095 107.53725931764441 109.51019378511639 6.4426886856094345 6.721078707352776 6.844387111569774
4775192 8 602.34 607.441 624.381 122.36610659196869 125.77858919631701 126.84376265896337 7.647881661998043 7.861161824769813 7.927735166185211
4775192 16 1105.561 1113.111 1141.861 133.822018616977 137.27844213200657 138.21593200194292 8.363876163561063 8.579902633250411 8.638495750121432
4775192 32 2120.692 2126.921 2185.551 139.83306177709878 143.68765365521335 144.10970004130726 8.739566361068674 8.980478353450835 9.006856252581704
4775192 64 4127.183 4152.043 4250.243 143.80932478448878 147.21056019891896 148.09727991223068 8.988082799030549 9.200660012432435 9.256079994514417
4775192 128 8168.396 8202.717 8404.867 145.44538920128065 149.02978513095113 149.6559608520449 9.09033682508004 9.314361570684445 9.353497553252806

5252704 1 491.931 504.9 524.68 20.022505145993755 20.806908298673008 21.355450256235123 1.2514065716246097 1.300431768667063 1.3347156410146952
5252704 2 253.49 259.23 273.19 76.90916944251255 81.0508660263087 82.88617302457692 4.806823090157034 5.0656791266442935 5.1803858140360575
5252704 4 389.78 393.86 417.781 100.58291784451663 106.69179911643732 107.80858946072144 6.286432365282289 6.668237444777333 6.73803684129509
5252704 8 668.111 673.11 700.65 119.95042317847715 124.85814205701892 125.79236683724712 7.496901448654822 7.803633878563683 7.862022927327945
5252704 16 1227.781 1231.371 1281.551 131.1586725772131 136.50356228951307 136.9026951874968 8.19741703607582 8.531472643094567 8.55641844921855
5252704 32 2337.651 2344.721 2433.752 138.1295448344778 143.37443815276956 143.80806031353697 8.633096552154862 8.960902384548097 8.98800376959606
5252704 64 4563.214 4581.374 4735.074 141.99273591077988 146.75643420510966 147.3404736223197 8.874545994423743 9.172277137819353 9.208779601394982
5252704 128 9022.146 9047.847 9349.367 143.827087331153 148.62013294433473 149.04350073696438 8.989192958197062 9.28875830902092 9.315218796060273

5777968 1 551.22 563.34 579.841 19.929491015640494 20.513253097596476 20.964290120097235 1.2455931884775309 1.2820783185997797 1.3102681325060772
5777968 2 277.871 284.1 326.87 70.7066173096338 81.35118620204152 83.17482572848553 4.419163581852112 5.084449137627595 5.198426608030346
5777968 4 428.48 441.02 498.091 92.80180529260717 104.81099269874382 107.87841672890215 5.800112830787948 6.550687043671489 6.7424010455563845
5777968 8 734.961 742.601 831.651 111.16139823074823 124.4914671539629 125.78556957443999 6.947587389421765 7.780716697122681 7.861598098402499
5777968 16 1342.691 1358.961 1514.051 122.11938435363142 136.0561311178172 137.70478538993706 7.632461522101964 8.503508194863574 8.606549086871066
5777968 32 2561.481 2590.252 2859.042 129.34051056262902 142.7621528716125 144.36568219713513 8.083781910164314 8.922634554475781 9.022855137320946
5777968 64 4995.724 5045.333 5557.384 133.08058323844455 146.58693568888316 148.04258682024866 8.317536452402784 9.161683480555197 9.252661676265541
5777968 128 9855.218 9947.908 10932.158 135.30355196110412 148.690539558669 150.08899935039486 8.456471997569007 9.293158722416813 9.380562459399679

6355760 1 601.231 611.83 637.211 19.948682618473313 20.77622869097625 21.14248932606602 1.246792663654582 1.2985142931860156 1.3214055828791262
6355760 2 307.1 315.6 404.79 62.805504088539735 80.55462610899873 82.78423966134808 3.9253440055337334 5.034664131812421 5.174014978834255
6355760 4 473.46 488.84 597.101 85.15490679131338 104.0137468292284 107.39255692138724 5.322181674457086 6.500859176826775 6.7120348075867025
6355760 8 805.391 826.681 1006.191 101.06645756123838 123.01257679806359 126.2643362044026 6.316653597577399 7.6882860498789745 7.891521012775162
6355760 16 1478.371 1497.501 1819.801 111.76184648761046 135.81581581581582 137.57326138026247 6.9851154054756535 8.488488488488489 8.598328836266404
6355760 32 2822.912 2849.292 3402.832 119.53826694941156 142.7613035097842 144.09540219461323 7.471141684338223 8.922581469361512 9.005962637163327
6355760 64 5488.834 5585.514 6584.035 123.56211350638324 145.65128294370044 148.21677609488646 7.722632094148953 9.103205183981277 9.263548505930403
6355760 128 10849.118 10975.619 13070.42 124.48525449067438 148.24444616745532 149.9729802920385 7.780328405667149 9.265277885465958 9.373311268252406

6991336 1 674.741 679.121 713.49 19.597572495760275 20.58936772681157 20.723021129588982 1.2248482809850172 1.2868354829257231 1.2951888205993114
6991336 2 338.64 366.411 511.65 54.65717580377211 76.32233748440957 82.58133711315853 3.416073487735757 4.770146092775598 5.161333569572408
6991336 4 526.951 564.12 752.261 74.35010986878225 99.14679146280933 106.14020658467295 4.646881866798891 6.196674466425583 6.6337629115420595
6991336 8 912.51 979.471 1276.831 87.6085997285467 114.20590910807977 122.58646590174355 5.475537483034168 7.137869319254985 7.661654118858972
6991336 16 1638.522 1727.171 2259.932 98.99534676264597 129.5313272397464 136.53936413426246 6.187209172665373 8.09570795248415 8.533710258391404
6991336 32 3133.213 3422.282 4250.663 105.26487373852034 130.7447790684695 142.80724100148953 6.579054608657521 8.171548691779345 8.925452562593096
6991336 64 6117.555 6380.424 8252.006 108.44526870193745 140.2557272055901 146.2824621928205 6.777829293871091 8.76598295034938 9.142653887051281
6991336 128 12051.229 12607.53 16228.822 110.28416085899518 141.96135293749052 148.51448063927754 6.892760053687199 8.872584558593157 9.282155039954846

7690464 1 731.74 746.94 778.411 19.75939188937464 20.591919029640934 21.019662721731763 1.234961993085915 1.2869949393525584 1.3137289201082352
7690464 2 402.191 511.11 640.08 48.05939257592801 60.1863708399366 76.48568963502416 3.0037120359955005 3.7616481774960375 4.78035560218901
7690464 4 634.36 764.671 935.991 65.73109356820738 80.4577550345181 96.98548458288668 4.1081933480129615 5.028609689657381 6.061592786430418
7690464 8 1047.751 1274.971 1555.191 79.1204578730201 96.50997865833811 117.43956722541903 4.945028617063756 6.031873666146132 7.339972951588689
7690464 16 1894.601 2296.642 2790.272 88.19744024955274 107.15420513950369 129.89270458529262 5.512340015597046 6.6971378212189805 8.118294036580789
7690464 32 3606.273 4396.703 5286.094 93.11028067226955 111.94517710202395 136.4815409149557 5.819392542016847 6.996573568876497 8.530096307184731
7690464 64 6981.775 8520.826 10208.528 96.42716285834746 115.52628724022767 140.99271202523713 6.026697678646716 7.22039295251423 8.81204450157732
7690464 128 13787.921 16596.393 20073.555 98.07723564660071 118.62570282590922 142.78866146680127 6.1298272279125445 7.414106426619326 8.92429134167508

8459504 1 806.77 817.561 841.931 20.095480508497726 20.694490074746714 20.971290454528553 1.2559675317811079 1.2934056296716696 1.3107056534080346
8459504 2 815.43 844.251 906.161 37.342167672190705 40.080516339335105 41.49714383822033 2.333885479511919 2.505032271208444 2.5935714898887707
8459504 4 1177.791 1233.071 1327.941 50.96313164515592 54.884132381671456 57.46013681544519 3.185195727822245 3.430258273854466 3.5912585509653243
8459504 8 1940.962 2006.341 2186.471 61.90434906294206 67.4621432747474 69.73452545696412 3.8690218164338788 4.216383954671713 4.358407841060258
8459504 16 3479.132 3578.813 3919.273 69.06998517327065 75.64075798316368 77.80794979897284 4.316874073329416 4.72754737394773 4.862996862435803
8459504 32 6536.405 6732.095 7501.336 72.17491070923899 80.42195720648624 82.82966799027906 4.510931919327437 5.02637232540539 5.176854249392441
8459504 64 12643.76 13048.65 14305.481 75.69242250575147 82.98302981534488 85.6403879858523 4.730776406609467 5.186439363459055 5.352524249115769

9305448 1 881.571 901.091 936.46 19.873668923392348 20.653736415079052 21.11105741908479 1.2421043077120217 1.2908585259424408 1.3194410886927994
9305448 2 1223.971 1389.511 1477.171 25.198025144008376 26.78769149722456 30.410681298821622 1.5748765715005235 1.674230718576535 1.9006675811763514
9305448 4 1810.012 2044.221 2207.212 33.72742808574799 36.41660270587182 41.12877925671211 2.1079642553592493 2.2760376691169886 2.5705487035445067
9305448 8 2990.972 3334.293 3540.243 42.055635164026874 44.65329471645113 49.77885717418952 2.6284771977516797 2.7908309197781955 3.111178573386845
9305448 16 5333.374 5857.694 6153.524 48.3908628616708 50.834737355689796 55.83226227900012 3.024428928854425 3.1771710847306123 3.4895163924375074
9305448 32 10136.577 10956.019 11413.889 52.17754194035004 54.35812698024711 58.75244394631442 3.2610963712718775 3.397382936265444 3.6720277466446514
9305448 64 19537.215 21276.446 21939.267 54.29066267346124 55.981969169099 60.965564641633925 3.3931664170913276 3.4988730730686877 3.8103477901021203

10235992 1 967.861 973.25 1003.381 20.40300145209048 21.03466118674544 21.151781092532914 1.275187590755655 1.31466632417159 1.3219863182833071
10235992 2 1603.201 1770.301 1858.751 22.02767772552644 23.128252201179347 25.53888626566475 1.3767298578454026 1.4455157625737092 1.596180391604047
10235992 4 2397.522 2704.342 2842.782 28.805563001313498 30.280170185575635 34.1552386172056 1.8003476875820936 1.8925106365984772 2.13470241357535
10235992 8 3980.443 4458.773 4764.804 34.37200606782566 36.731152718472096 41.14513686039468 2.1482503792391037 2.295697044904506 2.5715710537746674
10235992 16 7126.275 7939.406 8543.636 38.33868203186559 41.25645470202683 45.96394946869157 2.3961676269915992 2.578528418876677 2.872746841793223
10235992 32 13519.081 14950.552 16033.542 40.85831365271629 43.818013408468126 48.45769383288701 2.553644603294768 2.738625838029258 3.028605864555438
10235992 64 26212.699 28861.371 31036.594 42.21490850445767 45.39656054454239 49.98367302809985 2.6384317815286042 2.8372850340338993 3.1239795642562407

11259584 1 1058.471 1077.091 1106.581 20.350221086391326 20.907395939618844 21.275186566282873 1.2718888178994578 1.3067122462261778 1.3296991603926795
11259584 2 1962.282 2029.231 2159.981 20.851264895385654 22.19478019013114 22.952020147970575 1.3032040559616034 1.3871737618831963 1.434501259248161
11259584 4 2997.462 3114.772 3302.323 27.27676002619974 28.91918638025512 30.050980462804866 1.7047975016374837 1.807449148765945 1.878186278925304
11259584 8 5036.454 5292.024 5599.844 32.17113619593689 34.04242762315515 35.76987777511717 2.0106960122460555 2.127651726447197 2.2356173609448233
11259584 16 9136.857 9538.077 10123.148 35.592356053670265 37.77561116355005 39.43442345655623 2.2245222533543916 2.3609756977218783 2.4646514660347645
11259584 32 17260.553 18049.243 19206.124 37.519979356584386 39.92485313649996 41.74914766635808 2.344998709786524 2.4953033210312476 2.60932172914738
11259584 64 33530.885 35038.527 37350.688 38.58635085918631 41.13262957658009 42.9820671896969 2.4116469286991444 2.5707893485362554 2.686379199356056

12385536 1 1163.651 1169.901 1203.44 20.583553812404443 21.173648026627895 21.28737224477098 1.2864721132752777 1.3233530016642434 1.3304607652981864
12385536 2 2267.652 2289.551 2413.342 20.528438986268835 21.638366649181435 21.84733107196342 1.2830274366418022 1.3523979155738397 1.3654581919977138
12385536 4 3485.023 3532.233 3643.653 27.193667454063274 28.05145866651492 28.431458845465293 1.6996042158789546 1.7532161666571826 1.7769661778415808
12385536 8 5893.704 5996.214 6201.285 31.956050399231774 33.04894988737894 33.62377479425503 1.9972531499519859 2.0655593679611837 2.101485924640939
12385536 16 10718.838 10914.989 11362.198 34.88208461074169 36.31127360733025 36.975757260255264 2.180130288171356 2.2694546004581406 2.310984828765954
12385536 32 20419.185 20711.635 21592.017 36.71145238538855 38.27193285320063 38.820075531907854 2.294465774086784 2.3919958033250395 2.426254720744241
12385536 64 39745.27 40429.241 42048.721 37.702659445931786 39.21292037117392 39.887730238088714 2.3564162153707366 2.45080752319837 2.4929831398805447

13624088 1 1271.811 1282.051 1309.47 20.808553078726504 21.25358195578803 21.42470540040934 1.3005345674204065 1.3283488722367518 1.3390440875255838
13624088 2 2509.691 2548.822 2592.412 21.0214857823525 21.380995612875278 21.714367226881716 1.3138428613970312 1.3363122258047049 1.3571479516801073
13624088 4 3869.023 3908.173 4000.593 27.244137056681346 27.888403097815782 28.170601208625534 1.7027585660425841 1.7430251936134864 1.7606625755390959
13624088 8 6564.675 6648.365 6789.486 32.10631968311003 32.78782196825836 33.205818719129276 2.006644980194377 2.0492388730161477 2.0753636699455797
13624088 16 12066.959 12164.599 12384.549 35.20280116780998 35.83930847206718 36.12930283429321 2.2001750729881238 2.239956779504199 2.258081427143326
13624088 32 22871.287 23153.088 23597.528 36.95054973554857 37.659841831897324 38.12385512017754 2.3094093584717856 2.353740114493583 2.382740945011096
13624088 64 44565.824 45104.194 46014.914 37.898218477600544 38.663439235828044 39.13050646163302 2.368638654850034 2.4164649522392527 2.4456566538520637

14986496 1 1410.661 1422.961 1459.451 20.537169113591343 21.063818333742105 21.24748043647623 1.283573069599459 1.3164886458588816 1.3279675272797644
14986496 2 2751.452 2821.602 2851.112 21.025474972572102 21.245371955364366 21.787036081312703 1.3140921857857564 1.3278357472102729 1.361689755082044
14986496 4 4257.244 4338.034 4388.193 27.321489278160737 27.63739703284945 28.161873738033343 1.707593079885046 1.7273373145530906 1.760117108627084
14986496 8 7251.065 7400.415 7463.846 32.12605619140588 32.40141748807331 33.06878865380465 2.0078785119628675 2.0250885930045817 2.066799290862791
14986496 16 13357.35 13485.89 13612.27 35.23055831246368 35.56071360510875 35.9029202648729 2.20190989452898 2.222544600319297 2.243932516554556
14986496 32 25372.369 25696.83 25913.809 37.01253428239747 37.32506087326725 37.80237249426729 2.3132833926498417 2.332816304579203 2.3626482808917055
14986496 64 49422.747 50072.317 50524.938 37.96682517453064 38.31002044502953 38.813534342799684 2.372926573408165 2.3943762778143456 2.4258458964249803

16485144 1 1533.821 1550.651 1594.902 20.67229710665608 21.262223414552984 21.495525227520034 1.292018569166005 1.3288889634095615 1.343470326720002
16485144 2 3054.492 3063.352 3114.412 21.1727208859971 21.525628135454237 21.588066362589917 1.3232950553748188 1.3453517584658898 1.3492541476618698
16485144 4 4700.804 4785.934 4966.504 26.55412177257886 27.555990533927126 28.055020375237937 1.6596326107861787 1.7222494083704454 1.753438773452371
16485144 8 8019.896 8088.326 8212.226 32.118247111075604 32.61024642181831 32.88849431463949 2.0073904444422253 2.0381404013636444 2.055530894664968
16485144 16 14680.321 14758.951 14924.691 35.345764143458645 35.7426898429299 35.93413304790815 2.2091102589661653 2.2339181151831187 2.2458833154942592
16485144 32 27929.851 28158.261 28398.941 37.151005595595976 37.46855020627872 37.774967578595394 2.3219378497247485 2.34178438789242 2.360935473662212
16485144 64 54515.651 54837.941 55432.562 38.06604558526449 38.4788048843774 38.70628697069031 2.3791278490790306 2.4049253052735877 2.419142935668144

18133656 1 1682.951 1704.391 1756.412 20.648522100737186 21.27875117857346 21.54983240747948 1.290532631296074 1.3299219486608413 1.3468645254674676
18133656 2 3371.052 3388.762 3432.532 21.13152157066562 21.404460980145554 21.516910448133107 1.3207200981666012 1.3377788112590971 1.3448069030083192
18133656 4 5197.104 5215.304 5280.724 27.471469442447663 27.816067481397056 27.913477967729722 1.716966840152979 1.738504217587316 1.7445923729831077
18133656 8 8800.317 8892.787 8987.047 32.28407462428983 32.62627295582364 32.96909599961002 2.0177546640181143 2.0391420597389773 2.060568499975626
18133656 16 16100.672 16262.992 16411.602 35.35772997663483 35.680826258784364 36.04054489154242 2.209858123539677 2.2300516411740228 2.252534055721401
18133656 32 30747.513 30954.523 31158.074 37.24729532383805 37.492226386431476 37.74464568890499 2.3279559577398783 2.3432641491519672 2.3590403555565618

19947016 1 1857.932 1880.652 1922.322 20.753043454738595 21.212872982348678 21.4722777798111 1.2970652159211622 1.3258045613967924 1.3420173612381938
19947016 2 3682.623 3741.803 3774.042 21.14127611722392 21.323427235479798 21.666096149402208 1.321329757326495 1.3327142022174874 1.354131009337638
19947016 4 5673.564 5776.824 5806.385 27.48287066737738 27.623505234017866 28.126258556350116 1.7176794167110863 1.7264690771261166 1.7578911597718823
19947016 8 9666.147 9867.978 9887.437 32.27856278629133 32.34221397737207 33.01752559732435 2.0174101741432082 2.0213883735857543 2.063595349832772
19947016 16 17669.453 17944.804 18058.884 35.34573409962654 35.5704365453086 36.12474658949544 2.2091083812266588 2.2231522840817877 2.257796661843465
19947016 32 33667.186 34319.686 34641.016 36.85252834385689 37.19757296147756 37.91849499984941 2.3032830214910556 2.3248483100923476 2.369905937490588

21941712 1 2035.852 2053.512 2111.332 20.784710315573296 21.36993794046492 21.555311486296645 1.299044394723331 1.3356211212790574 1.3472069678935403
21941712 2 4052.353 4079.053 4116.433 21.321092314632594 21.51647649589255 21.658243494582035 1.3325682696645371 1.3447797809932844 1.3536402184113772
21941712 4 6264.445 6329.685 6358.285 27.607082098396027 27.731821725725684 28.02063007975966 1.7254426311497517 1.7332388578578553 1.7512893799849787
21941712 8 10660.158 10827.978 10850.188 32.355881022522375 32.42224836437607 32.932663099364945 2.0222425639076484 2.026390522773504 2.058291443710309
21941712 16 19584.114 19781.735 19844.865 35.38118218491282 35.49409513371804 35.85226188940689 2.211323886557051 2.2183809458573776 2.2407663680879306
21941712 32 37313.438 37703.188 38000.008 36.954454535904304 37.24538009889243 37.63441921379638 2.309653408494019 2.327836256180777 2.3521512008622736

24135880 1 2236.061 2256.261 2312.621 20.873182419427998 21.394581566582943 21.5878547141603 1.3045739012142499 1.337161347911434 1.3492409196350188
24135880 2 4450.653 4480.114 4522.514 21.347312578800196 21.549344503287195 21.69198991698521 1.3342070361750122 1.3468340314554497 1.3557493698115757
24135880 4 6897.135 6924.675 6997.395 27.59413181619731 27.883913685479822 27.99525310146894 1.724633238512332 1.7427446053424889 1.7497033188418087
24135880 8 11776.249 11816.749 11904.089 32.440456384356665 32.68023040854976 32.79262182720491 2.0275285240222916 2.04251440053436 2.049538864200307
24135880 16 21533.806 21659.066 21766.956 35.4825984855209 35.65934745293264 35.86677431755445 2.2176624053450564 2.22870921580829 2.2416733948471532
24135880 32 41111.391 41251.191 41472.172 37.246573919494736 37.446102344051106 37.573438466239196 2.327910869968421 2.340381396503194 2.3483399041399498

26549464 1 2458.202 2496.202 2526.542 21.01644381925968 21.271887451416188 21.60071792309989 1.31352773870373 1.3294929657135117 1.350044870193743
26549464 2 4900.324 4933.144 5008.474 21.20363527892927 21.527418619849733 21.671598857544932 1.3252272049330793 1.3454636637406083 1.3544749285965583
26549464 4 7563.075 7655.056 7738.545 27.44646597002408 27.745807738049205 28.083248149727456 1.715404123126505 1.7341129836280753 1.755203009357966
26549464 8 12960.87 13049.93 13107.99 32.40706042650322 32.55124157754103 32.77491588141845 2.0254412766564514 2.034452598596314 2.048432242588653
26549464 16 23700.428 23892.238 24164.048 35.15896210767335 35.55894797297766 35.84673019407076 2.197435131729584 2.222434248311104 2.2404206371294224
26549464 32 45111.664 45540.364 45724.215 37.16117807599321 37.311201465144194 37.665773002742704 2.322573629749576 2.331950091571512 2.354110812671419

29204408 1 2743.912 2753.602 2821.042 20.70469564083059 21.211785871741814 21.286694325474 1.2940434775519118 1.3257366169838634 1.330418395342125
29204408 2 5466.734 5527.784 5562.185 21.002111939822207 21.13281416205843 21.36881582312218 1.312631996238888 1.320800885128652 1.3355509889451362
29204408 4 8424.667 8474.517 8544.926 27.341987982107746 27.569153970662875 27.732284730067075 1.7088742488817341 1.7230721231664297 1.7332677956291922
29204408 8 14272.79 14417.491 14559.321 32.09425274708896 32.4099753556288 32.738555531189064 2.00589079669306 2.0256234597268 2.0461597206993165
29204408 16 26074.19 26327.639 26690.82 35.01357605348955 35.496576658469074 35.84161410191458 2.188348503343097 2.218536041154317 2.2401008813696612
29204408 32 49695.377 50071.278 50211.068 37.224504206921075 37.328428325716 37.61078443976791 2.326531512932567 2.33302677035725 2.3506740274854945

32124848 1 3010.982 3037.332 3072.683 20.90996565542231 21.153333254316617 21.338452372016835 1.3068728534638945 1.3220833283947886 1.3336532732510522
32124848 2 6008.055 6049.085 6055.664 21.219703074675213 21.24278167689824 21.38785214183292 1.3262314421672008 1.32767385480614 1.3367407588645575
32124848 4 9263.056 9314.317 9330.967 27.54256702440379 27.591801309747137 27.74449209850399 1.721410439025237 1.724487581859196 1.7340307561564994
32124848 8 15807.322 15873.232 15901.742 32.32334973111751 32.38140587877755 32.51642295893004 2.0202093581948444 2.023837867423597 2.0322764349331277
32124848 16 28758.872 28957.832 29032.862 35.40798478634314 35.49972718952164 35.745321861024316 2.2129990491464464 2.2187329493451027 2.2340826163140197
32124848 32 54906.941 55043.281 55270.281 37.19883877557995 37.35224780659423 37.444997564151315 2.324927423473747 2.3345154879121393 2.340312347759457

35337328 1 3334.023 3347.263 3380.213 20.908343941639178 21.11416282497073 21.198010931538263 1.3067714963524486 1.3196351765606706 1.3248756832211415
35337328 2 6672.045 6675.545 6701.005 21.09374817657948 21.174198061731293 21.185305554743714 1.3183592610362176 1.3233873788582058 1.324081597171482
35337328 4 10250.848 10303.038 10326.928 27.374900260755187 27.438375360743112 27.578071979996192 1.7109312662971992 1.7148984600464445 1.723629498749762
35337328 8 17448.083 17550.793 17579.433 32.16242799184706 32.21491177065332 32.40454828189435 2.0101517494904413 2.0134319856658327 2.025284267618397
35337328 16 31828.904 32028.664 32065.104 35.265580177129635 35.30570291661245 35.527283503070045 2.204098761070602 2.206606432288278 2.220455218941878

38871056 1 3627.722 3649.663 3672.733 21.167373724144934 21.301175478393485 21.430008142851076 1.3229608577590584 1.3313234673995928 1.3393755089281922
38871056 2 7215.016 7257.066 7273.525 21.376736039265694 21.425218400935037 21.55008720701382 1.3360460024541059 1.3390761500584398 1.3468804504383638
38871056 4 11152.458 11215.448 11241.878 27.661610275436185 27.726796825236047 27.883400054050863 1.7288506422147616 1.732924801577253 1.742712503378179
38871056 8 19024.964 19083.124 19133.554 32.50503779904141 32.59093720713653 32.69056887571509 2.031564862440088 2.036933575446033 2.043160554732193
38871056 16 34692.986 34908.667 35167.827 35.369651698980434 35.6322340237168 35.85375418535609 2.210603231186277 2.2270146264823 2.2408596365847555

42758160 1 3989.473 4003.763 4046.433 21.13375409898051 21.35898653341869 21.43549285832991 1.320859631186282 1.3349366583386681 1.3397183036456193
42758160 2 7946.096 7985.826 8014.936 21.339239639592883 21.417025615133614 21.524109449470537 1.3337024774745552 1.3385641009458509 1.3452568405919085
42758160 4 12265.859 12348.309 12360.18 27.67478143522182 27.70138648133927 27.887592707530718 1.7296738397013638 1.7313366550837044 1.7429745442206699
42758160 8 20897.896 21011.986 21105.735 32.41443901385097 32.55906224190327 32.73681522771479 2.025902438365686 2.0349413901189544 2.0460509517321745
42758160 16 38224.028 38484.159 38518.439 35.52223702523355 35.55387867511929 35.795838157088 2.220139814077097 2.222117417194956 2.237239884818

47033976 1 4429.353 4454.063 4513.614 20.840938547248392 21.119582727051682 21.23740239262935 1.3025586592030245 1.3199739204407301 1.3273376495393343
47033976 2 8791.877 8907.537 8909.097 21.117280909614074 21.120979233653475 21.398832581484022 1.3198300568508796 1.3200612021033422 1.3374270363427514
47033976 4 13700.32 13731.46 13783.21 27.299287176209315 27.402170490246487 27.464453968958388 1.7062054485130822 1.7126356556404054 1.7165283730598992
47033976 8 23224.108 23349.198 23452.137 32.08848797020075 32.22995564986857 32.403553066494524 2.005530498137547 2.0143722281167857 2.0252220666559078
47033976 16 42479.141 42581.582 42696.353 35.2509553216407 35.34596793515093 35.431206859856225 2.203184707602544 2.209122995946933 2.214450428741014

51737368 1 4805.484 4846.693 4936.924 20.959353638014278 21.349554428143065 21.532635630458866 1.3099596023758924 1.3343471517589416 1.3457897269036792
51737368 2 9619.357 9679.468 9831.627 21.049361616342846 21.380252716368297 21.513857111239346 1.315585101021428 1.3362657947730185 1.3446160694524592
51737368 4 14886.411 14949.361 14990.392 27.610948666319064 27.686731493071843 27.803810065434845 1.7256842916449415 1.7304207183169902 1.7377381290896778
51737368 8 25357.419 25495.479 25659.359 32.26105094831091 32.46841873416067 32.64519500190457 2.016315684269432 2.029276170885042 2.0403246876190355
51737368 16 46321.555 46584.415 46742.615 35.419408520468956 35.53969231984559 35.74136869973385 2.2137130325293097 2.2212307699903495 2.2338355437333655

56911104 1 5305.213 5331.103 5362.134 21.2270353556998 21.350592550922386 21.45478569851955 1.3266897097312376 1.334412034432649 1.340924106157472
56911104 2 10537.688 10651.768 10662.498 21.350007849942855 21.37151466310569 21.60288063188054 1.3343754906214285 1.3357196664441056 1.3501800394925338
56911104 4 16355.153 16438.832 16462.892 27.655458834328744 27.695935574984894 27.83763820491315 1.7284661771455465 1.7309959734365559 1.739852387807072
56911104 8 27936.071 28062.231 28086.162 32.42086490849123 32.448512878395164 32.59505117953058 2.026304056780702 2.0280320548996977 2.037190698720661
56911104 16 51135.108 51236.078 51384.548 35.44169208221896 35.54439369851845 35.61457869610835 2.215105755138685 2.221524606157403 2.225911168506772

62602208 1 5887.444 5959.775 6070.385 20.625448962462844 21.008245445507594 21.266345123622408 1.2890905601539278 1.3130153403442246 1.3291465702264005
62602208 2 11806.319 11850.839 11907.259 21.029930733848992 21.130050960948843 21.20972946775367 1.314370670865562 1.3206281850593027 1.3256080917346045
62602208 4 18201.884 18268.163 18336.114 27.31318446209486 27.414779690765844 27.514605850691066 1.7070740288809287 1.7134237306728652 1.7196628656681916
62602208 8 30997.084 31068.014 31183.793 32.120381507150206 32.24008229171006 32.31385661954525 2.007523844196888 2.0150051432318787 2.019616038721578
62602208 16 56586.192 56737.872 57027.043 35.12843294364746 35.307468986499885 35.402111101591714 2.1955270589779663 2.206716811656243 2.212631943849482

68862424 1 6396.175 6411.765 6467.925 21.293513452923467 21.48002117981554 21.532376459368294 1.3308445908077167 1.3425013237384713 1.3457735287105184
68862424 2 12802.539 12854.699 12961.17 21.251915992151947 21.427938219323533 21.51523975049012 1.3282447495094967 1.3392461387077208 1.3447024844056326
68862424 4 19819.024 19878.715 19973.275 27.581825814744953 27.713028332062713 27.796494519609038 1.7238641134215595 1.7320642707539196 1.7372809074755649
68862424 8 33872.025 33927.096 33971.096 32.43341880992006 32.47548166220888 32.52828208529015 2.027088675620004 2.029717603888055 2.0330176303306344

75748664 1 7105.616 7157.165 7181.196 21.096392300112683 21.167225849900063 21.320787388454423 1.3185245187570427 1.322951615618754 1.3325492117784015
75748664 2 14122.381 14223.791 14253.51 21.25754680776875 21.301962043733628 21.45492718260469 1.328596675485547 1.3313726277333517 1.340932948912793
75748664 4 21850.586 21927.036 21996.417 27.549455531780467 27.63662685645246 27.733320836338212 1.7218409707362792 1.7272891785282787 1.7333325522711382
75748664 8 37332.268 37415.388 37443.978 32.36778485448314 32.392517859229464 32.46463954453558 2.0229865534051963 2.0245323662018415 2.0290399715334737

83323528 1 7712.686 7763.385 7831.316 21.27957242435371 21.46577246909692 21.606876774187356 1.3299732765221068 1.3416107793185574 1.3504297983867097
83323528 2 15499.892 15550.562 15576.022 21.397896844264856 21.432930333964777 21.502995762809185 1.3373685527665535 1.3395581458727985 1.343937235175574
83323528 4 23903.438 24027.098 24105.808 27.65259824520298 27.743184965575118 27.88670918384209 1.7282873903251863 1.7339490603484449 1.7429193239901306
83323528 8 40936.621 41013.611 41059.231 32.469591259514814 32.50570762959643 32.56684150848698 2.029349453719676 2.031606726849777 2.0354275942804363

91655880 1 8478.566 8522.936 8547.166 21.4470808218771 21.50805309344104 21.62060895675047 1.3404425513673188 1.344253318340065 1.3512880597969044
91655880 2 16953.633 17000.503 17074.713 21.471723712135017 21.565451328116584 21.62507115731477 1.3419827320084385 1.3478407080072865 1.3515669473321732
91655880 4 26326.919 26376.3 26436.85 27.735794544357592 27.799465429192114 27.851608462046013 1.7334871590223495 1.7374665893245071 1.7407255288778758
91655880 8 44908.314 45094.914 45144.574 32.48439291951232 32.52016579962876 32.65529140105327 2.03027455746952 2.0325103624767973 2.0409557125658293

100821464 1 9360.267 9395.047 9402.177 21.446408422219665 21.462684327177925 21.542433351527258 1.340400526388729 1.3414177704486203 1.3464020844704536
100821464 2 18694.014 18770.234 18785.834 21.46755134746746 21.485393096324746 21.572994221572745 1.3417219592167162 1.3428370685202966 1.3483121388482966
100821464 4 28994.402 29063.422 29159.332 27.660843259372335 27.752124715389677 27.81818752461251 1.728802703710771 1.7345077947118548 1.738636720288282
100821464 8 49622.557 49687.897 49800.287 32.39225155469486 32.46552020505114 32.50826885039399 2.0245157221684287 2.0290950128156964 2.0317668031496243

110903608 1 10409.298 10456.538 10475.387 21.17413094141534 21.212299520166233 21.308566245293388 1.3233831838384587 1.3257687200103896 1.3317853903308368
110903608 2 20774.026 20843.385 20926.706 21.198483507151103 21.283224006081547 21.354283084078165 1.324905219196944 1.3302015003800967 1.3346426927548853
110903608 4 32090.004 32210.444 32502.094 27.297590856761413 27.54475734640603 27.64813815542061 1.7060994285475883 1.7215473341503769 1.7280086347137882
110903608 8 54600.021 54744.571 54825.292 32.36567765111037 32.41340091970033 32.49921328784837 2.022854853194398 2.0258375574812706 2.031200830490523

121993968 1 11529.398 11565.958 11601.439 21.030833847421857 21.095350337602813 21.162244203903793 1.314427115463866 1.3184593961001758 1.322640262743987
121993968 2 22994.138 23080.557 23143.767 21.08454825007528 21.142291843303433 21.221751039330112 1.317784265629705 1.3213932402064645 1.326359439958132
121993968 4 35475.506 35509.967 35680.727 27.352350303848908 27.483882032331937 27.510579947753243 1.7095218939905568 1.717742627020746 1.7194112467345777
121993968 8 60458.035 60573.235 60710.305 32.15110660373062 32.22386072000282 32.28526180184321 2.0094441627331636 2.013991295000176 2.017828862615201

134193360 1 12437.709 12492.619 12700.199 21.132481467416376 21.483623249856578 21.578469153764573 1.3207800917135235 1.3427264531160361 1.3486543221102858
134193360 2 24857.479 24949.429 24973.459 21.49375623136547 21.51445790603064 21.59404177712471 1.3433597644603419 1.344653619126915 1.3496276110702943
134193360 4 38523.909 38601.929 38688.679 27.748346745051702 27.81070552199607 27.867028758685937 1.7342716715657314 1.7381690951247544 1.741689297417871
134193360 8 65825.84 65951.48 66523.59 32.27567483955692 32.55565697691698 32.61779507864997 2.0172296774723075 2.034728561057311 2.038612192415623

147612696 1 13752.94 13811.061 13827.86 21.350042016624407 21.376011010305433 21.466347704563532 1.3343776260390254 1.3360006881440896 1.3416467315352207
147612696 2 27452.021 27514.59 27565.471 21.419941781513543 21.459552332053647 21.50846322024888 1.3387463613445965 1.341222020753353 1.344278951265555
147612696 4 42402.282 42478.612 42637.202 27.696507101943507 27.799909469735027 27.849953169973254 1.7310316938714692 1.7374943418584392 1.7406220731233284

162373960 1 14982.851 15027.511 15291.181 21.237595709579267 21.61022673681623 21.674641228161452 1.3273497318487042 1.3506391710510144 1.3546650767600907
162373960 2 29937.922 29991.663 30089.002 21.585821955809635 21.655879502247007 21.694753563724298 1.3491138722381022 1.353492468890438 1.3559220977327686
162373960 4 46313.745 46441.285 46610.835 27.868878126727406 27.97062312121639 28.04764935333992 1.7418048829204629 1.7481639450760245 1.752978084583745

178611352 1 16481.032 16579.263 16632.043 21.477981027345827 21.54635607143695 21.674777647419166 1.3423738142091142 1.3466472544648094 1.3546736029636979
178611352 2 33038.775 33185.675 33336.885 21.431078758558275 21.52872912785411 21.624452117247085 1.3394424224098922 1.3455455704908819 1.3515282573279428
178611352 4 51000.028 51293.049 52351.29 27.294280924118585 27.857396740053414 28.01745159826187 1.7058925577574116 1.7410872962533384 1.751090724891367

196472480 1 18224.843 18310.494 18392.264 21.36468680527857 21.460096052023502 21.56095171848668 1.3352929253299106 1.3412560032514689 1.3475594824054176
196472480 2 36138.477 36553.787 36737.808 21.39185658545551 21.499548596702173 21.74662534893211 1.3369910365909694 1.3437217872938858 1.3591640843082569
196472480 4 56181.022 56291.052 56563.992 27.787639882277052 27.92237458983712 27.977060296268732 1.7367274926423157 1.74514841186482 1.7485662685167958

216119728 1 20086.975 20135.835 20211.685 21.38562203002867 21.466179872848585 21.518394681130435 1.336601376876792 1.3416362420530366 1.3448996675706522
216119728 2 40061.34 40192.13 40352.83 21.42300582140088 21.50866132250269 21.57888158508927 1.338937863837555 1.344291332656418 1.3486800990680794
216119728 4 61781.786 61918.577 62135.667 27.825529321186817 27.923087185934524 27.9849116695979 1.739095582574176 1.7451929491209077 1.7490569793498687

237731696 1 22205.896 22268.007 22577.617 21.05906004163327 21.35186108033826 21.41158330202033 1.3161912526020794 1.3344913175211413 1.3382239563762706
237731696 2 44354.774 44464.153 44767.393 21.24150459241618 21.38636901505804 21.439107862436632 1.3275940370260113 1.3366480634411275 1.3399442414022895
237731696 4 68348.161 68473.771 68957.482 27.580090119879955 27.774920823332486 27.825965471111946 1.7237556324924972 1.7359325514582804 1.7391228419444966

261504864 1 24328.738 24376.038 24493.298 21.353177020097498 21.45589566278162 21.497610274729414 1.3345735637560936 1.3409934789238513 1.3436006421705884
261504864 2 48584.807 48647.037 48828.097 21.42249074339309 21.502223372823305 21.529764561995687 1.3389056714620682 1.3438889608014566 1.3456102851247305
261504864 4 74930.706 75064.676 75354.436 27.76265105348277 27.869818714730744 27.919647680885323 1.7351656908426731 1.7418636696706715 1.7449779800553327

287655344 1 26425.44 26559.55 26680.17 21.563231718538525 21.66116097599545 21.77109209912872 1.3477019824086578 1.3538225609997157 1.360693256195545
287655344 2 52811.839 53055.43 53158.72 21.645016584296986 21.68715579159381 21.787186316310628 1.3528135365185616 1.3554472369746131 1.3616991447694142

316420872 1 28778.802 28818.092 28984.192 21.834030908986527 21.959876594189513 21.989857117749377 1.364626931811658 1.3724922871368446 1.374366069859336
316420872 2 57540.903 57560.763 57868.593 21.8716824167472 21.98865028943414 21.996239579347584 1.3669801510467 1.3742906430896338 1.374764973709224

348062952 1 31956.204 32152.314 32194.664 21.622400034987166 21.650880368983703 21.783748282493125 1.3514000021866979 1.3531800230614814 1.3614842676558203
348062952 2 63848.358 64113.779 64213.978 21.681444622539967 21.71532905586489 21.805600826884227 1.355090288908748 1.3572080659915555 1.3628500516802642

382869240 1 35230.706 35267.227 35286.517 21.7005968597014 21.712466364310412 21.734974030892257 1.3562873037313374 1.3570291477694008 1.358435876930766
382869240 2 70285.253 70595.653 70695.133 21.663117318132777 21.69364394150444 21.789449345796623 1.3539448323832985 1.3558527463440275 1.361840584112289

421156160 1 37918.649 38014.469 38063.889 22.128908583145563 22.157676857198773 22.213669057671332 1.3830567864465977 1.3848548035749233 1.3883543161044583
421156160 2 75815.057 75883.667 76092.617 22.139133945150025 22.200095311682816 22.220185628825682 1.3836958715718766 1.387505956980176 1.3887616018016051

463271776 1 42434.692 42647.972 42762.612 21.667141193339642 21.725383612613516 21.834577048420666 1.3541963245837276 1.3578364757883448 1.3646610655262916
463271776 2 84869.804 85213.004 85361.554 21.708685200365494 21.746529485100655 21.834468994414078 1.3567928250228434 1.359158092818791 1.3646543121508798

509598952 1 46785.145 46881.506 47031.256 21.67065034367783 21.73987124048447 21.784647755179556 1.3544156464798645 1.3587419525302793 1.3615404846987222
509598952 2 93196.57 93536.18 93967.17 21.692638056461636 21.79259200022922 21.8720046027445 1.3557898785288522 1.3620370000143263 1.3670002876715313

560558840 1 51571.379 51584.569 51641.269 21.709723670810643 21.73358625910008 21.739144884995223 1.3568577294256652 1.358349141193755 1.3586965553122015

616614720 1 55600.062 55698.582 55866.312 22.074652788965196 22.14112811704973 22.18036087801485 1.3796657993103247 1.383820507315608 1.386272554875928

678276192 1 62470.497 62642.807 62732.687 21.624330932931347 21.65535755765223 21.715088708194525 1.3515206833082092 1.3534598473532644 1.3571930442621578

746103808 1 67856.971 67978.201 68320.192 21.841384989081998 21.951266642081332 21.99048371905666 1.3650865618176249 1.3719541651300833 1.3744052324410412

820714184 1 74327.086 74472.996 74649.317 21.98852493184901 22.04058458988275 22.08385201593938 1.3742828082405631 1.377536536867672 1.3802407509962114

902785600 1 82028.552 82271.542 82452.922 21.898207561400913 21.946485456660092 22.01149667983899 1.368637972587557 1.3716553410412557 1.375718542489937

993064160 1 92345.709 92386.789 92990.12 21.358487546849062 21.49796893579665 21.50753230992032 1.3349054716780664 1.3436230584872906 1.34422076937002

META_DATA
FLOPS          1
OPENMP_THREADS 1
ERT_VERSION  1.1.0
HOSTNAME  ('pve.fritz.box', ['pve'], ['192.168.188.21'])
UNAME  uname_result(system='Linux', node='pve', release='6.14.8-2-pve', version='#1 SMP PREEMPT_DYNAMIC PMX 6.14.8-2 (2025-07-22T10:04Z)', machine='x86_64')
TIMESTAMP_DATA  1765906209.607942
CONFIG  {'ERT_MPI': ['False'], 'ERT_OPENMP': ['True'], 'ERT_OPENMP_CFLAGS': ['-fopenmp'], 'ERT_OPENMP_LDFLAGS': ['-fopenmp'], 'ERT_PRECISION': ['FP64'], 'ERT_TRIALS_MIN': ['1'], 'ERT_TRIALS': ['3', '#', 'Run', 'each', 'test', '3', 'times', 'to', 'filter', 'out', 'background', 'noise'], 'ERT_RESULTS': ['Results/1600X'], 'ERT_GNUPLOT': ['gnuplot'], 'ERT_DRIVER': ['driver1'], 'ERT_KERNEL': ['kernel1'], 'ERT_CC': ['g++'], 'ERT_LD': ['g++'], 'ERT_CFLAGS': ['-O3', '-march=native', '-fopenmp', '-fstrict-aliasing', '-funroll-loops', '-Wno-all'], 'ERT_LDFLAGS': ['-O3', '-march=native', '-fopenmp'], 'ERT_LDLIBS': ['-lm'], 'ERT_RUN': ['export', 'OMP_NUM_THREADS=ERT_OPENMP_THREADS;', './ERT_CODE'], 'ERT_WORKING_SET_MIN': ['128'], 'ERT_MEMORY_MAX': ['1073741824'], 'ERT_ALIGN': ['64'], 'ERT_MIN_PROCS': ['1'], 'ERT_MAX_PROCS': ['1'], 'ERT_OPENMP_THREADS': ['1,2,4,8,12', '#', 'Logical', 'Threads'], 'ERT_NUM_EXPERIMENTS': ['5'], 'ERT_FLOPS': ['1,2,4,8'], 'ERT_GPU': [False], 'ERT_HIP': [False], 'ERT_OCL': [False], 'ERT_SYCL': [False], 'ERT_WSS_MULT': [1.1]}
TIMESTAMP_DATA  1765906230.4186583
TIMESTAMP_DATA  1765906251.2202055
TIMESTAMP_DATA  1765906272.0100782
TIMESTAMP_DATA  1765906292.769192
