fp64
        1024            1           0.920         2048          128
        1024            2           0.360         4096          256
        1024            4           0.390         8192          512
        1024            8           0.480        16384         1024
        1024           16           0.530        32768         2048
        1024           32           0.710        65536         4096
        1024           64           1.170       131072         8192
        1024          128           1.950       262144        16384
        1024          256           3.880       524288        32768
        1024          512           6.930      1048576        65536
        1024         1024          14.210      2097152       131072
        1024         2048          26.850      4194304       262144
        1024         4096          53.430      8388608       524288
        1024         8192         111.720     16777216      1048576
        1024        16384         212.840     33554432      2097152
        1024        32768         448.770     67108864      4194304
        1024        65536         921.321    134217728      8388608
        1024       131072        1706.251    268435456     16777216
        1024       262144        3463.653    536870912     33554432
        1024       524288        7042.805   1073741824     67108864
        1024      1048576       13683.330   2147483648    134217728
        1120            1           0.820         2240          140
        1120            2           0.350         4480          280
        1120            4           0.440         8960          560
        1120            8           0.450        17920         1120
        1120           16           0.540        35840         2240
        1120           32           0.770        71680         4480
        1120           64           1.200       143360         8960
        1120          128           2.180       286720        17920
        1120          256           3.930       573440        35840
        1120          512           7.560      1146880        71680
        1120         1024          14.820      2293760       143360
        1120         2048          30.550      4587520       286720
        1120         4096          58.420      9175040       573440
        1120         8192         116.530     18350080      1146880
        1120        16384         238.661     36700160      2293760
        1120        32768         465.250     73400320      4587520
        1120        65536         958.611    146800640      9175040
        1120       131072        1865.311    293601280     18350080
        1120       262144        3770.143    587202560     36700160
        1120       524288        7497.625   1174405120     73400320
        1232            1           0.560         2464          154
        1232            2           0.350         4928          308
        1232            4           0.390         9856          616
        1232            8           0.440        19712         1232
        1232           16           0.560        39424         2464
        1232           32           0.810        78848         4928
        1232           64           1.340       157696         9856
        1232          128           2.360       315392        19712
        1232          256           4.510       630784        39424
        1232          512           8.630      1261568        78848
        1232         1024          16.480      2523136       157696
        1232         2048          32.390      5046272       315392
        1232         4096          68.080     10092544       630784
        1232         8192         128.700     20185088      1261568
        1232        16384         257.110     40370176      2523136
        1232        32768         525.231     80740352      5046272
        1232        65536        1048.321    161480704     10092544
        1232       131072        2088.431    322961408     20185088
        1232       262144        4167.523    645922816     40370176
        1232       524288        8313.757   1291845632     80740352
        1352            1           0.810         2704          169
        1352            2           0.350         5408          338
        1352            4           0.490        10816          676
        1352            8           0.500        21632         1352
        1352           16           0.630        43264         2704
        1352           32           0.880        86528         5408
        1352           64           1.390       173056        10816
        1352          128           2.540       346112        21632
        1352          256           4.780       692224        43264
        1352          512           9.120      1384448        86528
        1352         1024          18.240      2768896       173056
        1352         2048          35.580      5537792       346112
        1352         4096          72.110     11075584       692224
        1352         8192         142.540     22151168      1384448
        1352        16384         287.620     44302336      2768896
        1352        32768         595.851     88604672      5537792
        1352        65536        1161.351    177209344     11075584
        1352       131072        2337.441    354418688     22151168
        1352       262144        4657.624    708837376     44302336
        1352       524288        9305.997   1417674752     88604672
        1480            1           0.780         2960          185
        1480            2           0.340         5920          370
        1480            4           0.380        11840          740
        1480            8           0.490        23680         1480
        1480           16           0.630        47360         2960
        1480           32           0.900        94720         5920
        1480           64           1.520       189440        11840
        1480          128           2.830       378880        23680
        1480          256           5.140       757760        47360
        1480          512          10.160      1515520        94720
        1480         1024          19.590      3031040       189440
        1480         2048          39.050      6062080       378880
        1480         4096          83.030     12124160       757760
        1480         8192         158.310     24248320      1515520
        1480        16384         331.281     48496640      3031040
        1480        32768         633.610     96993280      6062080
        1480        65536        1242.951    193986560     12124160
        1480       131072        2504.362    387973120     24248320
        1480       262144        5064.834    775946240     48496640
        1480       524288       10032.797   1551892480     96993280
        1624            1           0.720         3248          203
        1624            2           0.370         6496          406
        1624            4           0.410        12992          812
        1624            8           0.530        25984         1624
        1624           16           0.650        51968         3248
        1624           32           0.990       103936         6496
        1624           64           1.620       207872        12992
        1624          128           3.080       415744        25984
        1624          256           5.660       831488        51968
        1624          512          10.870      1662976       103936
        1624         1024          21.480      3325952       207872
        1624         2048          42.660      6651904       415744
        1624         4096          85.000     13303808       831488
        1624         8192         175.250     26607616      1662976
        1624        16384         348.770     53215232      3325952
        1624        32768         700.101    106430464      6651904
        1624        65536        1382.961    212860928     13303808
        1624       131072        2800.672    425721856     26607616
        1624       262144        5547.734    851443712     53215232
        1624       524288       11029.348   1702887424    106430464
        1784            1           0.720         3568          223
        1784            2           0.400         7136          446
        1784            4           0.420        14272          892
        1784            8           0.510        28544         1784
        1784           16           0.690        57088         3568
        1784           32           1.060       114176         7136
        1784           64           1.800       228352        14272
        1784          128           3.260       456704        28544
        1784          256           6.170       913408        57088
        1784          512          11.920      1826816       114176
        1784         1024          24.360      3653632       228352
        1784         2048          46.780      7307264       456704
        1784         4096          93.280     14614528       913408
        1784         8192         186.280     29229056      1826816
        1784        16384         378.950     58458112      3653632
        1784        32768         750.141    116916224      7307264
        1784        65536        1503.181    233832448     14614528
        1784       131072        3039.302    467664896     29229056
        1784       262144        6063.375    935329792     58458112
        1784       524288       12067.909   1870659584    116916224
        1960            1           0.970         3920          245
        1960            2           0.350         7840          490
        1960            4           0.420        15680          980
        1960            8           0.590        31360         1960
        1960           16           0.730        62720         3920
        1960           32           1.130       125440         7840
        1960           64           1.920       250880        15680
        1960          128           3.580       501760        31360
        1960          256           6.930      1003520        62720
        1960          512          13.300      2007040       125440
        1960         1024          26.310      4014080       250880
        1960         2048          52.880      8028160       501760
        1960         4096         104.360     16056320      1003520
        1960         8192         213.290     32112640      2007040
        1960        16384         413.331     64225280      4014080
        1960        32768         825.390    128450560      8028160
        1960        65536        1710.152    256901120     16056320
        1960       131072        3330.482    513802240     32112640
        1960       262144        6758.695   1027604480     64225280
        1960       524288       13505.620   2055208960    128450560
        2152            1           0.980         4304          269
        2152            2           0.460         8608          538
        2152            4           0.460        17216         1076
        2152            8           0.600        34432         2152
        2152           16           0.790        68864         4304
        2152           32           1.200       137728         8608
        2152           64           2.070       275456        17216
        2152          128           3.830       550912        34432
        2152          256           7.460      1101824        68864
        2152          512          14.690      2203648       137728
        2152         1024          28.950      4407296       275456
        2152         2048          56.760      8814592       550912
        2152         4096         113.220     17629184      1101824
        2152         8192         226.140     35258368      2203648
        2152        16384         452.040     70516736      4407296
        2152        32768         907.511    141033472      8814592
        2152        65536        1809.091    282066944     17629184
        2152       131072        3644.623    564133888     35258368
        2152       262144        7266.796   1128267776     70516736
        2360            1           0.940         4720          295
        2360            2           0.410         9440          590
        2360            4           0.450        18880         1180
        2360            8           0.580        37760         2360
        2360           16           0.830        75520         4720
        2360           32           1.290       151040         9440
        2360           64           2.250       302080        18880
        2360          128           4.150       604160        37760
        2360          256           7.990      1208320        75520
        2360          512          15.670      2416640       151040
        2360         1024          31.020      4833280       302080
        2360         2048          61.740      9666560       604160
        2360         4096         123.190     19333120      1208320
        2360         8192         246.060     38666240      2416640
        2360        16384         495.471     77332480      4833280
        2360        32768         986.160    154664960      9666560
        2360        65536        1972.312    309329920     19333120
        2360       131072        3941.203    618659840     38666240
        2360       262144        7977.116   1237319680     77332480
        2592            1           0.980         5184          324
        2592            2           0.410        10368          648
        2592            4           0.470        20736         1296
        2592            8           0.610        41472         2592
        2592           16           0.870        82944         5184
        2592           32           1.380       165888        10368
        2592           64           2.430       331776        20736
        2592          128           4.540       663552        41472
        2592          256           8.730      1327104        82944
        2592          512          17.140      2654208       165888
        2592         1024          34.770      5308416       331776
        2592         2048          69.230     10616832       663552
        2592         4096         138.140     21233664      1327104
        2592         8192         269.310     42467328      2654208
        2592        16384         547.010     84934656      5308416
        2592        32768        1079.401    169869312     10616832
        2592        65536        2208.472    339738624     21233664
        2592       131072        4420.653    679477248     42467328
        2592       262144        8677.816   1358954496     84934656
        2848            1           1.010         5696          356
        2848            2           0.470        11392          712
        2848            4           0.490        22784         1424
        2848            8           0.640        45568         2848
        2848           16           0.920        91136         5696
        2848           32           1.480       182272        11392
        2848           64           2.710       364544        22784
        2848          128           5.130       729088        45568
        2848          256           9.560      1458176        91136
        2848          512          18.790      2916352       182272
        2848         1024          37.260      5832704       364544
        2848         2048          74.200     11665408       729088
        2848         4096         148.100     23330816      1458176
        2848         8192         295.880     46661632      2916352
        2848        16384         605.421     93323264      5832704
        2848        32768        1206.651    186646528     11665408
        2848        65536        2409.201    373293056     23330816
        2848       131072        4764.774    746586112     46661632
        2848       262144        9579.007   1493172224     93323264
        3128            1           0.750         6256          391
        3128            2           0.420        12512          782
        3128            4           0.510        25024         1564
        3128            8           0.670        50048         3128
        3128           16           0.980       100096         6256
        3128           32           1.610       200192        12512
        3128           64           2.860       400384        25024
        3128          128           5.410       800768        50048
        3128          256          11.010      1601536       100096
        3128          512          21.740      3203072       200192
        3128         1024          43.200      6406144       400384
        3128         2048          86.101     12812288       800768
        3128         4096         163.050     25624576      1601536
        3128         8192         329.970     51249152      3203072
        3128        16384         651.240    102498304      6406144
        3128        32768        1310.911    204996608     12812288
        3128        65536        2661.832    409993216     25624576
        3128       131072        5281.294    819986432     51249152
        3128       262144       10566.768   1639972864    102498304
        3440            1           0.820         6880          430
        3440            2           0.450        13760          860
        3440            4           0.540        27520         1720
        3440            8           0.710        55040         3440
        3440           16           1.070       110080         6880
        3440           32           1.800       220160        13760
        3440           64           3.140       440320        27520
        3440          128           6.180       880640        55040
        3440          256          11.560      1761280       110080
        3440          512          23.700      3522560       220160
        3440         1024          45.030      7045120       440320
        3440         2048          93.860     14090240       880640
        3440         4096         179.110     28180480      1761280
        3440         8192         368.960     56360960      3522560
        3440        16384         719.521    112721920      7045120
        3440        32768        1499.781    225443840     14090240
        3440        65536        2872.182    450887680     28180480
        3440       131072        5814.034    901775360     56360960
        3440       262144       11612.659   1803550720    112721920
        3784            1           0.920         7568          473
        3784            2           0.440        15136          946
        3784            4           0.560        30272         1892
        3784            8           0.760        60544         3784
        3784           16           1.140       121088         7568
        3784           32           1.930       242176        15136
        3784           64           3.530       484352        30272
        3784          128           6.530       968704        60544
        3784          256          13.070      1937408       121088
        3784          512          25.180      3874816       242176
        3784         1024          49.880      7749632       484352
        3784         2048         105.101     15499264       968704
        3784         4096         198.500     30998528      1937408
        3784         8192         404.120     61997056      3874816
        3784        16384         799.041    123994112      7749632
        3784        32768        1656.021    247988224     15499264
        3784        65536        3205.932    495976448     30998528
        3784       131072        6437.205    991952896     61997056
        3784       262144       12965.720   1983905792    123994112
        4160            1           1.030         8320          520
        4160            2           0.590        16640         1040
        4160            4           0.780        33280         2080
        4160            8           1.060        66560         4160
        4160           16           1.640       133120         8320
        4160           32           2.860       266240        16640
        4160           64           5.280       532480        33280
        4160          128          10.100      1064960        66560
        4160          256          17.030      2129920       133120
        4160          512          27.940      4259840       266240
        4160         1024          56.470      8519680       532480
        4160         2048         110.760     17039360      1064960
        4160         4096         237.620     34078720      2129920
        4160         8192         446.850     68157440      4259840
        4160        16384         912.541    136314880      8519680
        4160        32768        1812.471    272629760     17039360
        4160        65536        3612.133    545259520     34078720
        4160       131072        7222.555   1090519040     68157440
        4576            1           1.110         9152          572
        4576            2           0.470        18304         1144
        4576            4           0.600        36608         2288
        4576            8           0.840        73216         4576
        4576           16           1.300       146432         9152
        4576           32           2.270       292864        18304
        4576           64           4.150       585728        36608
        4576          128           7.800      1171456        73216
        4576          256          15.400      2342912       146432
        4576          512          30.160      4685824       292864
        4576         1024          60.120      9371648       585728
        4576         2048         127.650     18743296      1171456
        4576         4096         237.800     37486592      2342912
        4576         8192         477.471     74973184      4685824
        4576        16384         959.560    149946368      9371648
        4576        32768        1923.252    299892736     18743296
        4576        65536        3868.163    599785472     37486592
        4576       131072        7728.676   1199570944     74973184
        5032            1           1.070        10064          629
        5032            2           0.670        20128         1258
        5032            4           0.840        40256         2516
        5032            8           1.230        80512         5032
        5032           16           1.950       161024        10064
        5032           32           3.340       322048        20128
        5032           64           6.260       644096        40256
        5032          128          12.310      1288192        80512
        5032          256          23.540      2576384       161024
        5032          512          33.760      5152768       322048
        5032         1024          67.180     10305536       644096
        5032         2048         134.020     20611072      1288192
        5032         4096         276.160     41222144      2576384
        5032         8192         535.031     82444288      5152768
        5032        16384        1081.901    164888576     10305536
        5032        32768        2179.661    329777152     20611072
        5032        65536        4355.413    659554304     41222144
        5032       131072        8644.907   1319108608     82444288
        5528            1           1.190        11056          691
        5528            2           0.520        22112         1382
        5528            4           0.650        44224         2764
        5528            8           0.960        88448         5528
        5528           16           1.500       176896        11056
        5528           32           2.640       353792        22112
        5528           64           4.900       707584        44224
        5528          128           9.710      1415168        88448
        5528          256          19.050      2830336       176896
        5528          512          37.791      5660672       353792
        5528         1024          75.230     11321344       707584
        5528         2048         145.390     22642688      1415168
        5528         4096         296.030     45285376      2830336
        5528         8192         580.450     90570752      5660672
        5528        16384        1392.581    181141504     11321344
        5528        32768        2393.022    362283008     22642688
        5528        65536        4752.444    724566016     45285376
        5528       131072        9517.807   1449132032     90570752
        6080            1           1.050        12160          760
        6080            2           0.540        24320         1520
        6080            4           0.710        48640         3040
        6080            8           1.010        97280         6080
        6080           16           1.620       194560        12160
        6080           32           2.880       389120        24320
        6080           64           5.390       778240        48640
        6080          128          10.410      1556480        97280
        6080          256          20.660      3112960       194560
        6080          512          40.560      6225920       389120
        6080         1024          80.750     12451840       778240
        6080         2048         162.680     24903680      1556480
        6080         4096         324.670     49807360      3112960
        6080         8192         649.641     99614720      6225920
        6080        16384        1305.121    199229440     12451840
        6080        32768        2597.451    398458880     24903680
        6080        65536        5195.234    796917760     49807360
        6080       131072       10382.048   1593835520     99614720
        6688            1           1.140        13376          836
        6688            2           0.560        26752         1672
        6688            4           0.740        53504         3344
        6688            8           1.070       107008         6688
        6688           16           1.750       214016        13376
        6688           32           3.120       428032        26752
        6688           64           5.970       856064        53504
        6688          128          11.590      1712128       107008
        6688          256          22.220      3424256       214016
        6688          512          45.300      6848512       428032
        6688         1024          87.711     13697024       856064
        6688         2048         180.110     27394048      1712128
        6688         4096         363.750     54788096      3424256
        6688         8192         704.551    109576192      6848512
        6688        16384        1416.871    219152384     13697024
        6688        32768        2805.122    438304768     27394048
        6688        65536        5639.664    876609536     54788096
        6688       131072       11317.048   1753219072    109576192
        7352            1           1.370        14704          919
        7352            2           0.580        29408         1838
        7352            4           0.800        58816         3676
        7352            8           1.200       117632         7352
        7352           16           1.900       235264        14704
        7352           32           3.420       470528        29408
        7352           64           6.390       941056        58816
        7352          128          12.470      1882112       117632
        7352          256          24.590      3764224       235264
        7352          512          48.370      7528448       470528
        7352         1024          96.870     15056896       941056
        7352         2048         194.050     30113792      1882112
        7352         4096         389.330     60227584      3764224
        7352         8192         774.821    120455168      7528448
        7352        16384        1538.621    240910336     15056896
        7352        32768        3123.412    481820672     30113792
        7352        65536        6201.565    963641344     60227584
        7352       131072       12527.549   1927282688    120455168
        8080            1           1.570        16160         1010
        8080            2           0.680        32320         2020
        8080            4           0.830        64640         4040
        8080            8           1.280       129280         8080
        8080           16           2.080       258560        16160
        8080           32           3.740       517120        32320
        8080           64           7.080      1034240        64640
        8080          128          13.670      2068480       129280
        8080          256          28.170      4136960       258560
        8080          512          55.990      8273920       517120
        8080         1024         120.050     16547840      1034240
        8080         2048         214.050     33095680      2068480
        8080         4096         445.391     66191360      4136960
        8080         8192         865.160    132382720      8273920
        8080        16384        1788.451    264765440     16547840
        8080        32768        3444.333    529530880     33095680
        8080        65536        6992.945   1059061760     66191360
        8080       131072       13940.001   2118123520    132382720
        8888            1           1.410        17776         1111
        8888            2           0.610        35552         2222
        8888            4           0.870        71104         4444
        8888            8           1.340       142208         8888
        8888           16           2.230       284416        17776
        8888           32           4.130       568832        35552
        8888           64           7.830      1137664        71104
        8888          128          15.280      2275328       142208
        8888          256          30.160      4550656       284416
        8888          512          59.940      9101312       568832
        8888         1024         119.490     18202624      1137664
        8888         2048         243.240     36405248      2275328
        8888         4096         465.920     72810496      4550656
        8888         8192         934.291    145620992      9101312
        8888        16384        1875.481    291241984     18202624
        8888        32768        3801.383    582483968     36405248
        8888        65536        7627.586   1164967936     72810496
        9776            1           1.620        19552         1222
        9776            2           0.660        39104         2444
        9776            4           0.920        78208         4888
        9776            8           1.450       156416         9776
        9776           16           2.440       312832        19552
        9776           32           4.600       625664        39104
        9776           64           8.470      1251328        78208
        9776          128          16.510      2502656       156416
        9776          256          32.610      5005312       312832
        9776          512          64.770     10010624       625664
        9776         1024         129.241     20021248      1251328
        9776         2048         257.810     40042496      2502656
        9776         4096         521.610     80084992      5005312
        9776         8192        1049.161    160169984     10010624
        9776        16384        2055.881    320339968     20021248
        9776        32768        4147.694    640679936     40042496
        9776        65536        8328.726   1281359872     80084992
       10752            1           2.010        21504         1344
       10752            2           0.940        43008         2688
       10752            4           1.330        86016         5376
       10752            8           2.100       172032        10752
       10752           16           3.600       344064        21504
       10752           32           6.940       688128        43008
       10752           64          12.690      1376256        86016
       10752          128          26.120      2752512       172032
       10752          256          35.730      5505024       344064
       10752          512          70.460     11010048       688128
       10752         1024         140.521     22020096      1376256
       10752         2048         286.400     44040192      2752512
       10752         4096         565.280     88080384      5505024
       10752         8192        1173.211    176160768     11010048
       10752        16384        2263.312    352321536     22020096
       10752        32768        4500.953    704643072     44040192
       10752        65536        9110.237   1409286144     88080384
       11824            1           1.840        23648         1478
       11824            2           0.740        47296         2956
       11824            4           1.060        94592         5912
       11824            8           2.040       189184        11824
       11824           16           2.960       378368        23648
       11824           32           5.290       756736        47296
       11824           64          10.150      1513472        94592
       11824          128          19.890      3026944       189184
       11824          256          48.100      6053888       378368
       11824          512          82.310     12107776       756736
       11824         1024         164.231     24215552      1513472
       11824         2048         312.890     48431104      3026944
       11824         4096         647.930     96862208      6053888
       11824         8192        1245.331    193724416     12107776
       11824        16384        2532.552    387448832     24215552
       11824        32768        5097.694    774897664     48431104
       11824        65536       10053.417   1549795328     96862208
       13000            1           1.740        26000         1625
       13000            2           0.780        52000         3250
       13000            4           1.130       104000         6500
       13000            8           1.830       208000        13000
       13000           16           3.230       416000        26000
       13000           32           5.920       832000        52000
       13000           64          11.160      1664000       104000
       13000          128          22.410      3328000       208000
       13000          256          44.340      6656000       416000
       13000          512          88.400     13312000       832000
       13000         1024         171.570     26624000      1664000
       13000         2048         351.440     53248000      3328000
       13000         4096         687.331    106496000      6656000
       13000         8192        1409.641    212992000     13312000
       13000        16384        2797.402    425984000     26624000
       13000        32768        5512.164    851968000     53248000
       13000        65536       10938.748   1703936000    106496000
       14296            1           1.910        28592         1787
       14296            2           0.830        57184         3574
       14296            4           1.210       114368         7148
       14296            8           1.940       228736        14296
       14296           16           3.480       457472        28592
       14296           32           6.330       914944        57184
       14296           64          12.170      1829888       114368
       14296          128          23.760      3659776       228736
       14296          256          48.750      7319552       457472
       14296          512          97.040     14639104       914944
       14296         1024         195.300     29278208      1829888
       14296         2048         372.710     58556416      3659776
       14296         4096         748.971    117112832      7319552
       14296         8192        1497.791    234225664     14639104
       14296        16384        2997.592    468451328     29278208
       14296        32768        6024.395    936902656     58556416
       14296        65536       12113.409   1873805312    117112832
       15720            1           2.010        31440         1965
       15720            2           1.130        62880         3930
       15720            4           1.670       125760         7860
       15720            8           2.940       251520        15720
       15720           16           5.120       503040        31440
       15720           32           7.110      1006080        62880
       15720           64          13.310      2012160       125760
       15720          128          26.420      4024320       251520
       15720          256          51.710      8048640       503040
       15720          512         104.230     16097280      1006080
       15720         1024         213.341     32194560      2012160
       15720         2048         416.020     64389120      4024320
       15720         4096         850.860    128778240      8048640
       15720         8192        1667.652    257556480     16097280
       15720        16384        3312.622    515112960     32194560
       15720        32768        6746.035   1030225920     64389120
       15720        65536       13486.750   2060451840    128778240
       17288            1           2.490        34576         2161
       17288            2           0.950        69152         4322
       17288            4           1.420       138304         8644
       17288            8           2.300       276608        17288
       17288           16           4.080       553216        34576
       17288           32           7.580      1106432        69152
       17288           64          14.620      2212864       138304
       17288          128          28.690      4425728       276608
       17288          256          56.860      8851456       553216
       17288          512         113.590     17702912      1106432
       17288         1024         230.230     35405824      2212864
       17288         2048         451.610     70811648      4425728
       17288         4096         903.951    141623296      8851456
       17288         8192        1809.801    283246592     17702912
       17288        16384        3625.003    566493184     35405824
       17288        32768        7260.186   1132986368     70811648
       19016            1           3.180        38032         2377
       19016            2           1.030        76064         4754
       19016            4           1.510       152128         9508
       19016            8           2.540       304256        19016
       19016           16           4.450       608512        38032
       19016           32           8.340      1217024        76064
       19016           64          15.990      2434048       152128
       19016          128          31.460      4868096       304256
       19016          256          62.340      9736192       608512
       19016          512         128.740     19472384      1217024
       19016         1024         256.700     38944768      2434048
       19016         2048         494.871     77889536      4868096
       19016         4096        1014.631    155779072      9736192
       19016         8192        2025.771    311558144     19472384
       19016        16384        4035.543    623116288     38944768
       19016        32768        8015.166   1246232576     77889536
       20912            1           2.770        41824         2614
       20912            2           1.100        83648         5228
       20912            4           1.690       167296        10456
       20912            8           2.700       334592        20912
       20912           16          13.870       669184        41824
       20912           32           9.160      1338368        83648
       20912           64          17.710      2676736       167296
       20912          128          34.810      5353472       334592
       20912          256          68.720     10706944       669184
       20912          512         138.450     21413888      1338368
       20912         1024         276.340     42827776      2676736
       20912         2048         552.100     85655552      5353472
       20912         4096        1116.191    171311104     10706944
       20912         8192        2222.242    342622208     21413888
       20912        16384        4457.813    685244416     42827776
       20912        32768        8861.507   1370488832     85655552
       23000            1           2.700        46000         2875
       23000            2           1.190        92000         5750
       23000            4           1.760       184000        11500
       23000            8           2.990       368000        23000
       23000           16           5.340       736000        46000
       23000           32           9.960      1472000        92000
       23000           64          19.660      2944000       184000
       23000          128          38.080      5888000       368000
       23000          256          75.360     11776000       736000
       23000          512         150.120     23552000      1472000
       23000         1024         310.931     47104000      2944000
       23000         2048         624.990     94208000      5888000
       23000         4096        1233.831    188416000     11776000
       23000         8192        2473.682    376832000     23552000
       23000        16384        4862.794    753664000     47104000
       23000        32768        9819.927   1507328000     94208000
       25296            1           2.860        50592         3162
       25296            2           1.270       101184         6324
       25296            4           1.920       202368        12648
       25296            8           3.230       404736        25296
       25296           16           6.040       809472        50592
       25296           32          10.970      1618944       101184
       25296           64          21.310      3237888       202368
       25296          128          52.000      6475776       404736
       25296          256          88.900     12951552       809472
       25296          512         166.120     25903104      1618944
       25296         1024         354.391     51806208      3237888
       25296         2048         686.260    103612416      6475776
       25296         4096        1373.421    207224832     12951552
       25296         8192        2826.512    414449664     25903104
       25296        16384        5501.514    828899328     51806208
       25296        32768       10723.668   1657798656    103612416
       27824            1           3.570        55648         3478
       27824            2           1.450       111296         6956
       27824            4           2.080       222592        13912
       27824            8           3.490       445184        27824
       27824           16           6.330       890368        55648
       27824           32          12.620      1780736       111296
       27824           64          23.550      3561472       222592
       27824          128          46.120      7122944       445184
       27824          256          97.690     14245888       890368
       27824          512         194.870     28491776      1780736
       27824         1024         367.430     56983552      3561472
       27824         2048         764.781    113967104      7122944
       27824         4096        1528.791    227934208     14245888
       27824         8192        2924.172    455868416     28491776
       27824        16384        6039.045    911736832     56983552
       27824        32768       12030.129   1823473664    113967104
       30600            1           3.080        61200         3825
       30600            2           1.580       122400         7650
       30600            4           2.320       244800        15300
       30600            8           3.890       489600        30600
       30600           16           7.140       979200        61200
       30600           32          13.160      1958400       122400
       30600           64          25.660      3916800       244800
       30600          128          54.030      7833600       489600
       30600          256         107.530     15667200       979200
       30600          512         214.520     31334400      1958400
       30600         1024         407.451     62668800      3916800
       30600         2048         800.210    125337600      7833600
       30600         4096        1612.632    250675200     15667200
       30600         8192        3206.432    501350400     31334400
       30600        16384        6482.175   1002700800     62668800
       30600        32768       13407.220   2005401600    125337600
       33656            1           3.810        67312         4207
       33656            2           1.820       134624         8414
       33656            4           2.610       269248        16828
       33656            8           4.280       538496        33656
       33656           16           7.860      1076992        67312
       33656           32          14.650      2153984       134624
       33656           64          28.350      4307968       269248
       33656          128          58.360      8615936       538496
       33656          256         124.990     17231872      1076992
       33656          512         224.100     34463744      2153984
       33656         1024         444.641     68927488      4307968
       33656         2048         930.790    137854976      8615936
       33656         4096        1790.532    275709952     17231872
       33656         8192        3563.703    551419904     34463744
       33656        16384        7171.605   1102839808     68927488
       37016            1           4.420        74032         4627
       37016            2           2.080       148064         9254
       37016            4           2.950       296128        18508
       37016            8           4.900       592256        37016
       37016           16           8.640      1184512        74032
       37016           32          16.440      2369024       148064
       37016           64          31.740      4738048       296128
       37016          128          62.880      9476096       592256
       37016          256         130.810     18952192      1184512
       37016          512         246.811     37904384      2369024
       37016         1024         496.150     75808768      4738048
       37016         2048         978.261    151617536      9476096
       37016         4096        1980.491    303235072     18952192
       37016         8192        3954.893    606470144     37904384
       37016        16384        7959.026   1212940288     75808768
       40712            1           4.200        81424         5089
       40712            2           2.170       162848        10178
       40712            4           3.210       325696        20356
       40712            8           5.340       651392        40712
       40712           16           9.570      1302784        81424
       40712           32          18.030      2605568       162848
       40712           64          35.110      5211136       325696
       40712          128          67.811     10422272       651392
       40712          256         162.740     20844544      1302784
       40712          512         269.460     41689088      2605568
       40712         1024         537.230     83378176      5211136
       40712         2048        1093.541    166756352     10422272
       40712         4096        2157.112    333512704     20844544
       40712         8192        4320.613    667025408     41689088
       40712        16384        8665.357   1334050816     83378176
       44776            1           4.640        89552         5597
       44776            2           2.360       179104        11194
       44776            4           3.610       358208        22388
       44776            8           5.810       716416        44776
       44776           16          10.370      1432832        89552
       44776           32          19.620      2865664       179104
       44776           64          38.140      5731328       358208
       44776          128          74.940     11462656       716416
       44776          256         151.860     22925312      1432832
       44776          512         300.600     45850624      2865664
       44776         1024         615.461     91701248      5731328
       44776         2048        1194.271    183402496     11462656
       44776         4096        2373.212    366804992     22925312
       44776         8192        4793.283    733609984     45850624
       44776        16384        9542.347   1467219968     91701248
       49248            1           5.200        98496         6156
       49248            2           3.440       196992        12312
       49248            4           5.250       393984        24624
       49248            8           8.770       787968        49248
       49248           16          15.810      1575936        98496
       49248           32          29.710      3151872       196992
       49248           64          42.270      6303744       393984
       49248          128          82.840     12607488       787968
       49248          256         162.230     25214976      1575936
       49248          512         336.360     50429952      3151872
       49248         1024         675.271    100859904      6303744
       49248         2048        1314.471    201719808     12607488
       49248         4096        2627.602    403439616     25214976
       49248         8192        5305.534    806879232     50429952
       49248        16384       10515.837   1613758464    100859904
       54168            1           6.200       108336         6771
       54168            2           2.860       216672        13542
       54168            4           4.180       433344        27084
       54168            8           7.050       866688        54168
       54168           16          12.480      1733376       108336
       54168           32          33.530      3466752       216672
       54168           64          46.380      6933504       433344
       54168          128          91.220     13867008       866688
       54168          256         182.240     27734016      1733376
       54168          512         365.951     55468032      3466752
       54168         1024         728.430    110936064      6933504
       54168         2048        1446.951    221872128     13867008
       54168         4096        2881.573    443744256     27734016
       54168         8192        5802.924    887488512     55468032
       54168        16384       11640.959   1774977024    110936064
       59584            1           6.430       119168         7448
       59584            2           3.000       238336        14896
       59584            4           4.560       476672        29792
       59584            8           7.590       953344        59584
       59584           16          13.750      1906688       119168
       59584           32          25.940      3813376       238336
       59584           64          50.680      7626752       476672
       59584          128          99.880     15253504       953344
       59584          256         201.860     30507008      1906688
       59584          512         393.791     61014016      3813376
       59584         1024         791.650    122028032      7626752
       59584         2048        1569.261    244056064     15253504
       59584         4096        3157.973    488112128     30507008
       59584         8192        6304.135    976224256     61014016
       59584        16384       12605.619   1952448512    122028032
       65536            1           6.720       131072         8192
       65536            2           3.290       262144        16384
       65536            4           4.950       524288        32768
       65536            8           8.350      1048576        65536
       65536           16          15.130      2097152       131072
       65536           32          28.770      4194304       262144
       65536           64          55.570      8388608       524288
       65536          128         109.770     16777216      1048576
       65536          256         219.221     33554432      2097152
       65536          512         434.600     67108864      4194304
       65536         1024         869.051    134217728      8388608
       65536         2048        1739.771    268435456     16777216
       65536         4096        3459.443    536870912     33554432
       65536         8192        6928.345   1073741824     67108864
       65536        16384       13854.890   2147483648    134217728
       72088            1           7.370       144176         9011
       72088            2           3.590       288352        18022
       72088            4           5.580       576704        36044
       72088            8           9.220      1153408        72088
       72088           16          16.780      2306816       144176
       72088           32          31.470      4613632       288352
       72088           64          61.410      9227264       576704
       72088          128         119.530     18454528      1153408
       72088          256         246.490     36909056      2306816
       72088          512         479.180     73818112      4613632
       72088         1024         973.531    147636224      9227264
       72088         2048        1902.772    295272448     18454528
       72088         4096        3841.772    590544896     36909056
       72088         8192        7626.326   1181089792     73818112
       79296            1           7.760       158592         9912
       79296            2           3.920       317184        19824
       79296            4           5.930       634368        39648
       79296            8           9.970      1268736        79296
       79296           16          18.190      2537472       158592
       79296           32          34.500      5074944       317184
       79296           64          66.970     10149888       634368
       79296          128         131.670     20299776      1268736
       79296          256         260.760     40599552      2537472
       79296          512         527.720     81199104      5074944
       79296         1024        1051.261    162398208     10149888
       79296         2048        2084.922    324796416     20299776
       79296         4096        4194.503    649592832     40599552
       79296         8192        8380.496   1299185664     81199104
       87224            1           8.320       174448        10903
       87224            2           4.360       348896        21806
       87224            4           6.510       697792        43612
       87224            8          11.000      1395584        87224
       87224           16          20.060      2791168       174448
       87224           32          37.990      5582336       348896
       87224           64          75.580     11164672       697792
       87224          128         144.441     22329344      1395584
       87224          256         289.460     44658688      2791168
       87224          512         580.880     89317376      5582336
       87224         1024        1176.771    178634752     11164672
       87224         2048        2313.582    357269504     22329344
       87224         4096        4613.203    714539008     44658688
       87224         8192        9220.037   1429078016     89317376
       95944            1           9.340       191888        11993
       95944            2           4.660       383776        23986
       95944            4           7.110       767552        47972
       95944            8          12.030      1535104        95944
       95944           16          21.860      3070208       191888
       95944           32          41.360      6140416       383776
       95944           64          80.540     12280832       767552
       95944          128         159.090     24561664      1535104
       95944          256         317.720     49123328      3070208
       95944          512         635.430     98246656      6140416
       95944         1024        1268.541    196493312     12280832
       95944         2048        2531.662    392986624     24561664
       95944         4096        5050.134    785973248     49123328
       95944         8192       10112.158   1571946496     98246656
      105536            1          10.380       211072        13192
      105536            2           5.190       422144        26384
      105536            4           7.790       844288        52768
      105536            8          13.220      1688576       105536
      105536           16          23.900      3377152       211072
      105536           32          45.620      6754304       422144
      105536           64          88.600     13508608       844288
      105536          128         180.280     27017216      1688576
      105536          256         348.841     54034432      3377152
      105536          512         697.880    108068864      6754304
      105536         1024        1386.561    216137728     13508608
      105536         2048        2782.992    432275456     27017216
      105536         4096        5575.494    864550912     54034432
      105536         8192       11139.639   1729101824    108068864
      116088            1          11.250       232176        14511
      116088            2           5.590       464352        29022
      116088            4           8.610       928704        58044
      116088            8          14.560      1857408       116088
      116088           16          26.760      3714816       232176
      116088           32          49.930      7429632       464352
      116088           64          98.090     14859264       928704
      116088          128         193.311     29718528      1857408
      116088          256         393.120     59437056      3714816
      116088          512         760.000    118874112      7429632
      116088         1024        1564.252    237748224     14859264
      116088         2048        3111.722    475496448     29718528
      116088         4096        6112.194    950992896     59437056
      116088         8192       12268.640   1901985792    118874112
      127696            1          12.540       255392        15962
      127696            2           8.020       510784        31924
      127696            4          13.080      1021568        63848
      127696            8          21.980      2043136       127696
      127696           16          36.210      4086272       255392
      127696           32          55.330      8172544       510784
      127696           64         111.600     16345088      1021568
      127696          128         214.670     32690176      2043136
      127696          256         435.511     65380352      4086272
      127696          512         850.100    130760704      8172544
      127696         1024        1685.771    261521408     16345088
      127696         2048        3413.013    523042816     32690176
      127696         4096        6737.125   1046085632     65380352
      127696         8192       13663.860   2092171264    130760704
      140464            1          13.910       280928        17558
      140464            2           8.830       561856        35116
      140464            4          14.060      1123712        70232
      140464            8          24.140      2247424       140464
      140464           16          40.390      4494848       280928
      140464           32          61.040      8989696       561856
      140464           64         127.860     17979392      1123712
      140464          128         234.720     35958784      2247424
      140464          256         460.751     71917568      4494848
      140464          512         950.710    143835136      8989696
      140464         1024        1861.442    287670272     17979392
      140464         2048        3723.612    575340544     35958784
      140464         4096        7437.836   1150681088     71917568
      154504            1          14.740       309008        19313
      154504            2           7.330       618016        38626
      154504            4          11.300      1236032        77252
      154504            8          19.270      2472064       154504
      154504           16          35.040      4944128       309008
      154504           32          66.651      9888256       618016
      154504           64         130.260     19776512      1236032
      154504          128         254.930     39553024      2472064
      154504          256         512.010     79106048      4944128
      154504          512        1023.421    158212096      9888256
      154504         1024        2049.211    316424192     19776512
      154504         2048        4061.494    632848384     39553024
      154504         4096        8158.916   1265696768     79106048
      169952            1          16.370       339904        21244
      169952            2           8.040       679808        42488
      169952            4          12.550      1359616        84976
      169952            8          21.020      2719232       169952
      169952           16          38.930      5438464       339904
      169952           32          81.530     10876928       679808
      169952           64         142.030     21753856      1359616
      169952          128         283.130     43507712      2719232
      169952          256         586.221     87015424      5438464
      169952          512        1113.080    174030848     10876928
      169952         1024        2275.842    348061696     21753856
      169952         2048        4579.684    696123392     43507712
      169952         4096        9079.226   1392246784     87015424
      186944            1          18.570       373888        23368
      186944            2           8.790       747776        46736
      186944            4          13.570      1495552        93472
      186944            8          23.220      2991104       186944
      186944           16          42.520      5982208       373888
      186944           32          80.610     11964416       747776
      186944           64         156.390     23928832      1495552
      186944          128         314.980     47857664      2991104
      186944          256         615.421     95715328      5982208
      186944          512        1228.351    191430656     11964416
      186944         1024        2459.872    382861312     23928832
      186944         2048        4912.823    765722624     47857664
      186944         4096        9828.288   1531445248     95715328
      205632            1          19.880       411264        25704
      205632            2           9.660       822528        51408
      205632            4          15.050      1645056       102816
      205632            8          25.440      3290112       205632
      205632           16          46.700      6580224       411264
      205632           32          88.720     13160448       822528
      205632           64         171.980     26320896      1645056
      205632          128         345.840     52641792      3290112
      205632          256         681.621    105283584      6580224
      205632          512        1354.631    210567168     13160448
      205632         1024        2711.302    421134336     26320896
      205632         2048        5401.294    842268672     52641792
      205632         4096       10832.308   1684537344    105283584
      226192            1          21.590       452384        28274
      226192            2          10.640       904768        56548
      226192            4          16.770      1809536       113096
      226192            8          28.330      3619072       226192
      226192           16          50.890      7238144       452384
      226192           32          98.030     14476288       904768
      226192           64         190.940     28952576      1809536
      226192          128         380.530     57905152      3619072
      226192          256         745.251    115810304      7238144
      226192          512        1500.321    231620608     14476288
      226192         1024        2986.692    463241216     28952576
      226192         2048        5981.054    926482432     57905152
      226192         4096       12033.499   1852964864    115810304
      248808            1          24.450       497616        31101
      248808            2          11.690       995232        62202
      248808            4          18.020      1990464       124404
      248808            8          30.830      3980928       248808
      248808           16          57.140      7961856       497616
      248808           32         115.850     15923712       995232
      248808           64         207.680     31847424      1990464
      248808          128         412.600     63694848      3980928
      248808          256         821.421    127389696      7961856
      248808          512        1646.361    254779392     15923712
      248808         1024        3301.543    509558784     31847424
      248808         2048        6595.425   1019117568     63694848
      248808         4096       13266.630   2038235136    127389696
      273688            1          26.720       547376        34211
      273688            2          12.880      1094752        68422
      273688            4          19.800      2189504       136844
      273688            8          34.581      4379008       273688
      273688           16          62.630      8758016       547376
      273688           32         123.260     17516032      1094752
      273688           64         229.700     35032064      2189504
      273688          128         471.060     70064128      4379008
      273688          256         908.061    140128256      8758016
      273688          512        1894.771    280256512     17516032
      273688         1024        3695.253    560513024     35032064
      273688         2048        7313.016   1121026048     70064128
      301056            1          28.280       602112        37632
      301056            2          14.050      1204224        75264
      301056            4          21.820      2408448       150528
      301056            8          37.170      4816896       301056
      301056           16          67.760      9633792       602112
      301056           32         131.400     19267584      1204224
      301056           64         253.300     38535168      2408448
      301056          128         501.301     77070336      4816896
      301056          256         993.660    154140672      9633792
      301056          512        1992.222    308281344     19267584
      301056         1024        3989.293    616562688     38535168
      301056         2048        7962.946   1233125376     77070336
      331160            1          30.320       662320        41395
      331160            2          15.520      1324640        82790
      331160            4          24.170      2649280       165580
      331160            8          40.990      5298560       331160
      331160           16          76.091     10597120       662320
      331160           32         151.150     21194240      1324640
      331160           64         277.920     42388480      2649280
      331160          128         579.810     84776960      5298560
      331160          256        1100.541    169553920     10597120
      331160          512        2222.962    339107840     21194240
      331160         1024        4449.023    678215680     42388480
      331160         2048        8966.407   1356431360     84776960
      364272            1          34.220       728544        45534
      364272            2          17.250      1457088        91068
      364272            4          26.270      2914176       182136
      364272            8          45.100      5828352       364272
      364272           16          82.620     11656704       728544
      364272           32         161.181     23313408      1457088
      364272           64         307.730     46626816      2914176
      364272          128         611.570     93253632      5828352
      364272          256        1244.551    186507264     11656704
      364272          512        2442.072    373014528     23313408
      364272         1024        4822.854    746029056     46626816
      364272         2048        9590.367   1492058112     93253632
      400696            1          38.450       801392        50087
      400696            2          18.910      1602784       100174
      400696            4          29.060      3205568       200348
      400696            8          49.241      6411136       400696
      400696           16          91.190     12822272       801392
      400696           32         173.400     25644544      1602784
      400696           64         334.370     51289088      3205568
      400696          128         672.610    102578176      6411136
      400696          256        1387.791    205156352     12822272
      400696          512        2648.492    410312704     25644544
      400696         1024        5266.844    820625408     51289088
      400696         2048       10647.588   1641250816    102578176
      440760            1          41.960       881520        55095
      440760            2          20.810      1763040       110190
      440760            4          32.230      3526080       220380
      440760            8          54.290      7052160       440760
      440760           16         100.770     14104320       881520
      440760           32         199.270     28208640      1763040
      440760           64         386.220     56417280      3526080
      440760          128         734.131    112834560      7052160
      440760          256        1456.851    225669120     14104320
      440760          512        2949.262    451338240     28208640
      440760         1024        5863.304    902676480     56417280
      440760         2048       11800.489   1805352960    112834560
      484832            1          46.750       969664        60604
      484832            2          22.910      1939328       121208
      484832            4          35.640      3878656       242416
      484832            8          60.650      7757312       484832
      484832           16         109.970     15514624       969664
      484832           32         219.420     31029248      1939328
      484832           64         405.690     62058496      3878656
      484832          128         811.531    124116992      7757312
      484832          256        1601.001    248233984     15514624
      484832          512        3248.243    496467968     31029248
      484832         1024        6417.204    992935936     62058496
      484832         2048       13029.640   1985871872    124116992
      533312            1          50.470      1066624        66664
      533312            2          25.550      2133248       133328
      533312            4          39.430      4266496       266656
      533312            8          67.431      8532992       533312
      533312           16         130.900     17065984      1066624
      533312           32         235.720     34131968      2133248
      533312           64         458.160     68263936      4266496
      533312          128         909.311    136527872      8532992
      533312          256        1811.291    273055744     17065984
      533312          512        3605.413    546111488     34131968
      533312         1024        7208.455   1092222976     68263936
      586640            1          53.530      1173280        73330
      586640            2          28.360      2346560       146660
      586640            4          43.960      4693120       293320
      586640            8          75.590      9386240       586640
      586640           16         145.240     18772480      1173280
      586640           32         263.890     37544960      2346560
      586640           64         515.521     75089920      4693120
      586640          128        1023.740    150179840      9386240
      586640          256        2033.332    300359680     18772480
      586640          512        4040.223    600719360     37544960
      586640         1024        8084.476   1201438720     75089920
      645304            1          59.830      1290608        80663
      645304            2          30.580      2581216       161326
      645304            4          48.000      5162432       322652
      645304            8          83.081     10324864       645304
      645304           16         152.270     20649728      1290608
      645304           32         293.850     41299456      2581216
      645304           64         567.250     82598912      5162432
      645304          128        1123.421    165197824     10324864
      645304          256        2234.392    330395648     20649728
      645304          512        4455.223    660791296     41299456
      645304         1024        8898.997   1321582592     82598912
      709832            1          64.400      1419664        88729
      709832            2          33.860      2839328       177458
      709832            4          52.450      5678656       354916
      709832            8          90.260     11357312       709832
      709832           16         165.960     22714624      1419664
      709832           32         319.411     45429248      2839328
      709832           64         617.310     90858496      5678656
      709832          128        1226.061    181716992     11357312
      709832          256        2428.072    363433984     22714624
      709832          512        4865.083    726867968     45429248
      709832         1024        9683.148   1453735936     90858496
      780808            1          70.610      1561616        97601
      780808            2          36.710      3123232       195202
      780808            4          57.150      6246464       390404
      780808            8          98.280     12492928       780808
      780808           16         187.710     24985856      1561616
      780808           32         343.291     49971712      3123232
      780808           64         668.930     99943424      6246464
      780808          128        1326.261    199886848     12492928
      780808          256        2658.682    399773696     24985856
      780808          512        5275.964    799547392     49971712
      780808         1024       10574.848   1599094784     99943424
      858888            1          77.800      1717776       107361
      858888            2          40.370      3435552       214722
      858888            4          62.800      6871104       429444
      858888            8         108.270     13742208       858888
      858888           16         198.771     27484416      1717776
      858888           32         382.840     54968832      3435552
      858888           64         741.820    109937664      6871104
      858888          128        1467.902    219875328     13742208
      858888          256        2918.092    439750656     27484416
      858888          512        5827.424    879501312     54968832
      858888         1024       11635.249   1759002624    109937664
      944776            1          85.580      1889552       118097
      944776            2          44.500      3779104       236194
      944776            4          69.060      7558208       472388
      944776            8         118.640     15116416       944776
      944776           16         217.741     30232832      1889552
      944776           32         420.050     60465664      3779104
      944776           64         814.411    120931328      7558208
      944776          128        1618.721    241862656     15116416
      944776          256        3207.352    483725312     30232832
      944776          512        6401.685    967450624     60465664
      944776         1024       12795.720   1934901248    120931328
     1039248            1          91.380      2078496       129906
     1039248            2          48.970      4156992       259812
     1039248            4          75.980      8313984       519624
     1039248            8         131.160     16627968      1039248
     1039248           16         240.480     33255936      2078496
     1039248           32         466.041     66511872      4156992
     1039248           64         904.100    133023744      8313984
     1039248          128        1786.152    266047488     16627968
     1039248          256        3545.892    532094976     33255936
     1039248          512        7061.586   1064189952     66511872
     1039248         1024       14109.880   2128379904    133023744
     1143168            1         100.380      2286336       142896
     1143168            2          53.990      4572672       285792
     1143168            4          90.581      9145344       571584
     1143168            8         143.610     18290688      1143168
     1143168           16         263.910     36581376      2286336
     1143168           32         503.040     73162752      4572672
     1143168           64         991.621    146325504      9145344
     1143168          128        1981.231    292651008     18290688
     1143168          256        3889.764    585302016     36581376
     1143168          512        7757.875   1170604032     73162752
     1257480            1         110.371      2514960       157185
     1257480            2          59.010      5029920       314370
     1257480            4          98.080     10059840       628740
     1257480            8         157.210     20119680      1257480
     1257480           16         290.320     40239360      2514960
     1257480           32         557.180     80478720      5029920
     1257480           64        1083.951    160957440     10059840
     1257480          128        2144.722    321914880     20119680
     1257480          256        4273.083    643829760     40239360
     1257480          512        8527.617   1287659520     80478720
     1383224            1         121.630      2766448       172903
     1383224            2          64.650      5532896       345806
     1383224            4         101.070     11065792       691612
     1383224            8         172.260     22131584      1383224
     1383224           16         322.060     44263168      2766448
     1383224           32         604.341     88526336      5532896
     1383224           64        1187.331    177052672     11065792
     1383224          128        2349.921    354105344     22131584
     1383224          256        4664.954    708210688     44263168
     1383224          512        9300.937   1416421376     88526336
     1521544            1         134.380      3043088       190193
     1521544            2          71.000      6086176       380386
     1521544            4         110.690     12172352       760772
     1521544            8         190.890     24344704      1521544
     1521544           16         356.651     48689408      3043088
     1521544           32         669.630     97378816      6086176
     1521544           64        1318.481    194757632     12172352
     1521544          128        2599.342    389515264     24344704
     1521544          256        5168.554    779030528     48689408
     1521544          512       10299.328   1558061056     97378816
     1673696            1         150.760      3347392       209212
     1673696            2          78.380      6694784       418424
     1673696            4         122.630     13389568       836848
     1673696            8         210.721     26779136      1673696
     1673696           16         390.290     53558272      3347392
     1673696           32         739.230    107116544      6694784
     1673696           64        1443.021    214233088     13389568
     1673696          128        2843.072    428466176     26779136
     1673696          256        5671.055    856932352     53558272
     1673696          512       11278.478   1713864704    107116544
     1841064            1         168.870      3682128       230133
     1841064            2          85.560      7364256       460266
     1841064            4         133.490     14728512       920532
     1841064            8         229.590     29457024      1841064
     1841064           16         426.391     58914048      3682128
     1841064           32         811.370    117828096      7364256
     1841064           64        1580.482    235656192     14728512
     1841064          128        3124.062    471312384     29457024
     1841064          256        6201.845    942624768     58914048
     1841064          512       12353.969   1885249536    117828096
     2025168            1         188.000      4050336       253146
     2025168            2          94.530      8100672       506292
     2025168            4         155.940     16201344      1012584
     2025168            8         252.841     32402688      2025168
     2025168           16         464.070     64805376      4050336
     2025168           32         889.561    129610752      8100672
     2025168           64        1736.871    259221504     16201344
     2025168          128        3452.772    518443008     32402688
     2025168          256        6832.276   1036886016     64805376
     2025168          512       13612.670   2073772032    129610752
     2227680            1         202.970      4455360       278460
     2227680            2         104.860      8910720       556920
     2227680            4         162.910     17821440      1113840
     2227680            8         278.940     35642880      2227680
     2227680           16         514.241     71285760      4455360
     2227680           32         985.910    142571520      8910720
     2227680           64        1911.632    285143040     17821440
     2227680          128        3799.333    570286080     35642880
     2227680          256        7562.235   1140572160     71285760
     2450448            1         224.491      4900896       306306
     2450448            2         122.800      9801792       612612
     2450448            4         179.350     19603584      1225224
     2450448            8         307.760     39207168      2450448
     2450448           16         570.020     78414336      4900896
     2450448           32        1082.591    156828672      9801792
     2450448           64        2121.312    313657344     19603584
     2450448          128        4183.983    627314688     39207168
     2450448          256        8311.306   1254629376     78414336
     2695488            1         247.010      5390976       336936
     2695488            2         126.700     10781952       673872
     2695488            4         196.850     21563904      1347744
     2695488            8         341.580     43127808      2695488
     2695488           16         621.951     86255616      5390976
     2695488           32        1186.911    172511232     10781952
     2695488           64        2325.761    345022464     21563904
     2695488          128        4578.524    690044928     43127808
     2695488          256        9133.857   1380089856     86255616
     2965032            1         275.480      5930064       370629
     2965032            2         139.051     11860128       741258
     2965032            4         222.880     23720256      1482516
     2965032            8         369.080     47440512      2965032
     2965032           16         679.200     94881024      5930064
     2965032           32        1310.331    189762048     11860128
     2965032           64        2546.302    379524096     23720256
     2965032          128        5047.834    759048192     47440512
     2965032          256        9984.268   1518096384     94881024
     3261528            1         306.330      6523056       407691
     3261528            2         153.010     13046112       815382
     3261528            4         245.351     26092224      1630764
     3261528            8         407.570     52184448      3261528
     3261528           16         748.610    104368896      6523056
     3261528           32        1434.662    208737792     13046112
     3261528           64        2787.462    417475584     26092224
     3261528          128        5520.884    834951168     52184448
     3261528          256       10980.058   1669902336    104368896
     3587680            1         351.730      7175360       448460
     3587680            2         168.390     14350720       896920
     3587680            4         261.310     28701440      1793840
     3587680            8         449.350     57402880      3587680
     3587680           16         828.871    114805760      7175360
     3587680           32        1586.421    229611520     14350720
     3587680           64        3096.143    459223040     28701440
     3587680          128        6138.114    918446080     57402880
     3587680          256       12099.839   1836892160    114805760
     3946448            1         378.581      7892896       493306
     3946448            2         186.380     15785792       986612
     3946448            4         287.070     31571584      1973224
     3946448            8         498.221     63143168      3946448
     3946448           16         904.740    126286336      7892896
     3946448           32        1730.361    252572672     15785792
     3946448           64        3422.023    505145344     31571584
     3946448          128        6695.585   1010290688     63143168
     3946448          256       13302.790   2020581376    126286336
     4341088            1         413.091      8682176       542636
     4341088            2         213.760     17364352      1085272
     4341088            4         318.330     34728704      2170544
     4341088            8         547.160     69457408      4341088
     4341088           16        1012.421    138914816      8682176
     4341088           32        1922.822    277829632     17364352
     4341088           64        3756.732    555659264     34728704
     4341088          128        7449.716   1111318528     69457408
     4775192            1         451.740      9550384       596899
     4775192            2         226.551     19100768      1193798
     4775192            4         355.240     38201536      2387596
     4775192            8         602.340     76403072      4775192
     4775192           16        1113.111    152806144      9550384
     4775192           32        2123.302    305612288     19100768
     4775192           64        4146.073    611224576     38201536
     4775192          128        8185.556   1222449152     76403072
     5252704            1         498.541     10505408       656588
     5252704            2         260.750     21010816      1313176
     5252704            4         389.780     42021632      2626352
     5252704            8         671.501     84043264      5252704
     5252704           16        1227.781    168086528     10505408
     5252704           32        2344.721    336173056     21010816
     5252704           64        4581.374    672346112     42021632
     5252704          128        9047.847   1344692224     84043264
     5777968            1         553.310     11555936       722246
     5777968            2         279.090     23111872      1444492
     5777968            4         429.241     46223744      2888984
     5777968            8         736.510     92447488      5777968
     5777968           16        1349.241    184894976     11555936
     5777968           32        2590.252    369789952     23111872
     5777968           64        5020.104    739579904     46223744
     5777968          128        9918.927   1479159808     92447488
     6355760            1         601.231     12711520       794470
     6355760            2         315.600     25423040      1588940
     6355760            4         473.460     50846080      3177880
     6355760            8         813.131    101692160      6355760
     6355760           16        1483.851    203384320     12711520
     6355760           32        2831.292    406768640     25423040
     6355760           64        5523.824    813537280     50846080
     6355760          128       10936.958   1627074560    101692160
     6991336            1         674.741     13982672       873917
     6991336            2         343.570     27965344      1747834
     6991336            4         531.381     55930688      3495668
     6991336            8         912.700    111861376      6991336
     6991336           16        1647.901    223722752     13982672
     6991336           32        3133.213    447445504     27965344
     6991336           64        6123.974    894891008     55930688
     6991336          128       12068.280   1789782016    111861376
     7690464            1         741.320     15380928       961308
     7690464            2         511.110     30761856      1922616
     7690464            4         764.671     61523712      3845232
     7690464            8        1274.971    123047424      7690464
     7690464           16        2296.642    246094848     15380928
     7690464           32        4396.703    492189696     30761856
     7690464           64        8520.826    984379392     61523712
     7690464          128       16596.393   1968758784    123047424
     8459504            1         806.770     16919008      1057438
     8459504            2         861.751     33838016      2114876
     8459504            4        1255.591     67676032      4229752
     8459504            8        2039.822    135352064      8459504
     8459504           16        3628.512    270704128     16919008
     8459504           32        6836.205    541408256     33838016
     8459504           64       13193.700   1082816512     67676032
     9305448            1         881.571     18610896      1163181
     9305448            2        1389.511     37221792      2326362
     9305448            4        2044.221     74443584      4652724
     9305448            8        3334.293    148887168      9305448
     9305448           16        5857.694    297774336     18610896
     9305448           32       10956.019    595548672     37221792
     9305448           64       21276.446   1191097344     74443584
    10235992            1         972.781     20471984      1279499
    10235992            2        1736.971     40943968      2558998
    10235992            4        2643.642     81887936      5117996
    10235992            8        4394.944    163775872     10235992
    10235992           16        7902.966    327551744     20471984
    10235992           32       14853.071    655103488     40943968
    10235992           64       28861.371   1310206976     81887936
    11259584            1        1058.471     22519168      1407448
    11259584            2        2029.231     45038336      2814896
    11259584            4        3114.772     90076672      5629792
    11259584            8        5292.024    180153344     11259584
    11259584           16        9517.948    360306688     22519168
    11259584           32       18049.243    720613376     45038336
    11259584           64       35024.296   1441226752     90076672
    12385536            1        1166.061     24771072      1548192
    12385536            2        2289.551     49542144      3096384
    12385536            4        3532.233     99084288      6192768
    12385536            8        5996.214    198168576     12385536
    12385536           16       10914.989    396337152     24771072
    12385536           32       20711.635    792674304     49542144
    12385536           64       40429.241   1585348608     99084288
    13624088            1        1279.881     27248176      1703011
    13624088            2        2540.282     54496352      3406022
    13624088            4        3907.643    108992704      6812044
    13624088            8        6609.565    217985408     13624088
    13624088           16       12126.129    435970816     27248176
    13624088           32       23011.197    871941632     54496352
    13624088           64       44848.554   1743883264    108992704
    14986496            1        1422.961     29972992      1873312
    14986496            2        2851.112     59945984      3746624
    14986496            4        4338.034    119891968      7493248
    14986496            8        7400.415    239783936     14986496
    14986496           16       13481.400    479567872     29972992
    14986496           32       25696.830    959135744     59945984
    14986496           64       49952.717   1918271488    119891968
    16485144            1        1533.821     32970288      2060643
    16485144            2        3062.432     65940576      4121286
    16485144            4        4966.504    131881152      8242572
    16485144            8        8019.896    263762304     16485144
    16485144           16       14680.321    527524608     32970288
    16485144           32       27997.991   1055049216     65940576
    16485144           64       54515.651   2110098432    131881152
    18133656            1        1690.342     36267312      2266707
    18133656            2        3371.052     72534624      4533414
    18133656            4        5202.384    145069248      9066828
    18133656            8        8865.387    290138496     18133656
    18133656           16       16183.612    580276992     36267312
    18133656           32       30818.443   1160553984     72534624
    19947016            1        1863.432     39894032      2493377
    19947016            2        3682.623     79788064      4986754
    19947016            4        5673.564    159576128      9973508
    19947016            8        9666.147    319152256     19947016
    19947016           16       17669.453    638304512     39894032
    19947016           32       33667.186   1276609024     79788064
    21941712            1        2051.032     43883424      2742714
    21941712            2        4066.923     87766848      5485428
    21941712            4        6328.944    175533696     10970856
    21941712            8       10782.378    351067392     21941712
    21941712           16       19670.435    702134784     43883424
    21941712           32       37484.308   1404269568     87766848
    24135880            1        2249.052     48271760      3016985
    24135880            2        4450.653     96543520      6033970
    24135880            4        6902.915    193087040     12067940
    24135880            8       11864.479    386174080     24135880
    24135880           16       21659.066    772348160     48271760
    24135880           32       41247.201   1544696320     96543520
    26549464            1        2496.202     53098928      3318683
    26549464            2        4914.014    106197856      6637366
    26549464            4        7619.556    212395712     13274732
    26549464            8       13005.829    424791424     26549464
    26549464           16       23834.678    849582848     53098928
    26549464           32       45449.524   1699165696    106197856
    29204408            1        2743.912     58408816      3650551
    29204408            2        5546.114    116817632      7301102
    29204408            4        8455.537    233635264     14602204
    29204408            8       14390.140    467270528     29204408
    29204408           16       26212.220    934541056     58408816
    29204408           32       49975.997   1869082112    116817632
    32124848            1        3018.382     64249696      4015606
    32124848            2        6021.925    128499392      8031212
    32124848            4        9298.617    256998784     16062424
    32124848            8       15834.832    513997568     32124848
    32124848           16       28801.562   1027995136     64249696
    32124848           32       54946.051   2055990272    128499392
    35337328            1        3343.733     70674656      4417166
    35337328            2        6675.545    141349312      8834332
    35337328            4       10326.928    282698624     17668664
    35337328            8       17552.983    565397248     35337328
    35337328           16       32028.664   1130794496     70674656
    38871056            1        3627.722     77742112      4858882
    38871056            2        7252.856    155484224      9717764
    38871056            4       11215.448    310968448     19435528
    38871056            8       19083.124    621936896     38871056
    38871056           16       34908.667   1243873792     77742112
    42758160            1        4003.763     85516320      5344770
    42758160            2        8014.936    171032640     10689540
    42758160            4       12359.750    342065280     21379080
    42758160            8       21105.735    684130560     42758160
    42758160           16       38484.159   1368261120     85516320
    47033976            1        4456.233     94067952      5879247
    47033976            2        8909.097    188135904     11758494
    47033976            4       13731.460    376271808     23516988
    47033976            8       23349.198    752543616     47033976
    47033976           16       42666.952   1505087232     94067952
    51737368            1        4846.693    103474736      6467171
    51737368            2        9679.468    206949472     12934342
    51737368            4       14962.391    413898944     25868684
    51737368            8       25495.479    827797888     51737368
    51737368           16       46584.415   1655595776    103474736
    56911104            1        5331.103    113822208      7113888
    56911104            2       10662.498    227644416     14227776
    56911104            4       16456.472    455288832     28455552
    56911104            8       28075.241    910577664     56911104
    56911104           16       51316.129   1821155328    113822208
    62602208            1        6070.385    125204416      7825276
    62602208            2       11882.859    250408832     15650552
    62602208            4       18317.104    500817664     31301104
    62602208            8       31111.203   1001635328     62602208
    62602208           16       56779.143   2003270656    125204416
    68862424            1        6398.415    137724848      8607803
    68862424            2       12845.880    275449696     17215606
    68862424            4       19878.715    550899392     34431212
    68862424            8       33872.025   1101798784     68862424
    75748664            1        7157.165    151497328      9468583
    75748664            2       14122.381    302994656     18937166
    75748664            4       21850.586    605989312     37874332
    75748664            8       37332.268   1211978624     75748664
    83323528            1        7712.686    166647056     10415441
    83323528            2       15550.562    333294112     20830882
    83323528            4       24033.568    666588224     41661764
    83323528            8       41023.741   1333176448     83323528
    91655880            1        8522.936    183311760     11456985
    91655880            2       17000.503    366623520     22913970
    91655880            4       26376.300    733247040     45827940
    91655880            8       45094.914   1466494080     91655880
   100821464            1        9360.267    201642928     12602683
   100821464            2       18702.464    403285856     25205366
   100821464            4       28994.402    806571712     50410732
   100821464            8       49641.538   1613143424    100821464
   110903608            1       10423.658    221807216     13862951
   110903608            2       20843.135    443614432     27725902
   110903608            4       32182.445    887228864     55451804
   110903608            8       54744.571   1774457728    110903608
   121993968            1       11581.778    243987936     15249246
   121993968            2       23080.638    487975872     30498492
   121993968            4       35599.217    975951744     60996984
   121993968            8       60637.475   1951903488    121993968
   134193360            1       12700.199    268386720     16774170
   134193360            2       24949.429    536773440     33548340
   134193360            4       38637.399   1073546880     67096680
   134193360            8       66523.590   2147093760    134193360
   147612696            1       13827.860    295225392     18451587
   147612696            2       27565.471    590450784     36903174
   147612696            4       42478.612   1180901568     73806348
   162373960            1       15027.511    324747920     20296745
   162373960            2       29983.883    649495840     40593490
   162373960            4       46441.285   1298991680     81186980
   178611352            1       16579.263    357222704     22326419
   178611352            2       33136.785    714445408     44652838
   178611352            4       51313.308   1428890816     89305676
   196472480            1       18310.494    392944960     24559060
   196472480            2       36432.947    785889920     49118120
   196472480            4       56291.052   1571779840     98236240
   216119728            1       20135.835    432239456     27014966
   216119728            2       40192.520    864478912     54029932
   216119728            4       61944.567   1728957824    108059864
   237731696            1       22247.067    475463392     29716462
   237731696            2       44393.413    950926784     59432924
   237731696            4       68434.771   1901853568    118865848
   261504864            1       24493.298    523009728     32688108
   261504864            2       48647.037   1046019456     65376216
   261504864            4       75063.416   2092038912    130752432
   287655344            1       26644.680    575310688     35956918
   287655344            2       53158.720   1150621376     71913836
   316420872            1       28809.232    632841744     39552609
   316420872            2       57549.403   1265683488     79105218
   348062952            1       32152.314    696125904     43507869
   348062952            2       64113.779   1392251808     87015738
   382869240            1       35284.787    765738480     47858655
   382869240            2       70450.553   1531476960     95717310
   421156160            1       38014.469    842312320     52644520
   421156160            2       75883.667   1684624640    105289040
   463271776            1       42762.612    926543552     57908972
   463271776            2       85361.554   1853087104    115817944
   509598952            1       46885.026   1019197904     63699869
   509598952            2       93684.470   2038395808    127399738
   560558840            1       51584.569   1121117680     70069855
   616614720            1       55629.401   1233229440     77076840
   678276192            1       62642.807   1356552384     84784524
   746103808            1       67974.411   1492207616     93262976
   820714184            1       74614.146   1641428368    102589273
   902785600            1       82216.461   1805571200    112848200
   993064160            1       92990.120   1986128320    124133020

META_DATA
FLOPS          1
OPENMP_THREADS 1
ERT_VERSION  1.1.0
HOSTNAME  ('pve.fritz.box', ['pve'], ['192.168.188.21'])
UNAME  uname_result(system='Linux', node='pve', release='6.14.8-2-pve', version='#1 SMP PREEMPT_DYNAMIC PMX 6.14.8-2 (2025-07-22T10:04Z)', machine='x86_64')
TIMESTAMP_DATA  1765906251.2202055
CONFIG  {'ERT_MPI': ['False'], 'ERT_OPENMP': ['True'], 'ERT_OPENMP_CFLAGS': ['-fopenmp'], 'ERT_OPENMP_LDFLAGS': ['-fopenmp'], 'ERT_PRECISION': ['FP64'], 'ERT_TRIALS_MIN': ['1'], 'ERT_TRIALS': ['3', '#', 'Run', 'each', 'test', '3', 'times', 'to', 'filter', 'out', 'background', 'noise'], 'ERT_RESULTS': ['Results/1600X'], 'ERT_GNUPLOT': ['gnuplot'], 'ERT_DRIVER': ['driver1'], 'ERT_KERNEL': ['kernel1'], 'ERT_CC': ['g++'], 'ERT_LD': ['g++'], 'ERT_CFLAGS': ['-O3', '-march=native', '-fopenmp', '-fstrict-aliasing', '-funroll-loops', '-Wno-all'], 'ERT_LDFLAGS': ['-O3', '-march=native', '-fopenmp'], 'ERT_LDLIBS': ['-lm'], 'ERT_RUN': ['export', 'OMP_NUM_THREADS=ERT_OPENMP_THREADS;', './ERT_CODE'], 'ERT_WORKING_SET_MIN': ['128'], 'ERT_MEMORY_MAX': ['1073741824'], 'ERT_ALIGN': ['64'], 'ERT_MIN_PROCS': ['1'], 'ERT_MAX_PROCS': ['1'], 'ERT_OPENMP_THREADS': ['1,2,4,8,12', '#', 'Logical', 'Threads'], 'ERT_NUM_EXPERIMENTS': ['5'], 'ERT_FLOPS': ['1,2,4,8'], 'ERT_GPU': [False], 'ERT_HIP': [False], 'ERT_OCL': [False], 'ERT_SYCL': [False], 'ERT_WSS_MULT': [1.1]}
