fp64

8192 1 0.82 0.99 6.31 2.596513470681458 16.54949494949495 19.98048780487805 0.16228209191759113 1.0343434343434343 1.248780487804878
8192 2 0.52 0.65 0.72 45.51111111111111 50.41230769230769 63.01538461538462 2.8444444444444446 3.1507692307692308 3.9384615384615387
8192 4 0.7 0.71 1.04 63.01538461538462 92.30422535211268 93.62285714285716 3.9384615384615387 5.769014084507043 5.851428571428572
8192 8 0.66 0.75 0.79 165.91392405063291 174.76266666666666 198.5939393939394 10.369620253164557 10.922666666666666 12.412121212121212
8192 16 0.87 0.93 1.22 214.872131147541 281.8752688172043 301.3149425287356 13.429508196721313 17.61720430107527 18.832183908045977
8192 32 1.31 1.35 1.62 323.63456790123456 388.3614814814815 400.2198473282443 20.22716049382716 24.272592592592595 25.01374045801527
8192 64 2.15 2.23 2.271 461.7243505063849 470.21345291479827 487.70976744186055 28.857771906649056 29.38834080717489 30.481860465116284
8192 128 3.71 3.92 4.02 521.6796019900498 534.9877551020409 565.2700808625337 32.604975124378115 33.436734693877554 35.32938005390836
8192 256 7.28 7.31 7.53 557.0124833997345 573.7761969904242 576.1406593406593 34.813280212483406 35.86101231190151 36.00879120879121
8192 512 14.1 14.13 14.77 567.9490859851051 593.6736022646851 594.9367375886526 35.496817874069066 37.10460014154282 37.18354609929079
8192 1024 27.76 27.77 28.08 597.4792022792024 604.1489377025567 604.3665706051873 37.34245014245015 37.759308606409796 37.77291066282421
8192 2048 54.99 55.18 65.28 514.0078431372549 608.0904675607105 610.1915257319513 32.12549019607843 38.00565422254441 38.136970358246955
8192 4096 109.71 110.39 120.35 557.6141587037807 607.9252106169038 611.6932276000365 34.850884918986296 37.995325663556486 38.23082672500228
8192 8192 218.821 218.88 224.041 599.0766332947987 613.2023391812866 613.3676749489308 37.44228958092492 38.32514619883041 38.335479684308176
8192 16384 437.33 451.47 453.23 592.2720384793593 594.5809378253261 613.8052637596323 37.01700240495995 37.161308614082884 38.36282898497702
8192 32768 878.921 885.371 902.56 594.8312710512321 606.3795990607327 610.8295421317729 37.176954440702005 37.8987249412958 38.176846383235805
8192 65536 1591.271 1770.681 1819.031 590.2823118462522 606.4004888514645 674.7699317086782 36.892644490390765 37.90003055321653 42.17312073179239
8192 131072 2875.872 3537.253 3579.093 600.007780742216 607.1049054167174 746.7243493451726 37.5004862963885 37.94405658854484 46.67027183407329

8960 1 0.99 3.36 20.01 0.8955522238880559 5.333333333333334 18.1010101010101 0.05597201399300349 0.33333333333333337 1.1313131313131313
8960 2 0.54 0.59 0.63 56.88888888888889 60.745762711864415 66.37037037037037 3.555555555555556 3.796610169491526 4.148148148148148
8960 4 0.57 0.65 0.78 91.8974358974359 110.27692307692308 125.7543859649123 5.743589743589744 6.892307692307693 7.859649122807019
8960 8 0.67 0.74 0.83 172.72289156626508 193.72972972972974 213.97014925373134 10.795180722891567 12.108108108108109 13.373134328358208
8960 16 0.92 1.01 1.17 245.05982905982907 283.8811881188119 311.6521739130435 15.316239316239317 17.742574257425744 19.47826086956522
8960 32 1.32 1.36 1.49 384.85906040268463 421.6470588235294 434.42424242424244 24.05369127516779 26.352941176470587 27.151515151515152
8960 64 2.3 2.33 2.84 403.830985915493 492.22317596566523 498.6434782608696 25.23943661971831 30.763948497854077 31.16521739130435
8960 128 4.18 4.19 4.25 539.7082352941177 547.436754176611 548.7464114832536 33.731764705882355 34.214797136038186 34.29665071770335
8960 256 7.98 7.99 8.14 563.5773955773956 574.1576971214018 574.8771929824562 35.223587223587224 35.884856070087615 35.929824561403514
8960 512 15.48 15.49 15.51 591.5564152159898 592.3202065848935 592.7028423772609 36.97227595099936 37.020012911555845 37.04392764857881
8960 1024 30.5 30.52 39.48 464.79432624113485 601.2477064220184 601.6419672131148 29.04964539007093 37.57798165137615 37.60262295081967
8960 2048 60.5 60.66 74.57 492.15716776183456 605.01417738213 606.6142148760331 30.75982298511466 37.813386086383126 37.91338842975207
8960 4096 120.8 120.89 131.94 556.3159011671974 607.1661841343371 607.6185430463577 34.769743822949835 37.94788650839607 37.976158940397355
8960 8192 241.15 241.3 241.311 608.3462419864823 608.3739743058434 608.7523947750364 38.02164012415514 38.02337339411521 38.04702467343977
8960 16384 482.131 490.49 498.551 588.9092189164198 598.5876980162694 608.9657790102691 36.80682618227624 37.41173112601684 38.06036118814182
8960 32768 975.401 977.761 1001.651 586.2346865325349 600.558377763073 602.0114393977452 36.63966790828343 37.534898610192066 37.625714962359076
8960 65536 1943.591 1966.421 1971.301 595.7512931815081 597.2297488686299 604.2449877571979 37.23445582384426 37.32685930428937 37.76531173482487

9856 1 1.13 2.29 7.82 2.5207161125319693 8.607860262008733 17.44424778761062 0.15754475703324808 0.5379912663755458 1.0902654867256638
9856 2 0.49 0.58 0.68 57.97647058823529 67.97241379310346 80.45714285714287 3.6235294117647054 4.248275862068966 5.028571428571429
9856 4 0.57 0.65 0.71 111.05352112676057 121.30461538461539 138.3298245614035 6.940845070422536 7.581538461538462 8.64561403508772
9856 8 0.57 0.69 0.87 181.2597701149425 228.5449275362319 276.659649122807 11.328735632183907 14.284057971014494 17.29122807017544
9856 16 0.86 1.03 1.1 286.71999999999997 306.20582524271845 366.7348837209302 17.919999999999998 19.137864077669903 22.92093023255814
9856 32 1.54 1.56 1.8 350.43555555555554 404.34871794871793 409.59999999999997 21.90222222222222 25.27179487179487 25.599999999999998
9856 64 2.5 2.89 2.95 427.6501694915254 436.52871972318337 504.62719999999996 26.728135593220337 27.28304498269896 31.539199999999997
9856 128 4.58 4.61 5.46 462.1128205128205 547.3180043383948 550.9030567685589 28.882051282051282 34.20737527114967 34.431441048034934
9856 256 8.66 8.7 8.89 567.6346456692912 580.0312643678161 582.7103926096997 35.4771653543307 36.25195402298851 36.419399538106234
9856 512 16.91 16.95 17.0 593.6790588235294 595.4303244837758 596.8387936132466 37.10494117647059 37.21439528023599 37.30242460082791
9856 1024 33.47 33.51 33.64 600.0323424494649 602.3601313040884 603.080011951001 37.502021403091554 37.64750820650553 37.69250074693756
9856 2048 66.431 66.49 66.89 603.5308117805351 607.1616182884645 607.7008625491111 37.72067573628345 37.94760114302903 37.98130390931944
9856 4096 132.4 132.63 132.66 608.6262023217248 608.7638694111439 609.8213897280967 38.0391376451078 38.047741838196494 38.113836858006046
9856 8192 264.45 264.65 264.89 609.6141945713315 610.1670281503874 610.6284893174513 38.10088716070822 38.13543925939921 38.16428058234071
9856 16384 534.991 545.66 549.77 587.4482201647962 591.8729758457648 603.6763384804605 36.715513760299764 36.9920609903603 37.72977115502878
9856 32768 1071.251 1072.651 1091.241 591.9158242771304 602.1742542541796 602.9612257071406 36.99473901732065 37.63589089088622 37.685076606696285
9856 65536 2133.102 2134.312 2150.992 600.5813280570081 605.2749701074633 605.6183117356788 37.53633300356301 37.82968563171646 37.85114448347993

10816 1 0.98 1.7 12.99 1.6652809853733639 12.724705882352941 22.073469387755104 0.10408006158583524 0.7952941176470588 1.379591836734694
10816 2 0.57 0.65 0.92 47.02608695652173 66.55999999999999 75.90175438596492 2.939130434782608 4.159999999999999 4.7438596491228076
10816 4 0.62 0.7 0.75 115.37066666666665 123.61142857142858 139.56129032258065 7.210666666666666 7.725714285714286 8.72258064516129
10816 8 0.6 0.85 0.91 190.17142857142855 203.59529411764706 288.4266666666667 11.885714285714284 12.724705882352941 18.026666666666667
10816 16 1.0 1.07 1.15 300.9669565217391 323.46915887850463 346.112 18.810434782608695 20.21682242990654 21.632
10816 32 1.54 1.61 1.64 422.08780487804876 429.95279503105587 449.4961038961039 26.380487804878047 26.872049689440992 28.093506493506492
10816 64 2.68 2.72 2.84 487.48169014084505 508.9882352941176 516.5850746268657 30.467605633802815 31.81176470588235 32.286567164179104
10816 128 4.98 5.08 17.14 161.54585764294046 545.0582677165354 556.0032128514056 10.096616102683779 34.06614173228346 34.75020080321285
10816 256 9.5 9.58 10.29 538.1722060252672 578.0576200417537 582.9254736842105 33.6357628765792 36.128601252609606 36.432842105263155
10816 512 18.61 18.73 19.2 576.8533333333334 591.3285638013881 595.1415368081676 36.053333333333335 36.958035237586756 37.19634605051048
10816 1024 36.92 37.01 37.39 592.435624498529 598.5184544717644 599.9774647887324 37.027226531158064 37.40740340448527 37.498591549295774
10816 2048 73.46 73.51 74.31 596.1826941192302 602.6708747109236 603.0810781377621 37.261418382451886 37.666929669432726 37.69256738361013
10816 4096 146.32 147.44 177.71 498.59136795903436 600.9540965816603 605.5540732640787 31.161960497439647 37.55963103635377 37.84712957900492
10816 8192 292.511 292.67 324.11 546.7567924470087 605.4920012300543 605.8211280943281 34.172299527938044 37.84325007687839 37.863820505895504
10816 16384 584.98 599.52 602.38 588.3639695873037 591.1707499332799 605.8646244316044 36.77274809920648 36.948171870829995 37.866539026975275
10816 32768 1179.831 1186.971 1233.711 574.5570688759361 597.1817137908171 600.7956868398949 35.90981680474601 37.32385711192607 37.54973042749343
10816 65536 2356.752 2372.902 2404.362 589.6261677734051 597.443447727719 601.5375194335254 36.85163548583782 37.34021548298244 37.59609496459534

11840 1 1.09 2.87 27.23 0.8696290855673888 8.250871080139373 21.724770642201833 0.0543518178479618 0.5156794425087108 1.3577981651376145
11840 2 0.54 0.7 1.07 44.26168224299065 67.65714285714286 87.7037037037037 2.7663551401869158 4.228571428571429 5.481481481481481
11840 4 0.49 0.75 0.77 123.01298701298701 126.29333333333334 193.3061224489796 7.688311688311688 7.8933333333333335 12.081632653061225
11840 8 0.84 0.87 1.27 149.16535433070865 217.7471264367816 225.52380952380952 9.32283464566929 13.60919540229885 14.095238095238095
11840 16 1.01 1.12 1.23 308.0325203252032 338.2857142857143 375.1287128712871 19.2520325203252 21.142857142857142 23.445544554455445
11840 32 1.74 1.79 2.03 373.28078817733996 423.3296089385475 435.4942528735632 23.330049261083747 26.45810055865922 27.2183908045977
11840 64 2.92 2.97 3.05 496.89180327868854 510.2760942760942 519.013698630137 31.055737704918034 31.89225589225589 32.43835616438356
11840 128 5.39 5.51 5.62 539.3309608540925 550.0980036297641 562.3450834879407 33.70818505338078 34.381125226860256 35.14656771799629
11840 256 10.38 10.46 10.55 574.6047393364929 579.548757170172 584.0154142581888 35.91279620853081 36.22179732313575 36.5009633911368
11840 512 20.37 20.46 20.57 589.4098201263977 592.5786901270773 595.1968581246932 36.838113757899855 37.03616813294233 37.199803632793326
11840 1024 40.3 40.42 50.16 483.41945773524725 599.9089559623948 601.6952853598016 30.213716108452953 37.49430974764967 37.6059553349876
11840 2048 80.11 80.32 80.69 601.0241665633907 603.792828685259 605.3756085382598 37.56401041021192 37.73705179282869 37.83597553364124
11840 4096 159.96 160.12 169.351 572.7352067599246 605.7536847364477 606.3595898974744 35.79595042249529 37.85960529602798 37.89747436859215
11840 8192 319.36 319.75 330.571 586.8226795453926 606.6819702892885 607.4228456913827 36.67641747158704 37.91762314308053 37.96392785571142
11840 16384 638.7 651.02 652.26 594.8136019378776 595.9465454210316 607.4418662909034 37.17585012111735 37.246659088814475 37.96511664318146
11840 32768 1286.091 1289.661 1312.661 591.1246239508905 601.6668256231676 603.3369644916263 36.94528899693066 37.604176601447975 37.708560280726644
11840 65536 2571.522 2585.462 2598.862 597.143088013138 600.2379768103341 603.4918153529311 37.32144300082113 37.51487355064588 37.718238459558194

12992 1 2.04 4.29 25.45 1.02098231827112 6.056876456876457 12.737254901960785 0.063811394891945 0.37855477855477854 0.7960784313725491
12992 2 0.56 0.57 0.76 68.37894736842105 91.17192982456142 92.8 4.273684210526316 5.698245614035089 5.8
12992 4 0.54 0.64 1.04 99.93846153846154 162.4 192.47407407407408 6.246153846153846 10.15 12.02962962962963
12992 8 0.85 1.05 1.31 158.68091603053435 197.97333333333333 244.55529411764707 9.917557251908397 12.373333333333333 15.284705882352942
12992 16 1.17 1.23 1.43 290.73006993007 338.0032520325203 355.3367521367521 18.170629370629374 21.12520325203252 22.208547008547008
12992 32 1.87 2.15 2.25 369.5502222222222 386.73860465116286 444.6459893048128 23.096888888888888 24.17116279069768 27.7903743315508
12992 64 3.2 3.28 3.88 428.6020618556701 507.0048780487805 519.68 26.787628865979382 31.68780487804878 32.48
12992 128 5.88 5.94 6.03 551.567495854063 559.924579124579 565.6380952380953 34.47296849087894 34.99528619528619 35.352380952380955
12992 256 11.39 11.43 11.93 557.5778709136631 581.9688538932634 584.0126426690078 34.848616932103944 36.37305336832896 36.50079016681299
12992 512 22.32 22.38 22.4 593.9200000000001 594.4507596067918 596.0487455197133 37.120000000000005 37.15317247542449 37.25304659498208
12992 1024 44.17 44.27 44.43 598.8659914472204 601.0304043370228 602.3911251980983 37.429124465451274 37.564400271063924 37.64944532488114
12992 2048 87.96 88.0 88.34 602.3911251980983 604.7185454545455 604.9935425193271 37.64944532488114 37.794909090909094 37.81209640745794
12992 4096 175.44 175.6 190.27 559.3654490986493 606.0960364464693 606.6487916096672 34.96034056866558 37.88100227790433 37.9155494756042
12992 8192 350.53 352.16 361.671 588.5485095570284 604.443798273512 607.2545231506576 36.784281847314276 37.7777373920945 37.9534076969161
12992 16384 711.69 718.151 719.541 591.6575372355431 592.8027058376302 598.1844005114586 36.97859607722145 37.05016911485189 37.386525031966165
12992 32768 1420.731 1435.561 1439.001 591.6908410765524 593.1086954855977 599.2997351363489 36.98067756728452 37.06929346784985 37.456233446021805
12992 65536 2810.482 2841.652 2856.882 596.0650191362471 599.259664448708 605.9058282529473 37.25406369601544 37.45372902804425 37.86911426580921

14272 1 1.73 2.7 18.26 1.5631982475355968 10.571851851851852 16.499421965317918 0.0976998904709748 0.6607407407407407 1.0312138728323699
14272 2 0.55 0.63 0.78 73.18974358974359 90.61587301587302 103.79636363636364 4.574358974358974 5.663492063492064 6.487272727272727
14272 4 0.65 0.69 0.84 135.92380952380952 165.47246376811594 175.6553846153846 8.495238095238095 10.342028985507246 10.978461538461538
14272 8 0.77 0.81 0.92 248.2086956521739 281.91604938271604 296.56103896103895 15.513043478260869 17.619753086419752 18.535064935064934
14272 16 1.18 1.25 1.33 343.38646616541354 365.36319999999995 387.03728813559326 21.461654135338346 22.835199999999997 24.18983050847458
14272 32 2.0 2.04 2.1 434.95619047619044 447.74901960784314 456.704 27.184761904761903 27.984313725490196 28.544
14272 64 3.44 3.51 3.56 513.1505617977527 520.4603988603989 531.0511627906976 32.07191011235955 32.52877492877493 33.1906976744186
14272 128 6.47 6.52 6.6 553.5806060606061 560.3730061349694 564.7035548686245 34.59878787878788 35.02331288343559 35.29397217928903
14272 256 12.46 12.51 12.57 581.3256961018297 584.1138289368505 586.4577849117175 36.33285600636436 36.507114308553156 36.65361155698234
14272 512 24.43 24.45 24.6 594.0865040650406 597.7312065439673 598.2205485059353 37.130406504065036 37.35820040899796 37.38878428162096
14272 1024 48.48 48.55 48.67 600.5559071296486 602.0402883625129 602.9095709570958 37.53474419560304 37.62751802265706 37.681848184818485
14272 2048 96.52 96.61 96.94 603.0339591499896 605.0937998136839 605.6580190634066 37.68962244687435 37.81836248835524 37.853626191462915
14272 4096 192.63 192.84 203.571 574.3265199856561 606.2861646961211 606.9471214244925 35.895407499103506 37.89288529350757 37.93419508903078
14272 8192 384.64 393.02 413.08 566.0706110196572 594.9632283344359 607.9254575707155 35.37941318872858 37.185201770902246 37.99534109816972
14272 16384 770.941 778.001 787.03 594.2148278972847 601.110918880567 606.6156761671775 37.1384267435803 37.56943243003544 37.913479760448595
14272 32768 1550.131 1567.171 1575.801 593.5583185947972 596.8268887058273 603.3875795013453 37.09739491217483 37.301680544114205 37.71172371883408
14272 65536 3096.062 3110.033 3122.343 599.1204630625143 601.491876131218 604.2061121515009 37.445028941407145 37.59324225820112 37.762882009468804

15680 1 1.22 2.42 20.08 1.561752988047809 12.958677685950411 25.704918032786885 0.09760956175298806 0.8099173553719007 1.6065573770491803
15680 2 0.58 0.64 0.94 66.72340425531915 97.99999999999999 108.13793103448276 4.170212765957447 6.124999999999999 6.758620689655173
15680 4 0.75 0.81 0.84 149.33333333333331 154.86419753086417 167.25333333333333 9.333333333333332 9.679012345679011 10.453333333333333
15680 8 0.85 0.96 1.03 243.57281553398053 261.3333333333333 295.15294117647056 15.223300970873783 16.333333333333332 18.44705882352941
15680 16 1.3 1.33 1.47 341.3333333333333 377.2631578947368 385.9692307692307 21.333333333333332 23.57894736842105 24.12307692307692
15680 32 2.08 2.14 12.62 79.51822503961965 468.9345794392523 482.46153846153845 4.969889064976228 29.308411214953267 30.153846153846153
15680 64 3.72 3.76 3.88 517.2783505154639 533.7872340425532 539.52688172043 32.329896907216494 33.361702127659576 33.72043010752687
15680 128 7.03 7.05 7.11 564.5682137834036 569.3730496453901 570.9928876244664 35.285513361462726 35.58581560283688 35.68705547652915
15680 256 13.53 13.63 13.65 588.1435897435897 589.006603081438 593.359940872136 36.758974358974356 36.812912692589876 37.0849963045085
15680 512 26.7 26.71 26.83 598.4465150950429 601.1351553725196 601.3602996254682 37.40290719344018 37.57094721078248 37.58501872659176
15680 1024 53.0 53.02 53.11 604.6439465260779 605.6703130894001 605.8988679245283 37.79024665787987 37.85439456808751 37.86867924528302
15680 2048 105.5 105.71 105.81 606.9868632454398 607.5610632863495 608.7704265402843 37.93667895283999 37.972566455396844 38.04815165876777
15680 4096 210.711 211.15 220.16 583.4418604651162 608.3379587970636 609.6053836771691 36.46511627906976 38.021122424816475 38.10033647982307
15680 8192 420.551 421.32 431.87 594.8575265704957 609.7529668660401 610.8679327834199 37.17859541065598 38.109560429127505 38.17924579896374
15680 16384 845.191 852.721 853.48 602.0085297839433 602.5443726611635 607.9125783402804 37.62553311149646 37.65902329132272 37.99453614626753
15680 32768 1690.661 1704.741 1723.212 596.3308519207154 602.7921426187321 607.8122580458175 37.270678245044714 37.674508913670756 37.9882661278636
15680 65536 2991.932 3381.343 3403.782 603.801583062605 607.8084831973567 686.9170021243799 37.73759894141281 37.988030199834796 42.932312632773744

17216 1 1.47 4.12 5.43 6.341068139963167 8.357281553398057 23.42312925170068 0.39631675874769795 0.5223300970873785 1.4639455782312925
17216 2 0.51 0.64 0.71 96.99154929577465 107.6 135.02745098039216 6.061971830985915 6.725 8.43921568627451
17216 4 0.57 0.76 0.86 160.14883720930231 181.22105263157894 241.6280701754386 10.009302325581395 11.326315789473684 15.101754385964913
17216 8 0.86 0.93 1.03 267.4330097087378 296.1892473118279 320.29767441860463 16.714563106796113 18.511827956989244 20.01860465116279
17216 16 1.32 1.39 1.46 377.33698630136985 396.33956834532376 417.3575757575757 23.583561643835615 24.771223021582735 26.084848484848482
17216 32 2.22 2.5 2.71 406.5771217712177 440.72959999999995 496.317117117117 25.411070110701107 27.545599999999997 31.019819819819812
17216 64 4.07 4.09 4.89 450.64376278118607 538.7892420537897 541.436855036855 28.16523517382413 33.67432762836186 33.83980343980344
17216 128 7.63 7.68 7.81 564.3144686299615 573.8666666666667 577.6272608125819 35.269654289372596 35.86666666666667 36.10170380078637
17216 256 14.86 14.87 14.91 591.1865861837692 592.7768661735037 593.1757738896366 36.94916163648558 37.04855413584398 37.07348586810229
17216 512 29.27 29.32 29.79 591.7819402484055 601.2682128240109 602.2953194396994 36.98637126552534 37.57926330150068 37.64345746498121
17216 1024 58.12 58.16 58.41 603.6358157849684 606.2305364511692 606.6477632484515 37.72723848656052 37.889408528198075 37.91548520302822
17216 2048 115.73 115.88 116.69 604.308304053475 608.5324128408698 609.321144042167 37.76926900334219 38.033275802554364 38.08257150263544
17216 4096 231.35 232.18 254.84 553.4196829383143 607.4316134033938 609.6108580073482 34.58873018364464 37.964475837712115 38.10067862545926
17216 8192 462.29 468.56 471.791 597.864189863732 601.9868191907119 610.1515152826147 37.36651186648325 37.624176199419495 38.13446970516342
17216 16384 934.341 938.73 941.281 599.3256933901779 600.9543617440584 603.7773018630243 37.45785583688612 37.55964760900365 37.73608136643902
17216 32768 1865.701 1886.902 1909.691 590.8116946668335 597.9472044653087 604.7420117157036 36.9257309166771 37.37170027908179 37.796375732231475

18880 1 1.16 2.29 7.0 5.394285714285714 16.489082969432314 32.55172413793103 0.33714285714285713 1.0305676855895196 2.0344827586206895
18880 2 0.51 0.63 0.68 111.05882352941175 119.87301587301586 148.078431372549 6.941176470588235 7.492063492063491 9.254901960784313
18880 4 0.58 0.71 0.93 162.4086021505376 212.73239436619718 260.41379310344826 10.1505376344086 13.295774647887324 16.275862068965516
18880 8 0.93 1.03 1.22 247.60655737704917 293.28155339805824 324.8172043010752 15.475409836065573 18.33009708737864 20.3010752688172
18880 16 1.42 1.51 1.82 331.9560439560439 400.10596026490066 425.46478873239437 20.747252747252745 25.00662251655629 26.591549295774648
18880 32 2.33 2.54 2.91 415.2302405498281 475.7165354330708 518.5922746781115 25.951890034364258 29.732283464566926 32.41201716738197
18880 64 4.38 4.42 4.51 535.840354767184 546.7511312217194 551.7442922374429 33.490022172949 34.171945701357465 34.48401826484018
18880 128 8.28 8.39 8.56 564.6355140186915 576.0762812872466 583.7294685990339 35.28971962616822 36.00476758045291 36.48309178743962
18880 256 16.23 16.3 16.33 591.9510104102878 593.040490797546 595.5982747997535 36.99693815064299 37.065030674846625 37.224892174984596
18880 512 31.97 32.06 32.33 597.9931951747603 603.0293200249531 604.7269314982796 37.37457469842252 37.68933250155957 37.79543321864247
18880 1024 63.55 63.68 63.771 606.3295228238541 607.1959798994975 608.4380802517702 37.89559517649088 37.949748743718594 38.02738001573564
18880 2048 126.72 126.85 127.02 608.821287986144 609.6372093023256 610.2626262626262 38.051330499134 38.10232558139535 38.14141414141414
18880 4096 252.631 253.56 270.41 571.9646462778743 609.9738129042436 612.2168696636596 35.74779039236714 38.12336330651522 38.263554353978726
18880 8192 511.48 521.481 526.54 587.4765829756524 593.1758204038115 604.7742238210682 36.717286435978274 37.07348877523822 37.79838898881676
18880 16384 1016.941 1025.311 1026.341 602.7819603815886 603.3874990124948 608.3537196356524 37.67387252384929 37.711718688280925 38.022107477228275
18880 32768 2030.022 2040.562 2050.031 603.5614485829726 606.3622080583682 609.5104782115662 37.72259053643579 37.89763800364801 38.09440488822289

20736 1 1.0 1.85 16.97 2.4438420742486744 22.417297297297296 41.472 0.15274012964054215 1.401081081081081 2.592
20736 2 0.6 0.67 0.79 104.99240506329113 123.79701492537312 138.24 6.562025316455696 7.73731343283582 8.64
20736 4 0.76 0.81 0.86 192.89302325581394 204.79999999999998 218.2736842105263 12.055813953488371 12.799999999999999 13.642105263157895
20736 8 1.03 1.05 1.23 269.7365853658536 315.97714285714284 322.1126213592233 16.85853658536585 19.748571428571427 20.132038834951455
20736 16 1.55 1.58 1.72 385.7860465116279 419.9696202531645 428.098064516129 24.111627906976743 26.248101265822783 26.756129032258062
20736 32 2.61 2.68 3.18 417.3283018867924 495.1880597014925 508.4689655172414 26.083018867924526 30.94925373134328 31.779310344827586
20736 64 4.8 4.84 4.88 543.8950819672131 548.390082644628 552.96 33.993442622950816 34.27438016528925 34.56
20736 128 9.07 9.15 9.35 567.7450267379679 580.1547540983606 585.2718853362734 35.484064171122995 36.25967213114754 36.57949283351709
20736 256 17.71 17.77 28.57 371.60770038501926 597.4581879572312 599.4823263692829 23.225481274063704 37.34113674732695 37.46764539808018
20736 512 34.91 34.93 35.24 602.54438138479 607.891898081878 608.2401604124893 37.65902383654937 37.99324363011738 38.01501002578058
20736 1024 69.27 69.5 78.68 539.7474326385358 611.040690647482 613.0695539194456 33.734214539908486 38.19004316546763 38.31684711996535
20736 2048 138.19 138.36 138.8 611.9211527377521 613.8671292281005 614.6223026268182 38.245072046109506 38.36669557675628 38.413893914176136
20736 4096 276.59 277.63 303.65 559.4247060760745 611.8550300760004 614.15565277125 34.964044129754654 38.240939379750024 38.38472829820312
20736 8192 552.891 561.58 566.18 600.0540888056802 604.9692367961821 614.4766762345562 37.50338055035501 37.810577299761384 38.40479226465976
20736 16384 1111.731 1119.151 1140.93 595.546832846888 607.1363453189068 611.1885411129132 37.2216770529305 37.946021582431676 38.199283819557074
20736 32768 2219.971 2227.242 2252.672 603.2633672367748 610.1512525356471 612.149661414496 37.703960452298425 38.134453283477946 38.259353838406

22784 1 1.24 11.7 20.95 2.1750835322195705 3.894700854700855 36.748387096774195 0.13594272076372316 0.24341880341880343 2.296774193548387
22784 2 0.6 0.71 0.8 113.91999999999999 128.3605633802817 151.89333333333335 7.119999999999999 8.022535211267606 9.493333333333334
22784 4 0.79 0.84 0.87 209.5080459770115 216.9904761904762 230.72405063291137 13.094252873563219 13.561904761904762 14.42025316455696
22784 8 1.11 1.19 1.39 262.26187050359715 306.3394957983193 328.41801801801796 16.391366906474822 19.146218487394957 20.526126126126123
22784 16 1.62 1.73 2.01 362.7303482587065 421.43815028901736 450.0543209876543 22.670646766169156 26.339884393063585 28.128395061728394
22784 32 2.83 2.89 2.99 487.68428093645485 504.55916955017295 515.2565371024735 30.48026755852843 31.53494809688581 32.2035335689046
22784 64 5.18 5.28 5.36 544.0955223880596 552.339393939394 563.0023166023167 34.00597014925373 34.52121212121212 35.18764478764479
22784 128 9.76 9.96 10.22 570.7146771037181 585.6128514056225 597.6131147540984 35.669667318982384 36.6008032128514 37.35081967213115
22784 256 19.46 19.53 19.56 596.3910020449898 597.3071172555043 599.455704008222 37.274437627811864 37.33169482846902 37.46598150051388
22784 512 38.31 38.37 38.42 607.2570536179073 608.0483711232735 609.0006786739755 37.95356585111921 38.00302319520459 38.06254241712347
22784 1024 76.07 76.24 76.38 610.9142707515057 612.036096537251 613.4038648613121 38.182141921969105 38.252256033578185 38.337741553832004
22784 2048 151.89 152.311 162.96 572.6758959253805 612.7151945690068 614.4134834419647 35.79224349533628 38.29469966056293 38.40084271512279
22784 4096 303.78 305.4 313.96 594.4914256593198 611.1543156516045 614.4134834419647 37.15571410370749 38.19714472822528 38.40084271512279
22784 8192 611.18 617.311 620.19 601.9011206243248 604.7082524043797 610.7743316207992 37.6188200390203 37.79426577527373 38.17339572629995
22784 16384 1220.921 1230.051 1256.781 594.0463071927409 606.9554124178591 611.4942015085334 37.127894199546304 37.93471327611619 38.218387594283335
22784 32768 2434.111 2446.142 2455.282 608.1469354640323 610.4192741059187 613.436373279608 38.009183466502016 38.15120463161992 38.3397733299755

25024 1 1.88 13.32 18.87 2.6522522522522523 3.7573573573573573 26.621276595744682 0.16576576576576577 0.23483483483483483 1.6638297872340426
25024 2 0.63 0.67 0.79 126.70379746835442 149.39701492537313 158.8825396825397 7.9189873417721515 9.33731343283582 9.93015873015873
25024 4 0.76 0.92 1.31 152.81832061068704 217.59999999999997 263.41052631578947 9.55114503816794 13.599999999999998 16.46315789473684
25024 8 1.15 1.21 1.27 315.2629921259842 330.895867768595 348.15999999999997 19.703937007874014 20.680991735537187 21.759999999999998
25024 16 1.77 1.89 2.2 363.9854545454545 423.6867724867725 452.41129943502824 22.749090909090906 26.48042328042328 28.275706214689265
25024 32 3.04 3.19 3.25 492.7803076923077 502.04890282131663 526.8210526315789 30.79876923076923 31.37805642633229 32.92631578947368
25024 64 5.68 5.79 5.81 551.3032702237522 553.2075993091537 563.9211267605634 34.45645438898451 34.575474956822106 35.245070422535214
25024 128 10.87 10.94 11.3 566.9153982300885 585.5707495429616 589.3416743330267 35.43221238938053 36.5981718464351 36.83385464581417
25024 256 21.32 21.36 21.47 596.7530507685142 599.8262172284644 600.9515947467168 37.29706567303214 37.48913857677903 37.5594746716698
25024 512 42.18 42.38 51.9 493.7297880539499 604.6384143463897 607.5053579895686 30.85811175337187 37.78990089664936 37.969084874348034
25024 1024 83.83 84.04 94.53 542.1469586374695 609.8185625892432 611.3462006441608 33.884184914841846 38.1136601618277 38.20913754026005
25024 2048 167.48 167.8 179.45 571.1802953468933 610.8361382598331 612.0032481490327 35.69876845918083 38.17725864123957 38.250203009314546
25024 4096 333.81 334.62 345.14 593.9520426493598 612.625091148168 614.1116443485815 37.122002665584986 38.2890681967605 38.381977771786346
25024 8192 669.271 682.771 686.44 597.2746576539828 600.4842267758883 612.5967149331138 37.329666103373924 37.530264173493016 38.287294683319615
25024 16384 1343.921 1350.682 1352.81 606.1356968088645 607.090663827607 610.1448165479965 37.88348105055403 37.94316648922544 38.13405103424978
25024 32768 2684.662 2693.563 2718.462 603.27231500753 608.8488979095719 610.8675371424782 37.704519687970624 38.05305611934824 38.17922107140489

27520 1 2.5 9.43 14.3 3.848951048951049 5.8366914103923655 22.016 0.24055944055944056 0.36479321314952284 1.376
27520 2 0.57 0.74 1.12 98.28571428571428 148.75675675675677 193.1228070175439 6.142857142857142 9.297297297297298 12.070175438596493
27520 4 0.8 0.91 1.04 211.6923076923077 241.93406593406593 275.2 13.230769230769232 15.12087912087912 17.2
27520 8 1.2 1.22 1.49 295.51677852348996 360.91803278688525 366.93333333333334 18.469798657718123 22.557377049180328 22.933333333333334
27520 16 1.95 1.99 2.21 398.4796380090498 442.5326633165829 451.61025641025645 24.90497737556561 27.65829145728643 28.22564102564103
27520 32 3.33 3.45 3.74 470.93048128342247 510.51594202898553 528.9129129129129 29.433155080213904 31.907246376811596 33.05705705705706
27520 64 6.18 6.26 6.32 557.367088607595 562.7092651757189 569.9935275080907 34.835443037974684 35.16932907348243 35.62459546925567
27520 128 11.91 11.98 12.08 583.205298013245 588.0734557595994 591.5298068849706 36.450331125827816 36.75459098497496 36.970612930310665
27520 256 23.27 23.43 23.53 598.8202294942627 601.3760136577038 605.5109583154276 37.426264343391416 37.586000853606485 37.844434894714226
27520 512 46.16 46.32 46.39 607.4688510454839 608.3868739205527 610.4956672443675 37.966803190342745 38.024179620034545 38.15597920277297
27520 1024 92.06 92.1 92.32 610.4956672443675 611.9539630836049 612.2198566152509 38.15597920277297 38.247122692725306 38.26374103845318
27520 2048 183.661 183.75 184.01 612.5858377262106 613.4526258503402 613.7498979097359 38.28661485788816 38.34078911564626 38.35936861935849
27520 4096 366.71 375.791 377.73 596.8385884097106 599.9181459907236 614.774181233127 37.30241177560691 37.494884124420224 38.42338632707044
27520 8192 733.551 746.651 759.88 593.3669526767385 603.88009926994 614.6643927961383 37.085434542296156 37.74250620437125 38.41652454975864
27520 16384 1473.641 1475.991 1502.171 600.3147178317249 610.9626413711195 611.9369371509072 37.51966986448281 38.18516508569497 38.2460585719317
27520 32768 2945.142 2948.563 2975.342 606.1658525305662 611.6710818117165 612.3815829593276 37.88536578316039 38.22944261323228 38.273848934957975

30272 1 1.49 10.92 39.97 1.5147360520390294 5.544322344322344 40.63355704697987 0.09467100325243934 0.3465201465201465 2.5395973154362417
30272 2 0.77 0.79 0.87 139.1816091954023 153.2759493670886 157.25714285714287 8.698850574712644 9.579746835443038 9.82857142857143
30272 4 0.9 0.96 1.14 212.43508771929828 252.2666666666667 269.08444444444444 13.277192982456143 15.76666666666667 16.817777777777778
30272 8 1.3 1.4 1.66 291.7783132530121 345.9657142857143 372.5784615384615 18.236144578313255 21.622857142857143 23.286153846153844
30272 16 2.06 2.16 2.46 393.7821138211382 448.47407407407405 470.24466019417474 24.611382113821136 28.02962962962963 29.39029126213592
30272 32 3.69 3.75 3.8 509.84421052631586 516.6421333333334 525.0428184281843 31.86526315789474 32.29013333333334 32.81517615176152
30272 64 6.86 6.94 7.1 545.7487323943662 558.3308357348703 564.8419825072887 34.10929577464789 34.895677233429396 35.30262390670554
30272 128 13.14 13.17 13.26 584.436802413273 588.430675778284 589.7741248097412 36.52730015082956 36.77691723614275 36.86088280060883
30272 256 25.79 25.93 38.79 399.56854859499873 597.7348245275742 600.9796044978674 24.97303428718742 37.35842653297339 37.56122528111671
30272 512 51.12 51.23 51.52 601.67950310559 605.0854577396058 606.3874804381848 37.604968944099376 37.81784110872536 37.89921752738655
30272 1024 101.81 102.0 102.33 605.8541581158995 607.8142745098039 608.9485905117375 37.86588488224372 37.988392156862744 38.059286906983594
30272 2048 203.18 203.4 228.12 543.5477467999299 609.6072369714848 610.2673097745841 33.97173417499562 38.1004523107178 38.141706860911505
30272 4096 405.521 405.91 414.74 597.9365964218546 610.9438644034391 611.529918302628 37.37103727636591 38.18399152521494 38.22061989391425
30272 8192 815.74 819.411 825.24 601.0087344287723 605.2840979679307 608.0080025498321 37.56304590179827 37.83025612299567 38.000500159364506
30272 16384 1626.311 1633.661 1638.821 605.2844673091205 607.1962885812908 609.9404701806727 37.83027920682003 37.949768036330674 38.121279386292045
30272 32768 3254.493 3264.722 3282.212 604.441697245638 607.6798551300845 609.5898169085016 37.777606077852376 37.979990945630284 38.09936355678135

33280 1 1.99 16.67 20.13 3.306507699950323 3.992801439712057 33.447236180904525 0.20665673124689518 0.24955008998200356 2.090452261306533
33280 2 0.6 0.78 0.96 138.66666666666669 170.66666666666666 221.86666666666667 8.666666666666668 10.666666666666666 13.866666666666667
33280 4 0.98 1.05 1.19 223.7310924369748 253.56190476190474 271.6734693877551 13.983193277310924 15.847619047619046 16.979591836734695
33280 8 1.35 1.7 1.73 307.7919075144509 313.2235294117647 394.42962962962963 19.23699421965318 19.576470588235292 24.651851851851852
33280 16 2.18 2.31 2.37 449.3502109704641 461.02164502164504 488.5137614678898 28.084388185654007 28.813852813852815 30.532110091743114
33280 32 3.89 4.05 4.09 520.7628361858191 525.9061728395061 547.5372750642673 32.54767726161369 32.86913580246913 34.22107969151671
33280 64 7.47 7.5 7.56 563.4708994708996 567.9786666666666 570.2597054886212 35.21693121693122 35.498666666666665 35.641231593038825
33280 128 14.39 14.46 14.52 586.7548209366391 589.1894882434301 592.0555941626129 36.672176308539946 36.82434301521438 37.00347463516331
33280 256 28.28 28.31 28.33 601.4599364631133 601.8848463440481 602.5233380480905 37.59124602894458 37.61780289650301 37.65770862800566
33280 512 55.84 56.071 56.16 606.8148148148148 607.7779957553815 610.2922636103152 37.925925925925924 37.986124734711346 38.1432664756447
33280 1024 111.681 120.57 125.25 544.1711776447105 565.2935224350999 610.2867990078885 34.010698602794406 35.330845152193746 38.14292493799303
33280 2048 222.59 222.85 232.74 585.6959697516542 611.6889387480368 612.4034323195112 36.605998109478385 38.2305586717523 38.27521451996945
33280 4096 444.6 447.18 453.651 600.9680569424513 609.6644751554185 613.2023391812866 37.56050355890321 38.104029697213655 38.32514619883041
33280 8192 893.801 900.9 913.001 597.21678289509 605.2386724386724 610.0457708147562 37.326048930943124 37.82741702741703 38.127860675922264
33280 16384 1789.632 1805.601 1813.512 601.3299277865269 603.9645746762435 609.3537889353789 37.58312048665793 37.74778591726522 38.08461180846118

36608 1 1.84 3.78 28.1 2.605551601423487 19.36931216931217 39.791304347826085 0.16284697508896795 1.2105820105820106 2.4869565217391303
36608 2 0.78 0.86 1.17 125.15555555555555 170.26976744186047 187.73333333333332 7.822222222222222 10.64186046511628 11.733333333333333
36608 4 0.93 1.07 1.43 204.8 273.70467289719625 314.9075268817204 12.8 17.106542056074765 19.681720430107525
36608 8 1.45 1.57 1.63 359.3423312883436 373.07515923566876 403.9503448275862 22.458895705521474 23.317197452229298 25.246896551724138
36608 16 2.45 2.51 2.55 459.3945098039216 466.7155378486056 478.1453061224489 28.7121568627451 29.16972111553785 29.884081632653057
36608 32 4.27 4.36 4.47 524.1413870246085 537.3651376146788 548.6913348946136 32.758836689038034 33.585321100917426 34.29320843091335
36608 64 8.1 8.12 8.25 567.9786666666666 577.0719211822661 578.4967901234568 35.498666666666665 36.06699507389163 36.15604938271605
36608 128 15.76 15.81 16.0 585.7280000000001 592.7671094244149 594.6477157360407 36.608000000000004 37.04794433902593 37.165482233502544
36608 256 30.9 31.14 41.76 448.8337164750958 601.904174694926 606.5791585760518 28.052107279693487 37.61901091843288 37.911197411003236
36608 512 61.35 61.47 61.67 607.8578239014107 609.8355620627949 611.0283944580277 37.99111399383817 38.11472262892468 38.18927465362673
36608 1024 122.181 122.22 122.55 611.7762872297021 613.4281132384225 613.6239186125503 38.23601795185638 38.339257077401406 38.35149491328439
36608 2048 243.8 244.25 254.2 589.8755625491739 613.9052937563971 615.0384249384741 36.86722265932337 38.36908085977482 38.43990155865463
36608 4096 494.87 497.22 508.9 589.2960031440361 603.1389244197738 606.0030634308 36.83100019650226 37.696182776235865 37.875191464425
36608 8192 980.121 985.561 989.811 605.9595943063878 608.5726525298788 611.9504346912269 37.872474644149236 38.03579078311743 38.24690216820168
36608 16384 1959.591 1968.052 1975.212 607.3125031642173 609.5219760453483 612.1537320798064 37.95703144776358 38.09512350283427 38.2596082549879

40256 1 2.93 12.09 165.0 0.4879515151515152 6.659387923904053 27.478498293515358 0.0304969696969697 0.41621174524400334 1.7174061433447099
40256 2 0.68 0.83 0.92 175.02608695652174 194.00481927710845 236.79999999999998 10.939130434782609 12.125301204819278 14.799999999999999
40256 4 1.03 1.13 1.22 263.9737704918033 284.9982300884956 312.66796116504855 16.498360655737706 17.812389380530973 19.541747572815535
40256 8 1.62 1.67 2.08 309.6615384615385 385.68622754491025 397.5901234567901 19.353846153846156 24.10538922155689 24.84938271604938
40256 16 2.58 2.72 2.77 465.05126353790615 473.59999999999997 499.2992248062016 29.065703971119135 29.599999999999998 31.2062015503876
40256 32 4.76 4.8 4.85 531.2131958762888 536.7466666666667 541.2571428571429 33.20082474226805 33.54666666666667 33.82857142857143
40256 64 8.95 9.0 9.16 562.5292576419214 572.5297777777778 575.7282681564246 35.15807860262009 35.78311111111111 35.98301675977654
40256 128 17.32 17.38 17.98 573.1666295884316 592.9537399309552 595.0078521939954 35.82291434927698 37.0596087456847 37.18799076212471
40256 256 34.07 34.12 34.28 601.2564760793465 604.0759671746777 604.9624889932493 37.578529754959156 37.754747948417354 37.81015556207808
40256 512 67.68 67.86 68.51 601.6952853598015 607.4586501620985 609.074231678487 37.60595533498759 37.966165635131155 38.067139479905435
40256 1024 134.79 134.83 149.951 549.8081906756207 611.4684269079581 611.6498850063061 34.363011917226295 38.21677668174738 38.22811781289413
40256 2048 268.63 269.24 278.61 591.8257636122179 612.4222849502303 613.8129620667834 36.98911022576362 38.27639280938939 38.36331012917396
40256 4096 537.3 551.421 552.37 597.0221988884263 598.0496789204618 613.7672659594268 37.31388743052664 37.37810493252886 38.360454122464176
40256 8192 1080.681 1087.961 1106.301 596.1797955529283 606.2297306613013 610.3135930029306 37.26123722205802 37.889358166331334 38.14459956268316
40256 16384 2159.962 2170.491 2174.341 606.670530519362 607.7466379726984 610.7091735873131 37.91690815746013 37.98416487329365 38.16932334920707

44224 1 1.95 6.32 26.95 3.2819294990723566 13.99493670886076 45.35794871794872 0.2051205936920223 0.8746835443037975 2.834871794871795
44224 2 0.85 0.9 1.01 175.14455445544553 196.5511111111111 208.1129411764706 10.946534653465346 12.284444444444444 13.007058823529412
44224 4 1.16 1.17 1.57 225.3452229299363 302.3863247863248 304.9931034482759 14.08407643312102 18.8991452991453 19.062068965517245
44224 8 1.65 1.75 1.83 386.65792349726775 404.33371428571434 428.8387878787879 24.166120218579234 25.270857142857146 26.802424242424244
44224 16 2.88 2.91 3.26 434.10061349693257 486.31202749140897 491.3777777777778 27.131288343558285 30.39450171821306 30.711111111111112
44224 32 5.18 5.22 5.31 533.0199623352166 542.2099616858238 546.3969111969112 33.31374764595104 33.88812260536399 34.14980694980695
44224 64 9.77 9.79 22.39 252.8214381420277 578.2096016343208 579.3932446264074 15.80133988387673 36.13810010214505 36.21207778915046
44224 128 19.0 19.03 19.27 587.5113648157759 594.9208617971623 595.8602105263158 36.71946030098599 37.18255386232264 37.241263157894736
44224 256 37.28 37.45 37.6 602.1991489361702 604.6111615487316 607.3682403433477 37.63744680851064 37.788197596795726 37.96051502145923
44224 512 74.2 74.3 74.88 604.7726495726496 609.4936204576043 610.3150404312669 37.7982905982906 38.09335127860027 38.14469002695418
44224 1024 147.89 148.08 158.04 573.0875221462921 611.6339276066991 612.4197173574955 35.81797013414326 38.227120475418694 38.27623233484347
44224 2048 295.38 295.58 313.82 577.2146580842522 612.8341024426552 613.2490486830524 36.07591613026576 38.30213140266595 38.32806554269077
44224 4096 590.88 603.341 608.401 595.4674762204534 600.4614438601058 613.1245058218251 37.216717263778335 37.52884024125661 38.32028161386407
44224 8192 1189.461 1192.671 1195.991 605.8289870074274 607.5154137226444 609.1549163864978 37.86431168796421 37.96971335766528 38.07218227415611
44224 16384 2370.602 2385.311 2402.172 603.2590638805215 607.5233091198589 611.2928412276714 37.70369149253259 37.97020681999118 38.20580257672946

48640 1 1.97 9.43 48.11 2.0220328414051134 10.316012725344645 49.38071065989848 0.1263770525878196 0.6447507953340403 3.086294416243655
48640 2 0.82 0.9 1.19 163.49579831932772 216.17777777777778 237.26829268292684 10.218487394957982 13.511111111111111 14.829268292682928
48640 4 1.19 1.31 1.52 256.0 297.03816793893134 326.99159663865544 16.0 18.56488549618321 20.436974789915965
48640 8 1.8 1.88 2.24 347.42857142857144 413.9574468085107 432.35555555555555 21.714285714285715 25.87234042553192 27.022222222222222
48640 16 3.101 3.14 3.16 492.55696202531647 495.69426751592357 501.9284101902612 30.78481012658228 30.980891719745223 31.370525636891326
48640 32 5.64 5.68 6.26 497.2779552715655 548.0563380281691 551.9432624113476 31.079872204472842 34.25352112676057 34.49645390070923
48640 64 10.66 10.76 10.79 577.0083410565339 578.6171003717473 584.0450281425892 36.06302131603337 36.1635687732342 36.502814258911826
48640 128 20.81 20.85 20.93 594.9278547539417 597.210551558753 598.3584814992793 37.182990922121355 37.32565947242206 37.397405093704954
48640 256 41.05 41.12 41.3 602.9946731234868 605.6342412451362 606.6669914738126 37.687167070217924 37.85214007782101 37.916686967113286
48640 512 81.47 81.56 82.02 607.2587173860035 610.6836684649338 611.3582913956058 37.95366983662522 38.16772927905836 38.20989321222536
48640 1024 162.43 163.44 173.671 573.582924034525 609.4880078316202 613.2778427630363 35.848932752157815 38.09300048947626 38.32986517268977
48640 2048 324.19 324.43 324.93 613.1457236943342 614.0906821194094 614.5452975107191 38.321607730895884 38.38066763246309 38.409081094419946
48640 4096 652.88 664.771 673.251 591.8429827805678 599.392693122895 610.3095208920475 36.99018642378549 37.46204332018094 38.14434505575297
48640 8192 1308.071 1308.731 1331.811 598.3715106723101 608.9240340451934 609.2312726144071 37.398219417019384 38.057752127824585 38.07695453840044
48640 16384 2601.412 2614.842 2626.212 606.8952239956257 609.5341592340952 612.6809286648943 37.9309514997266 38.09588495213095 38.29255804155589

53504 1 1.71 4.96 16.65 6.426906906906908 21.574193548387097 62.57777777777778 0.4016816816816817 1.3483870967741935 3.9111111111111114
53504 2 0.87 0.94 1.07 200.01495327102802 227.6765957446809 245.99540229885056 12.500934579439251 14.229787234042556 15.37471264367816
53504 4 1.2 1.37 1.42 301.43098591549295 312.4321167883212 356.6933333333334 18.83943661971831 19.527007299270075 22.293333333333337
53504 8 2.01 2.02 2.42 353.74545454545455 423.7940594059406 425.9024875621891 22.10909090909091 26.487128712871286 26.61890547263682
53504 16 3.38 3.44 4.3 398.16930232558144 497.71162790697673 506.54674556213024 24.88558139534884 31.106976744186046 31.65917159763314
53504 32 6.11 6.19 6.49 527.6203389830508 553.1915993537965 560.434697217676 32.97627118644068 34.57447495961228 35.02716857610475
53504 64 11.69 11.77 11.85 577.9335021097047 581.8616822429907 585.843627031651 36.120843881856544 36.36635514018692 36.615226689478185
53504 128 22.57 22.79 23.0 595.5227826086957 601.0102676612549 606.8685866194063 37.22017391304348 37.563141728828434 37.929286663712894
53504 256 45.06 45.19 45.48 602.3317502198769 606.1971232573578 607.9460275188637 37.645734388742305 37.88732020358486 37.99662671992898
53504 512 89.44 89.68 89.85 609.7729104062327 610.928813559322 612.5681574239715 38.11080690038954 38.18305084745762 38.285509838998216
53504 1024 178.24 180.78 192.201 570.112496813232 606.1300586348048 614.767684021544 35.632031050827 37.8831286646753 38.4229802513465
53504 2048 355.74 356.47 365.52 599.5633180126943 614.7849300081353 616.0465058750773 37.47270737579339 38.42405812550846 38.50290661719233
53504 4096 719.961 725.05 727.611 602.3888698768985 604.5166098889732 608.7895983254649 37.64930436730616 37.782288118060826 38.04934989534156
53504 8192 1436.291 1437.022 1454.591 602.6501855160661 610.0181736953227 610.3286423155197 37.66563659475413 38.12613585595767 38.14554014471998
53504 16384 2858.122 2867.812 2892.562 606.1128757136407 611.3437951999643 613.4164573800559 37.882054732102546 38.20898719999777 38.338528586253496

58816 1 2.4 12.73 20.06 5.864007976071785 9.240534171249019 49.013333333333335 0.36650049850448657 0.5775333857030637 3.0633333333333335
58816 2 0.93 0.99 1.12 210.05714285714285 237.64040404040404 252.97204301075266 13.128571428571428 14.852525252525252 15.810752688172041
58816 4 1.4 1.5 13.13 35.836100533130235 313.68533333333335 336.0914285714286 2.2397562833206397 19.605333333333334 21.005714285714287
58816 8 2.13 2.21 2.29 410.9414847161572 425.81719457013577 441.81032863849765 25.683842794759826 26.613574660633486 27.613145539906103
58816 16 3.66 3.75 3.77 499.2339522546419 501.8965333333333 514.2382513661202 31.20212201591512 31.368533333333332 32.13989071038251
58816 32 6.71 6.79 6.84 550.3251461988305 554.3776141384388 560.9871833084948 34.3953216374269 34.64860088365243 35.06169895678092
58816 64 12.88 12.91 13.35 563.9286891385768 583.1485670023238 584.5068322981366 35.24554307116105 36.44678543764524 36.53167701863354
58816 128 25.08 25.1 25.26 596.0766429136975 599.8763346613546 600.3547049441787 37.25479018210609 37.49227091633466 37.52216905901117
58816 256 49.46 49.61 49.711 605.777232403291 607.0105220721629 608.8514355034371 37.86107702520569 37.93815762951018 38.05321471896482
58816 512 98.57 98.6 98.82 609.467557174661 610.8274239350912 611.0133306279802 38.09172232341631 38.1767139959432 38.18833316424876
58816 1024 196.55 196.77 207.23 581.263176181055 612.1622605071911 612.847458661918 36.328948511315936 38.26014128169945 38.30296616636988
58816 2048 392.291 393.33 402.22 598.9516582964546 612.4890956703023 614.1113000298247 37.434478643528415 38.28056847939389 38.38195625186405
58816 4096 795.28 795.73 799.841 602.395566118766 605.5077375491687 605.8503571069309 37.64972288242288 37.844233596823045 37.86564731918318
58816 8192 1578.951 1585.381 1607.641 599.4132670167033 607.8295021827561 610.3047808323374 37.46332918854396 37.989343886422255 38.14404880202109
58816 16384 3147.732 3163.412 3175.452 606.9317653045929 609.2417579499604 612.2766131297074 37.933235331537055 38.077609871872525 38.26728832060671

64640 1 3.05 3.62 21.88 5.908592321755028 35.71270718232044 42.386885245901645 0.3692870201096892 2.2320441988950277 2.649180327868853
64640 2 0.9 1.11 1.18 219.11864406779665 232.93693693693692 287.2888888888889 13.69491525423729 14.558558558558557 17.955555555555556
64640 4 1.56 1.63 1.8 287.2888888888889 317.25153374233133 331.4871794871795 17.955555555555556 19.82822085889571 20.71794871794872
64640 8 2.28 2.39 2.48 417.03225806451616 432.7364016736402 453.6140350877194 26.06451612903226 27.046025104602514 28.350877192982463
64640 16 3.94 4.04 4.15 498.42891566265064 512.0 524.9949238578681 31.151807228915665 32.0 32.81218274111676
64640 32 7.36 7.42 7.47 553.8099062918341 557.5417789757413 562.0869565217391 34.61311914323963 34.84636118598383 35.130434782608695
64640 64 14.06 14.13 14.21 582.2603800140746 585.5569709837226 588.4722617354196 36.39127375087966 36.597310686482665 36.779516358463724
64640 128 27.51 27.55 27.61 599.3422672944586 600.6475499092559 601.5209014903671 37.45889170590366 37.54047186932849 37.595056343147945
64640 256 54.4 54.4 63.04 524.9949238578681 608.3764705882353 608.3764705882353 32.81218274111676 38.023529411764706 38.023529411764706
64640 512 108.121 108.13 108.18 611.8631909779996 612.146120410617 612.1970754987469 38.241449436124974 38.25913252566356 38.26231721867168
64640 1024 215.29 215.62 225.0 588.3676444444445 613.9630832019294 614.9041757629245 36.77297777777778 38.37269270012059 38.43151098518278
64640 2048 430.26 430.54 441.45 599.7631441839394 614.9613044084173 615.3615023474179 37.48519651149621 38.43508152552608 38.460093896713616
64640 4096 864.611 876.19 878.321 602.8899229325042 604.3562241066435 612.4498531709637 37.68062018328151 37.77226400666522 38.27811582318523
64640 8192 1727.981 1735.512 1757.801 602.4924095503417 610.230156864372 612.8897019122318 37.655775596896355 38.13938480402325 38.305606369514486
64640 16384 3452.593 3465.992 3513.513 602.8506284166303 611.1161018259708 613.4877525384545 37.678164276039396 38.19475636412317 38.34298453365341

71104 1 1.83 4.51 19.59 7.259213884635018 31.53170731707317 77.70928961748633 0.4537008677896886 1.9707317073170731 4.856830601092896
71104 2 1.09 1.24 1.39 204.61582733812952 229.36774193548388 260.9321100917431 12.788489208633095 14.335483870967742 16.308256880733943
71104 4 1.58 1.77 1.94 293.2123711340206 321.37401129943504 360.02025316455695 18.325773195876288 20.08587570621469 22.50126582278481
71104 8 2.57 2.62 2.96 384.34594594594597 434.22290076335884 442.6708171206226 24.021621621621623 27.138931297709927 27.66692607003891
71104 16 4.38 4.4 5.29 430.1187145557656 517.12 519.4812785388128 26.88241965973535 32.32 32.4675799086758
71104 32 8.1 8.16 8.51 534.7421856639248 557.6784313725491 561.8093827160494 33.4213866039953 34.85490196078432 35.11308641975309
71104 64 15.47 15.5 15.58 584.1663671373556 587.1814193548387 588.3201034259858 36.51039794608472 36.69883870967742 36.770006464124116
71104 128 30.23 30.26 40.931 444.7148615963451 601.5407799074686 602.1377439629507 27.794678849771568 37.59629874421679 37.63360899768442
71104 256 59.81 59.88 60.11 605.6437863916154 607.9700734802939 608.6816251462966 37.852736649475965 37.99812959251837 38.04260157164354
71104 512 118.99 119.17 127.39 571.5558207080618 610.9800788789125 611.904328094798 35.72223879425386 38.18625492993203 38.24402050592487
71104 1024 237.27 237.43 248.001 587.1790516973722 613.3217874742029 613.7353732035234 36.69869073108576 38.33261171713768 38.35846082522021
71104 2048 474.14 474.42 481.741 604.5613389767531 613.8906116942793 614.25314042266 37.78508368604707 38.368163230892456 38.39082127641625
71104 4096 953.331 960.631 968.051 601.7079348092198 606.3555808629953 610.9986646820464 37.606745925576234 37.89722380393721 38.1874165426279
71104 8192 1903.331 1910.332 1924.702 605.271847797737 609.8248555748424 612.0679671586288 37.82949048735856 38.11405347342765 38.2542479474143

78208 1 2.16 4.67 13.56 11.535103244837757 33.49379014989293 72.4148148148148 0.7209439528023598 2.093361884368308 4.525925925925925
78208 2 1.01 1.26 1.71 182.9426900584795 248.27936507936505 309.73465346534647 11.43391812865497 15.517460317460316 19.358415841584154
78208 4 1.72 1.77 2.16 289.6592592592592 353.4824858757062 363.7581395348837 18.1037037037037 22.092655367231636 22.73488372093023
78208 8 2.78 2.79 2.88 434.4888888888889 448.50465949820784 450.1179856115108 27.155555555555555 28.03154121863799 28.132374100719424
78208 16 4.77 4.78 4.86 514.9497942386831 523.5682008368201 524.6658280922433 32.184362139917695 32.723012552301256 32.791614255765204
78208 32 8.81 8.9 8.97 558.0057971014492 562.3946067415729 568.1398410896708 34.87536231884057 35.14966292134831 35.50874006810442
78208 64 16.96 17.01 17.34 577.3139561707035 588.5140505584949 590.2490566037735 36.08212226066897 36.78212815990593 36.890566037735844
78208 128 33.17 33.21 33.32 600.8777911164466 602.8680517916289 603.595055773289 37.55486194477791 37.679253236976805 37.72469098583056
78208 256 65.54 65.73 66.09 605.8782871841428 609.1966529742887 610.9627097955446 37.867392949008924 38.07479081089304 38.18516936222154
78208 512 130.671 130.74 130.92 611.7093797739077 612.5515679975523 612.8750220018214 38.23183623586923 38.28447299984702 38.30468887511384
78208 1024 260.59 261.03 275.37 581.6537168173729 613.6075700111098 614.6436317587014 36.35335730108581 38.350473125694364 38.41522698491884
78208 2048 528.56 534.101 540.14 593.0684044877254 599.7741400970976 606.061692144695 37.06677528048284 37.4858837560686 37.87885575904344
78208 4096 1048.49 1053.711 1056.641 606.3364340395649 608.0224425862499 611.0501158809335 37.896027127472806 38.00140266164062 38.190632242558344
78208 8192 2095.582 2121.611 2133.762 600.5167736607925 603.9560843151737 611.4577582743124 37.53229835379953 37.74725526969836 38.21610989214452

86016 1 2.39 3.93 21.731 7.9164327458469455 43.77404580152671 71.97991631799162 0.4947770466154341 2.7358778625954194 4.4987447698744765
86016 2 1.26 1.36 1.39 247.52805755395687 252.98823529411763 273.06666666666666 15.470503597122304 15.811764705882352 17.066666666666666
86016 4 1.9 1.98 2.06 334.0427184466019 347.5393939393939 362.1726315789474 20.87766990291262 21.72121212121212 22.635789473684213
86016 8 3.07 3.32 3.65 377.0564383561644 414.53493975903615 448.29185667752444 23.566027397260275 25.90843373493976 28.018241042345277
86016 16 5.2 5.3 5.33 516.4187617260789 519.3418867924528 529.3292307692308 32.27617260787993 32.4588679245283 33.08307692307692
86016 32 9.69 9.73 9.83 560.0227873855544 565.778417266187 568.1139318885449 35.00142421159715 35.36115107913669 35.50712074303406
86016 64 18.49 18.64 18.76 586.889552238806 590.6678111587983 595.4595997836669 36.680597014925375 36.91673819742489 37.21622498647918
86016 128 36.39 36.57 36.92 596.4273022751896 602.1355209187859 605.1139323990107 37.27670639219935 37.63347005742412 37.819620774938166
86016 256 72.13 72.21 72.35 608.7103248099517 609.8904860822602 610.566920837377 38.04439530062198 38.11815538014126 38.16043255233606
86016 512 143.43 143.76 154.08 571.653582554517 612.6904841402337 614.1001464128843 35.72834890965731 38.29315525876461 38.38125915080527
86016 1024 286.211 287.35 296.34 594.4549099007896 613.0529598051156 615.4926540209844 37.15343186879935 38.315809987819726 38.46829087631153
86016 2048 572.27 581.06 589.03 598.1385260513048 606.3427804357553 615.6561343421812 37.38365787820655 37.89642377723471 38.478508396386324
86016 4096 1154.721 1162.761 1177.251 598.5495633471536 606.0085193775849 610.2279875398473 37.4093477091971 37.875532461099056 38.139249221240455
86016 8192 2306.752 2309.051 2334.502 603.6774198522854 610.3313196633595 610.939599922315 37.72983874076784 38.14570747895997 38.183724995144686

94592 1 2.15 7.42 34.4 5.499534883720931 25.496495956873318 87.99255813953489 0.3437209302325582 1.5935309973045824 5.499534883720931
94592 2 1.27 1.35 1.54 245.6935064935065 280.2725925925926 297.9275590551181 15.355844155844157 17.51703703703704 18.62047244094488
94592 4 2.06 2.2 2.37 319.2978902953586 343.9709090909091 367.34757281553397 19.956118143459914 21.49818181818182 22.959223300970873
94592 8 3.25 3.38 3.43 441.24548104956267 447.7727810650888 465.68369230769235 27.577842565597667 27.98579881656805 29.105230769230772
94592 16 5.72 5.74 5.87 515.6633730834753 527.3421602787456 529.186013986014 32.22896081771721 32.9588850174216 33.074125874125876
94592 32 10.65 10.74 10.98 551.3559198542805 563.6767225325884 568.4401877934273 34.45974499089253 35.22979515828678 35.527511737089206
94592 64 20.4 20.51 20.59 588.0415735794074 590.3352510970258 593.5184313725491 36.752598348712965 36.89595319356411 37.09490196078432
94592 128 39.97 40.08 40.37 599.840277433738 604.1804391217565 605.8431823867902 37.49001733960863 37.76127744510978 37.86519889917439
94592 256 79.2 79.29 79.36 610.2709677419356 610.8097364106444 611.5038383838385 38.141935483870974 38.175608525665275 38.2189898989899
94592 512 157.81 158.05 167.23 579.2154996113138 612.8580069598228 613.7900513275458 36.20096872570711 38.30362543498892 38.361878207971614
94592 1024 314.991 325.35 327.79 591.001604685927 595.4338896572922 615.0157179094007 36.937600292870435 37.21461810358076 38.43848236933754
94592 2048 629.39 640.441 651.8 594.429015035287 604.9719365249882 615.5941975563642 37.151813439705435 37.810746032811764 38.47463734727276
94592 4096 1267.601 1271.591 1274.591 607.9578970822798 609.3922212409494 611.3103918346545 37.99736856764249 38.08701382755934 38.20689948966591
94592 8192 2522.841 2533.102 2541.352 609.8310379671924 611.8171822532216 614.3055896110774 38.114439872949525 38.23857389082635 38.394099350692336

104000 1 2.36 4.22 23.73 8.76527602191319 49.28909952606635 88.13559322033899 0.5478297513695743 3.080568720379147 5.508474576271187
104000 2 1.54 1.6 1.71 243.2748538011696 259.99999999999994 270.1298701298701 15.2046783625731 16.249999999999996 16.88311688311688
104000 4 2.23 2.31 2.51 331.4741035856574 360.17316017316017 373.09417040358744 20.71713147410359 22.51082251082251 23.318385650224215
104000 8 3.58 3.66 4.13 402.90556900726386 454.64480874316934 464.804469273743 25.18159806295399 28.415300546448083 29.050279329608937
104000 16 6.24 6.3 6.4 519.9999999999999 528.2539682539682 533.3333333333333 32.49999999999999 33.01587301587301 33.33333333333333
104000 32 11.7 11.84 15.54 428.3140283140283 562.1621621621621 568.8888888888889 26.76962676962677 35.13513513513513 35.55555555555556
104000 64 22.42 22.46 22.74 585.4001759014951 592.6981300089046 593.7555753791257 36.587510993843445 37.04363312555654 37.10972346119536
104000 128 44.1 44.13 44.27 601.4004969505307 603.3084069793791 603.718820861678 37.58753105940817 37.706775436211196 37.73242630385487
104000 256 87.22 87.42 97.64 545.3502662843097 609.1054678563257 610.5021783994497 34.084391642769354 38.06909174102036 38.156386149965606
104000 512 173.52 173.631 184.75 576.4330175913396 613.3466950026204 613.739050253573 36.02706359945873 38.33416843766378 38.358690640848316
104000 1024 346.58 346.741 358.99 593.3090058218892 614.2682867039088 614.5536384096024 37.08181286386807 38.3917679189943 38.40960240060015
104000 2048 698.721 704.38 710.131 599.8667851424595 604.7644737215707 609.6625119325166 37.49167407140372 37.797779607598166 38.10390699578229
104000 4096 1388.971 1397.641 1402.301 607.55001957497 609.5757064940138 613.3806969331973 37.97187622343562 38.098481655875865 38.33629355832483
104000 8192 2780.942 2787.832 2807.982 606.8187046783063 611.204692391794 612.7189995332516 37.92616904239414 38.20029327448712 38.29493747082822

114368 1 4.19 14.46 36.49 6.268457111537407 15.818533886583678 54.59093078758949 0.3917785694710879 0.9886583679114799 3.4119331742243433
114368 2 1.24 1.7 1.76 259.92727272727274 269.10117647058826 368.9290322580645 16.245454545454546 16.818823529411766 23.058064516129033
114368 4 2.31 2.45 2.63 347.8874524714829 373.4465306122449 396.0796536796537 21.74296577946768 23.340408163265305 24.754978354978356
114368 8 3.85 3.89 4.69 390.1680170575693 470.4082262210797 475.29558441558436 24.38550106609808 29.40051413881748 29.705974025974022
114368 16 6.81 6.92 16.14 226.7519206939281 528.8693641618497 537.4120411160059 14.171995043370506 33.05433526011561 33.58825256975037
114368 32 12.77 12.79 12.9 567.4071317829457 572.2870992963253 573.1833985904464 35.46294573643411 35.76794370602033 35.8239624119029
114368 64 24.56 24.7 24.831 589.5495147195038 592.6762753036437 596.0547231270359 36.84684466996899 37.04226720647773 37.253420195439745
114368 128 48.33 48.41 69.15 423.401417208966 604.7966948977485 605.7978067452927 26.462588575560375 37.79979343110928 37.8623629215808
114368 256 95.83 96.04 110.31 530.835064817333 609.7086214077467 611.0447250339142 33.17719155108331 38.10678883798417 38.19029531461964
114368 512 190.93 191.051 191.25 612.354677124183 612.99250985339 613.3809877965746 38.27216732026144 38.31203186583687 38.33631173728591
114368 1024 381.02 381.53 391.29 598.5986455058908 613.9115246507483 614.7332528476196 37.41241534411817 38.36947029067177 38.420828302976226
114368 2048 765.791 776.881 777.121 602.8035891450623 602.9898118244622 611.7221644025589 37.6752243215664 37.68686323902889 38.23263527515993
114368 4096 1526.871 1548.722 1578.361 593.5921224612113 604.9521192312113 613.6095688502826 37.099507653825704 37.80950745195071 38.35059805314266
114368 8192 3056.872 3065.172 3087.463 606.9077789758128 611.3214240505916 612.9812802106205 37.9317361859883 38.20758900316198 38.31133001316378

125760 1 3.46 7.09 24.301 10.3501913501502 35.47531734837799 72.69364161849711 0.6468869593843874 2.2172073342736245 4.543352601156069
125760 2 1.64 1.84 1.94 259.29896907216494 273.39130434782606 306.73170731707313 16.20618556701031 17.08695652173913 19.17073170731707
125760 4 2.59 2.75 3.38 297.6568047337278 365.8472727272727 388.44787644787647 18.60355029585799 22.865454545454543 24.27799227799228
125760 8 4.19 4.24 5.26 382.5399239543726 474.566037735849 480.2291169451073 23.90874524714829 29.660377358490564 30.014319809069207
125760 16 7.52 7.54 7.63 527.4338138925294 533.7294429708222 535.1489361702128 32.96461336828309 33.35809018567639 33.4468085106383
125760 32 13.99 14.07 14.17 568.0056457304163 572.0426439232408 575.313795568263 35.50035285815102 35.75266524520255 35.95711222301644
125760 64 27.06 27.11 39.26 410.0173204279164 593.7764662486167 594.8736141906874 25.626082526744774 37.11102914053854 37.17960088691796
125760 128 53.19 53.31 53.61 600.5327364297706 603.9122115925717 605.2746756909194 37.53329602686066 37.74451322453573 37.82966723068246
125760 256 105.38 105.56 113.9 565.3127304653204 609.9765062523683 611.0184095653824 35.33204565408253 38.12353164077302 38.1886505978364
125760 512 210.03 210.101 210.14 612.8211668411535 612.9349217757174 613.1421225539208 38.301322927572095 38.30843261098234 38.32138265962005
125760 1024 418.93 427.831 429.221 600.0556356748621 602.0051842900584 614.7959802353614 37.50347722967888 37.62532401812865 38.42474876471009
125760 2048 842.301 849.071 851.8 604.7346325428504 606.6783107655307 611.5544918028115 37.79591453392815 37.91739442284567 38.22215573767572
125760 4096 1680.841 1689.262 1718.251 599.5782455531817 609.8674569131372 612.9228880066585 37.473640347073854 38.11671605707107 38.307680500416154
125760 8192 3363.693 3373.852 3391.232 607.5820940590322 610.7119814384271 612.5564491170865 37.97388087868951 38.16949883990169 38.284778069817904

138304 1 3.98 5.05 13.79 20.058593183466282 54.77386138613862 69.4994974874372 1.2536620739666426 3.4233663366336637 4.343718592964825
138304 2 2.06 2.18 2.26 244.7858407079646 253.76880733944952 268.5514563106796 15.299115044247788 15.860550458715595 16.784466019417476
138304 4 3.03 3.04 3.46 319.77803468208094 363.9578947368421 365.1590759075908 19.98612716763006 22.74736842105263 22.822442244224426
138304 8 4.8 4.87 4.9 451.60489795918363 454.3868583162218 461.0133333333334 28.225306122448977 28.39917864476386 28.813333333333336
138304 16 8.48 8.58 8.65 511.6448554913295 515.8191142191142 521.9018867924528 31.977803468208094 32.23869463869464 32.6188679245283
138304 32 15.88 15.96 16.25 544.7049846153847 554.6025062656643 557.3964735516373 34.04406153846154 34.662656641604016 34.83727959697733
138304 64 30.75 30.77 30.91 572.7244257521838 575.3302567435815 575.7044552845529 35.79527660951149 35.95814104647384 35.981528455284554
138304 128 60.43 60.53 71.88 492.5685030606567 584.9301833801421 585.8981300678471 30.785531441291045 36.55813646125888 36.61863312924044
138304 256 119.68 120.23 130.66 541.9535282412369 588.9682109290527 591.6748663101604 33.872095515077305 36.810513183065794 36.979679144385024
138304 512 238.9 239.88 248.81 569.2025883204051 590.3922627980658 592.8141314357472 35.57516177002532 36.89951642487911 37.0508832147342
138304 1024 480.57 489.051 498.48 568.2205745466217 579.1759796013096 589.3971575420856 35.51378590916386 36.19849872508185 36.83732234638035
138304 2048 961.301 964.191 969.74 584.1701734485533 587.5321217476621 589.2984445038547 36.51063584053458 36.72075760922888 36.83115278149092
138304 4096 1920.331 1927.102 1944.252 582.7363777946481 587.9223663303759 589.9953539259639 36.421023612165506 36.74514789564849 36.87470962037274

152128 1 4.84 13.38 23.841 12.761880793590871 22.73961136023916 62.862809917355364 0.7976175495994294 1.4212257100149475 3.9289256198347102
152128 2 2.09 2.52 3.19 190.75611285266456 241.47301587301587 291.15406698564595 11.922257053291535 15.092063492063492 18.197129186602872
152128 4 3.33 3.4 3.78 321.9640211640212 357.94823529411764 365.4726726726727 20.122751322751323 22.371764705882352 22.842042042042042
152128 8 5.51 5.53 5.66 430.0438162544169 440.15334538878835 441.75099818511796 26.877738515901058 27.509584086799272 27.609437386569873
152128 16 9.76 9.82 9.88 492.7222672064777 495.7327902240325 498.78032786885245 30.795141700404855 30.98329938900203 31.17377049180328
152128 32 18.1 18.33 18.48 526.8502164502164 531.1615930169122 537.9111602209944 32.928138528138525 33.19759956355701 33.61944751381215
152128 64 35.34 35.46 35.51 548.3633905941988 549.1366046249294 551.001245048104 34.272711912137424 34.32103778905809 34.4375778155065
152128 128 69.531 69.64 69.85 557.5485755189693 559.229867892016 560.1065424055456 34.84678596993558 34.951866743251 35.0066589003466
152128 256 137.93 138.0 148.18 525.6413551086516 564.4169275362319 564.7033712752846 32.85258469429073 35.276057971014495 35.293960704705285
152128 512 274.501 275.31 301.311 517.0042646966092 565.8315063019868 567.4991056498884 32.312766543538075 35.364469143874175 35.468694103118025
152128 1024 558.15 559.391 561.22 555.1444068279818 556.9595220516597 558.1978751231748 34.69652542674886 34.809970128228734 34.88736719519842
152128 2048 1103.02 1109.991 1144.221 544.576867580651 561.3705768785512 564.9183949520408 34.036054223790686 35.08566105490945 35.30739968450255
152128 4096 2200.402 2207.172 2223.012 560.60542003372 564.6286632849637 566.3658622379 35.0378387521075 35.289291455310234 35.39786638986875

167296 1 3.41 6.07 16.65 20.095615615615618 55.12224052718286 98.12082111436949 1.255975975975976 3.445140032948929 6.132551319648093
167296 2 2.44 2.75 2.91 229.96013745704465 243.33963636363634 274.25573770491803 14.37250859106529 15.208727272727272 17.140983606557377
167296 4 3.82 3.89 3.93 340.5516539440203 344.05347043701795 350.35811518324607 21.28447837150127 21.503341902313622 21.89738219895288
167296 8 6.17 6.21 6.34 422.19810725552054 431.0363929146538 433.83079416531604 26.387381703470034 26.939774557165862 27.114424635332252
167296 16 10.89 11.11 11.14 480.5630161579892 481.8606660666067 491.5952249770431 30.035188509874324 30.11629162916292 30.724701561065192
167296 32 20.59 20.75 20.86 513.2763183125599 515.9973012048192 520.0069936862554 32.07976989453499 32.2498313253012 32.500437105390965
167296 64 40.05 40.1 40.44 529.522453016815 534.0121695760598 534.6788514357054 33.09515331355094 33.37576059850374 33.417428214731586
167296 128 78.92 79.04 79.19 540.823033211264 541.8493927125505 542.6732894069944 33.801439575704 33.86558704453441 33.91708058793715
167296 256 156.38 157.03 167.261 512.1071379460843 545.4725339107176 547.7398132753549 32.00669612163027 34.09203336941985 34.23373832970968
167296 512 311.6 312.45 322.721 530.8334567629624 548.2832581212995 549.778896020539 33.17709104768515 34.26770363258122 34.36118100128369
167296 1024 622.19 632.231 658.491 520.3141850078437 541.9256695733046 550.6713511949725 32.51963656299023 33.87035434833154 34.416959449685784
167296 2048 1250.851 1255.411 1258.511 544.4882213981443 545.8327320694178 547.8225751908101 34.03051383738402 34.114545754338614 34.23891094942563
167296 4096 2495.852 2503.632 2513.572 545.2355580027148 547.400269688197 549.1066104881219 34.077222375169676 34.21251685551231 34.31916315550762

184000 1 3.82 4.74 25.57 14.391865467344545 77.63713080168776 96.33507853403141 0.899491591709034 4.852320675105485 6.020942408376963
184000 2 2.65 3.14 3.37 218.39762611275964 234.39490445859872 277.7358490566038 13.649851632047477 14.64968152866242 17.358490566037737
184000 4 4.2 4.22 4.95 297.37373737373736 348.8151658767773 350.4761904761904 18.585858585858585 21.800947867298582 21.9047619047619
184000 8 6.74 6.88 6.95 423.59712230215825 427.906976744186 436.7952522255193 26.47482014388489 26.744186046511626 27.299703264094955
184000 16 12.0 12.18 12.29 479.08868999186336 483.41543513957305 490.66666666666663 29.94304312449146 30.213464696223316 30.666666666666664
184000 32 22.7 22.79 22.98 512.4456048738033 516.7178587099605 518.7665198237886 32.027850304612706 32.29486616937253 32.42290748898679
184000 64 43.99 44.18 52.9 445.2173913043478 533.091896785876 535.394407819959 27.82608695652174 33.31824354911725 33.46215048874744
184000 128 86.5 86.69 87.33 539.3793656246422 543.3614026992733 544.5549132947976 33.71121035154014 33.96008766870458 34.03468208092485
184000 256 171.72 180.59 200.341 470.23824379433063 521.6678664377872 548.6140228278593 29.389890237145664 32.6042416523617 34.28837642674121
184000 512 341.69 341.96 345.08 546.0067230787064 550.9884196982104 551.4238052035471 34.12542019241915 34.43677623113815 34.46398782522169
184000 1024 689.761 696.791 701.021 537.5473773253584 540.8106591503047 546.3225668021242 33.5967110828349 33.80066619689404 34.145160425132765
184000 2048 1375.702 1377.551 1398.671 538.8429444808679 547.1042451422852 547.8395757220677 33.677684030054245 34.194015321392826 34.23997348262923
184000 4096 2736.742 2744.882 2750.752 547.969427996417 549.1412745611651 550.774607178901 34.248089249776065 34.32132966007282 34.42341294868131

202368 1 4.0 8.15 17.98 22.510344827586206 49.66085889570552 101.184 1.4068965517241379 3.103803680981595 6.324
202368 2 2.87 3.04 3.45 234.6295652173913 266.2736842105263 282.0459930313589 14.664347826086956 16.642105263157895 17.62787456445993
202368 4 4.52 4.66 5.54 292.22815884476535 347.41287553648067 358.1734513274336 18.264259927797834 21.713304721030042 22.3858407079646
202368 8 7.3 7.39 7.57 427.7262879788639 438.1445196211096 443.54630136986304 26.732892998678995 27.38403247631935 27.72164383561644
202368 16 13.17 13.25 13.67 473.72172640819315 488.7378113207547 491.70660592255126 29.607607900512072 30.54611320754717 30.731662870159454
202368 32 24.91 24.98 36.51 354.73985209531634 518.4768614891913 519.9338418305902 22.17124075595727 32.404803843074454 32.495865114411885
202368 64 48.33 48.58 48.71 531.7820570724697 533.2051049814738 535.963252638113 33.236378567029355 33.325319061342114 33.49770328988206
202368 128 94.91 95.75 96.01 539.5917925216123 541.057002610966 545.84562216837 33.72448703260077 33.81606266318538 34.11535138552313
202368 256 188.34 190.401 202.92 510.6072146658782 544.1799990546268 550.134947435489 31.912950916617387 34.011249940914176 34.383434214718065
202368 512 375.48 379.411 400.321 517.6466685484897 546.1750766319374 551.8931287951422 32.35291678428061 34.135942289496086 34.493320549696385
202368 1024 754.1 765.03 771.33 537.3182217727821 541.7430218422807 549.5950987932634 33.58238886079888 33.85893886514254 34.349693674578965
202368 2048 1500.811 1510.272 1516.571 546.5615048685488 548.8410882278159 552.3009412910753 34.1600940542843 34.302568014238496 34.51880883069221
202368 4096 3003.283 3011.323 3047.303 544.0216007400643 550.5216995984822 551.9954849409796 34.00135004625402 34.40760622490514 34.499717808811226

222592 1 6.89 15.78 26.86 16.574236783320924 28.211913814955643 64.61306240928883 1.0358897989575577 1.7632446134347277 4.038316400580552
222592 2 3.01 3.42 3.8 234.30736842105264 260.3415204678363 295.8033222591362 14.64421052631579 16.271345029239768 18.487707641196014
222592 4 4.8 4.82 5.08 350.5385826771653 369.44730290456425 370.9866666666667 21.908661417322833 23.090456431535266 23.186666666666667
222592 8 8.06 8.12 20.81 171.14233541566554 438.60492610837446 441.86997518610417 10.696395963479096 27.412807881773404 27.61687344913151
222592 16 14.38 14.49 14.61 487.538945927447 491.57653554175295 495.3368567454798 30.471184120465438 30.72353347135956 30.958553546592487
222592 32 27.32 27.43 27.48 518.4093158660844 519.3542836310609 521.4453879941435 32.400582241630275 32.459642726941304 32.59033674963397
222592 64 53.19 53.27 65.92 432.2174757281553 534.8559414304486 535.6603872908441 27.013592233009707 33.42849633940304 33.47877420567776
222592 128 104.48 104.94 105.29 541.205736537183 543.0107871164475 545.4015313935681 33.82535853357394 33.93817419477797 34.08759571209801
222592 256 207.67 207.72 208.66 546.1856800536758 548.6573464278837 548.7894447922184 34.13660500335474 34.29108415174273 34.29934029951365
222592 512 413.621 414.331 422.02 540.1028576844699 550.1258848601722 551.0702019481603 33.75642860527937 34.38286780376076 34.44188762176002
222592 1024 830.26 843.181 846.461 538.5580859602509 540.6530934639181 549.0670585117915 33.65988037251568 33.790818341494884 34.31669115698697
222592 2048 1656.712 1668.011 1675.981 544.0018902362258 546.6012106634788 550.329104877613 34.00011813976411 34.162575666467426 34.39556905485081
222592 4096 3316.352 3321.622 3341.212 545.7521593960515 548.9708533963227 549.8432205025281 34.10950996225322 34.31067833727017 34.365201281408005

244800 1 6.07 7.94 15.98 30.638297872340424 61.6624685138539 80.65897858319603 1.9148936170212765 3.853904282115869 5.041186161449752
244800 2 3.6 4.13 4.21 232.58907363420425 237.09443099273605 271.99999999999994 14.536817102137766 14.818401937046003 16.999999999999996
244800 4 5.33 5.37 6.97 280.9756097560976 364.69273743016754 367.4296435272045 17.5609756097561 22.79329608938547 22.964352720450282
244800 8 8.87 9.03 9.2 425.73913043478257 433.75415282392026 441.5783540022548 26.60869565217391 27.109634551495017 27.598647125140925
244800 16 15.81 16.01 26.82 292.08053691275165 489.29419113054337 495.48387096774195 18.25503355704698 30.58088694565896 30.967741935483872
244800 32 29.95 29.97 30.15 519.6417910447761 522.7627627627627 523.1118530884808 32.47761194029851 32.67267267267267 32.69449081803005
244800 64 58.19 58.35 69.2 452.80924855491327 537.0077120822622 538.4842756487369 28.30057803468208 33.562982005141386 33.65526722804606
244800 128 114.62 114.98 123.16 508.84053264046764 545.0408766742041 546.7527482114814 31.802533290029228 34.06505479213776 34.17204676321759
244800 256 227.35 228.0 228.88 547.6127228241874 549.7263157894736 551.2979986804486 34.22579517651171 34.3578947368421 34.45612491752804
244800 512 452.94 460.941 466.501 537.3519027826306 543.8335925856021 553.4401907537422 33.584493923914415 33.98959953660013 34.590011922108886
244800 1024 909.451 917.64 922.871 543.2507901971131 546.347587289133 551.2670831083807 33.95317438731957 34.14672420557081 34.45419269427379
244800 2048 1815.662 1823.181 1838.141 545.4972170252445 549.973261020162 552.2508043898038 34.09357606407778 34.373328813760125 34.515675274362735
244800 4096 3627.233 3644.873 3657.832 548.2486893875936 550.1979355659305 552.8736643055464 34.2655430867246 34.387370972870656 34.55460401909665

269248 1 8.09 22.21 34.01 15.833460746839163 24.245655110310665 66.56316440049443 0.9895912966774477 1.5153534443944165 4.160197775030902
269248 2 3.84 3.88 4.57 235.66564551422317 277.57525773195874 280.4666666666667 14.729102844638948 17.34845360824742 17.52916666666667
269248 4 5.73 5.93 5.94 362.62356902356896 363.2350758853288 375.9134380453752 22.66397306397306 22.70219224283305 23.49458987783595
269248 8 9.64 9.73 10.07 427.8021847070506 442.75107913669063 446.8846473029045 26.737636544190664 27.671942446043165 27.930290456431532
269248 16 17.39 17.5 17.71 486.5011857707509 492.3392 495.4534790109258 30.40632411067193 30.7712 30.96584243818286
269248 32 33.11 33.19 33.38 516.233433193529 519.1886712865321 520.4431289640592 32.26458957459556 32.449291955408256 32.5276955602537
269248 64 64.29 64.38 64.51 534.238784684545 535.3175520347935 536.0669466480011 33.38992404278406 33.45734700217459 33.50418416550007
269248 128 126.63 127.15 127.4 541.0320879120878 542.0958552890287 544.3219458264234 33.81450549450549 33.88099095556429 34.02012161415146
269248 256 251.56 252.63 263.53 523.1092323454635 545.6793571626489 548.0003816186993 32.69432702159147 34.104959822665556 34.250023851168706
269248 512 507.55 513.031 515.29 535.0578353936618 537.4138248955717 543.2173224312875 33.44111471210386 33.58836405597323 33.95108265195547
269248 1024 1004.331 1016.821 1037.94 531.263757057248 542.2979108417312 549.0420030846403 33.203984816078 33.8936194276082 34.31512519279002
269248 2048 2004.872 2025.811 2044.102 539.5228848658237 544.3942243378084 550.0799093408457 33.72018030411398 34.024639021113025 34.379994333802856

296128 1 7.66 10.14 28.31 20.92038149063935 58.40788954635108 77.31801566579635 1.3075238431649594 3.6504930966469424 4.832375979112272
296128 2 4.14 5.0 5.17 229.11257253384915 236.90239999999997 286.1140096618358 14.319535783365572 14.806399999999998 17.882125603864736
296128 4 6.53 6.6 8.11 292.111467324291 358.9430303030303 362.7908116385911 18.25696670776819 22.433939393939394 22.674425727411943
296128 8 10.76 10.81 14.0 338.432 438.3023126734505 440.33903345724906 21.152 27.393894542090656 27.521189591078066
296128 16 19.05 19.24 19.54 484.9588536335722 492.52058212058216 497.43286089238836 30.30992835209826 30.782536382536385 31.089553805774273
296128 32 36.16 36.4 36.49 519.3804329953412 520.6646153846154 524.1203539823009 32.46127706220882 32.541538461538465 32.75752212389381
296128 64 70.3 70.931 81.25 466.5154953846154 534.3838942070463 539.180426742532 29.157218461538463 33.39899338794039 33.69877667140825
296128 128 138.4 138.47 139.94 541.7233671573532 547.4743121253701 547.7512138728323 33.857710447334576 34.217144507835634 34.23445086705202
296128 256 274.691 277.66 284.221 533.449449548063 546.0546567744723 551.9566931570383 33.340590596753934 34.12841604840452 34.497293322314896
296128 512 547.96 561.131 570.671 531.3658342547632 540.399785433348 553.3890648952478 33.2103646409227 33.77498658958425 34.586816555952986
296128 1024 1107.31 1126.251 1128.121 537.5931695270276 538.485776261242 547.6968003540111 33.599573095439226 33.655361016327625 34.23105002212569
296128 2048 2198.912 2214.792 2237.532 542.0884653269763 547.6542664051523 551.6092904127132 33.88052908293602 34.22839165032202 34.475580650794576

325696 1 8.93 21.45 29.57 22.028812986134596 30.36792540792541 72.94423292273237 1.3768008116334123 1.897995337995338 4.559014557670773
325696 2 4.54 4.66 5.56 234.31366906474824 279.5673819742489 286.9568281938326 14.644604316546765 17.472961373390557 17.93480176211454
325696 4 6.94 6.98 7.08 368.0180790960452 373.29054441260746 375.44207492795385 23.001129943502825 23.330659025787966 23.465129682997116
325696 8 11.76 11.86 15.45 337.290355987055 439.387521079258 443.12380952380954 21.08064724919094 27.461720067453626 27.695238095238096
325696 16 20.88 21.071 21.17 492.3132735002361 494.62635850220676 499.1509578544061 30.769579593764757 30.914147406387922 31.19693486590038
325696 32 39.59 39.67 39.71 524.9192646688492 525.4485505419711 526.5103308916392 32.80745404180308 32.8405344088732 32.90689568072745
325696 64 77.19 77.21 77.42 538.4795660036166 539.9441523118768 540.0840523383858 33.654972875226036 33.7465095194923 33.755253271149115
325696 128 151.81 152.15 152.54 546.5987675363839 547.9998422609267 549.2271655358672 34.16242297102399 34.24999014130792 34.3266978459917
325696 256 302.11 311.391 313.441 532.018312856327 535.5207825531245 551.9723014795935 33.25114455352044 33.47004890957028 34.498268842474594
325696 512 600.76 612.11 626.03 532.7423669792182 544.8574667951839 555.1513150009987 33.29639793620114 34.05359167469899 34.69695718756242
325696 1024 1205.141 1233.98 1247.631 534.6335639303608 540.5479894325678 553.4832919965381 33.41459774564755 33.784249339535485 34.59270574978363
325696 2048 2405.962 2430.572 2453.961 543.6316290275192 548.8629079903825 554.4770931544222 33.97697681421995 34.303931749398906 34.654818322151385

358208 1 9.47 13.48 35.94 19.933667223149694 53.14658753709199 75.65110876451953 1.2458542014468559 3.3216617210682493 4.728194297782471
358208 2 4.77 5.07 6.28 228.15796178343948 282.6098619329388 300.3840670859539 14.259872611464967 17.663116370808677 18.77400419287212
358208 4 7.7 7.79 7.94 360.9148614609572 367.8644415917843 372.1641558441558 22.557178841309824 22.99152759948652 23.260259740259738
358208 8 12.85 12.93 13.21 433.86283118849354 443.25815931941224 446.0177431906615 27.116426949280847 27.703634957463265 27.876108949416345
358208 16 23.23 23.25 23.47 488.3960801022583 493.0174623655914 493.4419285406802 30.524755006391143 30.813591397849464 30.84012053379251
358208 32 43.91 44.35 44.51 515.0598067849921 516.9179706877114 522.0977453882942 32.19123792406201 32.307373167981964 32.63110908676839
358208 64 85.35 86.17 96.7 474.1532988624612 532.0949750493211 537.2070767428237 29.634581178903826 33.25593594058257 33.57544229642648
358208 128 168.56 168.68 169.961 539.5428833673607 543.6403130187337 544.0273374466066 33.72143021046004 33.97751956367085 34.00170859041291
358208 256 334.89 347.451 350.2 523.7078697886922 527.8513977510497 547.649962674311 32.73174186179326 32.99071235944061 34.22812266714444
358208 512 673.061 681.23 689.77 531.7786972469083 538.4451536191888 544.9803093627471 33.23616857793177 33.6528221011993 34.061269335171694
358208 1024 1335.861 1344.961 1373.761 534.0157305382813 545.4507483860127 549.1664057862307 33.37598315864258 34.090671774125795 34.32290036163942
358208 2048 2674.982 2701.192 2716.542 540.1057550371023 543.1750012587036 548.4971368031636 33.756609689818895 33.94843757866897 34.281071050197724

393984 1 12.36 22.68 31.89 24.708936970837254 34.74285714285714 63.75145631067961 1.5443085606773284 2.1714285714285713 3.9844660194174755
393984 2 5.42 6.68 6.94 227.0801152737752 235.9185628742515 290.76309963099635 14.19250720461095 14.74491017964072 18.172693726937272
393984 4 8.38 8.52 10.03 314.2444666001994 369.9380281690141 376.11837708830546 19.640279162512464 23.12112676056338 23.50739856801909
393984 8 14.01 14.32 17.92 351.77142857142854 440.20558659217875 449.9460385438972 21.985714285714284 27.51284916201117 28.121627408993575
393984 16 25.37 25.48 25.75 489.61118446601944 494.7993720565149 496.9447378793851 30.600699029126215 30.924960753532183 31.05904611746157
393984 32 48.26 48.35 48.77 517.0181669058848 521.5093278179937 522.4818897637796 32.3136354316178 32.59433298862461 32.655118110236224
393984 64 94.02 94.341 94.671 532.6863770320373 534.5496867745732 536.3747287811104 33.29289856450233 33.40935542341082 33.5234205488194
393984 128 185.29 185.47 187.19 538.8103210641594 543.8071062705559 544.335387770522 33.675645066509965 33.98794414190974 34.02096173565762
393984 256 368.19 379.941 389.7 517.6284526558892 530.9240329419569 547.868785138108 32.351778290993074 33.1827520588723 34.24179907113175
393984 512 743.26 747.991 754.99 534.3641849560921 539.3642650780558 542.7974275489062 33.39776155975576 33.71026656737849 33.924839221806636
393984 1024 1471.801 1481.151 1500.441 537.7613861524712 544.7650050535024 548.2257669345245 33.61008663452945 34.0478128158439 34.26411043340778
393984 2048 2935.482 2963.742 2971.172 543.1386887060055 544.5003188536654 549.7422447148373 33.94616804412534 34.031269928354085 34.35889029467733

433344 1 6.5 12.85 37.05 23.392388663967612 67.44653696498055 133.33661538461538 1.4620242914979757 4.2154085603112845 8.333538461538462
433344 2 5.91 6.1 7.32 236.79999999999998 284.16 293.2954314720812 14.799999999999999 17.76 18.330964467005074
433344 4 9.01 9.19 9.38 369.58976545842216 377.2309031556039 384.76714761376246 23.099360341151385 23.576931447225245 24.047946725860154
433344 8 15.37 15.44 15.62 443.8862996158771 449.0611398963731 451.10631099544565 27.742893725992317 28.06632124352332 28.194144437215353
433344 16 27.85 27.95 28.09 493.66351014595944 496.13624329159217 497.9177019748653 30.853969384122465 31.00851520572451 31.11985637342908
433344 32 52.62 53.07 53.29 520.4356539688497 522.5931034482759 527.0622576966933 32.527228373053106 32.66206896551724 32.94139110604333
433344 64 102.49 103.25 113.17 490.13017584165414 537.2206489104116 541.204332129964 30.633135990103384 33.57629055690072 33.82527075812275
433344 128 202.15 202.581 224.721 493.6613133619021 547.6133694670281 548.7809250556518 30.85383208511888 34.225835591689254 34.298807815978236
433344 256 401.671 406.11 413.21 536.9476246944654 546.3350520794859 552.3727827002697 33.55922654340409 34.14594075496787 34.523298918766855
433344 512 808.671 819.491 836.891 530.229451625122 541.4876502609546 548.7327429820037 33.139340726570126 33.842978141309665 34.295796436375234
433344 1024 1605.171 1615.691 1654.111 536.535040272388 549.2934676246881 552.8934375216098 33.53344001702425 34.33084172654301 34.555839845100614
433344 2048 3208.783 3234.892 3261.972 544.1423237231957 548.6974600697644 553.1620630002092 34.00889523269973 34.29359125436027 34.57262893751307

476672 1 12.23 14.61 29.32 32.51514324693042 65.25284052019165 77.95126737530661 2.0321964529331513 4.078302532511978 4.871954210956663
476672 2 6.49 7.78 8.05 236.855652173913 245.07557840616965 293.7885978428351 14.803478260869563 15.317223650385603 18.361787365177193
476672 4 10.1 10.19 10.23 372.76402737047897 374.2272816486752 377.5619801980198 23.297751710654936 23.3892051030422 23.597623762376237
476672 8 16.88 17.01 17.05 447.3168328445747 448.3687242798353 451.82180094786736 27.95730205278592 28.023045267489707 28.23886255924171
476672 16 30.66 30.81 30.93 493.16210798577436 495.08289516390784 497.5050228310502 30.822631749110897 30.94268094774424 31.09406392694064
476672 32 58.16 58.31 58.65 520.153589087809 523.1865546218487 524.5359009628611 32.50959931798806 32.699159663865544 32.78349381017882
476672 64 112.84 113.41 113.51 537.5210642234164 537.995026893572 540.7126550868486 33.59506651396352 33.62468918084825 33.79454094292804
476672 128 223.02 223.781 234.06 521.3536358198752 545.301129229023 547.1618330194601 32.5846022387422 34.08132057681394 34.19761456371626
476672 256 453.51 454.491 475.921 512.8079324089503 536.9876719230964 538.1492447796079 32.05049577555939 33.561729495193525 33.634327798725494
476672 512 886.33 893.711 895.49 545.0782565969469 546.1632764954219 550.7115047442826 34.06739103730918 34.13520478096387 34.41946904651766
476672 1024 1762.092 1789.712 1817.471 537.1333330765663 545.4644412061829 554.0143511235508 33.57083331728539 34.09152757538643 34.625896945221925
476672 2048 3532.743 3541.142 3563.253 547.9399054740148 551.3612591644164 552.6721054998906 34.24624409212593 34.46007869777603 34.54200659374316

524288 1 14.43 17.7 52.0 20.16492307692308 59.24158192090396 72.66638946638948 1.2603076923076926 3.7025988700564976 4.541649341649342
524288 2 6.84 8.86 19.8 105.91676767676768 236.69887133182846 306.6011695906433 6.61979797979798 14.793679458239279 19.162573099415205
524288 4 10.95 11.12 11.23 373.49100623330366 377.18561151079143 383.0414611872147 23.34318788958148 23.574100719424465 23.940091324200917
524288 8 18.49 18.56 18.69 448.8286784376672 451.9724137931035 453.6835045970796 28.0517924023542 28.24827586206897 28.355219037317475
524288 16 33.52 33.68 45.15 371.5883942414175 498.1358669833729 500.5136038186157 23.224274640088595 31.133491686460808 31.28210023866348
524288 32 63.51 63.74 64.01 524.2060927980003 526.4266080953876 528.3330499133996 32.76288079987502 32.90166300596172 33.020815619587474
524288 64 123.87 124.06 134.8 497.840237388724 540.9387715621474 541.768499233067 31.11501483679525 33.80867322263421 33.86053120206669
524288 128 244.081 245.72 256.651 522.9581338081675 546.22223669217 549.8901102502858 32.68488336301047 34.138889793260624 34.368131890642864
524288 256 485.42 495.23 504.01 532.5994642963434 542.0419926094945 552.9962836306704 33.28746651852146 33.87762453809341 34.5622677269169
524288 512 979.271 999.811 1009.141 532.007828440228 536.9723997835591 548.2352811428094 33.25048927751425 33.560774986472445 34.26470507142559
524288 1024 1939.301 1948.481 1972.721 544.2948212139477 551.0660991818755 553.6746611279013 34.01842632587173 34.44163119886722 34.604666320493834
524288 2048 3874.223 3886.193 3898.223 550.8878399209076 552.5931542772065 554.300474701637 34.430489995056725 34.53707214232541 34.64377966885231

576704 1 14.82 21.47 43.21 26.69308030548484 53.72184443409409 77.82780026990554 1.6683175190928026 3.3576152771308805 4.864237516869096
576704 2 7.33 7.88 9.98 231.1438877755511 292.74314720812185 314.7088676671214 14.446492985971943 18.296446700507616 19.669304229195088
576704 4 12.05 12.24 23.0 200.59269565217392 376.9307189542484 382.87402489626555 12.53704347826087 23.558169934640524 23.929626556016597
576704 8 20.26 20.59 26.86 343.5317944899479 448.14298203011174 455.44244817374135 21.470737155621745 28.008936376881984 28.465153010858835
576704 16 36.96 37.02 37.46 492.6462359850507 498.5015667206915 499.31082251082256 30.790389749065668 31.15634792004322 31.20692640692641
576704 32 69.97 70.76 83.401 442.5493219505762 521.6090446579989 527.4982992711163 27.659332621911012 32.60056529112493 32.968643704444766
576704 64 136.41 137.18 137.98 534.99139005653 538.1113281819507 541.1488307308848 33.436961878533126 33.63195801137192 33.8218019206803
576704 128 268.82 271.15 271.28 544.2208198171631 544.4817407339111 549.2010415891675 34.0138012385727 34.030108795869445 34.32506509932297
576704 256 534.25 550.53 552.491 534.4384759208748 536.3421575572631 552.6859110903135 33.402404745054675 33.521384847328946 34.542869443144596
576704 512 1069.971 1084.44 1085.4 544.0804274921688 544.5620744347312 551.9260765011388 34.00502671826055 34.0351296521707 34.495379781321176
576704 1024 2140.922 2161.302 2168.342 544.6971889120812 546.4714287961609 551.6734341559385 34.04357430700507 34.15446429976006 34.479589634746155

634368 1 17.27 30.79 52.8 24.029090909090908 41.206105878531986 73.464736537348 1.5018181818181817 2.575381617408249 4.59154603358425
634368 2 8.38 10.03 11.03 230.05185856754306 252.98823529411766 302.8009546539379 14.378241160471442 15.811764705882354 18.925059665871117
634368 4 13.18 13.24 13.36 379.86107784431135 383.3039274924471 385.04886191198784 23.74131736526946 23.956495468277943 24.06555386949924
634368 8 22.22 22.6 22.79 445.365862220272 449.11008849557516 456.79063906390644 27.835366388767 28.069380530973447 28.549414941494152
634368 16 40.48 40.65 40.8 497.5435294117647 499.3794833948339 501.47667984189724 31.096470588235295 31.21121771217712 31.342292490118577
634368 32 76.98 77.12 87.32 464.9513513513513 526.4464730290456 527.4038971161341 29.059459459459458 32.90290456431535 32.96274356975838
634368 64 150.001 150.18 186.07 436.39008975116894 540.6785457451058 541.3237511749921 27.27438060944806 33.79240910906911 33.83273444843701
634368 128 295.25 296.16 306.95 529.070558722919 548.346191247974 550.036267569856 33.06690992018244 34.27163695299838 34.377266723116
634368 256 591.241 601.73 602.45 539.1259291227487 539.7710202250179 549.3469092975622 33.6953705701718 33.73568876406362 34.33418183109764
634368 512 1179.201 1207.771 1219.381 532.723432626882 537.8443695038214 550.8754080093215 33.29521453918012 33.61527309398884 34.429713000582595
634368 1024 2354.452 2374.032 2380.532 545.7543372657875 547.2485897409974 551.7995966789723 34.10964607911172 34.20303685881234 34.48747479243577

697792 1 19.97 25.87 38.17 36.562326434372544 53.94603788171627 69.8840260390586 2.285145402148284 3.371627367607267 4.367751627441162
697792 2 9.44 11.85 12.28 227.29381107491858 235.54160337552744 295.6745762711865 14.205863192182411 14.721350210970465 18.479661016949155
697792 4 14.48 14.59 14.65 381.04682593856654 382.6138450993832 385.52044198895027 23.81542662116041 23.91336531871145 24.09502762430939
697792 8 24.45 24.54 24.71 451.8280857952246 454.958109209454 456.6328016359919 28.239255362201536 28.434881825590875 28.539550102249493
697792 16 44.79 44.92 55.29 403.8586362814252 497.0913624220837 498.53413708417065 25.241164767589076 31.06821015138023 31.158383567760666
697792 32 85.07 85.52 96.52 462.6884376295069 522.2016838166511 524.9640061126132 28.91802735184418 32.637605238540694 32.810250382038326
697792 64 165.31 165.73 166.31 537.0535505982804 538.9330597960538 540.3023168592342 33.56584691239252 33.683316237253365 33.76889480370214
697792 128 326.491 327.08 338.63 527.5219324926912 546.15003057356 547.1353023513666 32.9701207807932 34.1343769108475 34.19595639696041
697792 256 655.771 662.86 665.41 536.916343307134 538.9818423196451 544.8083309569957 33.55727145669587 33.68636514497782 34.050520684812234
697792 512 1307.531 1310.011 1327.161 538.3966285929138 545.4450443545894 546.4795924532574 33.64978928705711 34.09031527216184 34.15497452832859
697792 1024 2592.252 2608.692 2623.692 544.6820800612268 547.8140064062757 551.2882296937181 34.04263000382667 34.23837540039223 34.45551435585738

767552 1 22.2 30.9 57.66 26.623378425251477 49.679741100323625 69.14882882882883 1.6639611515782173 3.1049838187702266 4.321801801801802
767552 2 10.27 10.5 13.01 235.98831667947735 292.4007619047619 298.9491723466407 14.749269792467334 18.27504761904762 18.684323271665043
767552 4 15.74 16.01 16.131 380.6593515591097 383.5362898188632 390.11537484116894 23.791209472444358 23.97101811367895 24.38221092757306
767552 8 26.94 27.1 27.21 451.3352443954428 453.1672324723247 455.8586488492947 28.208452774715177 28.322952029520295 28.49116555308092
767552 16 49.04 49.34 58.22 421.8767433871522 497.80429671665985 500.84959216965746 26.367296461697013 31.11276854479124 31.30309951060359
767552 32 93.17 93.54 93.82 523.5912172244724 525.158520419072 527.24404851347 32.724451076529526 32.822407526192 32.95275303209188
767552 64 181.41 182.21 182.62 537.9840981272588 539.1946435431645 541.5724381235875 33.624006132953674 33.69966522144778 33.84827738272422
767552 128 357.671 370.37 371.16 529.4032546610625 530.532472932473 549.3688669195993 33.08770341631641 33.15827955827956 34.33555418247496
767552 256 715.211 722.711 727.65 540.0764433450148 543.7673205472173 549.4694908215897 33.754777709063426 33.98545753420108 34.34184317634936
767552 512 1434.541 1450.721 1457.471 539.2719635587947 541.7811198707401 547.8917981430994 33.70449772242467 33.861319991921256 34.243237383943715
767552 1024 2840.583 2868.532 2874.362 546.8853596032789 547.9968485622611 553.3886867590209 34.18033497520493 34.24980303514132 34.5867929224388

844288 1 28.6 32.68 61.27 27.559588705728743 51.670012239902086 59.041118881118884 1.7224742941080464 3.2293757649938803 3.6900699300699302
844288 2 11.26 14.56 14.88 226.95913978494622 231.94725274725272 299.92468916518646 14.184946236559139 14.496703296703295 18.745293072824154
844288 4 17.36 17.66 17.72 381.1683972911964 382.4634201585504 389.07281105990785 23.823024830699776 23.9039637599094 24.31705069124424
844288 8 29.56 29.73 41.36 326.61044487427466 454.37632021527077 456.98944519621114 20.413152804642166 28.398520013454423 28.561840324763196
844288 16 53.86 54.11 54.21 498.38066777347353 499.3017187211236 501.61930932046045 31.148791735842096 31.206357420070226 31.351206832528778
844288 32 102.34 102.92 103.03 524.4533825099486 525.0139137193937 527.9893687707641 32.77833640687179 32.81336960746211 32.99933554817276
844288 64 199.32 200.75 212.73 508.009514407935 538.325599003736 542.1877583784869 31.750594650495938 33.6453499377335 33.88673489865543
844288 128 393.731 394.2 406.21 532.083720243224 548.2945915778793 548.9477028732815 33.2552325152015 34.268411973617454 34.309231429580095
844288 256 792.621 793.431 795.08 543.6880012074256 544.8179564448578 545.3747200742852 33.9805000754641 34.051122277803614 34.08592000464282
844288 512 1569.511 1585.181 1597.291 541.2607420939578 545.3957068624971 550.8409383559592 33.82879638087236 34.08723167890607 34.42755864724745
844288 1024 3140.163 3153.572 3160.313 547.1299279533388 548.2994597871873 550.6407864814661 34.195620497083674 34.268716236699206 34.41504915509163

928704 1 32.14 52.41 75.04 24.75223880597015 35.43995420721237 57.79116365899191 1.5470149253731345 2.214997137950773 3.6119477286869945
928704 2 12.19 15.55 16.14 230.1620817843866 238.89491961414788 304.7429040196883 14.385130111524163 14.930932475884243 19.04643150123052
928704 4 19.12 19.28 19.47 381.5938366718028 385.354356846473 388.57907949790797 23.849614791987676 24.084647302904564 24.286192468619248
928704 8 32.53 32.62 32.84 452.47454323995123 455.5261802575108 456.78647402397786 28.279658952496952 28.470386266094426 28.549154626498616
928704 16 59.33 59.62 59.76 497.29799196787155 498.4657497484066 500.9022079892129 31.081124497991972 31.154109359275413 31.306387999325807
928704 32 113.22 113.69 113.841 522.1058845231507 522.7993315155247 524.9695813460519 32.63161778269692 32.674958219720295 32.81059883412824
928704 64 220.231 221.13 233.56 508.966055831478 537.5756885090219 539.7701141074599 31.810378489467375 33.59848053181387 33.735632131716244
928704 128 435.27 443.66 444.73 534.5900299057855 535.879331019249 546.2086153422015 33.411876869111595 33.49245818870306 34.13803845888759
928704 256 863.681 872.75 873.341 544.4568020967755 544.82549183615 550.5463799713089 34.02855013104847 34.05159323975938 34.4091487482068
928704 512 1734.131 1743.641 1758.721 540.7298235479078 545.4063628923615 548.3973794367323 33.79561397174424 34.08789768077259 34.27483621479577
928704 1024 3448.863 3472.083 3487.013 545.4484373875291 547.7938724391094 551.4819788434623 34.09052733672057 34.237117027444334 34.4676236777164

1021568 1 38.15 71.21 73.67 27.733622912990363 28.691700603847778 53.55533420707733 1.7333514320618977 1.7932312877404861 3.347208387942333
1021568 2 13.42 13.65 17.44 234.30458715596328 299.3605860805861 304.4912071535022 14.644036697247705 18.71003663003663 19.03070044709389
1021568 4 21.06 21.17 21.36 382.6097378277154 386.04364666981576 388.0600189933524 23.91310861423221 24.127727916863485 24.253751187084525
1021568 8 35.4 35.8 36.06 453.2747642817526 456.5667039106146 461.72564971751416 28.329672767609537 28.535418994413412 28.857853107344635
1021568 16 64.93 65.19 77.6 421.2651546391753 501.45997852431356 503.46798090251036 26.329072164948457 31.341248657769597 31.466748806406898
1021568 32 123.73 125.09 136.35 479.503865053172 522.6664961227916 528.4114766022791 29.96899156582325 32.666656007674476 33.02571728764244
1021568 64 241.54 241.79 244.02 535.8606015900336 540.8027792712685 541.3625238055808 33.4912875993771 33.80017370445428 33.8351577378488
1021568 128 479.96 487.701 515.6 507.21762606671837 536.233077233797 544.8816734727894 31.701101629169898 33.51456732711231 34.05510459204934
1021568 256 960.22 973.171 985.001 531.0073959315778 537.4623945843023 544.7114369623628 33.18796224572361 33.59139966151889 34.04446481014767
1021568 512 1895.832 1913.142 1932.092 541.426408266273 546.7893298040606 551.7818203300715 33.839150516642064 34.174333112753786 34.48636377062947
1021568 1024 3783.363 3796.723 3827.232 546.6538908537555 551.0465904412832 552.9924736272994 34.165868178359716 34.4404119025802 34.562029601706215

1123712 1 35.28 58.04 75.86 29.62594252570525 38.72198483804273 63.70249433106576 1.851621407856578 2.4201240523776706 3.98140589569161
1123712 2 15.15 15.4 19.84 226.55483870967743 291.87324675324675 296.6896369636964 14.15967741935484 18.24207792207792 18.543102310231024
1123712 4 22.95 23.11 23.22 387.153143841516 388.9959324967546 391.7078867102397 24.19707149009475 24.312245781047164 24.48174291938998
1123712 8 39.16 39.31 39.72 452.65337361530715 457.37451030272194 459.12645556690507 28.290835850956697 28.58590689392012 28.695403472931567
1123712 16 71.85 71.98 82.84 434.07513278609366 499.566323978883 500.470201809325 27.129695799130854 31.22289524868019 31.27938761308281
1123712 32 136.58 136.661 137.32 523.7224584911157 526.2479273530854 526.5600234294918 32.73265365569473 32.89049545956784 32.91000146434324
1123712 64 266.05 267.27 280.54 512.7081200541812 538.1641635799004 540.631971433941 32.044257503386326 33.63526022374378 33.78949821462131
1123712 128 526.45 539.15 548.551 524.4184624583675 533.5625929704164 546.4341760850983 32.776153903647966 33.347662060651025 34.152136005318646
1123712 256 1052.501 1060.35 1080.781 532.3377668556351 542.5949394067998 546.6413276566958 33.27111042847719 33.912183712924985 34.16508297854349
1123712 512 2090.891 2105.252 2122.342 542.1751480204415 546.5764136549924 550.3304992943199 33.885946751277594 34.161025853437025 34.395656205894994

1236032 1 40.24 84.03 115.29 21.4421372191864 29.418826609544208 61.43300198807157 1.34013357619915 1.838676663096513 3.839562624254473
1236032 2 16.19 16.69 32.27 153.2112798264642 296.23295386458955 305.3815935762816 9.575704989154012 18.514559616536847 19.0863495985176
1236032 4 25.21 25.31 25.49 387.92687328364065 390.68573686290006 392.235462118207 24.24542958022754 24.417858553931254 24.514716382387938
1236032 8 42.93 43.03 43.23 457.4719407818645 459.5982337903788 460.66880969019337 28.59199629886653 28.724889611898675 28.791800605637086
1236032 16 78.2 78.65 89.38 442.52656075184603 502.89922441195165 505.79314578005113 27.657910046990377 31.431201525746978 31.612071611253196
1236032 32 149.29 149.381 150.04 527.2330578512397 529.5589666691212 529.8817603322392 32.95206611570248 33.097435416820076 33.11761002076495
1236032 64 291.08 291.491 292.59 540.7296763389044 542.768373637608 543.5347533324173 33.79560477118152 33.9230233523505 33.97092208327608
1236032 128 580.111 587.311 594.08 532.6289253972528 538.7676920745566 545.4545630060454 33.2893078373283 33.67298075465979 34.09091018787784
1236032 256 1149.811 1158.961 1175.711 538.2686595600449 546.0480413059628 550.3933985672428 33.6417912225028 34.128002581622674 34.399587410452675
1236032 512 2286.481 2298.862 2322.252 545.0298968415142 550.5753577204721 553.5566523404304 34.06436855259464 34.410959857529505 34.5972907712769

1359616 1 26.15 77.57 339.561 8.008081022261095 35.055201753255126 103.98592734225622 0.5005050638913184 2.1909501095784454 6.499120458891014
1359616 2 18.33 18.45 24.25 224.2665567010309 294.7676964769648 296.69743589743587 14.016659793814432 18.4229810298103 18.54358974358974
1359616 4 27.82 28.27 28.37 383.39541769474795 384.75160948001417 390.9751258087706 23.962213605921747 24.046975592500885 24.435945363048162
1359616 8 47.39 47.97 48.211 451.2218373400261 453.48876381071506 459.03895336568894 28.201364833751633 28.34304773816969 28.68993458535556
1359616 16 86.8 88.03 95.21 456.96578090536707 494.23732818357377 501.24092165898617 28.560361306585442 30.88983301147336 31.327557603686635
1359616 32 165.56 167.31 175.12 496.8902695294654 520.085015838862 525.5824112104373 31.055641845591587 32.505313489928874 32.84890070065233
1359616 64 322.98 326.45 354.731 490.5994908818231 533.1010813294532 538.8285590439036 30.662468180113944 33.318817583090826 33.67678494024398
1359616 128 638.02 643.391 656.481 530.1930992671531 540.9800510109716 545.5341462650073 33.13706870419707 33.811253188185724 34.095884141562955
1359616 256 1272.391 1294.011 1304.341 533.697393549693 537.957862800239 547.0986449919875 33.35608709685581 33.62236642501494 34.19366531199922
1359616 512 2535.862 2554.802 2577.262 540.20382250621 544.9529098536794 549.0230872184684 33.76273890663813 34.059556865854965 34.313942951154274

1495552 1 52.43 97.03 108.41 27.590665067798174 30.826589714521283 57.049475491131034 1.7244165667373859 1.9266618571575802 3.5655922181956896
1495552 2 19.88 20.06 26.09 229.2912226906861 298.21575274177474 300.9158953722334 14.330701418167882 18.63848454636092 18.80724346076459
1495552 4 30.71 30.84 30.87 387.57421444768386 387.95123216601814 389.59348746336696 24.22338840298024 24.246952010376134 24.349592966460435
1495552 8 52.43 52.61 63.23 378.4411197216511 454.8342900589242 456.39580392904827 23.652569982603193 28.42714312868276 28.524737745565517
1495552 16 95.21 95.611 105.78 452.4263944034789 500.5455857589608 502.65375485768305 28.276649650217433 31.28409910993505 31.41585967860519
1495552 32 180.8 181.55 182.42 524.6975550926434 527.2119416138804 529.3989380530974 32.79359719329021 32.950746350867526 33.087433628318585
1495552 64 353.43 355.7 364.371 525.3729193596637 538.1800843407366 541.6366918484565 32.83580745997898 33.63625527129604 33.85229324052853
1495552 128 696.97 705.661 710.36 538.9680049552339 542.5569954978383 549.3225131641248 33.68550030970212 33.909812218614896 34.3326570727578
1495552 256 1400.821 1416.651 1420.811 538.9334851714972 540.5160650011894 546.6241753942867 33.683342823218574 33.78225406257434 34.16401096214292
1495552 512 2769.482 2796.602 2818.202 543.4121642096627 547.6092944223025 552.971728287095 33.96326026310392 34.225580901393904 34.560733017943434

1645056 1 35.84 95.4 108.77 30.24834053507401 34.48754716981132 91.8 1.8905212834421257 2.1554716981132076 5.7375
1645056 2 21.86 24.87 28.46 231.2095572733661 264.5848009650181 301.01665141811526 14.450597329585381 16.53655006031363 18.813540713632204
1645056 4 33.59 33.951 34.06 386.3901350557839 387.6306441636476 391.7966061327776 24.149383440986494 24.226915260227976 24.4872878832986
1645056 8 57.2 57.66 57.91 454.5138318079779 456.48449531737776 460.1555244755245 28.40711448799862 28.53028095733611 28.75972027972028
1645056 16 104.53 105.31 105.8 497.5594706994329 499.8745798119836 503.6046302496891 31.097466918714556 31.242161238248976 31.475289390605568
1645056 32 200.56 201.4 211.23 498.4310183212612 522.7586097318768 524.948065416833 31.151938645078825 32.6724131082423 32.80925408855206
1645056 64 388.86 398.941 401.561 524.3715599871501 527.8153110359677 541.4986576145657 32.77322249919688 32.988456939747984 33.843666100910355
1645056 128 767.45 774.071 777.481 541.6651159320935 544.0513027874704 548.744981432015 33.854069745755844 34.0032064242169 34.29656133950094
1645056 256 1529.511 1551.251 1562.881 538.9205396956006 542.9609212177784 550.6784011360494 33.68253373097504 33.93505757611115 34.41740007100309
1645056 512 3049.232 3074.012 3093.952 544.4613697950065 547.9930930653491 552.4464337249511 34.028835612187905 34.249568316584316 34.527902107809446

1809536 1 103.26 113.81 135.55 26.69916635927702 31.799244354626133 35.04815030021305 1.6686978974548137 1.9874527721641333 2.1905093937633158
1809536 2 23.94 30.56 31.46 230.07450731087096 236.85026178010472 302.34519632414367 14.379656706929435 14.803141361256545 18.89657477025898
1809536 4 36.91 37.34 37.8 382.97058201058206 387.68848419925007 392.2050392847467 23.93566137566138 24.23053026245313 24.51281495529667
1809536 8 62.79 62.9 63.6 455.22918238993714 460.2953259141495 461.10170409300844 28.45182389937107 28.768457869634343 28.818856505813027
1809536 16 114.7 115.1 123.22 469.93306281447815 503.08559513466554 504.8400348735833 29.370816425904884 31.442849695916596 31.552502179598957
1809536 32 218.79 219.18 219.301 528.0883534502807 528.3798886759741 529.3217423099777 33.00552209064254 33.023743042248384 33.08260889437361
1809536 64 426.4 434.2 435.471 531.8852644607792 533.4422109626901 543.2003001876174 33.2428290287987 33.34013818516813 33.950018761726085
1809536 128 852.791 855.191 855.731 541.3397621448796 541.6815845816899 543.2060328966886 33.833735134054976 33.85509903635562 33.95037705604304
1809536 256 1689.191 1695.882 1710.272 541.7164240541856 546.3130288546018 548.4770117766434 33.8572765033866 34.144564303412615 34.27981323604021
1809536 512 3359.203 3369.983 3387.472 547.0052192313324 549.8439796283839 551.6084809402707 34.18782620195827 34.36524872677399 34.47553005876692

1990464 1 85.22 115.37 133.62 29.792905253704532 34.50574672791887 46.71354142220136 1.8620565783565333 2.1566091704949293 2.919596338887585
1990464 2 26.34 29.97 34.84 228.52629161882888 265.66086086086085 302.27243735763096 14.282893226176805 16.603803803803803 18.892027334851935
1990464 4 40.7 41.41 44.36 358.9655545536519 384.5378411011833 391.24599508599505 22.435347159603243 24.033615068823956 24.45287469287469
1990464 8 69.72 70.83 77.85 409.08701348747593 449.6318509106311 456.7903614457831 25.567938342967246 28.101990681914444 28.549397590361444
1990464 16 127.15 128.64 128.99 493.796790448872 495.1402985074627 500.9425717656311 30.8622994030545 30.94626865671642 31.308910735351944
1990464 32 242.201 245.21 245.31 519.3008682891036 519.5126463031687 525.9668457190515 32.456304268068976 32.469540393948044 32.87292785744072
1990464 64 476.371 483.54 492.471 517.349025627905 526.9044794639533 534.8339676428666 32.33431410174406 32.93152996649708 33.42712297767916
1990464 128 940.521 951.271 974.07 523.1233730635374 535.6610093233159 541.7835263646426 32.69521081647109 33.47881308270724 33.861470397790164
1990464 256 1862.231 1885.151 1904.512 535.1069292291148 540.6026191005388 547.2562576823176 33.44418307681968 33.78766369378368 34.20351610514485
1990464 512 3719.413 3733.663 3755.893 542.6765714571741 545.9076344062119 547.9991428755021 33.91728571607338 34.11922715038824 34.24994642971888

2189504 1 97.97 135.79 147.32 29.724463752375783 32.24838353339716 44.697437991221804 1.8577789845234864 2.0155239708373225 2.7935898744513628
2189504 2 28.89 38.02 38.39 228.13274290179734 230.35286691215148 303.15043267566637 14.258296431362334 14.397054182009468 18.946902042229148
2189504 4 44.56 45.41 45.74 382.9477918670748 385.73072010570365 393.0886894075404 23.934236991692174 24.10817000660648 24.568043087971276
2189504 8 76.58 77.24 84.07 416.7011300107054 453.5482133609529 457.4570906241839 26.04382062566909 28.346763335059556 28.591068164011492
2189504 16 139.17 140.75 141.52 495.0828716789146 497.79131793960926 503.44275346698294 30.942679479932163 31.11195737122558 31.465172091686433
2189504 32 265.6 268.661 273.87 511.6597509767408 521.5801921380476 527.5913253012048 31.9787344360463 32.59876200862797 32.9744578313253
2189504 64 518.03 525.661 533.25 525.5630792311299 533.1506655430021 541.004405150281 32.84769245194562 33.32191659643763 33.81277532189256
2189504 128 1039.511 1048.981 1058.161 529.7048596574624 534.3404923444753 539.2083623934716 33.1065537285914 33.3962807715297 33.700522649591974
2189504 256 2042.672 2062.632 2068.651 541.9116361338863 543.4929972966579 548.8037472487017 33.869477258367894 33.96831233104112 34.30023420304386

2408448 1 126.71 147.041 166.49 28.9320439666046 32.75886317421672 38.01512114276695 1.8082527479127875 2.047428948388545 2.3759450714229344
2408448 2 33.95 41.84 43.02 223.93751743375174 230.253154875717 283.7641237113402 13.996094839609484 14.390822179732313 17.73525773195876
2408448 4 49.49 49.62 54.52 353.4039618488628 388.3027811366385 389.3227722772277 22.087747615553926 24.268923821039905 24.332673267326733
2408448 8 84.44 84.73 84.97 453.51498175826765 454.79957512097246 456.361534817622 28.34468635989173 28.42497344506078 28.522595926101374
2408448 16 153.12 154.52 160.65 479.74065359477123 498.77256018638366 503.3329153605016 29.983790849673202 31.17328501164898 31.45830721003135
2408448 32 291.12 294.6 300.5 512.9473277870217 523.2202036659878 529.4746908491344 32.059207986688854 32.70126272912424 33.0921681780709
2408448 64 568.44 574.08 578.901 532.5286085185551 537.000668896321 542.3287312645134 33.28303803240969 33.562541806020064 33.89554570403209
2408448 128 1132.861 1144.381 1159.661 531.6749360373419 538.7739642653976 544.2527265039577 33.22968350233387 33.67337276658735 34.015795406497354
2408448 256 2242.071 2258.452 2274.891 542.0591034911123 546.0046863958145 549.9939011744053 33.87869396819452 34.125292899738405 34.37461882340033

2649280 1 150.041 160.99 172.0 30.805581395348835 32.91235480464625 35.31408081790977 1.9253488372093022 2.0570221752903906 2.2071300511193606
2649280 2 40.871 46.36 47.09 225.03971119133573 228.5832614322692 259.2821315847422 14.064981949458483 14.286453839516826 16.20513322404639
2649280 4 53.85 55.12 55.24 383.67559739319336 384.510885341074 393.57920148560817 23.979724837074585 24.031930333817126 24.59870009285051
2649280 8 92.12 93.58 93.65 452.62658836091833 452.9651634964736 460.14415979157616 28.289161772557396 28.3103227185296 28.75900998697351
2649280 16 168.36 168.91 176.77 479.58907054364425 501.90610384228285 503.5457353290567 29.974316908977766 31.369131490142678 31.471608458066044
2649280 32 321.16 324.62 329.42 514.7043895331187 522.3150760889655 527.9422094905965 32.16902434581992 32.644692255560344 32.99638809316228
2649280 64 635.53 637.561 640.831 529.1689072469965 531.8829727665274 533.5827419634006 33.07305670293728 33.24268579790796 33.34892137271254
2649280 128 1251.891 1257.561 1270.481 533.825913177765 539.310363473422 541.7529800917173 33.36411957361031 33.70689771708887 33.85956125573233
2649280 256 2478.092 2487.252 2494.121 543.8514651053416 545.3534101088269 547.3692502134707 33.99071656908385 34.08458813180168 34.210578138341916

2914176 1 166.4 180.52 201.33 28.949247504097748 32.286461333924215 35.026153846153846 1.8093279690061093 2.0179038333702635 2.1891346153846154
2914176 2 44.2 44.99 61.71 188.8948954788527 259.0954434318738 263.72633484162895 11.805930967428294 16.19346521449211 16.48289592760181
2914176 4 59.27 60.37 60.45 385.664317617866 386.1753851250621 393.3424666779146 24.104019851116625 24.135961570316383 24.583904167369663
2914176 8 101.15 101.36 102.62 454.36382771389594 460.01199684293607 460.9670390509145 28.397739232118496 28.750749802683504 28.810439940682155
2914176 16 185.34 185.42 192.84 483.58033602986933 502.93189515694104 503.14898025250886 30.223771001866833 31.433243447308815 31.446811265781804
2914176 32 354.09 360.98 361.611 515.7676729966732 516.6692448335087 526.7227653986275 32.23547956229208 32.291827802094296 32.92017283741422
2914176 64 693.211 699.521 703.831 529.9774065080964 533.2427875646335 538.0966660944504 33.12358790675602 33.3276742227896 33.63104163090315
2914176 128 1379.861 1387.241 1387.401 537.7169657510698 537.778984329327 540.65522251879 33.60731035944186 33.61118652058294 33.79095140742437
2914176 256 2724.932 2734.192 2747.412 543.0776716415303 545.7034882700265 547.5579251151956 33.94235447759564 34.106468016876654 34.22237031969973

3205568 1 181.88 193.781 208.49 30.750328552928195 33.0844406830391 35.249263250494835 1.9218955345580122 2.0677775426899436 2.203078953155927
3205568 2 49.27 57.17 61.5 208.4922276422764 224.28322546790272 260.2450172518774 13.030764227642274 14.01770159174392 16.26531357824234
3205568 4 66.1 66.63 71.41 359.1169864164683 384.8798439141528 387.96586989409985 22.44481165102927 24.05499024463455 24.24786686838124
3205568 8 111.23 112.74 113.141 453.3200873246656 454.93248181656907 461.108406005574 28.3325054577916 28.433280113535567 28.819275375348376
3205568 16 203.55 204.09 206.34 497.13180188039155 502.61245528933307 503.94584131662975 31.070737617524472 31.413278455583317 31.49661508228936
3205568 32 388.4 397.03 397.85 515.6625662938293 516.7275822985669 528.2089392378991 32.22891039336433 32.29547389366043 33.013058702368696
3205568 64 762.991 765.271 774.521 529.7631749171424 536.1665396963951 537.7687338382759 33.1101984323214 33.5104087310247 33.610545864892245
3205568 128 1507.801 1515.561 1524.321 538.3547218728863 541.4664325619358 544.2531262414602 33.647170117055396 33.84165203512099 34.015820390091264
3205568 256 2991.202 3009.892 3015.082 544.3469915577751 545.2856168925663 548.692738237003 34.021686972360946 34.08035105578539 34.29329613981269

3526080 1 198.35 207.84 216.501 32.57333684370973 33.930715935334874 35.55412150239476 2.0358335527318583 2.1206697459584296 2.2221325938996723
3526080 2 56.27 63.1 81.43 173.20790863318186 223.52329635499206 250.65434512173448 10.825494289573866 13.970206022187003 15.665896570108405
3526080 4 72.83 73.03 75.45 373.87196819085483 386.26098863480763 387.32170808732667 23.366998011928427 24.141311789675477 24.207606755457917
3526080 8 122.06 123.79 133.75 421.81143925233647 455.74989902253816 462.2094052105522 26.36321495327103 28.484368688908635 28.88808782565951
3526080 16 223.931 224.37 226.12 499.0030072527861 502.89503944377594 503.88092760716467 31.187687953299132 31.430939965235996 31.49255797544779
3526080 32 427.411 429.27 439.01 514.0409557868842 525.7043818575722 527.9909033693565 32.12755973668026 32.856523866098264 32.99943146058478
3526080 64 838.75 843.191 848.071 532.1939318759868 535.2740245092748 538.1081847988078 33.262120742249174 33.454626531829675 33.631761549925486
3526080 128 1663.852 1669.841 1676.121 538.5509041411688 540.5763063668937 542.5220993213338 33.65943150882305 33.78601914793086 33.907631207583364
3526080 256 3297.702 3306.573 3313.603 544.8307959643928 545.9891434424705 547.4578843085276 34.05192474777455 34.12432146515441 34.216117769282974

3878656 1 216.271 221.28 237.89 32.608819202152254 35.05654374548084 35.868479823924616 2.038051200134516 2.1910339840925523 2.2417799889952885
3878656 2 65.28 73.31 76.94 201.64574993501432 211.6303914882008 237.6627450980392 12.602859370938395 13.22689946801255 14.85392156862745
3878656 4 78.73 80.54 85.68 362.15275443510734 385.2650608393344 394.12229137558745 22.63454715219421 24.0790663024584 24.632643210974216
3878656 8 135.09 136.84 141.35 439.04135833038555 453.5113709441684 459.38630542601226 27.440084895649097 28.344460684010524 28.711644089125766
3878656 16 247.38 247.641 255.86 485.0972875791448 501.1972653962793 501.7260570781793 30.31858047369655 31.324829087267457 31.357878567386205
3878656 32 472.781 478.56 484.411 512.4449775087684 518.7102641257104 525.0506767403934 32.02781109429802 32.4193915078569 32.81566729627459
3878656 64 931.71 936.311 937.081 529.8026189838445 530.2383161150515 532.8567558575093 33.11266368649028 33.13989475719072 33.30354724109433
3878656 128 1839.501 1844.261 1856.641 534.8023317377996 538.392307813265 539.7854831283049 33.425145733612474 33.64951923832906 33.73659269551906
3878656 256 3645.773 3648.013 3670.113 541.0928415555597 544.3708320118377 544.7052989859764 33.818302597222484 34.02317700073986 34.04408118662352

4266496 1 235.351 250.88 271.41 31.439490070373232 34.012244897959185 36.25645100297003 1.964968129398327 2.125765306122449 2.266028187685627
4266496 2 75.09 79.92 84.7 201.48741440377805 213.53833833833832 227.27372486349714 12.592963400236128 13.346146146146145 14.204607803968571
4266496 4 86.62 87.86 95.88 355.9863162286191 388.4813111768723 394.042576772108 22.249144764288694 24.280081948554518 24.62766104825675
4266496 8 147.77 149.551 154.241 442.5797031917583 456.45924132904497 461.9607227448061 27.661231449484895 28.52870258306531 28.87254517155038
4266496 16 270.98 273.13 278.96 489.4173788356754 499.8640647310804 503.8300686397519 30.58858617722971 31.241504045692526 31.489379289984495
4266496 32 517.76 524.601 526.14 518.9792526703918 520.5017603855121 527.3789864029666 32.43620329189949 32.531360024094504 32.96118665018541
4266496 64 1023.491 1026.01 1035.581 527.3479216014972 532.2672176684438 533.5772253981715 32.959245100093575 33.266701104277736 33.34857658738572
4266496 128 2012.002 2015.722 2032.851 537.2862920105802 541.8519895104582 542.8538222129004 33.58039325066126 33.86574934440364 33.92836388830627

4693120 1 275.961 277.33 288.1 32.579798681013536 33.8450221757473 34.01292211580622 2.036237417563346 2.1153138859842064 2.1258076322378887
4693120 2 84.15 89.26 91.09 206.08716653858824 210.3123459556352 223.08354129530602 12.880447908661765 13.1445216222272 13.942721330956626
4693120 4 94.95 96.77 97.07 386.7823220356444 387.9813991939651 395.41822011585043 24.173895127227777 24.24883744962282 24.713638757240652
4693120 8 162.55 163.28 170.18 441.23821835703376 459.88437040666344 461.9496770224546 27.57738864731461 28.742773150416465 28.87185481390341
4693120 16 297.73 298.9 306.88 489.37643378519294 502.4417530946805 504.4162160346623 30.58602711157456 31.40260956841753 31.526013502166393
4693120 32 573.311 576.221 581.851 516.2140822994204 521.25778130266 523.9035706623455 32.263380143713775 32.57861133141625 32.74397316639659
4693120 64 1124.581 1129.161 1136.121 528.7459346319625 532.0050550807192 534.1717137316032 33.04662091449766 33.25031594254495 33.3857321082252
4693120 128 2214.381 2217.511 2237.441 536.9700117232143 541.7960587343197 542.5618807242296 33.56062573270089 33.86225367089498 33.91011754526435

5162432 1 300.24 309.141 324.87 31.78152491765937 33.398559233488925 34.38870237143618 1.9863453073537107 2.087409952093058 2.1492938982147614
5162432 2 91.38 97.23 104.96 196.73902439024388 212.38021186876477 225.97644998905668 12.296189024390243 13.273763241797798 14.123528124316042
5162432 4 104.74 108.79 111.47 370.4983941867767 379.6254802831142 394.30452549169377 23.156149636673543 23.726592517694638 24.64403284323086
5162432 8 178.87 179.19 181.74 454.4894464619786 460.95715162676487 461.78180801699557 28.405590403873664 28.809821976672804 28.861363001062223
5162432 16 327.51 329.01 335.621 492.2153977254105 502.1057840187229 504.4054349485512 30.763462357838158 31.38161150117018 31.52533968428445
5162432 32 627.3 631.881 635.291 520.0697758979742 522.8763770393476 526.6947999362347 32.504360993623386 32.67977356495923 32.91842499601467
5162432 64 1241.101 1245.181 1252.131 527.7333569730323 530.67891013435 532.4234659387108 32.98333481081452 33.16743188339687 33.276466621169426
5162432 128 2435.312 2439.152 2455.322 538.2522504176641 541.8205146706724 542.6748572667486 33.640765651104005 33.86378216691703 33.91717857917179

5678656 1 330.58 332.15 332.92 34.11423765469181 34.19332229414422 34.355714199286105 2.1321398534182383 2.1370826433840135 2.1472321374553816
5678656 2 103.39 109.78 111.35 203.99303098338572 206.91040262342867 219.69846213366864 12.749564436461608 12.931900163964292 13.73115388335429
5678656 4 115.03 116.27 116.8 388.94904109589044 390.7220091167111 394.93391289228896 24.309315068493152 24.420125569794443 24.68336955576806
5678656 8 196.58 197.09 204.111 445.1425743835462 461.0000304429448 462.19603214976087 27.82141089897164 28.81250190268405 28.887252009360054
5678656 16 359.74 365.59 367.44 494.548748094927 497.051319784458 505.13424139656416 30.90929675593294 31.065707486528623 31.57089008728526
5678656 32 691.75 693.57 700.72 518.6579289873273 524.0047637585247 525.3834246476329 32.416120561707956 32.7502977349078 32.836464040477054
5678656 64 1356.691 1367.711 1378.431 527.3154535845465 531.448506299942 535.7653054380106 32.95721584903416 33.215531643746374 33.48533158987566
5678656 128 2668.822 2680.222 2683.172 541.7975202484223 542.3938524495358 544.7107135657604 33.862345015526394 33.899615778095985 34.04441959786003

6246464 1 339.34 356.99 362.84 34.43095579318708 34.995176335471584 36.81537101432192 2.1519347370741926 2.187198520966974 2.30096068839512
6246464 2 119.35 119.721 133.021 187.83392095984848 208.7006957843653 209.34944281524926 11.73962005999053 13.043793486522832 13.084340175953079
6246464 4 126.25 128.091 131.86 378.9755194903686 390.12664433879036 395.81554059405937 23.685969968148036 24.382915271174397 24.73847128712871
6246464 8 216.47 218.8 224.67 444.84543552766286 456.7798171846435 461.6964198272278 27.80283972047893 28.548738574040218 28.85602623920174
6246464 16 396.43 404.37 404.57 494.0723434757891 494.3167099438633 504.21725903690435 30.87952146723682 30.894794371491457 31.513578689806522
6246464 32 761.401 765.691 771.17 518.3989211198569 522.1083909827855 525.0501325845382 32.39993256999106 32.631774436424095 32.81563328653364
6246464 64 1489.791 1495.981 1512.651 528.5736048830828 534.4636008077644 536.6842677932677 33.035850305192675 33.40397505048527 33.54276673707923
6246464 128 2930.112 2944.862 2954.352 541.2675212703158 543.0117893470051 545.7452766310639 33.82922007939474 33.93823683418782 34.109079789441495

6871104 1 344.75 376.741 424.94 32.339172589071396 36.47653958555082 39.861372008701956 2.0211982868169622 2.279783724096926 2.4913357505438722
6871104 2 122.34 129.121 130.11 211.23984320959187 212.85783102671138 224.65600784698384 13.202490200599492 13.303614439169461 14.04100049043649
6871104 4 138.99 141.23 146.58 375.0090871878837 389.214982652411 395.48767537232897 23.438067949242733 24.325936415775686 24.71797971077056
6871104 8 237.91 240.59 245.02 448.688531548445 456.9502639344944 462.09770081123116 28.04303322177781 28.5593914959059 28.881106300701948
6871104 16 435.871 442.0 446.831 492.0771566878753 497.4554932126697 504.45046355458385 30.754822292992205 31.090968325791856 31.52815397216149
6871104 32 837.301 841.891 853.04 515.5100065647566 522.3368060710948 525.2002039887686 32.21937541029729 32.64605037944342 32.82501274929804
6871104 64 1636.171 1643.171 1653.521 531.8960642169044 535.2463693675217 537.5363039682283 33.243504013556525 33.4528980854701 33.596018998014266
6871104 128 3231.443 3245.293 3250.583 541.1345054102603 542.0165834024848 544.3396724002249 33.82090658814127 33.8760364626553 34.02122952501406

7558208 1 405.24 445.92 488.37 30.95279398816471 33.89939002511661 37.302378837232254 1.9345496242602944 2.118711876569788 2.331398677327016
7558208 2 128.61 136.46 141.71 213.34296803330747 221.5508720504177 235.07372677085763 13.333935502081717 13.846929503151106 14.692107923178602
7558208 4 154.941 155.11 160.66 376.35792356529316 389.82440848430144 390.2496046882362 23.522370222830823 24.36402553026884 24.390600293014764
7558208 8 262.04 264.391 270.63 446.8511547130769 457.3957812482271 461.49949626011295 27.928197169567305 28.587236328014193 28.84371851625706
7558208 16 483.91 488.42 491.08 492.51172110450443 495.1940051594938 499.8091711268624 30.781982569031527 30.949625322468364 31.2380731954289
7558208 32 926.551 933.051 939.291 514.9898295629363 518.4339462687462 522.0708973386246 32.18686434768352 32.40212164179664 32.62943108366404
7558208 64 1802.392 1813.891 1817.321 532.3498842526994 533.3565379617629 536.7592754517331 33.271867765793715 33.33478362261018 33.547454715733316
7558208 128 3556.953 3560.993 3576.093 541.0656959983983 543.3600257006964 543.9771759705569 33.81660599989989 33.960001606293524 33.99857349815981

8313984 1 446.71 471.92 504.771 32.94160718424791 35.234717748770976 37.22318282554678 2.058850449015494 2.202169859298186 2.3264489265966737
8313984 2 148.0 151.25 161.8 205.53730531520395 219.8739570247934 224.70227027027028 12.846081582200247 13.742122314049588 14.043891891891892
8313984 4 167.72 168.09 171.75 387.259807860262 395.69202213100124 396.56494156928215 24.203737991266376 24.730751383187577 24.785308848080135
8313984 8 287.91 288.14 301.32 441.4700119474313 461.6635802040675 462.0323851203501 27.591875746714457 28.85397376275422 28.877024070021882
8313984 16 533.8 540.5 545.781 487.4619820037708 492.2247696577244 498.402937429749 30.466373875235675 30.764048103607774 31.15018358935931
8313984 32 1019.031 1029.441 1036.001 513.6046934317632 516.8775830766406 522.1577910779947 32.1002933394852 32.304848942290036 32.63486194237467
8313984 64 1992.272 1997.071 1999.591 532.2038116794885 532.875371982268 534.158966245573 33.26273822996803 33.30471074889175 33.38493539034831
8313984 128 3915.703 3919.113 3935.413 540.8275837885376 543.0769421550233 543.5498821029073 33.8017239867836 33.942308884688956 33.97186763143171

9145344 1 484.331 508.41 534.48 34.22146385271665 35.97625538443382 37.76485089742346 2.138841490794791 2.2485159615271137 2.360303181088966
9145344 2 153.35 162.37 177.74 205.8139754697873 225.29639711769414 238.548262145419 12.863373466861706 14.081024819855884 14.909266384088687
9145344 4 184.561 187.09 194.0 377.12758762886597 391.0564541129937 396.415017257167 23.570474226804123 24.441028382062107 24.775938578572937
9145344 8 316.58 316.99 322.73 453.3991385988287 461.6092116470551 462.2070377155853 28.337446162426794 28.850575727940942 28.88793985722408
9145344 16 583.831 589.211 598.801 488.72832209699044 496.68286573061266 501.2597960711233 30.545520131061902 31.04267910816329 31.328737254445205
9145344 32 1120.581 1129.431 1133.201 516.5032646459013 518.2273339407188 522.3201321457352 32.28145404036883 32.38920837129493 32.64500825910845
9145344 64 2179.491 2188.882 2195.301 533.2316762029444 534.7954033154825 537.0997320016462 33.326979762684026 33.42471270721766 33.56873325010289

10059840 1 547.811 580.581 590.03 34.099418673626765 34.65438931001876 36.727411461252146 2.131213667101673 2.1658993318761723 2.295463216328259
10059840 2 171.96 174.71 181.61 221.5701778536424 230.32087459218133 234.00418702023728 13.84813611585265 14.395054662011333 14.62526168876483
10059840 4 203.12 206.04 207.25 388.31710494571774 390.59755387303437 396.2126821583301 24.26981905910736 24.412347117064648 24.76329263489563
10059840 8 348.35 348.53 356.2 451.8737787759686 461.81803575015067 462.05666714511267 28.24211117349804 28.863627234384417 28.878541696569542
10059840 16 643.04 649.971 655.97 490.7463451072457 495.27575845691575 500.6140831052501 30.671646569202856 30.954734903557235 31.28838019407813
10059840 32 1233.271 1240.491 1241.201 518.7151476674609 519.0120363630208 522.0505144449193 32.419696729216305 32.4382522726888 32.628157152807454
10059840 64 2405.951 2411.522 2415.032 533.1852828451134 533.9613405973489 535.1977326221523 33.32408017781959 33.37258378733431 33.44985828888452

11065792 1 605.881 631.75 646.61 34.22709825087765 35.03218678274634 36.5279386546203 2.1391936406798533 2.189511673921646 2.2829961659137687
11065792 2 184.83 189.05 196.47 225.29224818038378 234.13471568368155 239.4804306660174 14.080765511273986 14.633419730230097 14.967526916626088
11065792 4 222.991 223.32 229.62 385.5340823970037 396.41024538778436 396.99510742586017 24.095880149812732 24.775640336736522 24.81219421411626
11065792 8 382.43 388.111 390.35 453.5741565261944 456.1908113915864 462.9675286980624 28.34838478288715 28.51192571197415 28.9354705436289
11065792 16 708.28 716.081 720.771 491.2868913982389 494.50459375405853 499.9510701982267 30.70543071238993 30.90653710962866 31.24694188738917
11065792 32 1357.122 1364.381 1375.291 514.9533356940459 519.0710571314024 521.8474742874995 32.18458348087787 32.44194107071265 32.61546714296872
11065792 64 2644.622 2650.942 2662.082 532.0727821306781 534.3087008316289 535.5855679942163 33.25454888316738 33.39429380197681 33.474097999638516

12172352 1 677.14 700.871 728.451 33.4198237081149 34.7349283962384 35.952246212009335 2.088738981757181 2.1709330247649 2.2470153882505834
12172352 2 199.51 201.25 210.55 231.248672524341 241.93494658385094 244.04495012781317 14.453042032771313 15.120934161490684 15.252809382988323
12172352 4 245.59 246.17 252.33 385.91850354694253 395.5754803591015 396.50969502015556 24.119906471683908 24.723467522443844 24.781855938759723
12172352 8 421.57 427.09 428.59 454.41478335938785 456.0107518321666 461.98171596650616 28.40092395996174 28.500671989510412 28.873857247906635
12172352 16 778.68 791.291 793.011 491.18519667444724 492.2528677818906 500.2250783376998 30.699074792152953 30.76580423636816 31.26406739610624
12172352 32 1487.331 1505.411 1565.271 497.69690232553984 517.4869374542899 523.7775101843504 31.10605639534624 32.34293359089312 32.7360943865219
12172352 64 2907.222 2909.943 3014.523 516.8516067052731 535.4266581854008 535.9277881083729 32.30322541907957 33.46416613658755 33.4954867567733

13389568 1 741.671 749.34 803.871 33.31272803720995 35.73696319427763 36.10648926545597 2.082045502325622 2.2335601996423518 2.256655579090998
13389568 2 222.13 226.12 235.9 227.03803306485796 236.8577392534937 241.11228559852339 14.189877066553622 14.803608703343356 15.069517849907712
13389568 4 271.5 272.95 279.71 382.95571842265207 392.4401685290346 394.53607366482504 23.934732401415754 24.527510533064664 24.658504604051565
13389568 8 467.741 475.551 487.411 439.5327311037297 450.4944538020107 458.0164834812428 27.470795693983106 28.15590336262567 28.626030217577675
13389568 16 858.71 866.31 880.571 486.5776592688153 494.5875910470848 498.96493111760657 30.411103704300956 30.9117244404428 31.18530819485041
13389568 32 1654.182 1655.751 1675.191 511.54307299884005 517.5490469279499 518.0399448186475 31.971442062427503 32.34681543299687 32.37749655116547
13389568 64 3213.682 3225.412 3239.133 529.1121741527749 531.3630333117134 533.3025184196819 33.06951088454843 33.210189581982085 33.331407401230116

14728512 1 817.71 837.281 886.181 33.24041476854051 35.1817657393396 36.02380305976446 2.077525923033782 2.198860358708725 2.251487691235279
14728512 2 271.26 278.13 297.19 198.23697970994985 211.8219825261568 217.1866401238664 12.389811231871866 13.2388739078848 13.57416500774165
14728512 4 299.54 312.161 313.88 375.3921753536383 377.45937513014115 393.36347733190894 23.462010959602395 23.591210945633822 24.58521733324431
14728512 8 521.33 536.93 539.401 436.88497425848306 438.89555808019674 452.02883394395093 27.30531089115519 27.430972380012296 28.251802121496933
14728512 16 970.711 974.551 994.571 473.8851062417866 483.6200301472165 485.533164865753 29.617819140111664 30.22625188420103 30.345822804109563
14728512 32 1846.012 1849.721 1866.411 505.04672765001914 509.60375537716226 510.6276492243821 31.565420478126196 31.85023471107264 31.91422807652388
14728512 64 3568.542 3590.603 3618.813 520.9579870526605 525.0509555080303 528.2968607347202 32.559874190791284 32.81568471925189 33.01855379592001

16201344 1 901.611 932.871 951.671 34.048203633398515 34.734371633376966 35.93865647158253 2.128012727087407 2.1708982270860604 2.2461660294739083
16201344 2 347.78 353.981 376.29 172.2218926891493 183.0758600037855 186.3401460693542 10.763868293071832 11.442241250236593 11.646259129334638
16201344 4 371.01 389.64 397.531 326.03935793686526 332.6423159839852 349.34571035821136 20.37745987105408 20.790144748999076 21.83410689738821
16201344 8 614.141 649.97 665.331 389.6128453356299 398.8207209563518 422.0879309474534 24.35080283347687 24.926295059771988 26.380495684215838
16201344 16 1170.931 1185.481 1200.851 431.7296717078138 437.327133880678 442.7613651017865 26.983104481738362 27.332945867542374 27.672585318861657
16201344 32 2182.431 2215.652 2248.642 461.1165387820738 467.9823437976721 475.1059786082584 28.819783673879613 29.248896487354507 29.69412366301615
16201344 64 4238.714 4272.053 4409.993 470.24383757525237 485.4275056980801 489.24556646190325 29.390239848453273 30.339219106130006 30.577847903868953

17821440 1 1002.151 1006.861 1052.031 33.88006627181139 35.40000059591146 35.566376723667396 2.1175041419882117 2.212500037244466 2.2228985452292123
17821440 2 555.31 585.64 624.06 114.22901644072687 121.72283313981286 128.37110802974917 7.139313527545429 7.607677071238304 8.023194251859323
17821440 4 546.401 607.061 626.07 227.72456754037088 234.85534402638285 260.9283657972808 14.23278547127318 14.678459001648928 16.30802286233005
17821440 8 892.461 934.75 944.481 301.9044745209274 305.04738165284834 319.5019614302474 18.869029657557963 19.06546135330302 19.96887258939046
17821440 16 1531.201 1590.522 1621.751 351.6483603216523 358.5527770128298 372.4436439108909 21.97802252010327 22.40954856330186 23.27772774443068
17821440 32 2795.032 2882.072 4522.973 252.17310826308275 395.747281816693 408.07123496260505 15.760819266442672 24.73420511354331 25.504452185162815

19603584 1 1098.951 1132.661 1156.431 33.90359476700296 34.61509489600154 35.67690279184423 2.118974672937685 2.163443431000096 2.2298064244902642
19603584 2 980.94 1016.6 1050.951 74.61274217351712 77.13391304347826 79.93795339164475 4.66329638584482 4.820869565217391 4.996122086977797
19603584 4 1213.411 1241.711 1455.052 107.78217685690959 126.30046121843168 129.24612682759593 6.736386053556849 7.89377882615198 8.077882926724746
19603584 8 1544.121 1602.491 2572.882 121.90895035217318 195.73111112636516 203.1300293176506 7.619309397010824 12.233194445397823 12.695626832353163
19603584 16 2465.092 2546.382 2981.772 210.3831842273655 246.35529468869947 254.4792194368405 13.148949014210343 15.397205918043717 15.904951214802532
19603584 32 3868.293 3958.233 4625.964 271.2146864956148 316.9670345328332 324.336697349451 16.950917905975924 19.810439658302077 20.27104358434069

21563904 1 1185.981 1242.641 1256.451 34.32510141660916 34.706570924345804 36.36467026031614 2.1453188385380724 2.169160682771613 2.2727918912697587
21563904 2 1594.871 1645.181 2011.332 42.88482259517573 52.42925611224539 54.083130234357505 2.680301412198483 3.276828507015337 3.380195639647344
21563904 4 2119.752 2154.262 2744.912 62.84763664554637 80.07903959685497 81.38274288690374 3.9279772903466483 5.0049399748034356 5.086421430431484
21563904 8 2990.752 3036.503 4077.294 84.62045268258801 113.6249376338505 115.36311402617133 5.288778292661751 7.101558602115656 7.210194626635708
21563904 16 3997.573 4431.693 6579.595 104.87650501284652 155.70684341176158 172.61596673781816 6.554781563302908 9.731677713235099 10.788497921113635
21563904 32 5309.954 6191.835 11030.359 125.11740152791037 222.88866806043765 259.90617922490475 7.819837595494398 13.930541753777353 16.244136201556547

23720256 1 1261.551 1370.851 1375.701 34.4846096644547 34.60661443147358 37.60491014631989 2.155288104028419 2.162913401967099 2.350306884144993
23720256 2 2179.002 2250.892 2414.362 39.298590683584315 42.15263282289865 43.54333956554423 2.4561619177240197 2.634539551431166 2.7214587228465144
23720256 4 2918.992 3061.942 3280.863 57.83906490456932 61.97440970469067 65.0094443561339 3.6149415565355825 3.873400606543167 4.063090272258369
23720256 8 4352.633 4574.714 4975.923 76.2720998697126 82.96127277027591 87.19414110953072 4.767006241857038 5.1850795481422445 5.44963381934567
23720256 16 6146.754 6601.845 7872.056 96.42311894122706 114.97516103452897 123.48764762669857 6.026444933826691 7.18594756465806 7.717977976668661
23720256 32 8630.416 8771.697 10486.099 144.7722727012209 173.0675813357438 175.90071950181778 9.048267043826307 10.816723833483987 10.993794968863611

26092224 1 1442.121 1509.501 1552.141 33.620945519769144 34.57066143049922 36.18590118304913 2.1013090949855715 2.1606663394062013 2.261618823940571
26092224 2 2701.162 2853.892 2883.472 36.19556423644828 36.570723769504944 38.63851779345334 2.2622227647780173 2.285670235594059 2.4149073620908337
26092224 4 3683.383 4046.263 4210.454 49.57607706912366 51.587796443286074 56.67012960639717 3.098504816820229 3.2242372777053796 3.541883100399823
26092224 8 6032.304 6291.295 6576.505 63.47985502938111 66.3576551409527 69.20665536750137 3.9674909393363196 4.147353446309544 4.325415960468836
26092224 16 9785.368 10291.638 10884.178 76.71237717722 81.12908440813794 85.3264964587944 4.79452357357625 5.070567775508621 5.33290602867465
26092224 32 16570.263 16943.583 22250.806 75.04907175047951 98.5566238262592 100.7770568276436 4.6905669844049696 6.1597889891412 6.298566051727725

28701440 1 1607.761 1672.511 1694.452 33.87695845028364 34.321376660601935 35.703615151754526 2.1173099031427274 2.145086041287621 2.231475946984658
28701440 2 3300.683 3305.473 3349.152 34.27905332454305 34.73202171065987 34.78242533439291 2.1424408327839406 2.170751356916242 2.173901583399557
28701440 4 4773.933 4806.764 4931.154 46.5634453922956 47.76841966861698 48.096929722306534 2.910215337018475 2.985526229288561 3.0060581076441584
28701440 8 7499.746 7600.676 7981.676 57.53466314593577 60.41871012525728 61.23181238404608 3.5959164466209854 3.77616938282858 3.82698827400288
28701440 16 12898.92 13119.481 14056.931 65.33759609405496 70.00628149848306 71.20333175180558 4.083599755878435 4.375392593655191 4.450208234487849
28701440 32 23419.077 23892.587 25691.98 71.49671453893394 76.8812586096265 78.43571973395878 4.4685446586833715 4.805078663101656 4.902232483372424

31571584 1 1795.701 1856.211 1881.992 33.55124145054815 34.01723618704985 35.16351998467451 2.096952590659259 2.126077261690616 2.1977199990421568
31571584 2 3677.373 3704.463 3733.693 33.823438616940386 34.09032186311484 34.34145407604831 2.113964913558774 2.1306451164446774 2.1463408797530192
31571584 4 5431.254 5471.114 5495.724 45.9580342826532 46.16476132648671 46.50356473845635 2.872377142665825 2.8852975829054195 2.9064727961535217
31571584 8 8659.876 8775.727 8790.066 57.467753256915245 57.56165204318685 58.33170636623434 3.591734578557203 3.597603252699178 3.6457316478896464
31571584 16 14999.742 15285.452 15523.341 65.08203923369331 66.09491744176097 67.35387101991488 4.067627452105832 4.130932340110061 4.20961693874468
31571584 32 27928.381 28232.693 29214.382 69.16392672622683 71.56885019788938 72.34867556411523 4.322745420389177 4.473053137368086 4.521792222757202

34728704 1 1991.301 2025.451 2065.721 33.623808829943634 34.292317118508414 34.88041637100569 2.101488051871477 2.143269819906776 2.1800260231878554
34728704 2 4075.453 4101.683 4111.343 33.78818454213137 33.867760136509816 34.085736235947266 2.1117615338832105 2.1167350085318635 2.130358514746704
34728704 4 6060.625 6120.944 6162.404 45.08461827559504 45.389997359884354 45.841746024543674 2.81778864222469 2.836874834992772 2.8651091265339796
34728704 8 9834.597 9890.468 9946.268 55.86610616162766 56.18129132008717 56.50046097465915 3.491631635101729 3.511330707505448 3.5312788109161968
34728704 16 17176.453 17193.494 17409.733 63.8331746960163 64.63599126506806 64.70011753881899 3.9895734185010188 4.039749454066754 4.043757346176187

38201536 1 2230.012 2240.491 2245.392 34.02660738080478 34.10103945965416 34.261282898926105 2.126662961300299 2.131314966228385 2.1413301811828815
38201536 2 4462.503 4518.364 4540.554 33.6536343362506 33.818909676157126 34.24225014526601 2.1033521460156623 2.1136818547598204 2.140140634079126
38201536 4 6727.115 6760.635 6806.115 44.90260420225048 45.20467204633884 45.429918769041414 2.806412762640655 2.8252920028961777 2.8393699230650884
38201536 8 11070.078 11133.758 11362.848 53.791494526724286 54.89831699233987 55.214116467833385 3.361968407920268 3.431144812021242 3.4508822792395866
38201536 16 19616.135 19838.225 20539.887 59.51586549624154 61.620893603132345 62.31855317064244 3.719741593515096 3.8513058501957715 3.8949095731651524

42021632 1 2445.941 2470.792 2540.012 33.08774289255326 34.01470621565879 34.36029896060454 2.0679839307845787 2.1259191384786744 2.1475186850377836
42021632 2 4946.484 4982.594 5030.674 33.41232765231856 33.73474298728735 33.98101115863308 2.08827047826991 2.1084214367054592 2.1238131974145675
42021632 4 7404.056 7479.945 7682.856 43.756261473597846 44.9432523902248 45.40390510282472 2.7347663420998654 2.80895327438905 2.837744068926545
42021632 8 12306.899 12339.631 12509.47 53.74697025533456 54.486727520458274 54.63164295083595 3.35918564095841 3.405420470028642 3.414477684427247
42021632 16 22028.936 22166.437 22741.148 59.13035806283834 60.663435625671376 61.04208682616355 3.6956473789273963 3.791464726604461 3.8151304266352217

46223744 1 2687.012 2709.732 2721.152 33.97365821534409 34.11683812273686 34.40531266700706 2.1233536384590055 2.1323023826710537 2.1503320416879412
46223744 2 5423.044 5480.464 5722.304 32.31128160964534 33.73710255190071 34.09431603357819 2.019455100602834 2.1085689094937945 2.1308947520986368
46223744 4 8192.746 8218.707 8356.837 44.249989798771956 44.993689639988375 45.136264690739836 2.7656243624232473 2.8121056024992734 2.8210165431712397
46223744 8 13585.371 13655.911 13951.121 53.01222059503319 54.15822525498299 54.4394337114533 3.3132637871895745 3.3848890784364367 3.402464606965831
46223744 16 24438.018 24509.89 24574.21 60.19155073550686 60.349508218927134 60.52699560168914 3.7619719209691787 3.771844263682946 3.782937225105571

50846080 1 2962.222 2970.792 2987.623 34.03781534684932 34.23065633676138 34.32968899697592 2.1273634591780826 2.139416021047586 2.145605562310995
50846080 2 5988.684 6009.835 6035.894 33.6958071165597 33.84191412909007 33.9614379386189 2.105987944784981 2.1151196330681294 2.1225898711636813
50846080 4 8964.267 9036.917 9065.437 44.87027376617366 45.01188181765972 45.376676085172384 2.804392110385854 2.8132426136037325 2.836042255323274
50846080 8 14981.622 14998.151 15193.872 53.54377606972074 54.24250495944467 54.30234990577122 3.3464860043575464 3.390156559965292 3.3938968691107014
50846080 16 26937.76 27039.771 27185.96 59.849810711117065 60.17338534412884 60.40125682313601 3.7406131694448166 3.7608365840080524 3.7750785514460006

55930688 1 3223.662 3268.503 3287.853 34.022620841016916 34.224039567961235 34.70009448881427 2.1264138025635573 2.139002472997577 2.168755905550892
55930688 2 6600.085 6608.985 6628.525 33.7515136474555 33.85130273408095 33.8969501150364 2.109469602965969 2.1157064208800596 2.118559382189775
55930688 4 9891.888 9926.197 9939.448 45.01713817507773 45.07723390942171 45.233579676599646 2.8135711359423583 2.8173271193388567 2.827098729787478
55930688 8 16462.772 16524.773 16547.043 54.08162703148834 54.15451141144269 54.358464540479574 3.380101689468021 3.384656963215168 3.3974040337799734
55930688 16 29706.683 29759.864 29798.772 60.06227424405274 60.14079956817007 60.248463822096866 3.753892140253296 3.758799973010629 3.765528988881054

61523712 1 3600.513 3641.783 3744.703 32.859060918849906 33.787686965423255 34.17497006676549 2.053691307428119 2.1117304353389534 2.135935629172843
61523712 2 7238.076 7260.366 7289.636 33.75955232881312 33.8956531943431 34.00003647378115 2.10997202055082 2.1184783246464436 2.125002279611322
61523712 4 10897.808 10920.508 10936.309 45.005101446932414 45.07021981028721 45.16410052370165 2.812818840433276 2.816888738142951 2.822756282731353
61523712 8 18175.174 18187.464 18202.624 54.07898289828983 54.12405995690218 54.160658489431796 3.3799364311431144 3.3827537473063862 3.3850411555894873
61523712 16 32680.205 32725.834 32771.617 60.075118783427754 60.15916306365179 60.243158939792444 3.7546949239642347 3.759947691478237 3.7651974337370278

67676032 1 3945.333 3991.553 4140.993 32.685895387893666 33.90962464985433 34.30687954603579 2.042868461743354 2.1193515406158956 2.1441799716272367
67676032 2 7985.496 8015.107 8022.066 33.74493902194273 33.77423757412097 33.899475749533906 2.1090586888714205 2.1108898483825604 2.118717234345869
67676032 4 11990.959 12012.819 12190.95 44.41066988216669 45.069209483635774 45.151372463203316 2.775666867635418 2.816825592727236 2.8219607789502072
67676032 8 20032.947 20055.547 20210.535 53.5768356453701 53.990874045968425 54.05178339462486 3.3485522278356314 3.3744296278730266 3.378236462164054

74443584 1 4372.403 4386.404 4661.743 31.93809010921451 33.942876214776376 34.051565695110895 1.9961306318259069 2.1214297634235235 2.128222855944431
74443584 2 8795.456 8825.117 8861.737 33.60225382450415 33.74168705072125 33.855474463177345 2.1001408640315096 2.108855440670078 2.115967153948584
74443584 4 13184.13 13202.85 13731.31 43.37158450286243 45.10758449880139 45.17163225787367 2.710724031428902 2.8192240311750867 2.8232270161171042
74443584 8 22037.117 22062.468 22680.687 52.51592881644193 53.98749333030193 54.04959931918499 3.2822455510276205 3.3742183331438707 3.378099957449062

81887936 1 4816.404 4834.654 4909.004 33.362342340727366 33.87540700947782 34.003765464857175 2.0851463962954604 2.1172129380923637 2.1252353415535734
81887936 2 9551.637 9678.577 9687.098 33.813196067594234 33.842965138366935 34.29273369580523 2.1133247542246396 2.1151853211479335 2.143295855987827
81887936 4 14503.371 14556.561 14684.051 44.61326700649568 45.004001151096055 45.16904987123338 2.78832918790598 2.8127500719435035 2.8230656169520865
81887936 8 24182.368 24228.739 24275.088 53.97331519457313 54.076564859607416 54.18025960071404 3.3733321996608208 3.3797853037254635 3.3862662250446274

90076672 1 5276.004 5292.274 5328.804 33.80746298794251 34.0408195040544 34.14579367263558 2.1129664367464067 2.1275512190034 2.1341121045397236
90076672 2 10644.728 10660.208 10679.868 33.73699824754388 33.79921742615153 33.84836963424524 2.1085623904714925 2.1124510891344705 2.1155231021403273
90076672 4 15967.982 15996.652 16009.253 45.01230482146793 45.047762244249604 45.12864405784025 2.8132690513417455 2.8154851402656003 2.8205402536150155
90076672 8 26631.8 26664.522 26751.68 53.87425208435507 54.05035019941479 54.116760864830766 3.367140755272192 3.378146887463424 3.382297554051923

99084288 1 5764.604 5846.525 5853.445 33.85503340340603 33.89510452790333 34.37678910815036 2.115939587712877 2.118444032993958 2.1485493192593976
99084288 2 11716.189 11720.869 11734.479 33.77543664273463 33.814655892835255 33.82816306565215 2.1109647901709145 2.1134159933022034 2.1142601916032593
99084288 4 17560.213 17575.643 17590.224 45.063343366178856 45.10072854802525 45.140358149414254 2.8164589603861785 2.8187955342515782 2.821272384338391
99084288 8 29273.742 29321.044 29366.072 53.98572229884883 54.06862757001422 54.15599440618149 3.3741076436780517 3.379289223125889 3.3847496503863432

108992704 1 6406.355 6425.085 6436.045 33.86946610845635 33.92724111821089 34.0264328155402 2.116841631778522 2.1204525698881804 2.1266520509712623
108992704 2 12865.65 12894.14 12912.711 33.76291903381095 33.81154664056695 33.88641973005639 2.1101824396131845 2.1132216650354345 2.1179012331285243
108992704 4 19293.234 19317.804 19376.515 44.99992036751706 45.13668489441139 45.19416661820408 2.8124950229698165 2.8210428059007118 2.824635413637755
108992704 8 32183.076 32236.755 32303.634 53.98412030052099 54.096116808282964 54.18634514612587 3.374007518782562 3.3810073005176853 3.386646571632867

119891968 1 7027.975 7072.976 7109.616 33.72670704015519 33.901420844634565 34.118495868297764 2.1079191900096994 2.1188388027896603 2.1324059917686102
119891968 2 14136.62 14159.572 14212.292 33.74317611825032 33.86881128892879 33.92380017288432 2.108948507390645 2.1168007055580493 2.12023751080527
119891968 4 21201.567 21256.016 21294.866 45.04070342588678 45.12302512380495 45.23890823730152 2.815043964117924 2.8201890702378094 2.827431764831345
119891968 8 35411.059 35444.968 35472.277 54.078047710328825 54.119712789696976 54.17153686366736 3.3798779818955516 3.382482049356061 3.38572105397921

131881152 1 7746.086 7770.226 7808.036 33.78087703489072 33.94525513157532 34.05104255232901 2.11130481468067 2.1215784457234577 2.128190159520563
131881152 2 15526.612 15582.782 15607.382 33.79968581534046 33.853044212516096 33.97551300953486 2.1124803634587788 2.115815263282256 2.1234695630959286
131881152 4 23335.828 23394.467 23401.259 45.0851475982553 45.09823694636855 45.211561209655805 2.817821724890956 2.8186398091480345 2.825722575603488
131881152 8 38941.419 38995.722 39111.272 53.9511584281892 54.11102356304622 54.18648026154362 3.371947401761825 3.3819389726903886 3.3866550163464764

145069248 1 8518.577 8550.727 8583.776 33.8008000208766 33.931441852838944 34.05950266106652 2.1125500013047875 2.120715115802434 2.1287189163166573
145069248 2 17118.312 17131.493 17171.484 33.793060168824084 33.87194519473581 33.898026394191206 2.1120662605515053 2.116996574670988 2.1186266496369504
145069248 4 25698.2 25705.291 25717.21 45.127522931142224 45.148447609482425 45.16090558871828 2.820470183196389 2.8217779755926515 2.8225565992948924

159576128 1 9382.637 9432.377 9442.287 33.800312996205264 33.835824840334524 34.015198072780606 2.112519562262829 2.1147390525209078 2.125949879548788
159576128 2 18797.156 18823.594 18869.735 33.82689327645566 33.90981084696153 33.95750463527568 2.1141808297784785 2.1193631779350954 2.12234403970473
159576128 4 28205.882 28253.691 28289.341 45.12685622475264 45.18379648167031 45.260383064780605 2.82042851404704 2.8239872801043946 2.828773941548788

175533696 1 10311.678 10332.559 10366.098 33.86687951435535 33.97680981061903 34.04561236299271 2.116679969647209 2.1235506131636894 2.1278507726870446
175533696 2 20667.166 20720.087 20977.476 33.47088963419622 33.88667161484409 33.97344289971832 2.0919306021372637 2.1179169759277556 2.123340181232395
175533696 4 30905.663 31115.334 31128.085 45.112623150444364 45.13111021080474 45.43728985849616 2.8195389469027727 2.8206943881752964 2.83983061615601

193087040 1 11362.759 11373.898 11380.239 33.93374075887158 33.95265897408259 33.9859430266892 2.1208587974294737 2.1220411858801618 2.124121439168075
193087040 2 22687.947 22761.439 23585.777 32.74635217656811 33.93230805837891 34.04222338848023 2.046647011035507 2.1207692536486817 2.1276389617800144
193087040 4 34129.296 34156.656 35463.187 43.55774115845821 45.22387437458749 45.26012842456521 2.722358822403638 2.826492148411718 2.8287580265353256

212395712 1 12493.69 12498.87 12527.179 33.90958363411268 33.98638628932055 34.000477360971814 2.1193489771320424 2.1241491430825343 2.1250298350607384
212395712 2 25019.659 25037.179 25073.011 33.884356689350156 33.932850342284965 33.95661179874594 2.1177722930843847 2.1208031463928103 2.122288237421621
212395712 4 37494.708 37600.62 37626.018 45.15932820741222 45.18983186979363 45.317480429504876 2.822458012963264 2.824364491862102 2.8323425268440547

233635264 1 13741.701 13775.42 13820.61 33.809689152649554 33.920601186751476 34.00383460533744 2.113105572040597 2.1200375741719673 2.12523966283359
233635264 2 27503.36 27523.352 27556.061 33.914174308149484 33.95447821907739 33.97915949178573 2.1196358942593427 2.1221548886923367 2.123697468236608
233635264 4 41229.681 41304.831 41417.304 45.128048701576525 45.250932318304365 45.33341191749702 2.820503043848533 2.828183269894023 2.8333382448435636

256998784 1 15098.242 15122.262 15312.532 33.5671179658596 33.98946321654789 34.04353751913633 2.097944872866225 2.124341451034243 2.1277210949460206
256998784 2 30256.922 30277.765 31281.853 32.86234789224283 33.95214726053921 33.97553577987873 2.053896743265177 2.122009203783701 2.123470986242421
256998784 4 45412.395 45442.566 46610.835 44.10970693831166 45.24370987324968 45.2737688025483 2.756856683644479 2.827731867078105 2.8296105501592685

282698624 1 16566.512 16652.972 16684.943 33.88667542945757 33.95173233942866 34.128925147309225 2.117917214341098 2.121983271214291 2.1330578217068266
282698624 2 33268.015 33318.565 33397.007 33.85915678012704 33.938871497016756 33.990440848364415 2.11619729875794 2.121179468563547 2.124402553022776

310968448 1 18294.995 18312.114 18368.434 33.85900485583039 33.963140246942544 33.99492025004653 2.1161878034893995 2.122696265433909 2.1246825156279083
310968448 2 36604.19 36666.609 36695.547 33.89713176914899 33.923884043926726 33.98173247379603 2.118570735571812 2.1202427527454204 2.123858279612252

342065280 1 20121.555 20187.005 20323.156 33.662614212083994 33.88965128804397 33.999885197739445 2.1039133882552497 2.118103205502748 2.1249928248587153
342065280 2 40249.323 40320.59 40382.013 33.88293495918592 33.93455105691658 33.99463687873707 2.11768343494912 2.1209094410572864 2.124664804921067

376271808 1 22070.828 22174.358 22209.857 33.88331658326301 33.93756049216847 34.09675504697875 2.117707286453938 2.1210975307605295 2.131047190436172
376271808 2 44228.173 44309.276 44315.004 33.96337800172601 33.96776855482812 34.03005663381121 2.1227111251078754 2.1229855346767574 2.126878539613201

413898944 1 24334.178 24352.22 24388.189 33.942573103726566 33.9927073589184 34.01791044677983 2.1214108189829104 2.1245442099324 2.1261194029237394
413898944 2 48750.017 48763.59 49312.227 33.57373772634523 33.951474368478614 33.96092715208694 2.098358607896577 2.1219671480299134 2.1225579470054337

455288832 1 26726.171 26745.62 27165.13 33.52009226534163 34.04586111669874 34.07063675526135 2.095005766583852 2.127866319793671 2.129414797203834
455288832 2 53489.2 53613.284 54297.881 33.540081020841306 33.96835993109469 34.04715957613874 2.0962550638025816 2.123022495693418 2.127947473508671

500817664 1 29440.322 29461.103 29794.684 33.61792083446832 33.998568485368665 34.02256700860813 2.10112005215427 2.1249105303355416 2.126410438038008
500817664 2 58907.624 58932.924 59598.758 33.612624209383696 33.99238524122781 34.0069844949102 2.100789013086481 2.124524077576738 2.1254365309318874

550899392 1 32356.184 32375.514 32571.056 33.82754258873277 34.03185456762169 34.05218563474605 2.114221411795798 2.126990910476356 2.1282616021716283

605989312 1 35627.647 35695.027 35957.349 33.70600607959168 33.95371080683031 34.01792501199981 2.10662537997448 2.1221069254268943 2.126120313249988

666588224 1 39073.339 39244.83 39346.981 33.88256008764687 33.9707535489388 34.11984954753931 2.1176600054779295 2.123172096808675 2.132490596721207

733247040 1 43045.862 43155.052 43217.725 33.932699604155474 33.98197921300152 34.068177796044594 2.120793725259717 2.123873700812595 2.129261112252787

806571712 1 47454.455 47474.686 47552.158 33.923663864003814 33.97902250475127 33.99350859682194 2.1202289915002384 2.1236889065469544 2.1245942873013712

887228864 1 52199.079 52285.9 52649.043 33.703513433283106 33.937595565917384 33.99404284508545 2.106469589580194 2.1210997228698365 2.124627677817841

975951744 1 57439.383 57572.797 57954.937 33.67967577982183 33.90322495535521 33.98197170746071 2.1049797362388643 2.118951559709701 2.1238732317162943

1073546880 1 63200.108 63225.711 63665.502 33.724602689852354 33.95918726797711 33.97294447661387 2.107787668115772 2.122449204248569 2.1233090297883668

META_DATA
FLOPS          1
OPENMP_THREADS 8
ERT_VERSION  1.1.0
HOSTNAME  ('pve.fritz.box', ['pve'], ['192.168.188.21'])
UNAME  uname_result(system='Linux', node='pve', release='6.14.8-2-pve', version='#1 SMP PREEMPT_DYNAMIC PMX 6.14.8-2 (2025-07-22T10:04Z)', machine='x86_64')
TIMESTAMP_DATA  1765906434.06596
CONFIG  {'ERT_MPI': ['False'], 'ERT_OPENMP': ['True'], 'ERT_OPENMP_CFLAGS': ['-fopenmp'], 'ERT_OPENMP_LDFLAGS': ['-fopenmp'], 'ERT_PRECISION': ['FP64'], 'ERT_TRIALS_MIN': ['1'], 'ERT_TRIALS': ['3', '#', 'Run', 'each', 'test', '3', 'times', 'to', 'filter', 'out', 'background', 'noise'], 'ERT_RESULTS': ['Results/1600X'], 'ERT_GNUPLOT': ['gnuplot'], 'ERT_DRIVER': ['driver1'], 'ERT_KERNEL': ['kernel1'], 'ERT_CC': ['g++'], 'ERT_LD': ['g++'], 'ERT_CFLAGS': ['-O3', '-march=native', '-fopenmp', '-fstrict-aliasing', '-funroll-loops', '-Wno-all'], 'ERT_LDFLAGS': ['-O3', '-march=native', '-fopenmp'], 'ERT_LDLIBS': ['-lm'], 'ERT_RUN': ['export', 'OMP_NUM_THREADS=ERT_OPENMP_THREADS;', './ERT_CODE'], 'ERT_WORKING_SET_MIN': ['128'], 'ERT_MEMORY_MAX': ['1073741824'], 'ERT_ALIGN': ['64'], 'ERT_MIN_PROCS': ['1'], 'ERT_MAX_PROCS': ['1'], 'ERT_OPENMP_THREADS': ['1,2,4,8,12', '#', 'Logical', 'Threads'], 'ERT_NUM_EXPERIMENTS': ['5'], 'ERT_FLOPS': ['1,2,4,8'], 'ERT_GPU': [False], 'ERT_HIP': [False], 'ERT_OCL': [False], 'ERT_SYCL': [False], 'ERT_WSS_MULT': [1.1]}
TIMESTAMP_DATA  1765906445.0206466
TIMESTAMP_DATA  1765906455.9672747
TIMESTAMP_DATA  1765906466.9138741
TIMESTAMP_DATA  1765906477.8571799
