fp64

1024 1 0.71 0.93 1.2 1.7066666666666668 2.2021505376344086 2.8845070422535213 0.8533333333333334 1.1010752688172043 1.4422535211267606
1024 2 0.38 0.5 0.5 8.192 8.192 10.778947368421052 4.096 4.096 5.389473684210526
1024 4 0.47 0.64 0.7 11.702857142857145 12.8 17.429787234042557 5.851428571428572 6.4 8.714893617021279
1024 8 0.65 0.89 0.9 18.204444444444444 18.408988764044945 25.206153846153846 9.102222222222222 9.204494382022473 12.603076923076923
1024 16 0.96 1.32 1.33 24.637593984962407 24.824242424242424 34.13333333333334 12.318796992481204 12.412121212121212 17.06666666666667
1024 32 1.64 2.24 2.27 28.870484581497802 29.257142857142856 39.9609756097561 14.435242290748901 14.628571428571428 19.98048780487805
1024 64 3.01 4.0 4.16 31.50769230769231 32.768 43.545514950166115 15.753846153846155 16.384 21.772757475083058
1024 128 5.76 7.82 7.87 33.309275730622616 33.52225063938619 45.51111111111111 16.654637865311308 16.761125319693097 22.755555555555556
1024 256 11.21 15.25 15.43 33.97848347375243 34.37954098360656 46.769669937555754 16.989241736876217 17.18977049180328 23.384834968777877
1024 512 22.16 22.29 22.33 46.958172861621144 47.04244055630328 47.31841155234657 23.479086430810572 23.52122027815164 23.659205776173284
1024 1024 44.08 44.33 44.37 47.2650890241154 47.30773742386646 47.57604355716879 23.6325445120577 23.65386871193323 23.788021778584394
1024 2048 87.82 88.16 88.45 47.42005652911249 47.57604355716879 47.76023684809839 23.710028264556247 23.788021778584394 23.880118424049193
1024 4096 175.6 176.59 179.511 46.73032850354575 47.50330143269721 47.77111617312074 23.365164251772875 23.751650716348603 23.88555808656037
1024 8192 350.55 352.831 370.5 45.2826342780027 47.550288948533435 47.8596947653687 22.64131713900135 23.775144474266718 23.92984738268435
1024 16384 700.791 707.621 708.18 47.38121946397809 47.418649248679735 47.880797555904685 23.690609731989046 23.709324624339867 23.940398777952343
1024 32768 1403.941 1404.401 1437.821 46.67400462227218 47.784688276354125 47.80034488628795 23.33700231113609 23.892344138177062 23.900172443143976
1024 65536 2815.332 2828.673 2851.442 47.070123818054164 47.44900806844765 47.67385445126899 23.535061909027082 23.724504034223823 23.836927225634494
1024 131072 5627.844 5642.394 5710.025 47.01125756892483 47.57474504616303 47.69774286565158 23.505628784462417 23.787372523081515 23.84887143282579
1024 262144 11263.84 11290.42 11454.439 46.87011838816375 47.551013336970634 47.66322248895581 23.435059194081877 23.775506668485317 23.831611244477905
1024 524288 22564.198 22575.858 22636.518 47.434054301107615 47.561506809619374 47.58608411431242 23.717027150553808 23.780753404809687 23.79304205715621
1024 1048576 45138.066 45167.096 45275.717 47.43124549523976 47.545311480729254 47.57588967148039 23.71562274761988 23.772655740364627 23.787944835740195

1120 1 0.7 0.85 1.1 2.0363636363636366 2.635294117647059 3.2 1.0181818181818183 1.3176470588235294 1.6
1120 2 0.36 0.39 0.5 8.96 11.487179487179487 12.444444444444445 4.48 5.743589743589744 6.222222222222222
1120 4 0.48 0.49 0.66 13.575757575757576 18.28571428571429 18.666666666666668 6.787878787878788 9.142857142857144 9.333333333333334
1120 8 0.66 0.67 0.89 20.134831460674157 26.746268656716417 27.151515151515152 10.067415730337078 13.373134328358208 13.575757575757576
1120 16 1.02 1.04 1.41 25.41843971631206 34.46153846153847 35.13725490196079 12.70921985815603 17.230769230769234 17.568627450980394
1120 32 1.77 1.78 2.45 29.257142857142856 40.26966292134831 40.49717514124294 14.628571428571428 20.134831460674157 20.24858757062147
1120 64 3.27 3.29 4.54 31.57709251101322 43.57446808510639 43.840978593272176 15.78854625550661 21.787234042553195 21.920489296636088
1120 128 6.26 6.28 8.61 33.300813008130085 45.65605095541402 45.801916932907346 16.650406504065042 22.82802547770701 22.900958466453673
1120 256 12.27 12.35 16.96 33.81132075471698 46.432388663967615 46.73512632436838 16.90566037735849 23.216194331983807 23.36756316218419
1120 512 24.25 24.43 31.69 36.19059640265068 46.94555873925502 47.29402061855671 18.09529820132534 23.47277936962751 23.647010309278354
1120 1024 48.27 48.29 57.4 39.9609756097561 47.49968937668255 47.519370209239696 19.98048780487805 23.749844688341273 23.759685104619848
1120 2048 96.29 96.96 97.001 47.293533056360246 47.31353135313532 47.64274587184547 23.646766528180123 23.65676567656766 23.821372935922735
1120 4096 192.4 193.67 202.54 45.2998913794806 47.37460628904839 47.68731808731809 22.6499456897403 23.687303144524193 23.843659043659045
1120 8192 384.19 384.46 394.28 46.54073247438369 47.72949071424856 47.763033915510555 23.270366237191844 23.86474535712428 23.881516957755277
1120 16384 771.471 774.791 776.771 47.24707796763783 47.36781919253063 47.57166503990429 23.623538983818914 23.683909596265316 23.785832519952145
1120 32768 1539.201 1544.391 1550.411 47.342491765086805 47.527031690808876 47.68728710545277 23.671245882543403 23.763515845404438 23.843643552726384
1120 65536 3095.963 3099.493 3102.943 47.31013105944904 47.36279126941084 47.41679406375334 23.65506552972452 23.68139563470542 23.70839703187667
1120 131072 6177.555 6189.955 6196.715 47.38014899829991 47.43189247740897 47.52710093232679 23.690074499149954 23.715946238704486 23.763550466163395
1120 262144 12361.86 12378.94 12433.66 47.22684712305146 47.43560918786262 47.501149503391886 23.61342356152573 23.71780459393131 23.750574751695943
1120 524288 24736.46 24738.97 24780.1 47.393074281379015 47.471868068880795 47.47668502283674 23.696537140689507 23.735934034440398 23.73834251141837

1232 1 0.81 1.14 1.401 1.7587437544610993 2.16140350877193 3.041975308641975 0.8793718772305497 1.080701754385965 1.5209876543209875
1232 2 0.37 0.38 0.39 12.635897435897435 12.968421052631578 13.31891891891892 6.317948717948718 6.484210526315789 6.65945945945946
1232 4 0.49 0.5 0.51 19.325490196078434 19.712 20.114285714285717 9.662745098039217 9.856 10.057142857142859
1232 8 0.68 0.7 0.71 27.763380281690143 28.16 28.988235294117644 13.881690140845071 14.08 14.494117647058822
1232 16 1.1 1.1 1.12 35.199999999999996 35.839999999999996 35.839999999999996 17.599999999999998 17.919999999999998 17.919999999999998
1232 32 1.92 1.92 1.93 40.8538860103627 41.06666666666667 41.06666666666667 20.42694300518135 20.533333333333335 20.533333333333335
1232 64 3.56 3.59 3.6 43.80444444444444 43.926462395543176 44.29662921348314 21.90222222222222 21.963231197771588 22.14831460674157
1232 128 6.88 6.89 6.9 45.708985507246375 45.77532656023222 45.84186046511628 22.854492753623187 22.88766328011611 22.92093023255814
1232 256 13.47 13.5 13.51 46.69015544041451 46.72474074074074 46.82880475129918 23.345077720207254 23.36237037037037 23.41440237564959
1232 512 26.7 26.74 26.77 47.126186029137095 47.17905759162304 47.24973782771536 23.563093014568548 23.58952879581152 23.62486891385768
1232 1024 53.21 53.241 53.33 47.31175698481155 47.390845401100655 47.4184551775982 23.655878492405776 23.695422700550328 23.7092275887991
1232 2048 105.97 106.21 106.31 47.467519518389615 47.512211656152914 47.61981692931962 23.733759759194808 23.756105828076457 23.80990846465981
1232 4096 211.89 212.15 216.49 46.618984710610185 47.57267970775395 47.63105384869508 23.309492355305093 23.786339853876974 23.81552692434754
1232 8192 423.981 427.79 428.35 47.12288549083693 47.18457186937516 47.60847302119671 23.561442745418464 23.59228593468758 23.804236510598354
1232 16384 847.81 849.531 851.39 47.416784317410354 47.52054486534335 47.617008527854125 23.708392158705177 23.760272432671677 23.808504263927063
1232 32768 1694.591 1699.352 1702.722 47.418399480361444 47.51243532828984 47.645922821494985 23.709199740180722 23.75621766414492 23.822961410747492
1232 65536 3391.402 3398.983 3405.543 47.417021015444526 47.50853534719061 47.614733965480944 23.708510507722263 23.754267673595304 23.807366982740472
1232 131072 6791.465 6799.465 6804.326 47.46412914372415 47.49806168573557 47.55401198415953 23.732064571862075 23.749030842867786 23.777005992079765
1232 262144 13579.801 13600.161 13607.321 47.468771847154926 47.493762463547306 47.56496917738338 23.734385923577463 23.746881231773653 23.78248458869169
1232 524288 27203.372 27245.062 27261.082 47.38790749391385 47.41577141575233 47.488437536346595 23.693953746956925 23.707885707876166 23.744218768173297

1352 1 0.69 0.92 1.68 1.6095238095238094 2.939130434782608 3.918840579710145 0.8047619047619047 1.469565217391304 1.9594202898550726
1352 2 0.39 0.4 0.54 10.014814814814814 13.519999999999998 13.866666666666665 5.007407407407407 6.759999999999999 6.933333333333333
1352 4 0.51 0.51 0.73 14.816438356164383 21.2078431372549 21.2078431372549 7.4082191780821915 10.60392156862745 10.60392156862745
1352 8 0.73 0.75 1.01 21.417821782178216 28.842666666666663 29.632876712328766 10.708910891089108 14.421333333333331 14.816438356164383
1352 16 1.17 1.19 1.64 26.380487804878047 36.3563025210084 36.977777777777774 13.190243902439024 18.1781512605042 18.488888888888887
1352 32 2.08 2.1 2.88 30.044444444444444 41.20380952380952 41.6 15.022222222222222 20.60190476190476 20.8
1352 64 3.91 3.92 5.32 32.529323308270676 44.14693877551021 44.25984654731458 16.264661654135338 22.073469387755104 22.12992327365729
1352 128 7.55 7.58 7.6 45.54105263157895 45.66121372031662 45.842649006622516 22.770526315789475 22.83060686015831 22.921324503311258
1352 256 14.87 14.9 14.95 46.302608695652175 46.45798657718121 46.55171486213853 23.151304347826088 23.228993288590605 23.275857431069266
1352 512 29.48 29.52 29.55 46.85103214890017 46.89864498644987 46.96227951153324 23.425516074450083 23.449322493224933 23.48113975576662
1352 1024 58.7 58.76 66.84 41.425733093955714 47.12212389380531 47.170289608177164 20.712866546977857 23.561061946902655 23.585144804088582
1352 2048 117.17 117.261 125.99 43.95421858877688 47.226204791021736 47.26288299052658 21.97710929438844 23.613102395510868 23.63144149526329
1352 4096 234.24 234.281 234.3 47.270951771233456 47.27478540726734 47.283060109289615 23.635475885616728 23.63739270363367 23.641530054644807
1352 8192 468.241 468.321 472.691 46.86183574470426 47.29911321508111 47.30719437212888 23.43091787235213 23.649556607540553 23.65359718606444
1352 16384 936.361 939.2 939.521 47.154173243599665 47.170289608177164 47.31330758115726 23.577086621799832 23.585144804088582 23.65665379057863
1352 32768 1876.991 1877.852 1883.831 47.03429978591498 47.18405497344838 47.205698908519004 23.51714989295749 23.59202748672419 23.602849454259502
1352 65536 3752.753 3755.253 3764.673 47.07164314138306 47.18972170450299 47.22115844021708 23.53582157069153 23.594860852251497 23.61057922010854
1352 131072 7504.287 7509.756 7517.106 47.14828924854857 47.19443454620895 47.22882906797141 23.574144624274286 23.597217273104476 23.614414533985705
1352 262144 15012.592 15021.232 15046.622 47.10940276162982 47.18903056686695 47.2161886501678 23.55470138081491 23.594515283433473 23.6080943250839
1352 524288 30030.074 30031.684 30097.205 47.103202838934706 47.20596926898938 47.208500118914124 23.551601419467353 23.60298463449469 23.604250059457062

1480 1 0.8 0.85 1.05 2.819047619047619 3.4823529411764707 3.6999999999999997 1.4095238095238094 1.7411764705882353 1.8499999999999999
1480 2 0.4 0.41 0.41 14.439024390243903 14.439024390243903 14.799999999999999 7.219512195121951 7.219512195121951 7.3999999999999995
1480 4 0.52 0.52 0.53 22.339622641509433 22.76923076923077 22.76923076923077 11.169811320754716 11.384615384615385 11.384615384615385
1480 8 0.77 0.77 0.77 30.753246753246753 30.753246753246753 30.753246753246753 15.376623376623376 15.376623376623376 15.376623376623376
1480 16 1.25 1.27 1.36 34.8235294117647 37.29133858267716 37.888 17.41176470588235 18.64566929133858 18.944
1480 32 2.26 2.27 2.28 41.54385964912281 41.72687224669604 41.91150442477876 20.771929824561404 20.86343612334802 20.95575221238938
1480 64 4.25 4.26 4.27 44.36533957845433 44.46948356807512 44.57411764705883 22.182669789227166 22.23474178403756 22.287058823529414
1480 128 8.25 8.25 8.28 45.758454106280205 45.92484848484848 45.92484848484848 22.879227053140102 22.96242424242424 22.96242424242424
1480 256 16.26 16.26 16.27 46.5740626920713 46.60270602706027 46.60270602706027 23.28703134603565 23.301353013530136 23.301353013530136
1480 512 32.231 32.26 32.35 46.847604327666154 46.97830130192189 47.02057025844683 23.423802163833077 23.489150650960944 23.510285129223416
1480 1024 64.18 64.24 64.301 47.13830267025396 47.18306351183064 47.22717357432221 23.56915133512698 23.59153175591532 23.613586787161104
1480 2048 128.12 128.3 128.31 47.24557711791755 47.24925954793453 47.31564158601311 23.622788558958774 23.624629773967264 23.657820793006554
1480 4096 256.231 256.28 257.21 47.1372030636445 47.30825659434994 47.31730352689566 23.56860153182225 23.65412829717497 23.65865176344783
1480 8192 515.991 516.651 535.89 45.24868909664297 46.933655407615596 46.99368787440092 22.624344548321485 23.466827703807798 23.49684393720046
1480 16384 1026.781 1027.421 1029.981 47.08498506283126 47.202305578725756 47.23172711610363 23.54249253141563 23.601152789362878 23.615863558051814
1480 32768 2054.282 2055.241 2060.461 47.07358207702063 47.19314182618972 47.21517298988162 23.536791038510316 23.59657091309486 23.60758649494081
1480 65536 4104.833 4109.273 4119.244 47.092757797304564 47.20702664437238 47.2580882096787 23.546378898652282 23.60351332218619 23.62904410483935
1480 131072 8213.026 8222.936 8312.997 46.670667630458674 47.181824107593684 47.23875463197121 23.335333815229337 23.590912053796842 23.619377315985606
1480 262144 16433.223 16443.044 16456.983 47.14996910430058 47.18993879722027 47.218140957498115 23.57498455215029 23.594969398610136 23.609070478749057
1480 524288 32842.197 32880.646 32904.647 47.16332255441003 47.19774909531887 47.253004419893095 23.581661277205015 23.598874547659435 23.626502209946548

1624 1 0.7 0.71 0.88 3.690909090909091 4.574647887323944 4.640000000000001 1.8454545454545455 2.287323943661972 2.3200000000000003
1624 2 0.4 0.42 0.43 15.106976744186046 15.466666666666667 16.24 7.553488372093023 7.733333333333333 8.12
1624 4 0.55 0.57 0.57 22.792982456140354 22.792982456140354 23.62181818181818 11.396491228070177 11.396491228070177 11.81090909090909
1624 8 0.83 0.84 0.84 30.933333333333334 30.933333333333334 31.306024096385542 15.466666666666667 15.466666666666667 15.653012048192771
1624 16 1.37 1.37 1.4 37.120000000000005 37.932846715328466 37.932846715328466 18.560000000000002 18.966423357664233 18.966423357664233
1624 32 2.45 2.46 2.47 42.079352226720644 42.25040650406504 42.42285714285714 21.039676113360322 21.12520325203252 21.21142857142857
1624 64 4.62 4.66 4.74 43.8548523206751 44.60772532188841 44.9939393939394 21.92742616033755 22.303862660944205 22.4969696969697
1624 128 8.99 9.04 9.07 45.837265711135615 45.989380530973456 46.24516129032258 22.918632855567807 22.994690265486728 23.12258064516129
1624 256 17.79 17.87 17.88 46.503803131991056 46.52982652490207 46.73906689151208 23.251901565995528 23.264913262451035 23.36953344575604
1624 512 35.22 35.28 35.45 46.91046544428773 47.13650793650794 47.2168086314594 23.455232722143865 23.56825396825397 23.6084043157297
1624 1024 70.25 70.65 70.691 47.04915760139197 47.076461429582444 47.34451245551602 23.524578800695984 23.538230714791222 23.67225622775801
1624 2048 140.22 140.29 149.71 44.4319283948968 47.415382422125596 47.43905291684496 22.2159641974484 23.707691211062798 23.71952645842248
1624 4096 280.251 281.85 285.65 46.57380710659899 47.2017314174206 47.47104559841 23.286903553299496 23.6008657087103 23.735522799205
1624 8192 560.26 565.94 567.22 46.90881139593103 47.01490617379934 47.49155035162246 23.454405697965516 23.50745308689967 23.74577517581123
1624 16384 1125.461 1129.531 1132.211 47.001161444289096 47.112679510345444 47.2830529001005 23.500580722144548 23.556339755172722 23.64152645005025
1624 32768 2245.741 2253.932 2256.252 47.17135497276014 47.21990903008609 47.392136493032815 23.58567748638007 23.609954515043047 23.696068246516408
1624 65536 4501.554 4503.613 4512.684 47.16947342202556 47.26448031835773 47.286098978263944 23.58473671101278 23.632240159178863 23.643049489131972
1624 131072 9003.318 9019.957 9024.877 47.17203968541621 47.19777001154218 47.284996042570086 23.586019842708104 23.59888500577109 23.642498021285043
1624 262144 18009.275 18019.334 18041.165 47.19449725114758 47.25167489542067 47.27806710708787 23.59724862557379 23.625837447710335 23.639033553543936
1624 524288 36049.569 36056.979 36064.96 47.217227580454825 47.22767883576714 47.237386499683254 23.608613790227412 23.61383941788357 23.618693249841627

1784 1 0.72 0.84 0.94 3.7957446808510644 4.247619047619048 4.955555555555556 1.8978723404255322 2.123809523809524 2.477777777777778
1784 2 0.43 0.44 0.51 13.992156862745098 16.21818181818182 16.5953488372093 6.996078431372549 8.10909090909091 8.29767441860465
1784 4 0.58 0.59 0.61 23.39672131147541 24.18983050847458 24.60689655172414 11.698360655737705 12.09491525423729 12.30344827586207
1784 8 0.86 0.88 0.89 32.07191011235955 32.43636363636364 33.1906976744186 16.035955056179773 16.21818181818182 16.5953488372093
1784 16 1.47 1.48 1.49 38.314093959731544 38.57297297297297 38.83537414965986 19.157046979865772 19.286486486486485 19.41768707482993
1784 32 2.65 2.68 2.7 42.28740740740741 42.602985074626865 43.085283018867926 21.143703703703704 21.301492537313433 21.542641509433963
1784 64 5.07 5.1 5.12 44.6 44.77490196078432 45.03984220907297 22.3 22.38745098039216 22.519921104536486
1784 128 9.88 9.921 9.96 45.85381526104417 46.034069146255426 46.2251012145749 22.926907630522084 23.017034573127713 23.11255060728745
1784 256 19.56 19.63 19.65 46.48386768447837 46.53122771268467 46.69775051124745 23.241933842239185 23.265613856342334 23.348875255623724
1784 512 38.83 38.9 38.98 46.865469471523866 46.961850899742934 47.046510430079834 23.432734735761933 23.480925449871467 23.523255215039917
1784 1024 77.46 77.66 77.69 47.02834341614108 47.046510430079834 47.16798347534212 23.51417170807054 23.523255215039917 23.58399173767106
1784 2048 154.62 155.15 163.92 44.57823328452904 47.09805994199162 47.259500711421545 22.28911664226452 23.54902997099581 23.629750355710772
1784 4096 309.0 309.381 313.5 46.617314194577354 47.23796225366135 47.296207119741105 23.308657097288677 23.618981126830676 23.648103559870552
1784 8192 617.84 620.77 623.641 46.86840024950252 47.0851619762553 47.30845526349864 23.43420012475126 23.54258098812765 23.65422763174932
1784 16384 1238.361 1238.671 1241.381 47.09119279254314 47.19422025703355 47.20603442776379 23.54559639627157 23.597110128516775 23.603017213881895
1784 32768 2476.242 2478.982 2479.632 47.15063525555404 47.1629983598106 47.215184945574784 23.57531762777702 23.5814991799053 23.607592472787392
1784 65536 4953.534 4955.954 4969.094 47.05736055707539 47.18212638777519 47.205176748559715 23.528680278537696 23.591063193887596 23.602588374279858
1784 131072 9909.459 9910.408 9928.978 47.10101039603472 47.18926768706193 47.19378686566037 23.55050519801736 23.594633843530964 23.596893432830186
1784 262144 19808.436 19816.616 19831.386 47.16411611371994 47.199269138585514 47.21876033019466 23.58205805685997 23.599634569292757 23.60938016509733
1784 524288 39618.042 39623.602 39651.472 47.17755709044042 47.210740305739996 47.21736586578408 23.58877854522021 23.605370152869998 23.60868293289204

1960 1 0.77 0.93 1.3 3.015384615384615 4.215053763440859 5.09090909090909 1.5076923076923074 2.1075268817204296 2.545454545454545
1960 2 0.43 0.45 0.49 16.0 17.42222222222222 18.23255813953488 8.0 8.71111111111111 9.11627906976744
1960 4 0.6 0.62 0.64 24.499999999999996 25.29032258064516 26.133333333333333 12.249999999999998 12.64516129032258 13.066666666666666
1960 8 0.93 0.94 0.97 32.329896907216494 33.361702127659576 33.72043010752687 16.164948453608247 16.680851063829788 16.860215053763437
1960 16 1.58 1.59 1.6 39.199999999999996 39.44654088050314 39.69620253164556 19.599999999999998 19.72327044025157 19.84810126582278
1960 32 2.9 2.92 2.92 42.958904109589035 42.958904109589035 43.255172413793105 21.479452054794518 21.479452054794518 21.627586206896552
1960 64 5.55 5.57 14.41 17.410131852879942 45.041292639138234 45.2036036036036 8.705065926439971 22.520646319569117 22.6018018018018
1960 128 10.85 10.86 10.9 46.033027522935775 46.202578268876614 46.24516129032258 23.016513761467888 23.101289134438307 23.12258064516129
1960 256 21.46 21.48 21.49 46.697068403908794 46.71880819366852 46.762348555452 23.348534201954397 23.35940409683426 23.381174277726
1960 512 42.64 42.66 42.72 46.9812734082397 47.047351148616976 47.069418386491556 23.49063670411985 23.523675574308488 23.534709193245778
1960 1024 85.05 85.11 93.56 42.90380504489097 47.16343555398895 47.196707818930044 21.451902522445486 23.581717776994473 23.598353909465022
1960 2048 169.911 169.93 169.94 47.24114393315288 47.24392396869299 47.24920693774976 23.62057196657644 23.621961984346495 23.62460346887488
1960 4096 339.51 339.54 343.37 46.76098669074176 47.28844907816457 47.29262761037966 23.38049334537088 23.644224539082284 23.64631380518983
1960 8192 678.73 681.551 684.17 46.936638554745166 47.11700224928141 47.31283426399304 23.468319277372583 23.558501124640706 23.65641713199652
1960 16384 1359.831 1360.052 1362.801 47.12740891736945 47.2226650157494 47.23033965250094 23.563704458684725 23.6113325078747 23.61516982625047
1960 32768 2719.382 2722.132 2722.582 47.17968457882995 47.18748392803876 47.2352027041438 23.589842289414975 23.59374196401938 23.6176013520719
1960 65536 5441.414 5444.105 5445.624 47.17569924034417 47.18886208109506 47.212198888009624 23.587849620172086 23.59443104054753 23.606099444004812
1960 131072 10886.378 10887.559 11068.299 46.421066145755546 47.191683645526055 47.19680319753732 23.210533072877773 23.595841822763028 23.59840159876866
1960 262144 21778.138 21797.908 21811.928 47.11204254846247 47.14234411852734 47.18513951927387 23.556021274231234 23.57117205926367 23.592569759636934
1960 524288 43555.055 43585.925 43645.986 47.08815513985639 47.153042180474536 47.18646228319537 23.544077569928195 23.576521090237268 23.593231141597684

2152 1 0.8 0.87 1.11 3.8774774774774765 4.947126436781609 5.379999999999999 1.9387387387387383 2.4735632183908045 2.6899999999999995
2152 2 0.46 0.47 0.53 16.241509433962264 18.314893617021276 18.713043478260868 8.120754716981132 9.157446808510638 9.356521739130434
2152 4 0.64 0.64 0.66 26.084848484848482 26.9 26.9 13.042424242424241 13.45 13.45
2152 8 0.98 1.0 10.24 3.3625 34.432 35.13469387755102 1.68125 17.216 17.56734693877551
2152 16 1.71 1.72 1.73 39.80578034682081 40.03720930232558 40.27134502923977 19.902890173410405 20.01860465116279 20.135672514619884
2152 32 3.16 3.17 3.19 43.17492163009404 43.447318611987384 43.584810126582276 21.58746081504702 21.723659305993692 21.792405063291138
2152 64 6.05 6.08 6.09 45.23087027914614 45.305263157894736 45.5299173553719 22.61543513957307 22.652631578947368 22.76495867768595
2152 128 11.86 11.9 11.97 46.024394319131154 46.295126050420166 46.45126475548061 23.012197159565577 23.147563025210083 23.225632377740304
2152 256 23.49 23.51 23.54 46.80645709430756 46.86618460229689 46.9060876968923 23.40322854715378 23.433092301148445 23.45304384844615
2152 512 46.69 46.77 46.81 47.07643665883358 47.11669873850759 47.19742985650032 23.53821832941679 23.558349369253794 23.59871492825016
2152 1024 93.05 93.35 102.22 43.11578947368421 47.21259775040171 47.364814615797954 21.557894736842105 23.606298875200856 23.682407307898977
2152 2048 185.93 186.071 186.261 47.323873489350966 47.372196634617964 47.40812133598666 23.661936744675483 23.686098317308982 23.70406066799333
2152 4096 371.55 371.67 375.83 46.9073357635101 47.432356660478376 47.44767595209258 23.45366788175505 23.716178330239188 23.72383797604629
2152 8192 742.601 745.491 746.191 47.25113007259535 47.295497866506764 47.47955900948154 23.625565036297676 23.647748933253382 23.73977950474077
2152 16384 1487.881 1488.182 1491.661 47.27396908546915 47.384483887051445 47.39406982144405 23.636984542734574 23.692241943525723 23.697034910722024
2152 32768 2977.742 2978.172 2984.292 47.258603380634334 47.35571753411153 47.36255592324653 23.629301690317167 23.677858767055763 23.681277961623266
2152 65536 5955.164 5956.145 5958.315 47.340052347014215 47.35729972994277 47.36510094432328 23.670026173507107 23.678649864971383 23.68255047216164
2152 131072 11910.76 11912.2 11916.53 47.34044961075078 47.35765752757676 47.36338302509664 23.67022480537539 23.67882876378838 23.68169151254832
2152 262144 23818.949 23842.899 23862.5 47.2820440440021 47.320914122062085 47.368495394150266 23.64102202200105 23.660457061031043 23.684247697075133

2360 1 0.88 1.07 1.12 4.2142857142857135 4.411214953271028 5.363636363636363 2.1071428571428568 2.205607476635514 2.6818181818181817
2360 2 0.48 0.5 0.54 17.48148148148148 18.88 19.666666666666668 8.74074074074074 9.44 9.833333333333334
2360 4 0.67 0.69 0.91 20.747252747252745 27.36231884057971 28.179104477611936 10.373626373626372 13.681159420289855 14.089552238805968
2360 8 1.06 1.08 1.09 34.64220183486238 34.96296296296296 35.62264150943396 17.32110091743119 17.48148148148148 17.81132075471698
2360 16 1.86 1.87 1.89 39.957671957671955 40.38502673796791 40.6021505376344 19.978835978835978 20.192513368983956 20.3010752688172
2360 32 3.46 3.46 3.49 43.277936962750715 43.653179190751445 43.653179190751445 21.638968481375358 21.826589595375722 21.826589595375722
2360 64 6.62 6.65 6.67 45.28935532233883 45.425563909774425 45.631419939577036 22.644677661169414 22.712781954887213 22.815709969788518
2360 128 12.95 13.02 13.06 46.26033690658499 46.40245775729647 46.653281853281854 23.130168453292494 23.201228878648234 23.326640926640927
2360 256 25.75 25.84 25.93 46.59930582337061 46.76160990712074 46.92504854368932 23.299652911685303 23.38080495356037 23.46252427184466
2360 512 51.18 51.39 51.44 46.979782270606535 47.02549134072776 47.21844470496287 23.489891135303267 23.51274567036388 23.609222352481435
2360 1024 102.16 102.19 110.651 43.680400538630465 47.296995792151876 47.31088488645262 21.840200269315233 23.648497896075938 23.65544244322631
2360 2048 203.99 204.74 204.841 47.19055267256066 47.213832177395716 47.387420952007446 23.59527633628033 23.606916088697858 23.693710476003723
2360 4096 407.74 407.79 411.57 46.974074883980855 47.40949998773878 47.41531368028645 23.487037441990427 23.70474999386939 23.707656840143226
2360 8192 818.261 821.031 835.051 46.304046100178304 47.094738201115426 47.25416462473465 23.152023050089152 23.547369100557713 23.627082312367325
2360 16384 1637.671 1639.501 1648.731 46.90424332410805 47.16830303854648 47.22101081352726 23.452121662054026 23.58415151927324 23.61050540676363
2360 32768 3269.893 3276.603 3281.233 47.13623202009732 47.202837817092885 47.299700632406015 23.56811601004866 23.601418908546442 23.649850316203008
2360 65536 6547.455 6557.355 6568.745 47.09117495046618 47.172971419116394 47.24429873897568 23.54558747523309 23.586485709558197 23.62214936948784
2360 131072 13087.03 13098.131 13122.541 47.144820503894785 47.23268075422364 47.272745611494734 23.572410251947392 23.61634037711182 23.636372805747367
2360 262144 26186.001 26226.781 26272.882 47.094935378615865 47.17771807375065 47.251188908149814 23.547467689307933 23.588859036875323 23.625594454074907

2592 1 0.72 0.92 1.11 4.67027027027027 5.634782608695652 7.2 2.335135135135135 2.817391304347826 3.6
2592 2 0.5 0.51 0.59 17.572881355932203 20.32941176470588 20.736 8.786440677966102 10.16470588235294 10.368
2592 4 0.72 0.72 0.74 28.02162162162162 28.8 28.8 14.01081081081081 14.4 14.4
2592 8 1.16 1.17 1.19 34.850420168067224 35.44615384615384 35.751724137931035 17.425210084033612 17.72307692307692 17.875862068965517
2592 16 2.02 2.03 2.03 40.859113300492616 40.859113300492616 41.061386138613855 20.429556650246308 20.429556650246308 20.530693069306928
2592 32 3.75 3.76 3.77 44.00212201591512 44.11914893617022 44.236799999999995 22.00106100795756 22.05957446808511 22.118399999999998
2592 64 7.24 7.26 7.28 45.57362637362637 45.69917355371901 45.825414364640885 22.786813186813184 22.849586776859503 22.912707182320442
2592 128 14.15 14.24 14.27 46.49978976874562 46.59775280898876 46.89413427561837 23.24989488437281 23.29887640449438 23.447067137809185
2592 256 28.1 28.251 28.27 46.94389812522108 46.975469894870976 47.22790035587188 23.47194906261054 23.487734947435488 23.61395017793594
2592 512 55.86 55.89 56.15 47.269955476402494 47.48985507246376 47.51535982814178 23.634977738201247 23.74492753623188 23.75767991407089
2592 1024 111.66 111.86 112.11 47.35006689858175 47.455891292687284 47.54089199355185 23.675033449290876 23.727945646343642 23.770445996775926
2592 2048 222.94 229.06 231.41 45.878881638650014 46.34956779883 47.62192518166322 22.939440819325007 23.174783899415 23.81096259083161
2592 4096 447.23 447.661 449.95 47.19116346260695 47.43246340422775 47.47817454106388 23.595581731303476 23.716231702113873 23.73908727053194
2592 8192 893.781 895.231 911.111 46.610487635425315 47.437284901885654 47.51424342204634 23.305243817712658 23.718642450942827 23.75712171102317
2592 16384 1788.251 1792.452 1794.892 47.320204223986735 47.38461950445535 47.49593653239953 23.660102111993368 23.692309752227676 23.747968266199766
2592 32768 3579.183 3580.792 3598.912 47.20018494478332 47.43903359927078 47.460359528976305 23.60009247239166 23.71951679963539 23.730179764488152
2592 65536 7162.126 7165.436 7171.736 47.371880950442126 47.41353129104775 47.43544360990018 23.685940475221063 23.706765645523873 23.71772180495009
2592 131072 14310.012 14316.302 14322.402 47.44157076445697 47.46178503359317 47.482646974719515 23.720785382228485 23.730892516796587 23.741323487359757
2592 262144 28623.043 28634.383 28642.423 47.44551450832215 47.45883632275226 47.477638768177094 23.722757254161074 23.72941816137613 23.738819384088547

2848 1 0.7 0.79 0.97 5.872164948453608 7.21012658227848 8.137142857142857 2.936082474226804 3.60506329113924 4.0685714285714285
2848 2 0.5 0.52 0.53 21.494339622641508 21.907692307692308 22.784000000000002 10.747169811320754 10.953846153846154 11.392000000000001
2848 4 0.75 0.76 0.84 27.123809523809523 29.978947368421053 30.378666666666668 13.561904761904762 14.989473684210527 15.189333333333334
2848 8 1.22 1.23 1.34 34.00597014925373 37.047154471544715 37.35081967213115 17.002985074626864 18.523577235772358 18.675409836065576
2848 16 2.19 2.19 2.2 41.42545454545454 41.61461187214612 41.61461187214612 20.71272727272727 20.80730593607306 20.80730593607306
2848 32 4.09 4.12 4.13 44.13365617433414 44.24077669902913 44.56528117359414 22.06682808716707 22.120388349514563 22.28264058679707
2848 64 7.9 7.93 7.96 45.79698492462312 45.970239596469106 46.14481012658228 22.89849246231156 22.985119798234553 23.07240506329114
2848 128 15.51 15.57 15.66 46.557343550447 46.826461143224144 47.00760799484204 23.2786717752235 23.413230571612072 23.50380399742102
2848 256 30.84 30.97 30.99 47.05311390771217 47.083500161446565 47.28197146562905 23.526556953856083 23.541750080723283 23.640985732814524
2848 512 61.39 61.43 61.69 47.2743070189658 47.474393618753055 47.505326600423516 23.6371535094829 23.737196809376528 23.752663300211758
2848 1024 122.49 123.07 137.881 42.302449213452185 47.39338587795564 47.617797371213975 21.151224606726093 23.69669293897782 23.808898685606987
2848 2048 244.71 245.81 250.57 46.55548549307579 47.45701151295716 47.67033631645621 23.277742746537896 23.72850575647858 23.835168158228104
2848 4096 489.1 491.521 495.181 47.115733438883964 47.46657009568259 47.70152525046003 23.557866719441982 23.733285047841296 23.850762625230015
2848 8192 980.631 985.201 987.66 47.24463074337323 47.36255038311979 47.58327240317714 23.622315371686614 23.681275191559894 23.79163620158857
2848 16384 1963.931 1969.022 1970.621 47.35728686540943 47.3957446894956 47.51860630541501 23.678643432704714 23.6978723447478 23.759303152707506
2848 32768 3918.843 3933.123 3954.133 47.20289580547747 47.45504475705438 47.627967744561346 23.601447902738734 23.72752237852719 23.813983872280673
2848 65536 7862.297 7866.786 7891.727 47.30182075482338 47.45178729915877 47.47888002704554 23.65091037741169 23.725893649579383 23.73944001352277
2848 131072 15721.802 15737.223 15870.892 47.04121935931515 47.44077859225862 47.48731169620378 23.520609679657575 23.72038929612931 23.74365584810189
2848 262144 31463.016 31486.335 31514.396 47.38063912124478 47.42286531601726 47.45801305253127 23.69031956062239 23.71143265800863 23.729006526265636

3128 1 0.8 0.9 1.14 5.487719298245614 6.951111111111111 7.819999999999999 2.743859649122807 3.4755555555555553 3.9099999999999997
3128 2 0.54 0.56 0.65 19.249230769230767 22.34285714285714 23.17037037037037 9.624615384615383 11.17142857142857 11.585185185185185
3128 4 0.81 0.82 0.85 29.439999999999998 30.517073170731706 30.893827160493824 14.719999999999999 15.258536585365853 15.446913580246912
3128 8 1.34 1.35 1.36 36.8 37.07259259259259 37.34925373134328 18.4 18.536296296296296 18.67462686567164
3128 16 2.39 2.4 2.44 41.02295081967213 41.70666666666667 41.88117154811715 20.511475409836066 20.853333333333335 20.940585774058576
3128 32 4.47 4.51 4.52 44.290265486725666 44.38847006651885 44.78568232662193 22.145132743362833 22.194235033259424 22.392841163310965
3128 64 8.66 8.73 8.74 45.81052631578947 45.863001145475366 46.2337182448037 22.905263157894733 22.931500572737683 23.11685912240185
3128 128 17.09 17.14 17.19 46.58336242001163 46.71925320886814 46.85593914569924 23.291681210005816 23.35962660443407 23.42796957284962
3128 256 33.91 33.97 41.56 38.535514918190565 47.14559905799234 47.22901798879386 19.267757459095282 23.57279952899617 23.61450899439693
3128 512 67.74 67.97 67.98 47.11785819358634 47.12479034868324 47.28479480366106 23.55892909679317 23.56239517434162 23.64239740183053
3128 1024 134.97 135.27 146.4 43.75781420765027 47.35820211428994 47.463465955397496 21.878907103825135 23.67910105714497 23.731732977698748
3128 2048 269.661 270.121 271.12 47.25688993803482 47.43166210698169 47.512573193750676 23.62844496901741 23.715831053490845 23.756286596875338
3128 4096 541.911 543.19 543.771 47.123837056407936 47.17424105745687 47.28558010448211 23.561918528203968 23.587120528728434 23.642790052241054
3128 8192 1081.641 1081.95 1084.631 47.25031093523972 47.36739405702666 47.380925833987426 23.62515546761986 23.68369702851333 23.690462916993713
3128 16384 2164.191 2166.162 2167.822 47.28169748254238 47.317930976538236 47.36102497422825 23.64084874127119 23.658965488269118 23.680512487114125
3128 32768 4327.473 4330.484 4334.454 47.29467840701505 47.338036117902746 47.37097331398717 23.647339203507524 23.669018058951373 23.685486656993586
3128 65536 8659.186 8661.107 8667.307 47.30341454387158 47.33727640127296 47.34777795511033 23.65170727193579 23.66863820063648 23.673888977555166
3128 131072 17326.174 17332.584 17380.174 47.17941442933771 47.3089547409665 47.32645718552752 23.589707214668856 23.65447737048325 23.66322859276376
3128 262144 34648.858 34655.228 34662.748 47.31225764327745 47.32252415133439 47.33122413442891 23.656128821638724 23.661262075667196 23.665612067214454

3440 1 0.91 1.14 1.53 4.496732026143791 6.035087719298247 7.56043956043956 2.2483660130718954 3.0175438596491233 3.78021978021978
3440 2 0.57 0.58 0.59 23.322033898305087 23.724137931034484 24.140350877192986 11.661016949152543 11.862068965517242 12.070175438596493
3440 4 0.86 0.88 0.93 29.591397849462364 31.272727272727273 32.0 14.795698924731182 15.636363636363637 16.0
3440 8 1.44 1.46 1.47 37.442176870748305 37.6986301369863 38.22222222222222 18.721088435374153 18.84931506849315 19.11111111111111
3440 16 2.58 2.6 2.6 42.33846153846154 42.33846153846154 42.66666666666667 21.16923076923077 21.16923076923077 21.333333333333336
3440 32 4.87 4.9 4.91 44.83910386965376 44.93061224489796 45.20739219712526 22.41955193482688 22.46530612244898 22.60369609856263
3440 64 9.51 9.53 9.56 46.05857740585774 46.20356768100736 46.30073606729758 23.02928870292887 23.10178384050368 23.15036803364879
3440 128 18.77 18.8 18.84 46.74309978768578 46.842553191489365 46.91742141715504 23.37154989384289 23.421276595744683 23.45871070857752
3440 256 37.28 37.311 37.36 47.143468950749465 47.205381790892766 47.24463519313304 23.571734475374733 23.602690895446383 23.62231759656652
3440 512 74.34 74.39 83.04 42.42003853564547 47.35260115606937 47.38444982512779 21.210019267822734 23.676300578034684 23.692224912563894
3440 1024 148.36 148.46 157.48 44.73660147320295 47.45466792401994 47.48665408465893 22.368300736601476 23.72733396200997 23.743327042329465
3440 2048 296.59 296.68 300.681 46.861091987854245 47.49305649184306 47.50746822212483 23.430545993927122 23.74652824592153 23.753734111062414
3440 4096 593.01 595.85 596.691 47.22792869341083 47.29458756398423 47.52108733410903 23.613964346705416 23.647293781992115 23.760543667054517
3440 8192 1188.571 1189.061 1191.701 47.29454787736185 47.39955309273452 47.41909402130795 23.647273938680925 23.69977654636726 23.709547010653974
3440 16384 2373.592 2376.812 2379.462 47.37285991539264 47.425677756591604 47.49001513318212 23.68642995769632 23.712838878295802 23.74500756659106
3440 32768 4752.454 4755.664 4757.004 47.39198033047692 47.405333934441124 47.437353417834245 23.69599016523846 23.702666967220562 23.718676708917123
3440 65536 9504.887 9513.098 9518.488 47.36967467942388 47.3965137329606 47.437458225437084 23.68483733971194 23.6982568664803 23.718729112718542
3440 131072 19018.725 19022.956 19036.905 47.36985134926082 47.4045863324291 47.41513219208964 23.68492567463041 23.70229316621455 23.70756609604482
3440 262144 38030.121 38046.941 38057.09 47.39066281736203 47.40330424987386 47.42426983074811 23.695331408681014 23.70165212493693 23.712134915374055

3784 1 0.99 1.0 1.09 6.943119266055045 7.5680000000000005 7.644444444444444 3.4715596330275225 3.7840000000000003 3.822222222222222
3784 2 0.6 0.62 0.63 24.025396825396825 24.412903225806453 25.22666666666667 12.012698412698413 12.206451612903226 12.613333333333335
3784 4 0.91 0.94 1.26 24.025396825396825 32.20425531914894 33.26593406593406 12.012698412698413 16.10212765957447 16.63296703296703
3784 8 1.56 1.56 2.12 28.558490566037737 38.81025641025641 38.81025641025641 14.279245283018868 19.405128205128204 19.405128205128204
3784 16 2.83 2.84 13.45 9.002825278810409 42.63661971830986 42.787279151943466 4.5014126394052045 21.31830985915493 21.393639575971733
3784 32 5.38 5.39 7.38 32.81517615176152 44.93061224489796 45.01412639405204 16.40758807588076 22.46530612244898 22.50706319702602
3784 64 10.46 10.48 14.39 33.6589298123697 46.216793893129775 46.30516252390057 16.82946490618485 23.108396946564888 23.152581261950285
3784 128 20.63 20.64 20.69 46.819913001449976 46.93333333333334 46.95608337372758 23.409956500724988 23.46666666666667 23.47804168686379
3784 256 40.97 41.03 41.07 47.17331385439494 47.219302949061664 47.28845496704907 23.58665692719747 23.609651474530832 23.644227483524535
3784 512 81.721 81.75 90.26 42.92949257699978 47.398360856269115 47.41518092044885 21.46474628849989 23.699180428134557 23.707590460224424
3784 1024 163.16 163.201 163.38 47.433174195127926 47.48519923284784 47.497131649914195 23.716587097563963 23.74259961642392 23.748565824957097
3784 2048 326.12 326.151 326.2 47.51460453709381 47.521742996342184 47.52626027229241 23.757302268546905 23.760871498171092 23.763130136146206
3784 4096 654.931 655.34 656.43 47.22289962372226 47.301443525498215 47.33098295851013 23.61144981186113 23.650721762749107 23.665491479255063
3784 8192 1306.551 1306.681 1307.921 47.40122377421878 47.4462060747803 47.45092690602969 23.70061188710939 23.72310303739015 23.725463453014846
3784 16384 2615.302 2616.462 2620.632 47.314583657682576 47.389991522903834 47.41101104193702 23.657291828841288 23.694995761451917 23.70550552096851
3784 32768 5229.534 5230.944 5233.075 47.388624088131735 47.40792942918142 47.42071167335369 23.694312044065867 23.70396471459071 23.710355836676847
3784 65536 10461.348 10470.878 10485.099 47.3029818793318 47.367226320467104 47.41037655950266 23.6514909396659 23.683613160233552 23.70518827975133
3784 131072 20916.117 20921.857 20940.077 47.37102428037872 47.412277791593745 47.42528912034677 23.68551214018936 23.706138895796872 23.712644560173384
3784 262144 41837.634 41845.584 41877.014 47.37457622933669 47.410159026577325 47.41916791948608 23.687288114668345 23.705079513288663 23.70958395974304

4160 1 1.0 1.1 1.39 5.985611510791368 7.5636363636363635 8.32 2.992805755395684 3.7818181818181817 4.16
4160 2 0.64 0.65 0.71 23.43661971830986 25.599999999999998 26.0 11.71830985915493 12.799999999999999 13.0
4160 4 0.99 1.0 1.07 31.102803738317753 33.28 33.61616161616161 15.551401869158877 16.64 16.808080808080806
4160 8 1.69 1.7 1.72 38.69767441860465 39.152941176470584 39.38461538461539 19.348837209302324 19.576470588235292 19.692307692307693
4160 16 3.08 3.09 3.18 41.861635220125784 43.080906148867314 43.22077922077922 20.930817610062892 21.540453074433657 21.61038961038961
4160 32 5.84 5.87 5.88 45.27891156462585 45.35604770017036 45.58904109589041 22.639455782312925 22.67802385008518 22.794520547945204
4160 64 11.39 11.47 11.56 46.06228373702422 46.42371403661726 46.74978050921861 23.03114186851211 23.21185701830863 23.374890254609305
4160 128 22.56 22.67 31.85 33.43673469387755 46.97662108513454 47.20567375886525 16.718367346938773 23.48831054256727 23.602836879432626
4160 256 44.94 45.04 45.17 47.153420411777724 47.289520426287744 47.39474855362706 23.576710205888862 23.644760213143872 23.69737427681353
4160 512 89.67 89.77 89.9 47.38420467185762 47.45282388325721 47.50574328091893 23.69210233592881 23.726411941628605 23.752871640459464
4160 1024 179.24 179.431 186.291 45.733180883671245 47.48165032798122 47.53224726623522 22.866590441835623 23.74082516399061 23.76612363311761
4160 2048 356.871 359.19 362.551 46.99851882907509 47.43829171190735 47.74655267589689 23.499259414537544 23.719145855953673 23.873276337948447
4160 4096 714.29 716.84 719.24 47.381569434402984 47.54020422967468 47.70992174046956 23.690784717201492 23.77010211483734 23.85496087023478
4160 8192 1429.172 1434.712 1436.992 47.430632877566474 47.506008174462885 47.69015905713238 23.715316438783237 23.753004087231442 23.84507952856619
4160 16384 2861.872 2866.112 2871.012 47.47973188548149 47.56090480762789 47.631368558761544 23.739865942740746 23.780452403813946 23.815684279380772
4160 32768 5725.415 5731.024 5753.475 47.385234141106025 47.57086342685007 47.617467030774186 23.692617070553013 23.785431713425034 23.808733515387093
4160 65536 11457.17 11458.74 11468.309 47.54489262540798 47.5845965612275 47.59111717815132 23.77244631270399 23.79229828061375 23.79555858907566
4160 131072 22903.278 22913.779 22934.538 47.549204610095046 47.592282355520666 47.614103099128435 23.774602305047523 23.796141177760333 23.807051549564218

4576 1 0.91 1.06 1.45 6.3117241379310345 8.633962264150943 10.057142857142857 3.1558620689655172 4.316981132075472 5.0285714285714285
4576 2 0.67 0.67 0.75 24.40533333333333 27.319402985074625 27.319402985074625 12.202666666666666 13.659701492537312 13.659701492537312
4576 4 1.06 1.06 1.15 31.83304347826087 34.53584905660377 34.53584905660377 15.916521739130435 17.267924528301887 17.267924528301887
4576 8 1.81 1.83 1.85 39.57621621621622 40.008743169398905 40.45082872928177 19.78810810810811 20.004371584699452 20.225414364640883
4576 16 3.36 3.37 3.38 43.323076923076925 43.451632047477744 43.58095238095238 21.661538461538463 21.725816023738872 21.79047619047619
4576 32 6.43 6.44 6.45 45.40527131782945 45.475776397515524 45.54650077760498 22.702635658914726 22.737888198757762 22.77325038880249
4576 64 12.55 12.58 12.64 46.33924050632911 46.56025437201908 46.671553784860556 23.169620253164556 23.28012718600954 23.335776892430278
4576 128 24.84 24.86 24.96 46.93333333333333 47.12212389380531 47.16006441223833 23.466666666666665 23.561061946902655 23.580032206119164
4576 256 49.29 49.41 49.49 47.34111941806425 47.41776968225056 47.533211604787994 23.670559709032126 23.70888484112528 23.766605802393997
4576 512 98.44 98.72 99.0 47.33155555555556 47.465802269043756 47.60081267777326 23.66577777777778 23.732901134521878 23.80040633888663
4576 1024 196.79 197.43 202.41 46.30032113037893 47.468206452920015 47.62258244829514 23.150160565189466 23.734103226460007 23.81129122414757
4576 2048 393.19 394.431 397.57 47.144643710541544 47.51983490141495 47.66981866273303 23.572321855270772 23.759917450707476 23.834909331366514
4576 4096 788.971 789.131 792.48 47.30288713910761 47.50363627838724 47.51326981600084 23.651443569553805 23.75181813919362 23.75663490800042
4576 8192 1574.801 1574.881 1580.971 47.42223861158743 47.60561845625161 47.60803682497026 23.711119305793716 23.802809228125806 23.80401841248513
4576 16384 3151.863 3153.383 3158.833 47.46891272821323 47.55095337293314 47.57388503243954 23.734456364106617 23.77547668646657 23.78694251621977
4576 32768 6306.825 6308.715 6312.395 47.50855039965021 47.53626309002705 47.55050853638717 23.754275199825106 23.768131545013524 23.775254268193585
4576 65536 12611.601 12617.39 12625.19 47.50704520090391 47.53641379080777 47.55823404181594 23.753522600451955 23.768206895403885 23.77911702090797
4576 131072 25236.761 25249.721 25309.491 47.39609121337129 47.50828510144726 47.53268234382376 23.698045606685646 23.75414255072363 23.76634117191188

5032 1 1.04 1.21 1.39 7.240287769784174 8.317355371900826 9.676923076923078 3.620143884892087 4.158677685950413 4.838461538461539
5032 2 0.7 0.73 0.88 22.87272727272727 27.57260273972603 28.754285714285718 11.436363636363636 13.786301369863015 14.377142857142859
5032 4 1.11 1.14 1.16 34.70344827586207 35.31228070175439 36.266666666666666 17.351724137931036 17.656140350877195 18.133333333333333
5032 8 1.97 1.99 2.02 39.85742574257426 40.458291457286435 40.86903553299493 19.92871287128713 20.229145728643218 20.434517766497464
5032 16 3.68 3.69 3.7 43.52 43.6379403794038 43.756521739130434 21.76 21.8189701897019 21.878260869565217
5032 32 7.05 7.06 7.07 45.551343705799155 45.6158640226629 45.68056737588653 22.775671852899578 22.80793201133145 22.840283687943266
5032 64 13.8 13.83 13.84 46.538728323699424 46.572378886478674 46.6736231884058 23.269364161849712 23.286189443239337 23.3368115942029
5032 128 27.34 27.41 27.43 46.96288734961721 46.9971543232397 47.117483540599856 23.481443674808606 23.49857716161985 23.558741770299928
5032 256 54.46 54.49 62.59 41.162869467966125 47.281776472747296 47.307822254865954 20.581434733983063 23.640888236373648 23.653911127432977
5032 512 108.6 108.71 116.86 44.0935136060243 47.39920890442462 47.447219152854515 22.04675680301215 23.69960445221231 23.723609576427258
5032 1024 217.03 217.051 217.49 47.38395328520852 47.47979046399234 47.48438464728379 23.69197664260426 23.73989523199617 23.742192323641895
5032 2048 433.831 433.91 442.73 46.55449596819732 47.50079970500795 47.509449532191105 23.27724798409866 23.750399852503975 23.754724766095553
5032 4096 867.361 871.321 872.741 47.23296373150797 47.309939735183704 47.525936720696464 23.616481865753986 23.654969867591852 23.762968360348232
5032 8192 1740.011 1740.251 1744.621 47.25627399876535 47.37494074130686 47.38147517458223 23.628136999382676 23.68747037065343 23.690737587291114
5032 16384 3479.703 3481.653 3494.443 47.18593950452189 47.359279055092514 47.38581884718323 23.592969752260945 23.679639527546257 23.692909423591615
5032 32768 6955.625 6955.876 6965.976 47.34112664183742 47.40986642085051 47.41157724862971 23.67056332091871 23.704933210425256 23.705788624314856
5032 65536 13907.712 13924.471 13985.321 47.16046946652136 47.36656092716198 47.423638338211205 23.58023473326068 23.68328046358099 23.711819169105603
5032 131072 27823.912 27827.142 28006.343 47.100351802447044 47.40366826029062 47.40917121934544 23.550175901223522 23.70183413014531 23.70458560967272

5528 1 1.09 1.21 1.55 7.132903225806452 9.137190082644628 10.143119266055045 3.566451612903226 4.568595041322314 5.0715596330275226
5528 2 0.75 0.76 1.02 21.67843137254902 29.094736842105263 29.482666666666667 10.83921568627451 14.547368421052632 14.741333333333333
5528 4 1.22 1.23 1.69 26.16804733727811 35.954471544715446 36.24918032786886 13.084023668639055 17.977235772357723 18.12459016393443
5528 8 2.14 2.15 2.92 30.29041095890411 41.1386046511628 41.330841121495325 15.145205479452056 20.5693023255814 20.665420560747663
5528 16 4.0 4.0 5.57 31.75870736086176 44.224000000000004 44.224000000000004 15.87935368043088 22.112000000000002 22.112000000000002
5528 32 7.69 7.72 10.57 33.471333964049194 45.82797927461141 46.00676202860858 16.735666982024597 22.913989637305704 23.00338101430429
5528 64 15.14 15.18 20.74 34.1168756027001 46.61291172595521 46.736063408190226 17.05843780135005 23.306455862977604 23.368031704095113
5528 128 29.97 29.99 30.101 47.013986246304114 47.187995998666224 47.21948615281949 23.506993123152057 23.593997999333112 23.609743076409746
5528 256 59.7 59.74 69.13 40.94222479386663 47.37756946769334 47.409313232830826 20.471112396933314 23.68878473384667 23.704656616415413
5528 512 119.26 119.57 119.63 47.31816434004849 47.34190850547797 47.464967298339765 23.659082170024245 23.670954252738984 23.732483649169883
5528 1024 238.56 243.4 255.711 44.273981174059784 46.51332785538209 47.45700871898055 22.136990587029892 23.256663927691044 23.728504359490277
5528 2048 476.701 477.451 482.43 46.93465995066642 47.424108442541744 47.4987214207648 23.46732997533321 23.712054221270872 23.7493607103824
5528 4096 956.631 956.91 958.71 47.23573969187763 47.32459269941792 47.33839484607963 23.617869845938817 23.66229634970896 23.669197423039815
5528 8192 1913.401 1914.192 1914.452 47.30896987754198 47.315395738776466 47.33495592403265 23.65448493877099 23.657697869388233 23.667477962016324
5528 16384 3827.133 3827.413 3828.233 47.317262037080816 47.327399473221206 47.330862031708854 23.658631018540408 23.663699736610603 23.665431015854427
5528 32768 7638.457 7653.286 7658.716 47.30336103336382 47.33692272835485 47.428820768382934 23.65168051668191 23.668461364177425 23.714410384191467
5528 65536 15286.712 15306.013 15330.612 47.262693491949314 47.33865154825101 47.398421321733544 23.631346745974657 23.669325774125504 23.699210660866772
5528 131072 30617.574 30622.264 30634.484 47.30394779947983 47.32282472648006 47.330073636794346 23.651973899739914 23.66141236324003 23.665036818397173

6080 1 1.02 1.22 1.58 7.69620253164557 9.967213114754099 11.92156862745098 3.848101265822785 4.983606557377049 5.96078431372549
6080 2 0.81 0.9 10.39 2.3407122232916264 27.022222222222222 30.02469135802469 1.1703561116458132 13.511111111111111 15.012345679012345
6080 4 1.33 1.34 1.35 36.02962962962963 36.298507462686565 36.57142857142858 18.014814814814816 18.149253731343283 18.28571428571429
6080 8 2.34 2.36 2.38 40.87394957983193 41.22033898305085 41.572649572649574 20.436974789915965 20.610169491525426 20.786324786324787
6080 16 4.37 4.38 4.4 44.21818181818182 44.42009132420092 44.52173913043478 22.10909090909091 22.21004566210046 22.26086956521739
6080 32 8.43 8.46 8.49 45.83274440518257 45.995271867612296 46.15895610913405 22.916372202591283 22.997635933806148 23.079478054567026
6080 64 16.58 16.71 16.72 46.54545454545455 46.57330939557151 46.93848009650182 23.272727272727273 23.286654697785757 23.46924004825091
6080 128 32.81 32.96 33.05 47.09470499243571 47.22330097087379 47.43919536726608 23.547352496217854 23.611650485436893 23.71959768363304
6080 256 65.48 65.83 65.87 47.25914680431152 47.287862676591224 47.54062309102016 23.62957340215576 23.643931338295612 23.77031154551008
6080 512 130.44 130.59 131.32 47.41029546146818 47.675319702886895 47.73014412756823 23.70514773073409 23.837659851443448 23.865072063784115
6080 1024 260.671 262.31 266.03 46.80614968236665 47.46994014715413 47.768413057071946 23.403074841183326 23.734970073577063 23.884206528535973
6080 2048 521.001 526.96 527.76 47.18750947400334 47.25914680431152 47.79967792768152 23.59375473700167 23.62957340215576 23.89983896384076
6080 4096 1044.411 1049.751 1051.691 47.359309911371305 47.44683262983317 47.689424948607396 23.679654955685653 23.723416314916584 23.844712474303698
6080 8192 2088.762 2095.572 2105.641 47.308501306727976 47.53581361079457 47.69079483445218 23.654250653363988 23.767906805397285 23.84539741722609
6080 16384 4191.404 4197.654 4206.573 47.361460267063 47.462091920868176 47.53286488250715 23.6807301335315 23.731045960434088 23.766432441253574
6080 32768 8380.907 8393.127 8403.597 47.415277053385594 47.47442520529 47.54364652894967 23.707638526692797 23.737212602645 23.771823264474836
6080 65536 16766.933 16773.863 16780.444 47.49086257789127 47.50949498037512 47.529131296701664 23.745431288945635 23.75474749018756 23.764565648350832
6080 131072 33522.637 33540.837 33572.937 47.47381856999881 47.51925302281515 47.545052019624826 23.736909284999406 23.759626511407575 23.772526009812413

6688 1 1.34 1.37 1.45 9.224827586206898 9.763503649635037 9.982089552238806 4.612413793103449 4.881751824817519 4.991044776119403
6688 2 0.84 0.85 0.88 30.4 31.472941176470588 31.847619047619048 15.2 15.736470588235294 15.923809523809524
6688 4 1.42 1.44 1.53 34.96993464052288 37.15555555555556 37.67887323943662 17.48496732026144 18.57777777777778 18.83943661971831
6688 8 2.54 2.55 2.57 41.637354085603114 41.963921568627455 42.129133858267714 20.818677042801557 20.981960784313728 21.064566929133857
6688 16 4.78 4.79 4.82 44.40165975103734 44.67974947807934 44.773221757322176 22.20082987551867 22.33987473903967 22.386610878661088
6688 32 9.25 9.29 9.31 45.97551020408163 46.074488697524224 46.27372972972973 22.987755102040815 23.037244348762112 23.136864864864865
6688 64 18.22 18.3 18.32 46.72838427947598 46.77945355191257 46.98485181119649 23.36419213973799 23.389726775956284 23.492425905598246
6688 128 36.15 36.2 36.3 47.16606060606061 47.29635359116021 47.361770401106504 23.583030303030306 23.648176795580106 23.680885200553252
6688 256 71.99 72.02 72.43 47.27676377191771 47.54590391557901 47.56571746075844 23.638381885958854 23.772951957789505 23.78285873037922
6688 512 143.86 144.18 149.85 45.70244911578246 47.499736440560405 47.60539413318504 22.85122455789123 23.749868220280202 23.80269706659252
6688 1024 287.16 291.24 292.93 46.75869320315434 47.03002334844115 47.69823095138599 23.37934660157717 23.515011674220574 23.849115475692994
6688 2048 574.04 574.251 578.17 47.380611238908976 47.70396220468053 47.721496759807685 23.690305619454488 23.851981102340265 23.860748379903843
6688 4096 1150.721 1151.751 1154.031 47.47541097249554 47.569393037210304 47.61197197235473 23.73770548624777 23.784696518605152 23.805985986177365
6688 8192 2300.982 2304.052 2332.362 46.980782571487616 47.558037752620166 47.62149030283592 23.490391285743808 23.779018876310083 23.81074515141796
6688 16384 4601.853 4603.263 4625.104 47.38323376079759 47.60805194054739 47.622638967389875 23.691616880398794 23.804025970273695 23.811319483694938
6688 32768 9208.718 9214.267 9228.177 47.496354697141165 47.5680559289198 47.59671954337183 23.748177348570582 23.7840279644599 23.798359771685917
6688 65536 18412.625 18415.945 18432.195 47.55860796828593 47.60057309033015 47.60915600029871 23.779303984142967 23.800286545165076 23.804578000149355
6688 131072 36831.49 36833.59 36871.419 47.54954161107822 47.598376156111854 47.601090045501834 23.77477080553911 23.799188078055927 23.800545022750917

7352 1 1.16 1.37 1.77 8.30734463276836 10.732846715328467 12.675862068965518 4.15367231638418 5.3664233576642335 6.337931034482759
7352 2 0.93 0.93 1.01 29.116831683168314 31.621505376344082 31.621505376344082 14.558415841584157 15.810752688172041 15.810752688172041
7352 4 1.55 1.55 1.57 37.462420382165604 37.9458064516129 37.9458064516129 18.731210191082802 18.97290322580645 18.97290322580645
7352 8 2.76 2.8 2.82 41.71347517730497 42.011428571428574 42.620289855072464 20.856737588652486 21.005714285714287 21.310144927536232
7352 16 5.26 5.27 5.28 44.557575757575755 44.64212523719166 44.726996197718634 22.278787878787877 22.32106261859583 22.363498098859317
7352 32 10.18 10.2 10.22 46.039921722113505 46.130196078431375 46.220825147347746 23.019960861056752 23.065098039215687 23.110412573673873
7352 64 20.07 20.15 20.19 46.610004952947 46.70253101736973 46.888689586447434 23.3050024764735 23.351265508684865 23.444344793223717
7352 128 39.75 39.82 39.99 47.06456614153538 47.26549472626821 47.348729559748435 23.53228307076769 23.632747363134104 23.674364779874217
7352 256 79.31 79.69 87.63 42.95588268857697 47.23583887564312 47.462161139831046 21.477941344288485 23.61791943782156 23.731080569915523
7352 512 158.15 158.21 159.16 47.30113093742147 47.58515896593135 47.60321214037307 23.650565468710735 23.792579482965674 23.801606070186534
7352 1024 316.67 318.27 322.09 46.74748051786768 47.3085619128413 47.54759213060915 23.37374025893384 23.65428095642065 23.773796065304573
7352 2048 632.121 636.39 639.941 47.05713807991674 47.319712754757305 47.63928425095828 23.52856903995837 23.659856377378652 23.81964212547914
7352 4096 1266.291 1269.391 1276.351 47.18732072917246 47.446046174898036 47.56219857836785 23.59366036458623 23.723023087449018 23.781099289183924
7352 8192 2538.782 2542.942 2583.522 46.62440188239156 47.368429165903116 47.446046174898036 23.31220094119578 23.684214582951558 23.723023087449018
7352 16384 5076.584 5081.244 5097.704 47.25859641909378 47.41168422535899 47.45520531128807 23.62929820954689 23.705842112679495 23.727602655644034
7352 32768 10156.228 10165.498 10188.808 47.28920910080944 47.39764564411896 47.44090739199632 23.64460455040472 23.69882282205948 23.72045369599816
7352 65536 20318.467 20344.357 20362.666 47.323928212543485 47.36651760485721 47.426872509623884 23.661964106271743 23.683258802428604 23.713436254811942
7352 131072 40662.952 40672.123 40742.903 47.303519044776955 47.38583938684489 47.39652664666353 23.651759522388478 23.692919693422446 23.698263323331766

8080 1 1.24 1.39 1.42 11.380281690140846 11.625899280575542 13.03225806451613 5.690140845070423 5.812949640287771 6.516129032258065
8080 2 0.98 0.99 1.0 32.32 32.64646464646465 32.9795918367347 16.16 16.323232323232325 16.48979591836735
8080 4 1.67 1.68 1.71 37.801169590643276 38.47619047619048 38.70658682634731 18.900584795321638 19.23809523809524 19.353293413173656
8080 8 3.01 3.04 3.06 42.2483660130719 42.526315789473685 42.950166112956815 21.12418300653595 21.263157894736842 21.475083056478407
8080 16 5.7 5.74 5.75 44.966956521739135 45.045296167247386 45.36140350877193 22.483478260869568 22.522648083623693 22.680701754385964
8080 32 11.13 11.14 11.18 46.254025044722724 46.42010771992819 46.4618149146451 23.127012522361362 23.210053859964095 23.23090745732255
8080 64 22.0 22.03 22.05 46.90430839002268 46.946890603722196 47.010909090909095 23.45215419501134 23.473445301861098 23.505454545454548
8080 128 43.7 43.71 51.43 40.219327240909976 47.322809425760695 47.333638443935925 20.109663620454988 23.661404712880348 23.666819221967963
8080 256 87.101 87.13 87.3 47.38785796105385 47.48031676804775 47.496125188000136 23.693928980526923 23.740158384023875 23.748062594000068
8080 512 173.92 174.02 174.14 47.51303548868727 47.54579933340995 47.57313707451703 23.756517744343636 23.772899666704976 23.786568537258514
8080 1024 347.58 347.93 351.51 47.07644163750676 47.5608312016785 47.60872317164394 23.53822081875338 23.78041560083925 23.80436158582197
8080 2048 695.071 698.351 760.631 43.51082193599788 47.39118294382052 47.614819205520014 21.75541096799894 23.69559147191026 23.807409602760007
8080 4096 1392.461 1395.521 1396.691 47.391556185297965 47.43128910277954 47.535521641180615 23.695778092648982 23.71564455138977 23.767760820590308
8080 8192 2786.692 2788.482 2793.972 47.381548562405065 47.47483397776998 47.50532889892389 23.690774281202533 23.73741698888499 23.752664449461946
8080 16384 5573.165 5583.055 5585.055 47.40605777382676 47.42303989482461 47.507195641973645 23.70302888691338 23.711519947412306 23.753597820986823
8080 32768 11147.039 11154.979 11161.839 47.44118599094648 47.4703609930597 47.50417397839911 23.72059299547324 23.73518049652985 23.752086989199555
8080 65536 22287.768 22323.028 22342.668 47.400863674830596 47.44256737929998 47.5176231195515 23.700431837415298 23.72128368964999 23.75881155977575
8080 131072 44596.166 44633.707 44643.236 47.44556420596393 47.45569351880184 47.49564166569835 23.722782102981967 23.72784675940092 23.747820832849175

8888 1 1.35 1.54 1.75 10.157714285714286 11.542857142857143 13.167407407407408 5.078857142857143 5.771428571428571 6.583703703703704
8888 2 1.03 1.06 1.12 31.74285714285714 33.53962264150943 34.51650485436893 15.87142857142857 16.769811320754716 17.258252427184466
8888 4 1.8 1.82 1.84 38.643478260869564 39.068131868131864 39.50222222222222 19.321739130434782 19.534065934065932 19.75111111111111
8888 8 3.28 3.33 3.34 42.57724550898204 42.705105105105105 43.35609756097561 21.28862275449102 21.352552552552552 21.678048780487806
8888 16 6.26 6.29 6.32 45.00253164556962 45.21717011128776 45.43386581469649 22.50126582278481 22.60858505564388 22.716932907348244
8888 32 12.25 12.3 12.33 46.13398215733982 46.24650406504065 46.43526530612245 23.06699107866991 23.123252032520323 23.217632653061226
8888 64 24.16 24.25 24.29 46.83672293124743 46.9139793814433 47.088741721854305 23.418361465623715 23.45698969072165 23.544370860927152
8888 128 48.01 48.05 63.1 36.059080824088745 47.35334027055151 47.39279316808999 18.029540412044373 23.676670135275756 23.696396584044994
8888 256 95.741 95.791 105.12 43.290106544901064 47.506091386455935 47.53090107686362 21.645053272450532 23.753045693227968 23.76545053843181
8888 512 191.17 191.601 199.65 45.58633608815427 47.50138047296204 47.608474132970656 22.793168044077134 23.75069023648102 23.804237066485328
8888 1024 382.51 385.9 388.86 46.81022475955357 47.169277014770664 47.58731536430421 23.405112379776785 23.584638507385332 23.793657682152105
8888 2048 764.17 767.491 770.31 47.26051589619764 47.43410411327299 47.64024758888729 23.63025794809882 23.717052056636494 23.820123794443646
8888 4096 1531.321 1535.531 1535.892 47.405999901034704 47.41714494855526 47.54750702171524 23.702999950517352 23.70857247427763 23.77375351085762
8888 8192 3063.192 3065.502 3069.522 47.44093445168336 47.503146956028736 47.538969806659196 23.72046722584168 23.751573478014368 23.769484903329598
8888 16384 6128.345 6130.925 6131.905 47.49616701498148 47.50375905756472 47.52375788242992 23.74808350749074 23.75187952878236 23.76187894121496
8888 32768 12259.04 12264.05 12274.36 47.45534333358318 47.495237543878254 47.51464780276433 23.72767166679159 23.747618771939127 23.757323901382165
8888 65536 24518.37 24522.16 24529.54 47.49244934882594 47.506742309812836 47.5140858058672 23.74622467441297 23.753371154906418 23.7570429029336

9776 1 1.45 1.51 2.23 8.767713004484305 12.948344370860926 13.484137931034482 4.3838565022421525 6.474172185430463 6.742068965517241
9776 2 1.12 1.15 1.2 32.586666666666666 34.003478260869564 34.91428571428571 16.293333333333333 17.001739130434782 17.457142857142856
9776 4 1.94 1.97 1.97 39.699492385786805 39.699492385786805 40.31340206185567 19.849746192893402 19.849746192893402 20.156701030927834
9776 8 3.61 3.63 3.69 42.389159891598915 43.089807162534434 43.32853185595568 21.194579945799457 21.544903581267217 21.66426592797784
9776 16 6.9 6.9 6.91 45.27235890014472 45.33797101449275 45.33797101449275 22.63617945007236 22.668985507246376 22.668985507246376
9776 32 13.44 13.46 13.49 46.37983691623425 46.48320950965824 46.55238095238095 23.189918458117123 23.24160475482912 23.276190476190475
9776 64 26.56 26.61 26.62 47.00706235912847 47.02472754603532 47.11325301204819 23.503531179564234 23.51236377301766 23.556626506024095
9776 128 52.861 52.88 52.9 47.30918714555765 47.32708018154311 47.34409110686518 23.654593572778825 23.663540090771555 23.67204555343259
9776 256 105.341 105.48 105.57 47.41225727005778 47.45271141448615 47.51532641611528 23.70612863502889 23.726355707243076 23.75766320805764
9776 512 210.38 210.691 219.45 45.616878560036454 47.51329672363793 47.583534556516774 22.808439280018227 23.756648361818964 23.791767278258387
9776 1024 420.75 423.82 446.6 44.830380653828925 47.23997923646831 47.58466547831253 22.415190326914463 23.619989618234154 23.792332739156265
9776 2048 841.121 844.021 844.201 47.432419530419885 47.44253519758395 47.606106612485 23.716209765209943 23.721267598791975 23.8030533062425
9776 4096 1677.671 1684.861 1689.301 47.40717728812095 47.53210620935495 47.73581470979708 23.703588644060474 23.766053104677475 23.86790735489854
9776 8192 3357.203 3371.473 3374.283 47.46785731961427 47.50742005052391 47.70935329201123 23.733928659807134 23.753710025261956 23.854676646005615
9776 16384 6715.745 6742.865 6746.555 47.48200644625293 47.507990742807394 47.6998408962818 23.741003223126466 23.753995371403697 23.8499204481409
9776 32768 13487.861 13492.451 13500.701 47.455308876183544 47.48432556842341 47.50048476923064 23.727654438091772 23.742162784211704 23.75024238461532
9776 65536 26979.482 26984.362 27206.732 47.09716227586613 47.485275805297896 47.493864856263734 23.548581137933066 23.742637902648948 23.746932428131867

10752 1 1.74 2.04 2.12 10.143396226415094 10.541176470588235 12.358620689655172 5.071698113207547 5.270588235294118 6.179310344827586
10752 2 1.22 1.23 1.29 33.33953488372093 34.96585365853658 35.252459016393445 16.669767441860465 17.48292682926829 17.626229508196722
10752 4 2.08 2.12 2.13 40.3830985915493 40.573584905660375 41.353846153846156 20.19154929577465 20.286792452830188 20.676923076923078
10752 8 3.92 3.94 3.94 43.66294416243655 43.66294416243655 43.885714285714286 21.831472081218276 21.831472081218276 21.942857142857143
10752 16 7.51 7.53 7.54 45.63183023872679 45.69243027888446 45.81411451398136 22.815915119363396 22.84621513944223 22.90705725699068
10752 32 14.71 14.8 14.82 46.43238866396761 46.49513513513513 46.77960571040108 23.216194331983804 23.247567567567565 23.38980285520054
10752 64 29.12 29.26 37.77 36.43780778395551 47.03540669856459 47.26153846153846 18.218903891977757 23.517703349282296 23.63076923076923
10752 128 57.9 58.09 58.31 47.204801920768304 47.38357720778103 47.539067357512955 23.602400960384152 23.691788603890515 23.769533678756478
10752 256 115.61 115.72 116.24 47.359119064005505 47.571932250259245 47.617195744312774 23.679559532002752 23.785966125129622 23.808597872156387
10752 512 231.971 236.14 239.8 45.9134612176814 46.6250868129076 47.46303632781684 22.9567306088407 23.3125434064538 23.73151816390842
10752 1024 461.25 464.19 466.64 47.18861649237099 47.43767853680605 47.74004552845528 23.594308246185495 23.718839268403023 23.87002276422764
10752 2048 925.311 925.971 929.491 47.38097733060353 47.56109208603725 47.59501616213359 23.690488665301764 23.780546043018624 23.797508081066795
10752 4096 1850.061 1852.402 1872.481 47.039400666815844 47.5492814194759 47.609448553317975 23.519700333407922 23.77464070973795 23.804724276658987
10752 8192 3700.674 3712.203 3735.973 47.152580599485056 47.45450827985431 47.602347031919045 23.576290299742528 23.727254139927155 23.801173515959523
10752 16384 7405.725 7408.956 7420.366 47.480344770055815 47.55346583243307 47.574212653048825 23.740172385027908 23.776732916216535 23.787106326524412
10752 32768 14805.622 14816.672 14828.372 47.51992140472333 47.557445558624764 47.5929394928494 23.759960702361663 23.778722779312382 23.7964697464247
10752 65536 29615.804 29641.204 29671.044 47.497019113988706 47.54483468350341 47.585611520119464 23.748509556994353 23.772417341751705 23.792805760059732

11824 1 1.6 1.97 2.16 10.948148148148148 12.004060913705585 14.78 5.474074074074074 6.0020304568527925 7.39
11824 2 1.31 1.32 1.33 35.5609022556391 35.83030303030303 36.10381679389313 17.78045112781955 17.915151515151514 18.051908396946565
11824 4 2.32 2.33 2.43 38.92674897119342 40.59742489270386 40.77241379310345 19.46337448559671 20.29871244635193 20.386206896551727
11824 8 4.32 4.33 4.41 42.898866213151926 43.69145496535797 43.79259259259259 21.449433106575963 21.845727482678985 21.896296296296295
11824 16 8.28 8.31 8.38 45.15131264916467 45.53164861612515 45.696618357487935 22.575656324582337 22.765824308062577 22.848309178743968
11824 32 16.21 16.23 16.26 46.539729397293975 46.62575477510783 46.68328192473781 23.269864698646987 23.312877387553915 23.341640962368906
11824 64 32.08 32.1 32.11 47.13397695421987 47.14866043613707 47.1780548628429 23.566988477109934 23.574330218068535 23.58902743142145
11824 128 63.851 63.89 63.92 47.35519399249062 47.37742995773987 47.40636795038449 23.67759699624531 23.688714978869935 23.703183975192246
11824 256 127.36 127.45 127.5 47.481474509803924 47.50010200078462 47.53366834170855 23.740737254901962 23.75005100039231 23.766834170854274
11824 512 254.49 254.53 261.26 46.343780142386905 47.5691509841669 47.57662776533459 23.171890071193452 23.78457549208345 23.788313882667296
11824 1024 508.621 512.49 512.691 47.232254905976504 47.25077952740541 47.61020878021159 23.616127452988252 23.625389763702707 23.805104390105797
11824 2048 1019.89 1020.901 1051.591 46.055076545919476 47.43956955669551 47.48659561325241 23.027538272959738 23.719784778347755 23.743297806626206
11824 4096 2039.062 2039.482 2040.332 47.47374838996791 47.49353414249305 47.503316721119816 23.736874194983955 23.746767071246524 23.751658360559908
11824 8192 4077.843 4080.373 4093.373 47.326353107815976 47.477134075732785 47.50659012620152 23.663176553907988 23.738567037866392 23.75329506310076
11824 16384 8154.337 8156.967 8174.407 47.39779068989347 47.49912951713548 47.51444930470742 23.698895344946735 23.74956475856774 23.75722465235371
11824 32768 16310.763 16312.013 16322.493 47.474222473245966 47.504723298099385 47.50836389444196 23.737111236622983 23.752361649049693 23.75418194722098
11824 65536 32623.486 32629.876 32646.467 47.47206881528712 47.496206482672505 47.50550961966481 23.73603440764356 23.748103241336253 23.752754809832403

13000 1 1.69 1.99 2.47 10.526315789473683 13.065326633165828 15.384615384615385 5.263157894736842 6.532663316582914 7.6923076923076925
13000 2 1.41 1.42 1.44 36.11111111111111 36.61971830985915 36.87943262411348 18.055555555555554 18.309859154929576 18.43971631205674
13000 4 2.5 2.52 2.53 41.10671936758893 41.269841269841265 41.599999999999994 20.553359683794465 20.634920634920633 20.799999999999997
13000 8 4.69 4.71 4.74 43.881856540084385 44.16135881104034 44.34968017057569 21.940928270042193 22.08067940552017 22.174840085287844
13000 16 9.02 9.08 9.1 45.714285714285715 45.81497797356828 46.11973392461197 22.857142857142858 22.90748898678414 23.059866962305986
13000 32 17.79 17.8 17.81 46.71532846715329 46.74157303370786 46.76784710511523 23.357664233576646 23.37078651685393 23.383923552557615
13000 64 35.26 35.28 35.31 47.12546020957236 47.16553287981859 47.192285876347135 23.56273010478618 23.582766439909296 23.596142938173568
13000 128 70.16 70.22 70.26 47.366922857956155 47.39390487040729 47.43443557582668 23.683461428978077 23.696952435203645 23.71721778791334
13000 256 140.09 140.16 140.24 47.461494580718764 47.48858447488585 47.512313512741805 23.730747290359382 23.744292237442924 23.756156756370903
13000 512 279.91 280.02 283.91 46.88809834102356 47.53946146703807 47.5581436890429 23.44404917051178 23.769730733519037 23.77907184452145
13000 1024 559.531 562.881 565.741 47.060403965772316 47.29951801535315 47.582707660522836 23.530201982886158 23.649759007676575 23.791353830261418
13000 2048 1121.601 1121.641 1121.7 47.470803245074435 47.47330028057105 47.47499333541963 23.735401622537218 23.736650140285526 23.737496667709816
13000 4096 2242.542 2242.822 2250.952 47.31153751834779 47.483036995356734 47.488965647020215 23.655768759173895 23.741518497678367 23.744482823510108
13000 8192 4484.794 4487.873 4488.754 47.450138724465624 47.45945350949102 47.49203642352357 23.725069362232812 23.72972675474551 23.746018211761786
13000 16384 8972.077 8973.607 9029.647 47.1761520688461 47.47076621474508 47.47886136064146 23.58807603442305 23.73538310737254 23.73943068032073
13000 32768 17943.875 17947.035 17969.185 47.412723504154464 47.471239678308976 47.47959958481654 23.706361752077232 23.735619839154488 23.73979979240827
13000 65536 35840.499 35899.929 35931.949 47.42119610600583 47.46349219799293 47.54219521329766 23.710598053002915 23.731746098996464 23.77109760664883

14296 1 1.69 1.83 1.97 14.513705583756346 15.624043715846994 16.918343195266274 7.256852791878173 7.812021857923497 8.459171597633137
14296 2 1.52 1.53 1.57 36.422929936305735 37.37516339869281 37.62105263157895 18.211464968152868 18.687581699346406 18.810526315789474
14296 4 2.71 2.73 2.76 41.43768115942029 41.89304029304029 42.202214022140225 20.718840579710147 20.946520146520147 21.101107011070113
14296 8 5.12 5.15 5.25 43.56876190476191 44.41475728155339 44.675 21.784380952380953 22.207378640776696 22.3375
14296 16 9.901 9.94 9.97 45.88485456369107 46.02334004024145 46.2046257953742 22.942427281845536 23.011670020120725 23.1023128976871
14296 32 19.501 19.51 19.56 46.77627811860941 46.89615581752947 46.91779908722629 23.388139059304706 23.448077908764734 23.458899543613146
14296 64 38.7 38.74 38.85 47.10136422136422 47.23510583376355 47.2839276485788 23.55068211068211 23.617552916881774 23.6419638242894
14296 128 77.0 77.02 77.41 47.27781940317789 47.517216307452614 47.52955844155844 23.638909701588943 23.758608153726307 23.76477922077922
14296 256 153.54 154.02 161.38 45.3560044615194 47.52338657317231 47.67195519082975 22.6780022307597 23.761693286586155 23.835977595414874
14296 512 307.0 307.061 307.641 47.58502280255232 47.674904986305656 47.68437785016287 23.79251140127616 23.837452493152828 23.842188925081434
14296 1024 613.82 617.53 618.85 47.31066979074089 47.41179861707124 47.69836108305366 23.655334895370444 23.70589930853562 23.84918054152683
14296 2048 1230.201 1231.491 1236.331 47.36305730423326 47.5492033640522 47.59906389281101 23.68152865211663 23.7746016820261 23.799531946405505
14296 4096 2460.162 2463.232 2468.782 47.43749427855517 47.5443774683018 47.6037073981307 23.718747139277585 23.7721887341509 23.80185369906535
14296 8192 4920.574 4924.214 4930.754 47.503011506962224 47.56610171694407 47.60128879273028 23.751505753481112 23.783050858472034 23.80064439636514
14296 16384 9850.078 9857.518 9880.138 47.41343977179266 47.522239168115135 47.55813385437151 23.70671988589633 23.761119584057568 23.779066927185756
14296 32768 19696.996 19706.136 19735.986 47.47179370719051 47.54370192106662 47.565763632180264 23.735896853595253 23.77185096053331 23.782881816090132
14296 65536 39389.352 39456.142 39499.852 47.438286908011705 47.4908396264389 47.571366799839716 23.719143454005852 23.74541981321945 23.785683399919858

15720 1 1.78 1.91 2.18 14.42201834862385 16.460732984293195 17.662921348314605 7.211009174311925 8.230366492146597 8.831460674157302
15720 2 1.65 1.66 1.69 37.20710059171598 37.87951807228915 38.10909090909091 18.60355029585799 18.939759036144576 19.054545454545455
15720 4 2.95 2.98 2.99 42.060200668896314 42.20134228187919 42.63050847457627 21.030100334448157 21.100671140939596 21.315254237288134
15720 8 5.61 5.62 5.67 44.359788359788354 44.75444839857651 44.834224598930476 22.179894179894177 22.377224199288253 22.417112299465238
15720 16 10.89 10.9 10.93 46.02378774016468 46.15045871559632 46.19283746556473 23.01189387008234 23.07522935779816 23.096418732782364
15720 32 21.42 21.46 21.49 46.81619357840856 46.8816402609506 46.96918767507002 23.40809678920428 23.4408201304753 23.48459383753501
15720 64 42.58 42.59 42.67 47.1563159128193 47.24489316741018 47.25598872710193 23.57815795640965 23.62244658370509 23.627994363550965
15720 128 84.89 84.94 98.69 40.77738372682136 47.378384742170944 47.406290493579924 20.38869186341068 23.689192371085472 23.703145246789962
15720 256 169.46 169.51 180.45 44.60315876974231 47.48180048374727 47.49581022070104 22.301579384871154 23.740900241873636 23.74790511035052
15720 512 338.51 342.56 351.92 45.74130484200954 46.99112564222325 47.553336681338806 22.87065242100477 23.495562821111626 23.776668340669403
15720 1024 676.391 679.411 690.491 46.625604099112074 47.38598580240826 47.597558217066755 23.312802049556037 23.69299290120413 23.798779108533378
15720 2048 1355.451 1356.561 1360.441 47.32959385963816 47.46496471592505 47.50383451707218 23.66479692981908 23.732482357962525 23.75191725853609
15720 4096 2710.102 2712.902 2716.352 47.40852437386612 47.46881383846522 47.517857261461 23.70426218693306 23.73440691923261 23.7589286307305
15720 8192 5422.415 5427.594 5439.075 47.35299292618689 47.453158802961305 47.4984817650438 23.676496463093446 23.726579401480652 23.7492408825219
15720 16384 10847.919 10850.358 10856.119 47.44908931083013 47.47428241538205 47.48495633125579 23.724544655415066 23.737141207691025 23.742478165627894
15720 32768 21692.888 21698.348 21715.318 47.442359352048165 47.47946341352806 47.491413775796005 23.721179676024082 23.73973170676403 23.745706887898002
15720 65536 43387.165 43408.585 43467.945 47.40163906989391 47.46645945727095 47.48989338206356 23.700819534946955 23.733229728635475 23.74494669103178

17288 1 1.94 2.38 3.22 10.737888198757764 14.527731092436975 17.822680412371135 5.368944099378882 7.263865546218487 8.911340206185567
17288 2 1.79 1.81 1.89 36.588359788359796 38.20552486187845 38.63240223463687 18.294179894179898 19.102762430939226 19.316201117318435
17288 4 3.23 3.26 3.3 41.910303030303034 42.42453987730062 42.81857585139319 20.955151515151517 21.21226993865031 21.409287925696596
17288 8 6.14 6.15 6.21 44.542351046698876 44.97691056910569 45.05016286644952 22.271175523349438 22.488455284552845 22.52508143322476
17288 16 11.93 11.931 11.98 46.17829716193656 46.367949040315146 46.37183570829841 23.08914858096828 23.183974520157573 23.185917854149206
17288 32 23.54 23.58 23.641 46.801404339917944 46.92247667514844 47.00220900594733 23.400702169958972 23.46123833757422 23.501104502973664
17288 64 46.71 46.81 46.87 47.21280136547899 47.27331766716514 47.37452365660459 23.606400682739494 23.63665883358257 23.687261828302294
17288 128 93.2 93.27 101.76 43.49182389937107 47.45071298381045 47.486351931330475 21.745911949685535 23.725356491905224 23.743175965665237
17288 256 186.14 186.24 194.331 45.548347921844694 47.527147766323026 47.55268077790911 22.774173960922347 23.763573883161513 23.776340388954555
17288 512 372.021 372.26 376.92 46.96729279422689 47.55523558802987 47.5857868238621 23.483646397113446 23.777617794014937 23.79289341193105
17288 1024 743.961 746.891 747.62 47.35804820630802 47.40427184154047 47.59096780610812 23.67902410315401 23.702135920770235 23.79548390305406
17288 2048 1490.571 1490.951 1493.632 47.40903247921844 47.494282508278275 47.50639050404174 23.70451623960922 23.747141254139137 23.75319525202087
17288 4096 2983.052 2983.292 2989.112 47.37972213821363 47.47215358067531 47.475972929737736 23.689861069106815 23.736076790337655 23.737986464868868
17288 8192 5967.835 5970.065 5976.175 47.395966818240765 47.444473720135385 47.46220228943997 23.697983409120383 23.722236860067692 23.731101144719986
17288 16384 11930.429 11933.989 11945.77 47.42207358755443 47.46888772898987 47.48305228588176 23.711036793777215 23.734443864494935 23.74152614294088
17288 32768 23870.19 23870.43 23876.559 47.45182787854816 47.464011666316864 47.46448888760417 23.72591393927408 23.732005833158432 23.732244443802085

19016 1 2.28 2.55 2.81 13.534519572953736 14.91450980392157 16.680701754385964 6.767259786476868 7.457254901960785 8.340350877192982
19016 2 1.94 1.95 1.99 38.223115577889445 39.007179487179485 39.20824742268041 19.111557788944722 19.503589743589743 19.604123711340204
19016 4 3.54 3.55 3.55 42.85295774647887 42.85295774647887 42.97401129943503 21.426478873239436 21.426478873239436 21.487005649717513
19016 8 6.73 6.74 6.75 45.074962962962964 45.141839762611276 45.20891530460623 22.537481481481482 22.570919881305638 22.604457652303115
19016 16 13.08 13.13 13.15 46.27467680608364 46.345163747143935 46.5223241590214 23.13733840304182 23.172581873571968 23.2611620795107
19016 32 25.89 25.9 25.92 46.95308641975308 46.98934362934363 47.007493240633444 23.47654320987654 23.494671814671815 23.503746620316722
19016 64 51.41 51.47 51.5 47.26306796116505 47.29061589275306 47.34580820851974 23.631533980582525 23.64530794637653 23.67290410425987
19016 128 102.59 102.63 102.7 47.40112950340798 47.433460001948745 47.45195438151866 23.70056475170399 23.716730000974373 23.72597719075933
19016 256 204.88 209.94 212.58 45.80013171511901 46.376069353148516 47.52143693869582 22.900065857559504 23.188034676574258 23.76071846934791
19016 512 409.2 409.36 413.13 47.133793236995615 47.56787179988274 47.586471163245356 23.566896618497807 23.78393589994137 23.793235581622678
19016 1024 821.09 821.17 821.911 47.3831935574533 47.425950777549104 47.43057155732014 23.69159677872665 23.712975388774552 23.71528577866007
19016 2048 1639.221 1639.701 1642.911 47.40946770701516 47.502279988851626 47.51618970230371 23.70473385350758 23.751139994425813 23.758094851151856
19016 4096 3279.943 3282.762 3283.823 47.43832782704792 47.45366005820708 47.494444872974924 23.71916391352396 23.72683002910354 23.747222436487462
19016 8192 6560.015 6562.955 6576.616 47.373625584951284 47.47223529644802 47.49351091422808 23.686812792475642 23.73611764822401 23.74675545711404
19016 16384 13121.78 13125.49 13142.051 47.41393013921495 47.47375435126612 47.48717689215944 23.706965069607474 23.73687717563306 23.74358844607972
19016 32768 26248.481 26252.252 26290.681 47.40206524129215 47.47145410610869 47.47827411422398 23.701032620646075 23.735727053054344 23.73913705711199

20912 1 2.39 2.95 3.35 12.484776119402984 14.177627118644066 17.499581589958158 6.242388059701492 7.088813559322033 8.749790794979079
20912 2 2.09 2.1 2.13 39.27136150234742 39.832380952380944 40.02296650717703 19.63568075117371 19.916190476190472 20.011483253588516
20912 4 3.87 3.91 3.98 42.03417085427135 42.786700767263426 43.228940568475444 21.017085427135676 21.393350383631713 21.614470284237722
20912 8 7.4 7.42 7.48 44.73155080213903 45.09326145552561 45.21513513513513 22.365775401069516 22.546630727762803 22.607567567567564
20912 16 14.39 14.42 14.46 46.27828492392808 46.40665742024965 46.50340514246004 23.13914246196404 23.203328710124826 23.25170257123002
20912 32 28.4 28.45 28.51 46.94380918975797 47.042811950790856 47.1256338028169 23.471904594878986 23.521405975395428 23.56281690140845
20912 64 56.53 56.61 56.71 47.20042320578381 47.283801448507326 47.350716433751984 23.600211602891903 23.641900724253663 23.675358216875992
20912 128 112.77 112.84 121.04 44.22894910773297 47.44303438496987 47.472483816617896 22.114474553866486 23.721517192484935 23.736241908308948
20912 256 225.12 225.23 225.3 47.52305370616955 47.537823558140566 47.56105188343994 23.761526853084774 23.768911779070283 23.78052594171997
20912 512 450.091 453.731 457.271 46.82975303485241 47.19511781209572 47.576796692224455 23.414876517426205 23.59755890604786 23.788398346112228
20912 1024 899.64 902.68 903.171 47.41934362374345 47.44513670403686 47.605459961762485 23.709671811871726 23.72256835201843 23.802729980881242
20912 2048 1801.761 1804.432 1805.242 47.44823796477149 47.46953722833557 47.53990790121442 23.724118982385743 23.734768614167784 23.76995395060721
20912 4096 3608.273 3608.553 3609.303 47.46376350226068 47.473628349091726 47.47731227653783 23.73188175113034 23.736814174545863 23.738656138268915
20912 8192 7213.485 7216.126 7225.915 47.41575399101705 47.480075597349604 47.49745899520135 23.707876995508524 23.740037798674802 23.748729497600674
20912 16384 14431.122 14446.592 14451.232 47.417716081231 47.432945846328316 47.483793429228854 23.7088580406155 23.716472923164158 23.741896714614427
20912 32768 28857.564 28861.843 28898.404 47.424377899900634 47.48445315844868 47.49149415383779 23.712188949950317 23.74222657922434 23.745747076918896

23000 1 2.73 2.84 35.19 1.3071895424836601 16.197183098591548 16.84981684981685 0.6535947712418301 8.098591549295774 8.424908424908425
23000 2 2.28 2.32 2.41 38.17427385892116 39.6551724137931 40.35087719298246 19.08713692946058 19.82758620689655 20.17543859649123
23000 4 4.22 4.27 4.31 42.691415313225065 43.09133489461359 43.601895734597164 21.345707656612532 21.545667447306794 21.800947867298582
23000 8 8.11 8.13 8.19 44.93284493284494 45.26445264452644 45.37607891491986 22.46642246642247 22.63222632226322 22.68803945745993
23000 16 15.79 15.84 15.84 46.464646464646464 46.464646464646464 46.61177960734642 23.232323232323232 23.232323232323232 23.30588980367321
23000 32 31.2 31.31 40.19 36.62602637472008 47.01373363142766 47.17948717948718 18.31301318736004 23.50686681571383 23.58974358974359
23000 64 62.05 62.33 62.44 47.149263292761056 47.232472324723254 47.445608380338435 23.574631646380528 23.616236162361627 23.722804190169217
23000 128 123.71 123.72 132.2 44.53857791225416 47.59133527319755 47.59518228114138 22.26928895612708 23.795667636598775 23.79759114057069
23000 256 246.99 247.13 248.38 47.411224736291175 47.65103386881399 47.67804364549172 23.705612368145587 23.825516934406995 23.83902182274586
23000 512 493.831 497.481 499.661 47.135958179645804 47.34251157330631 47.69242919136303 23.567979089822902 23.671255786653155 23.846214595681516
23000 1024 990.081 994.871 1023.19 46.03641552399848 47.34684195237372 47.575905405719325 23.01820776199924 23.67342097618686 23.787952702859663
23000 2048 1985.132 1988.242 1992.052 47.29193816225681 47.38256208248292 47.45679380514746 23.645969081128406 23.69128104124146 23.72839690257373
23000 4096 3972.233 3979.103 3986.313 47.265731516817674 47.35137542305389 47.4332699013376 23.632865758408837 23.675687711526944 23.7166349506688
23000 8192 7934.247 7951.817 7973.717 47.2592644057972 47.38942055633323 47.49436209888601 23.6296322028986 23.694710278166614 23.747181049443004
23000 16384 15866.332 15884.002 15891.872 47.42449473542199 47.44799201108133 47.50083384111715 23.712247367710994 23.723996005540666 23.750416920558575
23000 32768 31771.866 31775.615 31781.966 47.427147835977166 47.43662711170185 47.44222451397724 23.713573917988583 23.718313555850926 23.72111225698862

25296 1 2.85 3.24 3.59 14.092479108635098 15.614814814814814 17.75157894736842 7.046239554317549 7.807407407407407 8.87578947368421
25296 2 2.49 2.51 2.54 39.83622047244094 40.312350597609566 40.63614457831325 19.91811023622047 20.156175298804783 20.318072289156625
25296 4 4.58 4.63 4.65 43.519999999999996 43.707991360691146 44.185152838427946 21.759999999999998 21.853995680345573 22.092576419213973
25296 8 8.87 8.9 8.92 45.37399103139014 45.47595505617977 45.629763246899664 22.68699551569507 22.737977528089885 22.814881623449832
25296 16 17.35 17.37 17.37 46.60172711571675 46.60172711571675 46.65544668587896 23.300863557858374 23.300863557858374 23.32772334293948
25296 32 34.34 34.38 34.42 47.034979662986636 47.08970331588133 47.14455445544554 23.517489831493318 23.544851657940665 23.57227722772277
25296 64 68.3 68.38 76.12 42.53662637940094 47.35138929511554 47.40685212298683 21.26831318970047 23.67569464755777 23.703426061493413
25296 128 136.23 136.33 136.36 47.490290407744205 47.50074084940952 47.53560889671879 23.745145203872102 23.75037042470476 23.767804448359396
25296 256 272.12 275.95 277.87 46.61011264260266 46.934415655009964 47.5950022049096 23.30505632130133 23.467207827504982 23.7975011024548
25296 512 544.1 544.281 548.071 47.26231455413623 47.5914169335325 47.607248667524345 23.631157277068116 23.79570846676625 23.803624333762173
25296 1024 1091.051 1091.151 1093.91 47.358747977438725 47.47849564359103 47.48284727295058 23.679373988719362 23.739247821795516 23.74142363647529
25296 2048 2181.681 2183.142 2184.601 47.428530885044914 47.46022750696015 47.49201006013253 23.714265442522457 23.730113753480076 23.746005030066264
25296 4096 4363.113 4363.704 4366.354 47.459466639672364 47.488287931537066 47.49472039802774 23.729733319836182 23.744143965768533 23.74736019901387
25296 8192 8724.117 8728.967 8754.977 47.33874960493899 47.4798064879842 47.506201945709805 23.669374802469495 23.7399032439921 23.753100972854902
25296 16384 17457.414 17458.624 17461.414 47.47034392518269 47.47792999035892 47.48122075812603 23.735171962591345 23.73896499517946 23.740610379063014
25296 32768 34911.008 34914.848 34919.118 47.47538743676172 47.48119355982876 47.48641620431011 23.73769371838086 23.74059677991438 23.743208102155055

27824 1 2.94 3.38 3.72 14.959139784946235 16.463905325443786 18.927891156462586 7.479569892473117 8.231952662721893 9.463945578231293
27824 2 2.69 2.73 2.77 40.17906137184115 40.767765567765565 41.373977695167284 20.089530685920575 20.383882783882783 20.686988847583642
27824 4 5.06 5.07 5.08 43.817322834645665 43.90374753451676 43.9905138339921 21.908661417322833 21.95187376725838 21.99525691699605
27824 8 9.75 9.77 9.78 45.519836400818 45.566427840327535 45.659897435897435 22.759918200409 22.783213920163767 22.829948717948717
27824 16 19.06 19.08 26.2 33.98351145038168 46.66498951781971 46.713955928646385 16.99175572519084 23.332494758909856 23.356977964323193
27824 32 37.76 37.8 43.85 40.6097149372862 47.10941798941799 47.159322033898306 20.3048574686431 23.554708994708996 23.579661016949153
27824 64 75.12 75.16 75.19 47.36629870993483 47.3852048962214 47.41043663471778 23.683149354967416 23.6926024481107 23.70521831735889
27824 128 149.881 149.97 158.6 44.91137452711223 47.4957924918317 47.52399570325792 22.455687263556115 23.74789624591585 23.76199785162896
27824 256 299.5 299.58 303.35 46.961885610680724 47.55286734762001 47.56556928213689 23.480942805340362 23.776433673810004 23.782784641068446
27824 512 598.61 598.771 603.36 47.221850967913014 47.58376073657542 47.596558694308484 23.610925483956507 23.79188036828771 23.798279347154242
27824 1024 1199.481 1202.511 1202.791 47.37610441049193 47.387135751772746 47.506840041651344 23.688052205245967 23.693567875886373 23.753420020825672
27824 2048 2399.082 2402.012 2403.572 47.415722932368986 47.44651733629973 47.50446379073329 23.707861466184493 23.723258668149864 23.752231895366645
27824 4096 4797.554 4800.424 4801.634 47.47013370865002 47.482099081247824 47.51050389427613 23.73506685432501 23.741049540623912 23.755251947138063
27824 8192 9597.617 9600.827 9602.528 47.473791901465944 47.48220293939262 47.498083743079135 23.736895950732972 23.74110146969631 23.749041871539568
27824 16384 19200.445 19203.035 19219.996 47.436889789155 47.47878822279915 47.485192765063516 23.7184448945775 23.739394111399577 23.742596382531758
27824 32768 38396.891 38401.841 38433.432 47.44498654192527 47.48401682096439 47.49013830312459 23.722493270962634 23.742008410482196 23.745069151562294

30600 1 3.43 3.99 4.12 14.854368932038833 15.338345864661653 17.842565597667637 7.427184466019416 7.669172932330826 8.921282798833818
30600 2 2.95 2.99 3.06 40.0 40.936454849498325 41.49152542372881 20.0 20.468227424749163 20.745762711864405
30600 4 5.54 5.55 5.58 43.87096774193548 44.108108108108105 44.18772563176895 21.93548387096774 22.054054054054053 22.093862815884474
30600 8 10.69 10.69 10.75 45.544186046511626 45.79981290926099 45.79981290926099 22.772093023255813 22.899906454630496 22.899906454630496
30600 16 20.93 20.99 29.39 33.31745491663831 46.65078608861363 46.78451982799808 16.658727458319156 23.325393044306814 23.39225991399904
30600 32 41.5 41.54 41.591 47.08711019210887 47.14492055849783 47.19036144578313 23.543555096054433 23.572460279248915 23.595180722891566
30600 64 82.55 82.59 90.55 43.255659856432914 47.424627678895746 47.44760751059963 21.627829928216457 23.712313839447873 23.723803755299816
30600 128 164.93 164.98 165.05 47.461981217812784 47.4821190447327 47.4965136724671 23.730990608906392 23.74105952236635 23.74825683623355
30600 256 329.35 329.46 333.27 47.01053200108021 47.55417956656347 47.57006224381357 23.505266000540104 23.777089783281735 23.785031121906783
30600 512 658.321 661.36 662.761 47.278581570128594 47.37873472843836 47.59744866106352 23.639290785064297 23.68936736421918 23.79872433053176
30600 1024 1319.541 1319.751 1322.221 47.39661524056871 47.48532109466103 47.49287820537596 23.698307620284353 23.742660547330516 23.74643910268798
30600 2048 2640.482 2641.202 2655.762 47.19459047911672 47.45475734154373 47.4676971855896 23.59729523955836 23.727378670771866 23.7338485927948
30600 4096 5277.955 5278.844 5294.774 47.34389040967565 47.48676035889675 47.49475886020248 23.671945204837826 23.743380179448376 23.74737943010124
30600 8192 10561.469 10564.618 10585.318 47.36280950652593 47.45561079444614 47.46976012522501 23.681404753262964 23.72780539722307 23.734880062612504
30600 16384 21120.007 21136.737 21145.337 47.41947598186777 47.43876975902192 47.476347900831655 23.709737990933885 23.71938487951096 23.738173950415828
30600 32768 42228.064 42231.984 42252.544 47.4622687807863 47.48537506549538 47.48978309779961 23.73113439039315 23.74268753274769 23.744891548899805

33656 1 3.56 4.07 4.31 15.617633410672855 16.538574938574936 18.907865168539324 7.808816705336428 8.269287469287468 9.453932584269662
33656 2 3.2 3.26 3.39 39.71209439528023 41.29570552147239 42.06999999999999 19.856047197640116 20.647852760736196 21.034999999999997
33656 4 6.08 6.12 6.15 43.78016260162601 43.994771241830065 44.28421052631578 21.890081300813005 21.997385620915033 22.14210526315789
33656 8 11.72 11.77 11.81 45.59661303979678 45.75157179269329 45.94675767918088 22.79830651989839 22.875785896346645 22.97337883959044
33656 16 23.03 23.07 23.12 46.58269896193771 46.683658430862586 46.76474164133738 23.291349480968854 23.341829215431293 23.38237082066869
33656 32 45.651 45.75 45.79 47.04048918977942 47.08161748633879 47.18371996232284 23.52024459488971 23.540808743169396 23.59185998116142
33656 64 90.68 91.16 99.07 43.484081962248915 47.25721807810443 47.50736656374062 21.742040981124457 23.628609039052215 23.75368328187031
33656 128 180.99 186.06 187.68 45.90758738277919 46.30729872084274 47.604486435714676 22.953793691389595 23.15364936042137 23.802243217857338
33656 256 361.27 362.301 366.1 47.06875717017208 47.5623086880798 47.69804301491959 23.53437858508604 23.7811543440399 23.849021507459796
33656 512 722.321 726.42 729.781 47.22477565187364 47.44327524021916 47.71250455130059 23.61238782593682 23.72163762010958 23.856252275650295
33656 1024 1446.471 1451.361 1455.621 47.352633686928115 47.49162200169357 47.65217415350878 23.676316843464058 23.745811000846786 23.82608707675439
33656 2048 2896.362 2905.962 2907.463 47.41418067916943 47.438671255852626 47.595906865233005 23.707090339584713 23.719335627926313 23.797953432616502
33656 4096 5791.885 5809.435 5812.534 47.433692774958395 47.458995926454115 47.60280150590006 23.716846387479197 23.729497963227058 23.80140075295003
33656 8192 11598.679 11603.65 11625.62 47.43144055972928 47.52124581489445 47.54161262674826 23.71572027986464 23.760622907447225 23.77080631337413
33656 16384 23213.269 23225.549 23433.059 47.06341617626618 47.48390696814099 47.509026324556004 23.53170808813309 23.741953484070496 23.754513162278002

37016 1 3.96 4.14 4.63 15.989632829373651 17.882125603864736 18.694949494949494 7.9948164146868255 8.941062801932368 9.347474747474747
37016 2 3.51 3.52 3.68 40.234782608695646 42.06363636363636 42.183475783475785 20.117391304347823 21.03181818181818 21.091737891737893
37016 4 6.63 6.71 6.72 44.06666666666666 44.13233979135618 44.66485671191553 22.03333333333333 22.06616989567809 22.332428355957767
37016 8 12.83 12.88 12.96 45.69876543209876 45.982608695652175 46.1618082618862 22.84938271604938 22.991304347826087 23.0809041309431
37016 16 25.33 25.35 25.37 46.6894757587702 46.72631163708086 46.76320568495855 23.3447378793851 23.36315581854043 23.381602842479275
37016 32 50.05 50.13 58.46 40.52384536435169 47.25761021344504 47.33314685314686 20.261922682175847 23.62880510672252 23.66657342657343
37016 64 99.73 99.77 108.24 43.773540280857354 47.489706324546454 47.50875363481399 21.886770140428677 23.744853162273227 23.754376817406996
37016 128 198.89 198.98 200.24 47.323691570115855 47.623359131571014 47.64490924631706 23.661845785057928 23.811679565785507 23.82245462315853
37016 256 397.39 398.71 401.271 47.23040538688318 47.53377642898347 47.69166813457812 23.61520269344159 23.766888214491736 23.84583406728906
37016 512 797.411 799.191 800.171 47.37035458670709 47.42844201198462 47.534312920187965 23.685177293353544 23.71422100599231 23.767156460093982
37016 1024 1591.971 1600.401 1611.741 47.03532887728239 47.368608242559205 47.61944030387488 23.517664438641194 23.684304121279602 23.80972015193744
37016 2048 3194.263 3196.572 3207.433 47.27067907575934 47.43129077023762 47.46557687954937 23.63533953787967 23.71564538511881 23.732788439774684
37016 4096 6373.155 6393.075 6399.456 47.38450768315307 47.4318026927574 47.580056031902565 23.692253841576534 23.7159013463787 23.790028015951282
37016 8192 12775.85 12784.4 12795.96 47.395439185492926 47.438295422546226 47.47004261947346 23.697719592746463 23.719147711273113 23.73502130973673
37016 16384 25549.271 25551.371 25574.721 47.427312618581446 47.470653844758466 47.474555653662286 23.713656309290723 23.735326922379233 23.737277826831143

40712 1 4.35 4.75 5.21 15.628406909788866 17.141894736842104 18.71816091954023 7.814203454894433 8.570947368421052 9.359080459770116
40712 2 3.84 3.85 3.93 41.43715012722646 42.29818181818181 42.40833333333334 20.71857506361323 21.149090909090905 21.20416666666667
40712 4 7.19 7.31 7.39 44.07253044654939 44.55485636114911 45.29847009735744 22.036265223274697 22.277428180574557 22.64923504867872
40712 8 14.14 14.15 14.17 45.969795342272405 46.0347703180212 46.067326732673266 22.984897671136203 23.0173851590106 23.033663366336633
40712 16 27.78 27.821 27.83 46.81221703197988 46.827360626864596 46.89647228221742 23.40610851598994 23.413680313432298 23.44823614110871
40712 32 55.15 55.22 55.26 47.15106768005791 47.18522274538211 47.24511332728921 23.575533840028957 23.592611372691056 23.622556663644605
40712 64 109.94 109.96 110.001 47.373532967882106 47.39119679883594 47.39981808259051 23.686766483941053 23.69559839941797 23.699909041295253
40712 128 219.37 219.49 227.79 45.753861012335925 47.484040275183375 47.5100150430779 22.876930506167962 23.742020137591688 23.75500752153895
40712 256 438.211 438.34 441.99 47.16066879341161 47.55336953050144 47.56736823128583 23.580334396705805 23.77668476525072 23.783684115642917
40712 512 878.8 879.771 879.871 47.3809092469237 47.38629484263519 47.43865270823851 23.69045462346185 23.693147421317594 23.719326354119254
40712 1024 1756.632 1757.271 1764.151 47.26249397018736 47.447534273313565 47.4647939921395 23.63124698509368 23.723767136656782 23.73239699606975
40712 2048 3511.773 3515.493 3518.683 47.39169513138865 47.434698917050895 47.48494620808349 23.695847565694326 23.717349458525447 23.742473104041746
40712 4096 7025.006 7025.815 7102.026 46.96022008367753 47.46961085653408 47.475077459008574 23.480110041838763 23.73480542826704 23.737538729504287
40712 8192 14048.401 14057.991 14081.702 47.368237731490126 47.44813167116126 47.48052166221622 23.684118865745063 23.72406583558063 23.74026083110811
40712 16384 28099.933 28106.863 28112.033 47.45479688359786 47.46352575881556 47.47523120428792 23.72739844179893 23.73176287940778 23.73761560214396

44776 1 4.58 5.12 5.81 15.41342512908778 17.490624999999998 19.5528384279476 7.70671256454389 8.745312499999999 9.7764192139738
44776 2 4.21 4.25 4.32 41.459259259259255 42.142117647058825 42.542517814726835 20.729629629629628 21.071058823529413 21.271258907363418
44776 4 7.97 8.02 8.05 44.49788819875776 44.6643391521197 44.94454203262234 22.24894409937888 22.33216957605985 22.47227101631117
44776 8 15.48 15.55 15.58 45.98305519897304 46.071768488745974 46.280103359173125 22.99152759948652 23.035884244372987 23.140051679586563
44776 16 30.53 30.57 30.58 46.85519947678222 46.870526660124305 46.93193580085162 23.42759973839111 23.435263330062153 23.46596790042581
44776 32 60.59 60.651 60.73 47.186958669520834 47.2484212956093 47.29598943720086 23.593479334760417 23.62421064780465 23.64799471860043
44776 64 120.75 120.9 128.56 44.580958307405105 47.40552522746071 47.46441407867495 22.290479153702552 23.702762613730354 23.732207039337474
44776 128 241.21 245.08 245.56 46.67965466688385 46.77107883140199 47.52147920898802 23.339827333441924 23.385539415700993 23.76073960449401
44776 256 481.96 482.14 485.64 47.20639156576888 47.54907703156759 47.56683542202673 23.60319578288444 23.774538515783796 23.783417711013364
44776 512 966.411 966.851 967.091 47.410868263689764 47.4226369937043 47.444228180349775 23.705434131844882 23.71131849685215 23.722114090174887
44776 1024 1932.181 1932.501 1939.572 47.279115186236965 47.452108951043236 47.45996777734591 23.639557593118482 23.726054475521618 23.729983888672955
44776 2048 3860.963 3863.723 3866.823 47.42976236564229 47.467816921658205 47.50174917501152 23.714881182821145 23.733908460829102 23.75087458750576
44776 4096 7726.316 7728.577 7731.016 47.44589740856829 47.46087048107303 47.47475925136896 23.722948704284146 23.730435240536515 23.73737962568448
44776 8192 15451.633 15454.052 15475.792 47.403711810032085 47.47039701950013 47.4778286540976 23.701855905016043 23.735198509750067 23.7389143270488
44776 16384 30901.105 30905.165 30911.685 47.46489775630154 47.474911329546366 47.481148910370685 23.73244887815077 23.737455664773183 23.740574455185342

49248 1 4.96 5.32 6.05 16.280330578512398 18.514285714285716 19.858064516129033 8.140165289256199 9.257142857142858 9.929032258064517
49248 2 4.58 4.65 4.67 42.18244111349036 42.36387096774193 43.01135371179039 21.09122055674518 21.181935483870966 21.505676855895196
49248 4 8.72 8.76 8.84 44.5683257918552 44.97534246575343 45.18165137614678 22.2841628959276 22.487671232876714 22.59082568807339
49248 8 16.97 17.02 17.06 46.18804220398594 46.296592244418335 46.43299941072481 23.09402110199297 23.148296122209167 23.216499705362406
49248 16 33.45 33.59 33.64 46.84708680142687 46.91682048228639 47.11318385650224 23.423543400713434 23.458410241143195 23.55659192825112
49248 32 66.42 66.84 66.92 47.09910340705319 47.155475763016156 47.453658536585365 23.549551703526596 23.577737881508078 23.726829268292683
49248 64 132.42 132.621 133.24 47.31119783848693 47.53201981586626 47.604168554599006 23.655598919243467 23.76600990793313 23.802084277299503
49248 128 264.09 268.121 268.88 46.88890211246653 47.021635754006596 47.73936158127911 23.444451056233266 23.510817877003298 23.869680790639556
49248 256 529.67 531.75 536.28 47.01830387111211 47.41885472496474 47.60506730605849 23.509151935556055 23.70942736248237 23.802533653029244
49248 512 1063.611 1064.651 1066.18 47.29966047008947 47.367589942619695 47.41390602391287 23.649830235044735 23.683794971309847 23.706953011956436
49248 1024 2118.892 2120.611 2122.082 47.52874959591571 47.561718768788815 47.60030430998843 23.764374797957856 23.780859384394407 23.800152154994215
49248 2048 4243.483 4250.424 4250.834 47.454172051884406 47.458749527106 47.53637707515265 23.727086025942203 23.729374763553 23.768188537576325
49248 4096 8477.327 8501.427 8543.187 47.22354971277112 47.4555172913912 47.590427501499 23.61177485638556 23.7277586456956 23.7952137507495
49248 8192 16978.044 16982.604 17008.333 47.44023015071495 47.512103090904084 47.52486399493369 23.720115075357477 23.756051545452042 23.762431997466845
49248 16384 33965.997 33971.828 34168.477 47.22945257407874 47.50284453341751 47.51099942686799 23.61472628703937 23.751422266708754 23.755499713433995

54168 1 5.65 6.18 6.95 15.587913669064747 17.53009708737864 19.174513274336284 7.7939568345323735 8.76504854368932 9.587256637168142
54168 2 5.09 5.14 5.15 42.07223300970873 42.15408560311284 42.568172888015724 21.036116504854366 21.07704280155642 21.284086444007862
54168 4 9.56 9.66 9.691 44.71612836652564 44.85962732919254 45.32887029288703 22.35806418326282 22.42981366459627 22.664435146443516
54168 8 18.66 18.67 18.79 46.124960085151685 46.42142474558114 46.44630225080385 23.062480042575842 23.21071237279057 23.223151125401927
54168 16 36.78 36.93 36.94 46.924093123984846 46.93679935012185 47.12822185970636 23.462046561992423 23.468399675060926 23.56411092985318
54168 32 73.1 73.17 73.42 47.21808771451921 47.37941779417794 47.42478796169632 23.609043857259604 23.68970889708897 23.71239398084816
54168 64 145.501 146.5 153.53 45.16058099394255 47.3276723549488 47.65262094418595 22.580290496971276 23.6638361774744 23.826310472092974
54168 128 290.63 290.86 296.11 46.83059673769882 47.67588530564533 47.71361524963012 23.41529836884941 23.837942652822665 23.85680762481506
54168 256 580.781 584.73 588.21 47.14985464374968 47.43046534297881 47.75296712530197 23.57492732187484 23.715232671489407 23.876483562650986
54168 512 1167.601 1167.881 1174.7 47.21889163190602 47.494592342884246 47.50598192361945 23.60944581595301 23.747296171442123 23.752990961809726
54168 1024 2330.372 2333.182 2343.722 47.333286114991445 47.54711119835487 47.60444426898367 23.666643057495723 23.773555599177435 23.802222134491835
54168 2048 4664.174 4666.464 4679.423 47.41442011119748 47.54609228743649 47.56943630319109 23.70721005559874 23.773046143718243 23.784718151595545
54168 4096 9330.358 9340.078 9361.248 47.402254058433236 47.509694886916364 47.55918861848602 23.701127029216618 23.754847443458182 23.77959430924301
54168 8192 18667.455 18686.425 18717.375 47.41522312824314 47.49375613580447 47.542019627206805 23.70761156412157 23.746878067902234 23.771009813603403
54168 16384 37354.47 37380.03 37850.52 46.894389403368834 47.48463347942738 47.517125099084524 23.447194701684417 23.74231673971369 23.758562549542262

59584 1 5.66 6.59 7.08 16.831638418079095 18.083156297420334 21.05441696113074 8.415819209039547 9.041578148710167 10.52720848056537
59584 2 5.47 5.57 5.63 42.33321492007104 42.78922800718133 43.57148080438756 21.16660746003552 21.394614003590664 21.78574040219378
59584 4 10.48 10.62 10.64 44.8 44.884369114877586 45.483969465648855 22.4 22.442184557438793 22.741984732824427
59584 8 20.47 20.63 20.67 46.122109337203675 46.211536597188555 46.57274059599414 23.061054668601837 23.105768298594278 23.28637029799707
59584 16 40.47 40.56 40.611 46.95003816699909 47.00907297830374 47.11361502347418 23.475019083499546 23.50453648915187 23.55680751173709
59584 32 80.4 80.75 89.09 42.80363677180379 47.22447058823529 47.43004975124378 21.401818385901894 23.612235294117646 23.71502487562189
59584 64 160.18 160.86 161.21 47.30942249240121 47.412358572671884 47.613634661006365 23.654711246200606 23.706179286335942 23.806817330503183
59584 128 319.541 321.76 328.91 46.37592046456477 47.40646444554948 47.73567085287959 23.187960232282386 23.70323222277474 23.867835426439797
59584 256 638.901 643.051 650.07 46.928804590274886 47.44103966870434 47.74919431962072 23.464402295137443 23.72051983435217 23.87459715981036
59584 512 1280.411 1284.171 1286.141 47.43960110127894 47.512376466997 47.65189927296782 23.71980055063947 23.7561882334985 23.82594963648391
59584 1024 2562.952 2569.142 2574.342 47.40163971997504 47.497581682912035 47.612297069941214 23.70081985998752 23.748790841456017 23.806148534970607
59584 2048 5131.494 5136.704 5147.984 47.408085184413935 47.512191475311795 47.56043054907597 23.704042592206967 23.756095737655897 23.780215274537984
59584 4096 10270.938 10273.428 10280.219 47.48071300815674 47.5120989800094 47.52361741449515 23.74035650407837 23.7560494900047 23.761808707247575
59584 8192 20546.857 20556.607 20754.457 47.03684880794521 47.489561677177555 47.51209666763145 23.518424403972606 23.744780838588778 23.756048333815723
59584 16384 41081.583 41125.753 41152.243 47.444522331383 47.475082389372915 47.52612653704216 23.7222611656915 23.737541194686457 23.76306326852108

65536 1 6.31 7.75 7.93 16.528625472887768 16.91251612903226 20.772107765451665 8.264312736443884 8.45625806451613 10.386053882725832
65536 2 6.05 6.12 6.16 42.555844155844156 42.83398692810458 43.32958677685951 21.277922077922078 21.41699346405229 21.664793388429754
65536 4 11.47 11.621 11.72 44.73447098976109 45.11556664658807 45.70950305143854 22.367235494880546 22.557783323294036 22.85475152571927
65536 8 22.44 22.54 22.63 46.335660627485645 46.52067435669921 46.727985739750444 23.167830313742822 23.260337178349605 23.363992869875222
65536 16 44.52 44.59 44.72 46.89516994633274 47.03189055842117 47.10584007187781 23.44758497316637 23.515945279210584 23.552920035938904
65536 32 88.3 88.78 96.88 43.29380677126343 47.24379364721784 47.500611551528884 21.646903385631713 23.62189682360892 23.750305775764442
65536 64 176.06 176.26 185.55 45.209420641336564 47.59223873822762 47.64630239691015 22.604710320668282 23.79611936911381 23.823151198455076
65536 128 351.621 352.72 356.501 47.06078243819794 47.5652528918122 47.713919248281535 23.53039121909897 23.7826264459061 23.856959624140767
65536 256 705.57 706.891 710.151 47.249714497339305 47.4676180627565 47.55648907975112 23.624857248669652 23.73380903137825 23.77824453987556
65536 512 1407.562 1413.651 1414.471 47.44449621095095 47.4720167849066 47.67737691128348 23.722248105475476 23.7360083924533 23.83868845564174
65536 1024 2824.703 2829.752 2853.532 47.03564845251429 47.43091550072233 47.51569563242578 23.517824226257144 23.715457750361164 23.75784781621289
65536 2048 5637.194 5658.865 5669.545 47.34691337664663 47.43627140778231 47.61863011987879 23.673456688323316 23.718135703891154 23.809315059939394
65536 4096 11288.259 11308.649 11326.289 47.40042497591223 47.47436338328301 47.56011640058932 23.700212487956115 23.737181691641506 23.78005820029466
65536 8192 22573.978 22598.108 22625.848 47.45642346753147 47.51467795445531 47.565467814312576 23.728211733765736 23.757338977227654 23.782733907156288
65536 16384 45210.936 45224.447 45272.426 47.43469342685546 47.48501729606556 47.49920789076342 23.71734671342773 23.74250864803278 23.74960394538171

72088 1 6.73 7.97 8.42 17.123040380047506 18.089836888331245 21.422882615156016 8.561520190023753 9.044918444165623 10.711441307578008
72088 2 6.57 6.64 6.76 42.655621301775156 43.42650602409639 43.88919330289193 21.327810650887578 21.713253012048195 21.944596651445966
72088 4 12.62 12.77 12.8 45.055 45.16084573218481 45.69762282091918 22.5275 22.580422866092405 22.84881141045959
72088 8 24.77 24.93 33.77 34.15481196328102 46.265864420377056 46.5647153815099 17.07740598164051 23.132932210188528 23.28235769075495
72088 16 48.95 48.99 49.09 46.991566510490934 47.087487242294344 47.12596527068437 23.495783255245467 23.543743621147172 23.562982635342184
72088 32 97.19 97.3 97.68 47.23210483210483 47.41656731757452 47.470233563123784 23.616052416052415 23.70828365878726 23.735116781561892
72088 64 193.781 193.8 194.881 47.34819710489992 47.612301341589266 47.61696967194927 23.67409855244996 23.806150670794633 23.808484835974635
72088 128 387.021 390.571 391.46 47.1428191897001 47.25012353707776 47.68353138460187 23.57140959485005 23.62506176853888 23.841765692300935
72088 256 774.571 775.961 781.12 47.251454321999184 47.56560703437415 47.65096550219412 23.625727160999592 23.782803517187077 23.82548275109706
72088 512 1554.411 1558.461 1565.482 47.153599977514915 47.366030975430256 47.48944262489136 23.576799988757458 23.683015487715128 23.74472131244568
72088 1024 3106.872 3116.623 3129.422 47.17683457200723 47.37057513853937 47.51924894234459 23.588417286003615 23.685287569269686 23.759624471172295
72088 2048 6215.535 6221.365 6222.545 47.45203899690561 47.46103917709378 47.505556319769745 23.726019498452803 23.73051958854689 23.752778159884873
72088 4096 12417.35 12420.75 12431.81 47.50272856486707 47.545027152144606 47.55804547669189 23.751364282433535 23.772513576072303 23.779022738345944
72088 8192 24833.97 24863.18 24908.77 47.416624425854835 47.50356921359215 47.55944345587919 23.708312212927417 23.751784606796075 23.779721727939595

79296 1 7.55 9.25 9.57 16.5717868338558 17.14508108108108 21.005562913907283 8.2858934169279 8.57254054054054 10.502781456953642
79296 2 7.19 7.25 7.36 43.09565217391304 43.74951724137931 44.114603616133515 21.54782608695652 21.874758620689654 22.057301808066757
79296 4 13.93 13.95 14.1 44.990638297872344 45.47440860215054 45.53969849246231 22.495319148936172 22.73720430107527 22.769849246231153
79296 8 27.11 27.32 27.371 46.353293631946215 46.439824304538796 46.799557358908146 23.176646815973108 23.219912152269398 23.399778679454073
79296 16 53.58 53.91 53.94 47.04249165739711 47.068670005564826 47.3585666293393 23.521245828698554 23.534335002782413 23.67928331466965
79296 32 106.89 107.32 107.56 47.18244700632204 47.287961237420795 47.47819253438114 23.59122350316102 23.643980618710398 23.73909626719057
79296 64 212.86 213.01 223.12 45.49071351738974 47.64981925731186 47.68339753828807 22.74535675869487 23.82490962865593 23.841698769144035
79296 128 425.51 431.021 431.961 46.99446477807024 47.09695351270587 47.706930506921104 23.49723238903512 23.548476756352937 23.853465253460552
79296 256 853.33 857.17 859.141 47.25598242896102 47.36464411960288 47.577785850725974 23.62799121448051 23.68232205980144 23.788892925362987
79296 512 1701.772 1708.851 1713.271 47.39419741535344 47.51678408474466 47.71444353297622 23.69709870767672 23.75839204237233 23.85722176648811
79296 1024 3420.123 3424.143 3455.503 46.99698075793886 47.42740241864898 47.483148413083384 23.49849037896943 23.71370120932449 23.741574206541692
79296 2048 6834.156 6840.586 6851.416 47.40573569025731 47.480788341817494 47.525461227399546 23.702867845128655 23.740394170908747 23.762730613699773
79296 4096 13662.811 13678.841 13716.631 47.35804528094398 47.488879503753274 47.54459620351917 23.67902264047199 23.744439751876637 23.772298101759585
79296 8192 27334.372 27376.572 27757.133 46.80547029118605 47.456111890122685 47.5293767129532 23.402735145593024 23.728055945061342 23.7646883564766

87224 1 8.47 9.62 9.88 17.65668016194332 18.133887733887736 20.59598583234947 8.82834008097166 9.066943866943868 10.297992916174735
87224 2 7.83 8.06 8.1 43.07358024691358 43.287344913151365 44.55887611749681 21.53679012345679 21.643672456575683 22.279438058748404
87224 4 15.18 15.37 15.43 45.223071937783544 45.39960962914769 45.967852437417655 22.611535968891772 22.699804814573845 22.983926218708827
87224 8 29.88 30.0 30.12 46.33413014608234 46.519466666666666 46.706291834002684 23.16706507304117 23.259733333333333 23.353145917001342
87224 16 59.04 59.24 59.29 47.07653904537022 47.11627278865631 47.275880758807595 23.53826952268511 23.558136394328155 23.637940379403798
87224 32 117.36 118.0 118.211 47.22349019972761 47.30793220338983 47.56591683708248 23.611745099863803 23.653966101694916 23.78295841854124
87224 64 235.72 236.01 240.03 46.51365246010916 47.305927714927336 47.36412693025624 23.25682623005458 23.652963857463668 23.68206346512812
87224 128 467.641 471.2 474.861 47.02290565028503 47.38825127334465 47.748901400860916 23.511452825142516 23.694125636672325 23.874450700430458
87224 256 937.451 938.171 941.221 47.44761113489818 47.60186362614065 47.63842376828229 23.72380556744909 23.800931813070324 23.819211884141144
87224 512 1876.881 1880.782 1881.761 47.46478219072454 47.48948894661902 47.588193391056755 23.73239109536227 23.74474447330951 23.794096695528378
87224 1024 3744.963 3753.653 3771.823 47.36032205116731 47.58957527507205 47.700004512728164 23.680161025583654 23.794787637536025 23.850002256364082
87224 2048 7514.036 7523.716 7557.046 47.27634369302503 47.48577750675331 47.54695133214693 23.638171846512513 23.742888753376654 23.773475666073466
87224 4096 15025.653 15040.272 15054.772 47.46262567111611 47.50838335902436 47.554605979520495 23.731312835558054 23.75419167951218 23.777302989760248
87224 8192 30059.084 30068.225 30104.014 47.471344386167246 47.52784761987115 47.54230088980756 23.735672193083623 23.763923809935577 23.77115044490378

95944 1 9.54 10.83 11.401 16.83080431541093 17.718190212373038 20.114046121593294 8.415402157705465 8.859095106186519 10.057023060796647
95944 2 8.75 8.78 8.79 43.660523321956774 43.71025056947609 43.86011428571429 21.830261660978387 21.855125284738044 21.930057142857144
95944 4 16.78 16.81 16.83 45.60617944147356 45.66044021415824 45.742073897497015 22.80308972073678 22.83022010707912 22.871036948748507
95944 8 32.87 32.98 41.82 36.70741272118603 46.54651303820498 46.702281715850326 18.353706360593016 23.27325651910249 23.351140857925163
95944 16 65.06 65.16 65.19 47.096303113974535 47.11798649478208 47.19040885336612 23.548151556987268 23.55899324739104 23.59520442668306
95944 32 129.551 129.59 138.1 44.46354815351195 47.38340921367389 47.39767350309917 22.231774076755975 23.691704606836947 23.698836751549585
95944 64 258.341 258.44 262.97 46.70050576111343 47.519083733168245 47.53729373192796 23.350252880556717 23.759541866584122 23.76864686596398
95944 128 516.12 516.351 520.17 47.2185324028683 47.56776688725306 47.58905680849415 23.60926620143415 23.78388344362653 23.794528404247075
95944 256 1034.221 1034.361 1037.381 47.353217381077926 47.49147347976189 47.497902285875064 23.676608690538963 23.745736739880947 23.748951142937532
95944 512 2067.952 2068.592 2070.272 47.455916903672566 47.49445806616288 47.50915688565305 23.727958451836283 23.74722903308144 23.754578442826524
95944 1024 4135.213 4135.604 4138.763 47.47633821989807 47.51260323764074 47.51709573364178 23.738169109949034 23.75630161882037 23.75854786682089
95944 2048 8270.697 8274.217 8290.187 47.40383105954064 47.495324814420506 47.51553877502706 23.70191552977032 23.747662407210253 23.75776938751353
95944 4096 16543.764 16544.853 16591.033 47.373376208702624 47.50560479443366 47.50873187020802 23.686688104351312 23.75280239721683 23.75436593510401
95944 8192 33082.256 33088.627 33091.817 47.50257430711647 47.50715392331026 47.51630287849776 23.751287153558234 23.75357696165513 23.75815143924888

105536 1 10.21 11.16 12.52 16.858785942492013 18.91326164874552 20.673065621939273 8.429392971246006 9.45663082437276 10.336532810969636
105536 2 9.45 9.59 9.71 43.475180226570544 44.019186652763295 44.671322751322755 21.737590113285272 22.009593326381648 22.335661375661378
105536 4 18.32 18.47 18.61 45.367436861902206 45.71131564699513 46.085589519650654 22.683718430951103 22.855657823497566 23.042794759825327
105536 8 36.0 36.31 36.43 46.3512489706286 46.504434040209304 46.90488888888889 23.1756244853143 23.252217020104652 23.452444444444446
105536 16 71.42 71.67 71.85 47.002811412665274 47.120859494907215 47.28580229627555 23.501405706332637 23.560429747453608 23.642901148137774
105536 32 141.83 142.23 142.91 47.26264082289553 47.488602967025244 47.62253401960093 23.631320411447764 23.744301483512622 23.811267009800464
105536 64 283.261 284.901 285.4 47.33219341275403 47.41509506811138 47.68961487815124 23.666096706377015 23.70754753405569 23.84480743907562
105536 128 570.16 571.82 573.56 47.10442848176302 47.24776328215172 47.385323417987934 23.55221424088151 23.62388164107586 23.692661708993967
105536 256 1135.661 1137.151 1140.952 47.35907557899018 47.51737632029519 47.57971965225538 23.67953778949509 23.758688160147596 23.78985982612769
105536 512 2266.522 2275.052 2277.982 47.44061366595522 47.50171160922915 47.68048313671785 23.72030683297761 23.750855804614574 23.840241568358923
105536 1024 4548.404 4558.044 4563.614 47.36108882127191 47.41896480156839 47.51946572907771 23.680544410635957 23.709482400784196 23.759732864538854
105536 2048 9088.798 9105.817 9112.087 47.43978585805864 47.47245151094076 47.56134485550234 23.71989292902932 23.73622575547038 23.78067242775117
105536 4096 18186.955 18197.675 18220.195 47.45014595068824 47.508866489812576 47.536869805858096 23.72507297534412 23.754433244906288 23.768434902929048
105536 8192 36401.039 36421.359 36564.23 47.28943626052018 47.474939746207724 47.50144148357963 23.64471813026009 23.737469873103862 23.750720741789817

116088 1 10.99 11.78 12.93 17.956380510440837 19.709337860780987 21.12611464968153 8.978190255220419 9.854668930390494 10.563057324840765
116088 2 10.37 10.67 10.68 43.47865168539326 43.51940018744143 44.77839922854388 21.73932584269663 21.759700093720713 22.38919961427194
116088 4 20.1 20.18 20.4 45.52470588235295 46.02101090188305 46.20417910447761 22.762352941176474 23.010505450941526 23.102089552238805
116088 8 39.7 39.86 39.98 46.45842921460731 46.59829402910186 46.78609571788413 23.229214607303653 23.29914701455093 23.393047858942065
116088 16 78.61 78.731 78.79 47.148318314506916 47.1836506585716 47.25627782724845 23.574159157253458 23.5918253292858 23.628138913624223
116088 32 156.28 156.381 165.21 44.97083711639731 47.50981257313868 47.540517020732025 22.485418558198656 23.75490628656934 23.770258510366013
116088 64 311.86 313.61 317.641 46.78005673071171 47.381346258091256 47.64722631950234 23.390028365355857 23.690673129045628 23.82361315975117
116088 128 622.24 629.601 630.14 47.161786269717844 47.202161368866946 47.760555412702494 23.580893134858922 23.601080684433473 23.880277706351247
116088 256 1246.24 1251.351 1255.051 47.3582794643405 47.49830862803481 47.693105661830785 23.67913973217025 23.749154314017407 23.846552830915392
116088 512 2505.422 2505.852 2507.042 47.416083176907286 47.438600523893676 47.44674230528829 23.708041588453643 23.719300261946838 23.723371152644145
116088 1024 4996.384 5014.774 5208.705 45.64440182348588 47.409559034963486 47.58405759044941 22.82220091174294 23.704779517481743 23.792028795224706
116088 2048 10004.549 10010.208 10021.968 47.4454167085746 47.50115562034275 47.528024301745134 23.7227083542873 23.750577810171375 23.764012150872567
116088 4096 20003.716 20031.086 20072.896 47.3769652371038 47.47585308155534 47.54081171718295 23.6884826185519 23.73792654077767 23.770405858591474
116088 8192 40005.942 40024.982 40091.382 47.44126286292651 47.5199662051066 47.542582349392 23.720631431463254 23.7599831025533 23.771291174696

127696 1 12.32 13.76 15.02 17.0034620505992 18.56046511627907 20.72987012987013 8.5017310252996 9.280232558139534 10.364935064935064
127696 2 11.42 11.53 15.84 32.246464646464645 44.30043365134432 44.72714535901926 16.123232323232322 22.15021682567216 22.36357267950963
127696 4 22.19 22.29 30.48 33.51601049868766 45.83077613279498 46.0373141054529 16.75800524934383 22.91538806639749 23.01865705272645
127696 8 43.54 43.72 43.84 46.604379562043796 46.732296431838975 46.9254937988057 23.302189781021898 23.366148215919488 23.46274689940285
127696 16 86.5 86.57 108.24 37.7519586104952 47.201940626082944 47.2401387283237 18.8759793052476 23.600970313041472 23.62006936416185
127696 32 172.23 172.44 181.33 45.07000496332653 47.39355138019022 47.45133832665622 22.535002481663266 23.69677569009511 23.72566916332811
127696 64 343.51 343.74 347.801 46.995517551703415 47.55073020306045 47.582568193065704 23.497758775851707 23.775365101530227 23.791284096532852
127696 128 686.52 690.571 702.68 46.52213809984631 47.33789284519622 47.6172230961953 23.261069049923154 23.66894642259811 23.80861154809765
127696 256 1375.171 1375.811 1381.811 47.31497433440608 47.52131797172722 47.54343423472426 23.65748716720304 23.76065898586361 23.77171711736213
127696 512 2750.153 2752.872 2788.193 46.898010288383915 47.499739907994275 47.546701583511904 23.449005144191958 23.749869953997138 23.773350791755952
127696 1024 5501.935 5506.235 5579.364 46.8729783538052 47.49550427833175 47.53262406771436 23.4364891769026 23.747752139165875 23.76631203385718
127696 2048 11004.029 11006.258 11159.569 46.869445943656075 47.52231103432248 47.5319372567993 23.434722971828037 23.76115551716124 23.76596862839965
127696 4096 22010.858 22016.597 22135.998 47.25721569002672 47.51350229102163 47.52589072175196 23.62860784501336 23.756751145510815 23.76294536087598
127696 8192 44021.006 44029.946 44053.945 47.49112171452523 47.51700726591852 47.52665725085883 23.745560857262614 23.75850363295926 23.763328625429416

140464 1 13.15 15.32 16.75 16.77182089552239 18.337336814621413 21.363346007604562 8.385910447761194 9.168668407310706 10.681673003802281
140464 2 12.63 12.67 17.6 31.923636363636362 44.34538279400158 44.48582739509105 15.961818181818181 22.17269139700079 22.242913697545525
140464 4 24.38 24.43 31.51 35.66207553157727 45.99721653704462 46.0915504511895 17.831037765788636 22.99860826852231 23.04577522559475
140464 8 47.97 48.08 57.08 39.37323055360898 46.74342762063228 46.850614967688145 19.68661527680449 23.37171381031614 23.425307483844072
140464 16 95.04 95.15 95.211 47.20933505582339 47.23960063058328 47.29427609427609 23.604667527911694 23.61980031529164 23.647138047138046
140464 32 189.431 189.6 189.89 47.34159776712834 47.41400843881856 47.45630862952737 23.67079888356417 23.70700421940928 23.728154314763685
140464 64 378.04 381.48 382.24 47.03691921305986 47.13062808010905 47.559496349592635 23.51845960652993 23.565314040054524 23.779748174796318
140464 128 755.251 758.351 759.44 47.34907826819762 47.417072041838146 47.611699951406884 23.67453913409881 23.708536020919073 23.805849975703442
140464 256 1512.632 1513.121 1515.602 47.451486604002895 47.52929078375094 47.54465593746529 23.725743302001447 23.76464539187547 23.772327968732647
140464 512 3027.362 3027.782 3034.672 47.39725940727696 47.50511628644334 47.51170689200697 23.69862970363848 23.75255814322167 23.755853446003485
140464 1024 6052.785 6054.145 6060.765 47.46435012741791 47.51625076703647 47.526927191367285 23.732175063708954 23.758125383518234 23.763463595683643
140464 2048 12105.959 12109.78 12113.03 47.497656985906914 47.51040431783236 47.5254000116802 23.748828492953457 23.75520215891618 23.7627000058401
140464 4096 24215.979 24228.51 24244.55 47.461433105584554 47.49285399721238 47.51743004071816 23.730716552792277 23.74642699860619 23.75871502035908

154504 1 15.43 16.52 17.27 17.89276201505501 18.70508474576271 20.026441996111473 8.946381007527505 9.352542372881356 10.013220998055736
154504 2 13.8 13.86 13.95 44.30222222222223 44.58989898989899 44.78376811594203 22.151111111111113 22.294949494949496 22.391884057971016
154504 4 26.9 26.93 27.12 45.576401179941 45.89795766802822 45.94914498141264 22.7882005899705 22.94897883401411 22.97457249070632
154504 8 52.69 52.87 53.02 46.62512259524707 46.75740495555135 46.9171379768457 23.312561297623535 23.378702477775676 23.45856898842285
154504 16 104.64 104.71 104.93 47.118345563709134 47.2173431381912 47.248929663608564 23.559172781854567 23.6086715690956 23.624464831804282
154504 32 208.31 208.431 215.01 45.9897493139854 47.441388277175655 47.46894532187605 22.9948746569927 23.720694138587827 23.734472660938025
154504 64 415.851 416.021 420.171 47.06777002696521 47.537292588595285 47.55672584651714 23.533885013482607 23.768646294297643 23.77836292325857
154504 128 830.65 834.34 850.231 46.52032682882652 47.40636191480691 47.61695539637633 23.26016341441326 23.703180957403454 23.808477698188167
154504 256 1662.922 1666.301 1667.872 47.42932791005544 47.47404460538642 47.570510222367616 23.71466395502772 23.73702230269321 23.785255111183808
154504 512 3328.333 3328.592 3330.962 47.49741846349493 47.53123723183857 47.53493595742974 23.748709231747466 23.765618615919283 23.76746797871487
154504 1024 6656.036 6659.616 6693.276 47.27493562195851 47.51387947893692 47.53943518334336 23.637467810979256 23.75693973946846 23.76971759167168
154504 2048 13312.71 13314.64 13354.121 47.38974463388492 47.530266233259034 47.5371568974311 23.69487231694246 23.765133116629517 23.76857844871555
154504 4096 26630.971 26639.172 26665.041 47.46652247787656 47.51261668343145 47.527248180323575 23.73326123893828 23.756308341715727 23.763624090161787

169952 1 16.1 17.59 18.97 17.91797575118608 19.323706651506537 21.11204968944099 8.95898787559304 9.661853325753269 10.556024844720495
169952 2 15.07 15.46 15.53 43.77385705086929 43.97205692108667 45.110019907100195 21.886928525434644 21.986028460543334 22.555009953550098
169952 4 29.34 29.72 29.84 45.56353887399464 45.74751009421265 46.340013633265166 22.78176943699732 22.873755047106325 23.170006816632583
169952 8 57.89 58.11 71.75 37.89870383275261 46.79456203751506 46.97239592330281 18.949351916376305 23.39728101875753 23.486197961651406
169952 16 115.121 115.45 123.95 43.87627269060104 47.1066608921611 47.24128525638241 21.93813634530052 23.55333044608055 23.620642628191206
169952 32 229.62 230.41 242.091 44.92908864848342 47.20683998090361 47.36925354934239 22.46454432424171 23.603419990451805 23.684626774671194
169952 64 456.11 457.251 462.39 47.04655377495188 47.57530546680051 47.6943193527877 23.52327688747594 23.787652733400254 23.84715967639385
169952 128 913.601 917.261 921.401 47.21908485013582 47.43220522839192 47.62222458162808 23.60954242506791 23.71610261419596 23.81111229081404
169952 256 1826.682 1831.411 1868.901 46.55967544562285 47.51277785270482 47.635781159501214 23.279837722811425 23.75638892635241 23.817890579750607
169952 512 3663.962 3668.923 3684.173 47.23742560406365 47.433769528551025 47.497994793614126 23.618712802031826 23.716884764275513 23.748997396807063
169952 1024 7317.705 7332.546 7362.456 47.275215770389664 47.46805488843847 47.56432460723683 23.637607885194832 23.734027444219237 23.782162303618414
169952 2048 14634.612 14654.672 14737.032 47.23633578321605 47.501806386386534 47.56691820732931 23.618167891608024 23.750903193193267 23.783459103664654
169952 4096 29258.184 29309.103 29447.094 47.27959859129053 47.502196979552735 47.58486664790952 23.639799295645265 23.751098489776368 23.79243332395476

186944 1 18.16 19.6 20.92 17.872275334608027 19.075918367346937 20.58854625550661 8.936137667304013 9.537959183673468 10.294273127753305
186944 2 16.46 17.02 28.42 26.31161154116819 43.935135135135134 45.429890643985416 13.155805770584095 21.967567567567567 22.714945321992708
186944 4 32.18 32.3 32.61 45.861760196258814 46.30191950464396 46.47458048477315 22.930880098129407 23.15095975232198 23.237290242386575
186944 8 63.9 64.11 71.671 41.7338114439592 46.65581032600219 46.8091392801252 20.8669057219796 23.327905163001095 23.4045696400626
186944 16 125.84 126.63 135.94 44.00623804619685 47.241633104319675 47.53820724729816 22.003119023098424 23.620816552159837 23.76910362364908
186944 32 250.98 252.85 253.291 47.235851254091145 47.318236108364644 47.67079448561639 23.617925627045572 23.659118054182322 23.835397242808195
186944 64 503.8 505.27 507.12 47.18573907556397 47.35850535357334 47.49668916236602 23.592869537781986 23.67925267678667 23.74834458118301
186944 128 1005.721 1011.051 1015.951 47.10627185759943 47.334569670570524 47.585427767740754 23.553135928799716 23.667284835285262 23.792713883870377
186944 256 2010.741 2014.792 2025.992 47.24368506884529 47.50630735083324 47.60201736573731 23.621842534422644 23.75315367541662 23.801008682868655
186944 512 4013.324 4021.694 4047.183 47.29972823072245 47.59950806799324 47.698779365932076 23.649864115361225 23.79975403399662 23.849389682966038
186944 1024 8050.487 8062.306 8096.826 47.28535749687594 47.48781700917827 47.55753434543774 23.64267874843797 23.743908504589136 23.77876717271887
186944 2048 16093.723 16107.303 16196.103 47.27820167604516 47.53884768915069 47.57896131305354 23.63910083802258 23.769423844575346 23.78948065652677
186944 4096 32182.906 32244.786 32394.107 47.27542722508141 47.49435297849396 47.585673214221245 23.637713612540704 23.74717648924698 23.792836607110623

205632 1 19.31 21.72 22.19 18.533753943217665 18.934806629834256 21.297980321077162 9.266876971608832 9.467403314917128 10.648990160538581
205632 2 18.19 18.55 18.67 44.056132833422595 44.3411320754717 45.21869158878505 22.028066416711297 22.17056603773585 22.609345794392524
205632 4 35.29 35.57 35.93 45.78502644030059 46.24841158279449 46.61535845848683 22.892513220150295 23.124205791397245 23.307679229243416
205632 8 70.06 70.3 70.79 46.47707303291425 46.801024182076816 46.96134741650014 23.238536516457124 23.400512091038408 23.48067370825007
205632 16 139.04 139.31 140.0 47.0016 47.234398104945804 47.32612197928654 23.5008 23.617199052472902 23.66306098964327
205632 32 277.95 280.511 283.741 46.38190462428764 46.915978339530355 47.34825688073394 23.19095231214382 23.457989169765177 23.67412844036697
205632 64 551.33 555.32 558.68 47.11265124937353 47.3977094287978 47.74072878312444 23.556325624686764 23.6988547143989 23.87036439156222
205632 128 1104.87 1111.821 1113.861 47.260647423691104 47.347362570054 47.64523609112384 23.630323711845552 23.673681285027 23.82261804556192
205632 256 2215.472 2218.192 2228.432 47.245589724075046 47.463692953540544 47.521965522471056 23.622794862037523 23.731846476770272 23.760982761235528
205632 512 4423.273 4435.694 4450.743 47.31056544940923 47.471076228432345 47.60437983366616 23.655282724704616 23.735538114216173 23.80218991683308
205632 1024 8848.617 8863.867 8905.988 47.2866498360429 47.51135548401166 47.59323812975519 23.64332491802145 23.75567774200583 23.796619064877596
205632 2048 17714.794 17733.335 17878.675 47.11024010448202 47.49634922026793 47.54606076706282 23.55512005224101 23.748174610133965 23.77303038353141
205632 4096 35413.198 35448.719 35609.419 47.30594857501045 47.52040106160113 47.56806612043341 23.652974287505224 23.760200530800564 23.784033060216704

226192 1 21.73 23.32 24.15 18.73225672877847 19.398970840480274 20.818407731247124 9.366128364389235 9.699485420240137 10.409203865623562
226192 2 19.99 20.22 20.5 44.135024390243906 44.7461918892186 45.26103051525763 22.067512195121953 22.3730959446093 22.630515257628815
226192 4 39.18 39.48 48.12 37.604655029093934 45.834245187436686 46.185196528841246 18.802327514546967 22.917122593718343 23.092598264420623
226192 8 77.13 77.33 77.58 46.64954885279712 46.80036208457262 46.92171658239336 23.32477442639856 23.40018104228631 23.46085829119668
226192 16 152.66 153.1 154.02 46.99483184002077 47.27723056825605 47.41349403904101 23.497415920010386 23.638615284128026 23.706747019520506
226192 32 304.64 306.681 309.86 46.7188020396308 47.203080725574786 47.51932773109244 23.3594010198154 23.601540362787393 23.75966386554622
226192 64 608.271 611.631 614.85 47.08884443360169 47.33667194762856 47.59815279702633 23.544422216800847 23.66833597381428 23.799076398513165
226192 128 1218.891 1221.371 1225.071 47.266772293197704 47.40996142859131 47.50642346198306 23.633386146598852 23.704980714295655 23.75321173099153
226192 256 2435.702 2439.732 2453.102 47.20973852697524 47.468453092388835 47.5469922018375 23.60486926348762 23.734226546194417 23.77349610091875
226192 512 4871.064 4874.574 4899.474 47.27458661889011 47.516071763399225 47.550310979285015 23.637293309445056 23.758035881699612 23.775155489642508
226192 1024 9748.278 9759.238 9794.118 47.297900229505096 47.46694526765307 47.52031240799657 23.648950114752548 23.733472633826533 23.760156203998285
226192 2048 19485.256 19492.555 19595.976 47.27921854976757 47.530066325322665 47.547870656664706 23.639609274883785 23.765033162661332 23.773935328332353
226192 4096 38975.162 38982.862 39182.772 47.29029543902612 47.53280721153824 47.542197874636166 23.64514771951306 23.76640360576912 23.771098937318083

248808 1 23.7 26.69 27.15 18.32839779005525 18.64428624953166 20.99645569620253 9.164198895027624 9.32214312476583 10.498227848101266
248808 2 21.93 22.24 22.58 44.07581930912312 44.749640287769786 45.38221614227086 22.03790965456156 22.374820143884893 22.69110807113543
248808 4 43.0 43.04 43.51 45.74727648816364 46.24684014869888 46.28986046511628 22.87363824408182 23.12342007434944 23.14493023255814
248808 8 84.621 84.84 85.33 46.65332239540607 46.922772277227715 47.044208884319495 23.326661197703036 23.461386138613857 23.522104442159748
248808 16 168.0 168.32 169.37 47.008655606069546 47.301901140684414 47.392 23.504327803034773 23.650950570342207 23.696
248808 32 335.14 339.461 340.721 46.73534064527869 46.90881132147728 47.51361222175807 23.367670322639345 23.45440566073864 23.756806110879037
248808 64 668.911 671.8 672.991 47.32221381860976 47.4061089610003 47.610854059807664 23.66110690930488 23.70305448050015 23.805427029903832
248808 128 1340.101 1342.781 1349.411 47.20196293049337 47.43502328376705 47.52988618022074 23.600981465246686 23.717511641883526 23.76494309011037
248808 256 2679.972 2681.883 2815.053 45.25303644371882 47.500094523139154 47.53396528023427 22.62651822185941 23.750047261569577 23.766982640117135
248808 512 5359.654 5361.854 5421.344 46.99561437163921 47.517032727858684 47.53653724662077 23.497807185819607 23.758516363929342 23.768268623310384
248808 1024 10718.809 10723.879 10775.239 47.28978948866007 47.516275034434834 47.53875024734558 23.644894744330035 23.758137517217417 23.76937512367279
248808 2048 21436.737 21441.757 21545.917 47.299800143108314 47.52957362589269 47.54070397934163 23.649900071554157 23.764786812946344 23.770351989670814
248808 4096 42872.834 42879.075 43047.455 47.34856302190222 47.534494062663434 47.54141366068778 23.67428151095111 23.767247031331717 23.77070683034389

273688 1 26.06 27.41 28.83 18.986333680194246 19.96993797883984 21.00445126630852 9.493166840097123 9.98496898941992 10.50222563315426
273688 2 24.38 24.69 24.83 44.089891260571896 44.339894694208176 44.90369155045119 22.044945630285948 22.169947347104088 22.451845775225596
273688 4 47.05 47.62 56.23 38.93836030588654 45.978664426711475 46.53568544102019 19.46918015294327 22.989332213355738 23.267842720510096
273688 8 92.97 93.29 101.15 43.29221947602571 46.93973630614214 47.10130149510595 21.646109738012854 23.46986815307107 23.550650747552975
273688 16 184.72 185.39 186.1 47.06080601826975 47.241037812179734 47.41238631442183 23.530403009134876 23.620518906089867 23.706193157210915
273688 32 369.321 370.63 375.191 46.685640113968624 47.26015702992203 47.427663198139285 23.342820056984312 23.630078514961014 23.713831599069643
273688 64 733.071 740.241 742.65 47.17170133979668 47.325214355865185 47.78809146726579 23.58585066989834 23.662607177932593 23.894045733632893
273688 128 1471.952 1474.741 1481.262 47.300293938547 47.50944606544472 47.59946519995218 23.6501469692735 23.75472303272236 23.79973259997609
273688 256 2945.022 2949.522 2963.412 47.28612018848544 47.50880176516738 47.5813953172506 23.64306009424272 23.75440088258369 23.7906976586253
273688 512 5898.165 5906.845 5925.205 47.299040623910905 47.44605825952772 47.515881973461234 23.649520311955452 23.72302912976386 23.757940986730617
273688 1024 11788.359 11803.63 11851.999 47.2926992315811 47.48649559499917 47.54801105056268 23.64634961579055 23.743247797499585 23.77400552528134
273688 2048 23554.989 23603.759 23704.64 47.29141838897364 47.493538974025284 47.591873127174885 23.64570919448682 23.746769487012642 23.795936563587443

301056 1 29.29 31.5 31.98 18.827767354596624 19.11466666666667 20.556913622396724 9.413883677298312 9.557333333333334 10.278456811198362
301056 2 26.79 27.16 27.19 44.28922397940419 44.338144329896906 44.950503919372906 22.144611989702096 22.169072164948453 22.475251959686453
301056 4 51.99 52.25 52.46 45.9101791841403 46.0946985645933 46.32521638776688 22.95508959207015 23.04734928229665 23.16260819388344
301056 8 102.04 102.73 103.24 46.657264626113914 46.88889321522438 47.205958447667584 23.328632313056957 23.44444660761219 23.602979223833792
301056 16 203.611 203.84 204.511 47.106473490423504 47.261538461538464 47.314693214020856 23.553236745211752 23.630769230769232 23.657346607010428
301056 32 406.62 408.34 411.01 46.87862582418919 47.18514963021012 47.38474251143574 23.439312912094596 23.59257481510506 23.69237125571787
301056 64 806.301 809.511 845.041 45.60153649349558 47.60301960072192 47.792534053659864 22.80076824674779 23.80150980036096 23.896267026829932
301056 128 1619.371 1622.841 1632.501 47.20997781930915 47.49099634529816 47.592760398945025 23.604988909654576 23.74549817264908 23.796380199472512
301056 256 3240.743 3243.983 3258.813 47.29963701507267 47.51586922619508 47.563374201533414 23.649818507536335 23.75793461309754 23.781687100766707
301056 512 6478.895 6496.695 6541.395 47.12776770092618 47.45202660737499 47.58239545478048 23.56388385046309 23.726013303687495 23.79119772739024
301056 1024 12950.251 12969.65 13031.12 47.314635119621336 47.53888408708023 47.610095588108685 23.657317559810668 23.769442043540113 23.805047794054342
301056 2048 25923.99 25950.171 26059.961 47.318772886881916 47.51896918135916 47.5669592528002 23.659386443440958 23.75948459067958 23.7834796264001

331160 1 32.24 34.42 35.43 18.69376234829241 19.24230098779779 20.543424317617863 9.346881174146205 9.621150493898895 10.271712158808931
331160 2 29.46 29.63 30.01 44.1399533488837 44.70604117448532 44.964019008825524 22.06997667444185 22.35302058724266 22.482009504412762
331160 4 57.36 57.74 65.85 40.232042520880796 45.882923449948045 46.18688981868898 20.116021260440398 22.941461724974022 23.09344490934449
331160 8 112.25 113.1 120.33 44.03357433723926 46.84845269672856 47.203207126948776 22.01678716861963 23.42422634836428 23.601603563474388
331160 16 224.24 224.33 224.4 47.22424242424242 47.23897829091071 47.25793792365322 23.61212121212121 23.619489145455354 23.62896896182661
331160 32 445.04 451.631 451.711 46.91991118214965 46.92822237623193 47.62322487866259 23.459955591074824 23.464111188115965 23.811612439331295
331160 64 891.39 895.62 898.971 47.15222181805642 47.328643844487615 47.55323707916849 23.57611090902821 23.664321922243808 23.776618539584245
331160 128 1784.732 1788.602 1797.822 47.15536910773147 47.39844862076639 47.50122707498941 23.577684553865733 23.699224310383194 23.750613537494704
331160 256 3558.462 3568.753 3583.672 47.31290140392313 47.510690709051595 47.648090663887935 23.656450701961564 23.755345354525797 23.824045331943967
331160 512 7120.915 7142.105 7158.095 47.37403457204745 47.480097254240874 47.621385734838846 23.687017286023725 23.740048627120437 23.810692867419423
331160 1024 14269.542 14297.622 14331.082 47.32480631957866 47.43555816484727 47.52890317012277 23.66240315978933 23.717779082423636 23.764451585061384
331160 2048 28541.623 28551.413 28646.033 47.351455609926866 47.50837935761708 47.52467510344454 23.675727804963433 23.75418967880854 23.76233755172227

364272 1 36.25 38.95 47.98 15.184326802834516 18.704595635430035 20.09776551724138 7.592163401417258 9.352297817715018 10.04888275862069
364272 2 31.92 32.43 32.67 44.60018365472911 44.93024976873266 45.648120300751884 22.300091827364554 22.46512488436633 22.824060150375942
364272 4 63.08 63.33 72.46 40.21772012144632 46.01572714353388 46.19809765377299 20.10886006072316 23.00786357176694 23.099048826886495
364272 8 123.7 124.32 133.63 43.615595300456484 46.88185328185328 47.1168310428456 21.807797650228242 23.44092664092664 23.5584155214228
364272 16 245.85 246.42 247.341 47.128070154159644 47.30421232042855 47.4138865161684 23.564035077079822 23.652106160214274 23.7069432580842
364272 32 490.39 492.941 495.59 47.04172400573055 47.29452003383772 47.54054528028713 23.520862002865275 23.64726001691886 23.770272640143563
364272 64 983.071 983.831 987.64 47.21033574986838 47.39311528097813 47.42975431072628 23.60516787493419 23.696557640489065 23.71487715536314
364272 128 1960.991 1963.942 1974.951 47.21820035028718 47.482884932447085 47.55433961706097 23.60910017514359 23.741442466223543 23.777169808530484
364272 256 3926.923 3933.073 3941.404 47.32000677931012 47.42023959382397 47.494504985200884 23.66000338965506 23.710119796911986 23.747252492600442
364272 512 7850.897 7852.566 7885.527 47.3036904191692 47.502246781497924 47.51234514985994 23.6518452095846 23.751123390748962 23.75617257492997
364272 1024 15697.583 15723.953 15772.132 47.30045728757533 47.44538831933675 47.52509070982456 23.650228643787663 23.722694159668375 23.76254535491228
364272 2048 31404.195 31430.005 31519.105 47.338213188477276 47.47241090162092 47.51142680141936 23.669106594238638 23.73620545081046 23.75571340070968

400696 1 37.89 41.68 42.56 18.8296992481203 19.22725527831094 21.15048825547638 9.41484962406015 9.61362763915547 10.57524412773819
400696 2 35.23 35.57 36.15 44.33704011065007 45.05999437728423 45.494862333238714 22.168520055325036 22.529997188642113 22.747431166619357
400696 4 68.85 69.42 69.89 45.86590356274145 46.176433304523194 46.558721859114016 22.932951781370726 23.088216652261597 23.279360929557008
400696 8 135.91 136.7 145.14 44.17208212760094 46.89931236283833 47.17192259583548 22.08604106380047 23.449656181419165 23.58596129791774
400696 16 270.73 271.46 278.411 46.05519178480735 47.23448021808001 47.36184390352011 23.027595892403674 23.617240109040004 23.680921951760055
400696 32 541.261 542.32 544.281 47.11636819951459 47.28673845699956 47.37925695736437 23.558184099757295 23.64336922849978 23.689628478682184
400696 64 1078.971 1082.351 1084.491 47.293235259674816 47.386742378396654 47.53518676590937 23.646617629837408 23.693371189198327 23.767593382954686
400696 128 2158.812 2162.861 2170.522 47.25968039024714 47.42707737575369 47.51603011285837 23.62984019512357 23.713538687876845 23.758015056429183
400696 256 4318.673 4320.123 4326.383 47.41983130018771 47.48854419191306 47.50448853154661 23.709915650093855 23.74427209595653 23.752244265773307
400696 512 8627.337 8635.807 8646.887 47.452071942191445 47.51295437704895 47.55960083627196 23.726035971095722 23.756477188524475 23.77980041813598
400696 1024 17250.954 17284.994 17287.454 47.46941961494156 47.47617546179073 47.56985660039438 23.73470980747078 23.738087730895366 23.78492830019719
400696 2048 34522.208 34558.788 34579.488 47.46313236332475 47.491561798984385 47.5418842271039 23.731566181662377 23.745780899492193 23.77094211355195

440760 1 44.27 46.3 54.45 16.18953168044077 19.03930885529158 19.91235599728936 8.094765840220385 9.51965442764579 9.95617799864468
440760 2 38.93 39.2 48.46 36.38134543953776 44.97551020408163 45.28743899306447 18.19067271976888 22.487755102040815 22.643719496532235
440760 4 75.66 76.3 76.74 45.94839718530102 46.213368283093054 46.60428231562253 22.97419859265051 23.106684141546527 23.302141157811263
440760 8 149.16 150.73 158.85 44.39508970727101 46.786704703774966 47.27916331456155 22.197544853635506 23.393352351887483 23.639581657280775
440760 16 297.85 297.9 303.0 46.54891089108911 47.34582074521652 47.35376867550781 23.274455445544554 23.67291037260826 23.676884337753904
440760 32 594.781 595.731 605.33 46.60043282176664 47.35130453174336 47.42693529214955 23.30021641088332 23.67565226587168 23.713467646074776
440760 64 1184.741 1190.201 1195.861 47.17712175578934 47.40147252438874 47.619927055786874 23.58856087789467 23.70073626219437 23.809963527893437
440760 128 2372.011 2381.752 2390.002 47.21107346353685 47.374604912686124 47.56915545501265 23.605536731768424 23.687302456343062 23.784577727506324
440760 256 4758.514 4763.154 4778.464 47.22628861491894 47.378086032910126 47.42428413576171 23.61314430745947 23.689043016455063 23.712142067880855
440760 512 9484.987 9505.597 9568.988 47.166768314475895 47.48131442980383 47.58448693709333 23.583384157237948 23.740657214901915 23.792243468546665
440760 1024 19002.386 19030.605 19074.555 47.32359313231685 47.43288403074942 47.503323003753316 23.661796566158426 23.71644201537471 23.751661501876658
440760 2048 37991.91 38108.881 38138.961 47.33618621650442 47.37354948837253 47.519405052286125 23.66809310825221 23.686774744186266 23.759702526143062

484832 1 47.2 50.98 52.4 18.50503816793893 19.020478619066303 20.54372881355932 9.252519083969466 9.510239309533151 10.27186440677966
484832 2 42.47 43.36 51.84 37.40987654320987 44.72619926199262 45.663480103602545 18.704938271604934 22.36309963099631 22.831740051801273
484832 4 83.26 84.04 84.43 45.93931067156224 46.15249881009043 46.584866682680754 22.96965533578112 23.076249405045214 23.292433341340377
484832 8 164.7 166.02 172.33 45.01428654326001 46.725165642693646 47.09964784456588 22.507143271630007 23.362582821346823 23.54982392228294
484832 16 327.62 328.451 331.751 46.76586958291008 47.235733792864075 47.35554605945913 23.38293479145504 23.617866896432037 23.677773029729565
484832 32 651.89 657.31 659.011 47.084567632406745 47.20641402078167 47.59890165518722 23.542283816203373 23.603207010390836 23.79945082759361
484832 64 1307.381 1310.211 1314.681 47.2042236862022 47.36526864756898 47.46779706910227 23.6021118431011 23.68263432378449 23.733898534551134
484832 128 2605.642 2616.232 2639.192 47.028405663551574 47.44112601634717 47.633938967824434 23.514202831775787 23.720563008173585 23.816969483912217
484832 256 5219.364 5231.874 5236.664 47.40307646241959 47.44647596635546 47.56019775589516 23.701538231209796 23.72323798317773 23.78009887794758
484832 512 10439.009 10457.659 10475.048 47.39529289030465 47.47410180423745 47.558917517936806 23.697646445152326 23.737050902118725 23.779458758968403
484832 1024 20894.787 20923.587 20954.647 47.38499942280106 47.45534004279476 47.52074936202986 23.69249971140053 23.72767002139738 23.76037468101493
484832 2048 41787.163 41799.124 41880.524 47.41755074506709 47.509892121184166 47.523491173593186 23.708775372533545 23.754946060592083 23.761745586796593

533312 1 51.52 54.9 56.71 18.808393581378944 19.428488160291437 20.703105590062112 9.404196790689472 9.714244080145718 10.351552795031056
533312 2 47.47 47.75 47.78 44.647300125575555 44.675350785340314 44.93886665262271 22.323650062787777 22.337675392670157 22.469433326311353
533312 4 91.97 92.21 93.02 45.866437325306386 46.26934171998698 46.390083722953136 22.933218662653193 23.13467085999349 23.195041861476568
533312 8 181.74 182.88 191.33 44.59829613756337 46.65896762904637 46.9516452074392 22.299148068781687 23.329483814523186 23.4758226037196
533312 16 361.46 362.53 365.231 46.72654840361306 47.074680716078674 47.21403198140873 23.36327420180653 23.537340358039337 23.607015990704365
533312 32 719.97 722.75 724.801 47.09150235719873 47.2251373227257 47.407486423045405 23.545751178599364 23.61256866136285 23.703743211522703
533312 64 1440.431 1445.641 1447.231 47.16865241277999 47.22053123839182 47.39132662376747 23.584326206389996 23.61026561919591 23.695663311883735
533312 128 2880.622 2882.963 2889.573 47.24845920141142 47.356789525221096 47.39527504823611 23.62422960070571 23.678394762610548 23.697637524118054
533312 256 5761.105 5765.754 5777.484 47.26205109352098 47.358202240331444 47.39641856900716 23.63102554676049 23.679101120165722 23.69820928450358
533312 512 11511.929 11532.26 11574.68 47.181562514039264 47.35511408865218 47.43874705968044 23.590781257019632 23.67755704432609 23.71937352984022
533312 1024 23032.448 23064.488 23105.718 47.270678885633416 47.35517978981367 47.42105467903368 23.635339442816708 23.677589894906834 23.71052733951684

586640 1 56.3 60.17 72.74 16.12977728897443 19.499418314774804 20.839786856127887 8.064888644487215 9.749709157387402 10.419893428063943
586640 2 52.0 52.23 61.19 38.348749795718255 44.927436339268624 45.126153846153855 19.174374897859128 22.463718169634312 22.563076923076927
586640 4 101.27 101.56 102.05 45.98843704066634 46.2103190232375 46.34264836575492 22.99421852033317 23.10515951161875 23.17132418287746
586640 8 199.88 200.78 207.65 45.20221526607272 46.74887937045523 46.95937562537523 22.60110763303636 23.374439685227614 23.479687812687615
586640 16 396.661 397.721 402.071 46.68946529344319 47.200122699077994 47.32625592130308 23.344732646721596 23.600061349538997 23.66312796065154
586640 32 794.31 795.951 796.38 47.14452899369648 47.16993885301985 47.26738930644208 23.57226449684824 23.584969426509925 23.63369465322104
586640 64 1583.521 1585.962 1588.781 47.26259943944446 47.34660729576119 47.41959216202375 23.63129971972223 23.673303647880594 23.709796081011874
586640 128 3168.392 3172.912 3179.982 47.22663210043328 47.33186423071299 47.39938744953277 23.61331605021664 23.665932115356494 23.699693724766384
586640 256 6337.475 6343.335 6350.485 47.29712455032963 47.35043632411027 47.394219306585036 23.648562275164814 23.675218162055135 23.697109653292518
586640 512 12667.551 12704.761 12712.971 47.252476230772494 47.28301146318298 47.421901834064066 23.626238115386247 23.64150573159149 23.710950917032033
586640 1024 25329.45 25385.991 25412.02 47.27836354606993 47.32683943675865 47.432483532015105 23.639181773034966 23.663419718379323 23.716241766007553

645304 1 63.4 65.52 77.17 16.724219256187634 19.6979242979243 20.35659305993691 8.362109628093817 9.84896214896215 10.178296529968454
645304 2 57.08 57.99 58.11 44.41948029599036 44.511398516985686 45.22102312543798 22.20974014799518 22.255699258492843 22.61051156271899
645304 4 111.14 111.72 111.981 46.10096355631759 46.20866451843896 46.44981104912723 23.050481778158794 23.10433225921948 23.224905524563614
645304 8 219.951 220.41 226.391 45.60633594091638 46.843900004537 46.94165518683707 22.80316797045819 23.4219500022685 23.470827593418534
645304 16 437.41 437.52 441.89 46.73047138428115 47.197220698482354 47.20908986991609 23.365235692140576 23.598610349241177 23.604544934958046
645304 32 873.541 875.851 876.871 47.09866787703094 47.15351812123295 47.27821132608543 23.54933393851547 23.576759060616475 23.639105663042717
645304 64 1741.831 1746.362 1750.241 47.19287915207106 47.297703454381164 47.42073829206163 23.59643957603553 23.648851727190582 23.710369146030814
645304 128 3490.243 3494.243 3504.743 47.135502945579745 47.277142431136014 47.33132449517125 23.567751472789872 23.638571215568007 23.665662247585626
645304 256 6965.216 6988.086 6996.946 47.21997968828114 47.27984858801108 47.43509002448739 23.60998984414057 23.63992429400554 23.717545012243693
645304 512 13929.801 13967.331 13977.641 47.274879645284926 47.309775647186996 47.43723876600965 23.637439822642463 23.654887823593498 23.718619383004825
645304 1024 27854.102 27926.893 27949.923 47.2839439307221 47.32293678355125 47.44660560229154 23.64197196536105 23.661468391775625 23.72330280114577

709832 1 69.36 73.091 74.62 19.025247922808898 19.423239523333926 20.468050749711647 9.512623961404449 9.711619761666963 10.234025374855824
709832 2 62.8 63.25 63.43 44.76317200063062 44.89056126482213 45.21222929936306 22.38158600031531 22.445280632411066 22.60611464968153
709832 4 122.46 122.79 123.21 46.08924600275952 46.24689306946819 46.371517230115955 23.04462300137976 23.123446534734097 23.185758615057978
709832 8 241.84 242.02 248.71 45.66487877447629 46.92716304437649 46.96209063843863 22.832439387238146 23.463581522188246 23.481045319219316
709832 16 481.13 485.381 485.58 46.77833518678693 46.79751370572808 47.2109907925093 23.389167593393466 23.39875685286404 23.60549539625465
709832 32 961.22 962.061 962.401 47.20407397747924 47.220756272211425 47.262071117954264 23.60203698873962 23.610378136105712 23.631035558977132
709832 64 1918.052 1922.131 1925.672 47.182747633034076 47.269668924750704 47.37019434301051 23.591373816517038 23.634834462375352 23.685097171505255
709832 128 3828.523 3840.313 3847.933 47.224572777124756 47.31827640090794 47.46399381693671 23.612286388562378 23.65913820045397 23.731996908468354
709832 256 7661.826 7681.957 7689.276 47.26504601993737 47.310077887704914 47.43438235219646 23.632523009968686 23.655038943852457 23.71719117609823
709832 512 15320.173 15360.612 15375.792 47.27353023506041 47.320247917205386 47.44515404623694 23.636765117530206 23.660123958602693 23.72257702311847
709832 1024 30649.234 30723.875 30763.885 47.254627820901035 47.316164904329284 47.431395381692084 23.627313910450518 23.658082452164642 23.715697690846042

780808 1 76.71 81.17 81.98 19.048743595999024 19.23883208081804 20.35739799243906 9.524371797999512 9.61941604040902 10.17869899621953
780808 2 69.07 69.36 69.6 44.87402298850575 45.029296424452134 45.21835818734618 22.437011494252875 22.514648212226067 22.60917909367309
780808 4 134.59 135.46 141.61 44.11033119130004 46.11297800088587 46.411055799093546 22.05516559565002 23.056489000442934 23.205527899546773
780808 8 265.88 266.6 274.17 45.56635664004085 46.860195048762186 46.98709192116745 22.783178320020426 23.430097524381093 23.493545960583724
780808 16 528.211 529.511 532.991 46.87857018223572 47.18666090034013 47.30279376991392 23.43928509111786 23.593330450170065 23.65139688495696
780808 32 1056.7 1058.331 1061.72 47.06675206269073 47.217469770799504 47.290349200340685 23.533376031345366 23.608734885399752 23.645174600170343
780808 64 2109.012 2116.062 2119.152 47.1619893240315 47.23085807504696 47.38874126842331 23.58099466201575 23.61542903752348 23.694370634211655
780808 128 4215.034 4226.274 4231.764 47.234876046962924 47.296234934128734 47.422357209929984 23.617438023481462 23.648117467064367 23.711178604964992
780808 256 8429.007 8446.087 8470.406 47.196521158489915 47.33241511720161 47.428326492076714 23.598260579244958 23.666207558600806 23.714163246038357
780808 512 16849.254 16906.074 16913.944 47.27149339030566 47.293498892764816 47.45298468406969 23.63574669515283 23.646749446382408 23.726492342034845
780808 1024 33678.087 33791.597 33857.217 47.23054419977874 47.32226133023544 47.48175821269183 23.61527209988937 23.66113066511772 23.740879106345915

858888 1 83.87 88.88 92.39 18.592661543457083 19.32691269126913 20.481411708596635 9.296330771728542 9.663456345634565 10.240705854298318
858888 2 76.12 76.29 76.64 44.82713987473904 45.03279591034212 45.133368365738306 22.41356993736952 22.51639795517106 22.566684182869153
858888 4 147.64 148.171 149.011 46.11138774989766 46.372798995754906 46.539582768897326 23.05569387494883 23.186399497877453 23.269791384448663
858888 8 292.2 294.021 297.271 46.22787961153291 46.738865591233285 47.03014373716633 23.113939805766456 23.369432795616643 23.515071868583163
858888 16 581.16 586.161 589.14 46.651756798044616 46.88885135653857 47.292339459013014 23.325878399022308 23.444425678269283 23.646169729506507
858888 32 1163.621 1164.051 1165.261 47.172978414278006 47.222013468482054 47.23946370854428 23.586489207139003 23.611006734241027 23.61973185427214
858888 64 2324.542 2325.822 2328.662 47.21065745050162 47.2683051411501 47.29433324930245 23.60532872525081 23.63415257057505 23.647166624651224
858888 128 4643.714 4648.533 4658.684 47.196875340761466 47.29993914209063 47.34902450926133 23.598437670380733 23.649969571045315 23.674512254630667
858888 256 9289.127 9291.348 9294.237 47.31433640007244 47.32904805632079 47.34036427750422 23.65716820003622 23.664524028160393 23.67018213875211
858888 512 18574.115 18588.535 18595.955 47.29530223104971 47.31418113369343 47.35091346209496 23.647651115524855 23.657090566846716 23.67545673104748
858888 1024 37162.04 37179.93 37204.25 47.279615205252085 47.31054157444621 47.3333171160679 23.639807602626043 23.655270787223106 23.66665855803395

944776 1 90.48 96.81 108.95 17.343295089490592 19.51814895155459 20.883642793987622 8.671647544745296 9.759074475777295 10.441821396993811
944776 2 82.98 83.38 84.3 44.829228944246736 45.323866634684585 45.54234755362738 22.414614472123368 22.661933317342292 22.77117377681369
944776 4 162.37 163.33 172.71 43.76242255804527 46.27568725892365 46.54928866169859 21.881211279022637 23.137843629461823 23.274644330849295
944776 8 321.71 322.67 325.931 46.379190687599525 46.8479127281743 46.98770942774549 23.189595343799763 23.42395636408715 23.493854713872746
944776 16 640.671 642.881 644.361 46.91909038566891 47.027104549675606 47.18932494213098 23.459545192834454 23.513552274837803 23.59466247106549
944776 32 1279.941 1281.331 1285.161 47.04909657233607 47.18973005413902 47.24097751380728 23.524548286168034 23.59486502706951 23.62048875690364
944776 64 2556.662 2557.212 2558.152 47.27292514283749 47.29030209462493 47.300475385483104 23.636462571418743 23.645151047312464 23.650237692741552
944776 128 5111.594 5117.604 5136.355 47.08838388312335 47.26091663208017 47.31648405565857 23.544191941561674 23.630458316040084 23.658242027829285
944776 256 10220.219 10223.068 10233.798 47.267428182576985 47.317039464082605 47.33022961641038 23.633714091288493 23.658519732041302 23.66511480820519
944776 512 20440.657 20445.816 20465.106 47.27317923493775 47.31778002893111 47.32972252310677 23.636589617468875 23.658890014465555 23.664861261553384
944776 1024 40851.763 40868.283 40908.893 47.29781487853999 47.344813776492636 47.363959494232844 23.648907439269994 23.672406888246318 23.681979747116422

1039248 1 102.14 106.781 115.6 17.98006920415225 19.465035914629006 20.349481104366557 8.990034602076125 9.732517957314503 10.174740552183279
1039248 2 91.48 92.03 92.41 44.98422248674386 45.169966315331955 45.44153913423699 22.49211124337193 22.584983157665977 22.720769567118495
1039248 4 178.37 179.701 186.26 44.6364436808762 46.26565238924658 46.610887481078656 22.3182218404381 23.13282619462329 23.305443740539328
1039248 8 353.401 354.26 358.34 46.40276832058939 46.93718737650313 47.05127602921328 23.201384160294694 23.468593688251566 23.52563801460664
1039248 16 704.35 708.43 709.791 46.85313845906752 46.943150346540946 47.21507205224675 23.42656922953376 23.471575173270473 23.607536026123373
1039248 32 1407.531 1407.581 1411.072 47.13570391872279 47.252607132378174 47.254285696016645 23.567851959361395 23.626303566189087 23.627142848008322
1039248 64 2809.122 2817.382 2846.793 46.7275787175253 47.21537370509217 47.354206759265 23.36378935876265 23.607686852546085 23.6771033796325
1039248 128 5622.584 5628.614 5634.735 47.21561670602078 47.266962701652666 47.317654658427514 23.60780835301039 23.633481350826333 23.658827329213757
1039248 256 11239.95 11252.479 11262.159 47.24626743415717 47.28691126639739 47.33962126166041 23.623133717078584 23.643455633198695 23.669810630830206
1039248 512 22475.618 22493.649 22566.548 47.157852942328624 47.31068542947389 47.34864029100334 23.578926471164312 23.655342714736946 23.67432014550167
1039248 1024 44956.766 44986.336 45030.126 47.26568839714106 47.31169713399197 47.34281607355831 23.63284419857053 23.655848566995985 23.671408036779155

1143168 1 110.99 116.65 121.14 18.87350173353145 19.599965709387053 20.599477430399137 9.436750866765726 9.799982854693527 10.299738715199569
1143168 2 100.85 101.81 109.25 41.85512128146453 44.91378057165308 45.3413187902826 20.927560640732263 22.45689028582654 22.6706593951413
1143168 4 195.941 196.96 204.001 44.829897892657385 46.43249390739236 46.67396818430037 22.414948946328693 23.21624695369618 23.336984092150185
1143168 8 388.53 389.08 390.78 46.80558882235529 47.01009561015729 47.0766427302911 23.402794411177645 23.505047805078647 23.53832136514555
1143168 16 776.881 778.311 779.001 46.95934408299861 47.00097518858142 47.087489589782734 23.479672041499306 23.50048759429071 23.543744794891367
1143168 32 1547.251 1549.441 1551.671 47.15094372453954 47.21880471731418 47.28563885239046 23.57547186226977 23.60940235865709 23.64281942619523
1143168 64 3095.592 3097.162 3101.203 47.183465255257396 47.24502754457146 47.26898893652651 23.591732627628698 23.62251377228573 23.634494468263256
1143168 128 6182.915 6186.205 6193.425 47.25188534615338 47.30703363370596 47.332206248994204 23.62594267307669 23.65351681685298 23.666103124497102
1143168 256 12358.18 12369.41 12379.86 47.2785650241602 47.31850718829759 47.36150598227247 23.6392825120801 23.659253594148794 23.680752991136234
1143168 512 24728.05 24741.79 24760.11 47.27782033278527 47.3128270832466 47.3391161858699 23.638910166392634 23.6564135416233 23.66955809293495

1257480 1 122.28 129.11 149.34 16.840498192044997 19.479203779722717 20.56722276741904 8.420249096022498 9.739601889861358 10.28361138370952
1257480 2 110.57 111.66 112.01 44.90599053655924 45.04674905964536 45.490820294835856 22.45299526827962 22.52337452982268 22.745410147417928
1257480 4 215.23 217.59 224.86 44.73823712532242 46.233007031573145 46.739952608837065 22.36911856266121 23.116503515786572 23.369976304418532
1257480 8 428.68 429.14 433.89 46.37046255963494 46.88372093023256 46.93403004572175 23.18523127981747 23.44186046511628 23.467015022860874
1257480 16 853.231 856.691 876.801 45.89337831503386 46.970681377532856 47.161155654213225 22.94668915751693 23.485340688766428 23.580577827106612
1257480 32 1701.331 1705.491 1716.231 46.89270849903073 47.18800626916237 47.30338775934842 23.446354249515366 23.594003134581186 23.65169387967421
1257480 64 3401.463 3405.463 3426.713 46.97138044534223 47.26448063009347 47.320061985092885 23.485690222671114 23.632240315046737 23.660030992546442
1257480 128 6805.596 6810.356 6835.065 47.09755942335589 47.26843648114724 47.30149717967391 23.548779711677945 23.63421824057362 23.650748589836954
1257480 256 13600.111 13607.281 13639.331 47.20391051437934 47.31509255963774 47.340037151167365 23.60195525718967 23.65754627981887 23.670018575583683
1257480 512 27198.472 27232.912 27421.523 46.95798697978957 47.283210844290174 47.34308309672691 23.478993489894783 23.641605422145087 23.671541548363454

1383224 1 134.84 144.16 155.59 17.780371489170257 19.190122086570476 20.516523286858497 8.890185744585128 9.595061043285238 10.258261643429249
1383224 2 122.16 122.601 123.15 44.92810393828664 45.12928932064176 45.292206941715776 22.46405196914332 22.56464466032088 22.646103470857888
1383224 4 237.55 238.621 245.2 45.12965742251223 46.37392350212261 46.583001473374026 22.564828711256116 23.186961751061304 23.291500736687013
1383224 8 471.781 472.97 476.8 46.41691275167785 46.79278601179779 46.91071492917264 23.208456375838924 23.396393005898894 23.45535746458632
1383224 16 940.071 940.71 942.981 46.93961808350328 47.052936611708176 47.084920181560754 23.46980904175164 23.526468305854088 23.542460090780377
1383224 32 1873.771 1876.541 1878.681 47.12153686549233 47.17527408140829 47.24501339811535 23.560768432746166 23.587637040704145 23.622506699057674
1383224 64 3743.143 3745.993 3750.633 47.20607748078791 47.264549613413585 47.30053647429446 23.603038740393956 23.632274806706793 23.65026823714723
1383224 128 7480.186 7487.486 7491.036 47.27054362040177 47.2929557397503 47.339109482036946 23.635271810200884 23.64647786987515 23.669554741018473
1383224 256 14954.412 14971.122 14971.582 47.30366423534934 47.305117679222704 47.357976228018856 23.65183211767467 23.652558839611352 23.678988114009428
1383224 512 29905.015 29936.324 29940.595 47.30772304291214 47.31447241150917 47.364008210662995 23.65386152145607 23.657236205754586 23.682004105331497

1521544 1 149.69 156.03 161.12 18.887090367428005 19.50322373902455 20.329267152114372 9.443545183714003 9.751611869512274 10.164633576057186
1521544 2 134.71 134.87 135.68 44.85683962264151 45.12624008304293 45.1798381708856 22.428419811320754 22.563120041521465 22.5899190854428
1521544 4 260.631 261.851 263.06 46.27215084011252 46.48579535690145 46.70339291949155 23.13607542005626 23.242897678450724 23.351696459745774
1521544 8 519.17 521.52 523.501 46.50364373707023 46.68028838778954 46.891584644721384 23.251821868535114 23.34014419389477 23.445792322360692
1521544 16 1032.931 1034.481 1037.191 46.943531133609916 47.0665077463965 47.137135007081795 23.471765566804958 23.53325387319825 23.568567503540898
1521544 32 2060.482 2061.761 2064.632 47.16521685220417 47.23089436651484 47.26021193099479 23.582608426102084 23.61544718325742 23.630105965497396
1521544 64 4116.323 4119.983 4120.294 47.26789690250259 47.27146495507385 47.313496049751194 23.633948451251296 23.635732477536926 23.656748024875597
1521544 128 8228.337 8232.526 8238.376 47.28058831012326 47.31418570679279 47.338273092120566 23.64029415506163 23.657092853396396 23.669136546060283
1521544 256 16451.303 16465.944 16469.504 47.301395840457616 47.311622582950605 47.35372802993174 23.650697920228808 23.655811291475302 23.67686401496587
1521544 512 32906.417 32933.966 32955.927 47.2771121261435 47.30863741099387 47.34824383949186 23.63855606307175 23.654318705496934 23.67412191974593

1673696 1 162.88 167.46 178.18 18.786575373218092 19.98920339185477 20.551277013752458 9.393287686609046 9.994601695927384 10.275638506876229
1673696 2 147.6 148.05 155.84 42.959342915811085 45.21975008443093 45.35761517615177 21.479671457905543 22.609875042215464 22.678807588075884
1673696 4 288.42 289.191 294.5 45.46542614601018 46.30008541068015 46.423854101657305 22.73271307300509 23.150042705340073 23.211927050828653
1673696 8 567.871 572.121 574.72 46.59510022271714 46.80676989657782 47.15707616694637 23.29755011135857 23.40338494828891 23.578538083473184
1673696 16 1137.011 1137.941 1141.731 46.909711657124134 47.06594805881851 47.10444489982946 23.454855828562067 23.532974029409257 23.55222244991473
1673696 32 2267.262 2267.601 2272.171 47.14281803614252 47.237827113323725 47.24489009210227 23.57140901807126 23.618913556661862 23.622445046051133
1673696 64 4530.643 4533.793 4536.574 47.22354093639826 47.25250755824097 47.28536059892602 23.61177046819913 23.626253779120486 23.64268029946301
1673696 128 9050.458 9056.138 9065.698 47.26234824941223 47.312240162418014 47.34193297178993 23.631174124706114 23.656120081209007 23.670966485894965
1673696 256 18105.845 18117.944 18151.244 47.21066787488505 47.29743904716782 47.32904495758137 23.605333937442524 23.64871952358391 23.664522478790683
1673696 512 36202.929 36207.5 36256.459 47.27060367367921 47.33452196368156 47.34049844420047 23.635301836839606 23.66726098184078 23.670249222100235

1841064 1 180.07 183.36 203.171 18.12329515531252 20.08141361256544 20.448314544343866 9.06164757765626 10.04070680628272 10.224157272171933
1841064 2 162.92 163.37 170.52 43.18705137227304 45.077162269694554 45.20166953105819 21.59352568613652 22.538581134847277 22.600834765529093
1841064 4 316.161 317.73 324.25 45.423321511179644 46.35543385893683 46.585480182565206 22.711660755589822 23.177716929468414 23.292740091282603
1841064 8 627.631 630.08 631.49 46.64685743242173 46.75124428643981 46.933666437763584 23.323428716210866 23.375622143219903 23.466833218881792
1841064 16 1250.161 1250.851 1254.641 46.95689683343681 47.09917328282904 47.125168678274235 23.478448416718404 23.54958664141452 23.562584339137118
1841064 32 2495.502 2496.062 2529.352 46.5843014337269 47.2055966558523 47.216189768631715 23.29215071686345 23.60279832792615 23.608094884315857
1841064 64 4982.074 4984.224 4985.324 47.26998526073732 47.280417573528 47.300821304541046 23.63499263036866 23.640208786764 23.650410652270523
1841064 128 9958.478 9963.238 9977.338 47.23828981237279 47.30514156140805 47.3277526947391 23.619144906186396 23.652570780704025 23.66387634736955
1841064 256 19904.026 19921.296 19956.426 47.234147437021036 47.31744199774955 47.35849762254128 23.617073718510518 23.658720998874774 23.67924881127064
1841064 512 39822.682 39844.082 39844.602 47.315055023011645 47.31567252572163 47.3410991253678 23.657527511505823 23.657836262860815 23.6705495626839

2025168 1 199.46 201.91 216.221 18.732389545881297 20.060105987816353 20.306507570440186 9.366194772940649 10.030052993908177 10.153253785220093
2025168 2 178.84 179.5 187.01 43.31678519865248 45.12909192200557 45.295638559606346 21.65839259932624 22.564545961002786 22.647819279803173
2025168 4 347.85 353.05 356.511 45.44416301320296 45.889658688571025 46.57566192324277 22.72208150660148 22.944829344285512 23.287830961621385
2025168 8 690.111 693.1 694.931 46.6272018373047 46.75037945462415 46.95286410447015 23.31360091865235 23.375189727312076 23.476432052235076
2025168 16 1374.991 1377.301 1383.121 46.85445163510639 47.05244242180903 47.13149104248683 23.427225817553197 23.526221210904517 23.565745521243414
2025168 32 2745.462 2746.202 2748.732 47.15292433020026 47.196365016120446 47.209086121024434 23.57646216510013 23.598182508060223 23.604543060512217
2025168 64 5478.014 5480.854 5496.614 47.16021608939613 47.29582360705101 47.32034346754134 23.580108044698065 23.647911803525506 23.66017173377067
2025168 128 10954.999 10960.059 10989.819 47.17484500882134 47.30293951884748 47.32478825420249 23.58742250441067 23.65146975942374 23.662394127101244
2025168 256 21900.288 21903.868 21918.918 47.30552922365966 47.338032533797225 47.345770795342965 23.65276461182983 23.669016266898613 23.672885397671482
2025168 512 43794.955 43821.025 43824.355 47.320081082767786 47.323676979258245 47.35184753586343 23.660040541383893 23.661838489629123 23.675923767931714

2227680 1 219.94 231.02 237.9 18.727868852459018 19.285602978097135 20.257161043921073 9.363934426229509 9.642801489048567 10.128580521960536
2227680 2 196.51 197.15 208.12 42.81529886603882 45.19766675120467 45.34486794565162 21.40764943301941 22.598833375602336 22.67243397282581
2227680 4 382.11 383.97 389.03 45.80993753695088 46.41362606453629 46.63955405511502 22.90496876847544 23.206813032268144 23.31977702755751
2227680 8 759.281 764.02 775.881 45.9385910983772 46.65176304285228 46.9429368046876 22.9692955491886 23.32588152142614 23.4714684023438
2227680 16 1510.511 1515.551 1517.911 46.96306963978784 47.036200035498645 47.19314192349477 23.48153481989392 23.518100017749322 23.596570961747386
2227680 32 3017.312 3022.133 3023.133 47.16018779193638 47.17579272652792 47.25116925263281 23.58009389596819 23.58789636326396 23.625584626316407
2227680 64 6027.365 6031.125 6037.085 47.23190745202362 47.27858235403843 47.30807575117817 23.61595372601181 23.639291177019214 23.654037875589086
2227680 128 12044.18 12057.57 12063.47 47.273800987609704 47.29693296410471 47.349514869422414 23.636900493804852 23.648466482052356 23.674757434711207
2227680 256 24089.399 24101.0 24117.189 47.292914609575774 47.32468196340401 47.34747263723765 23.646457304787887 23.662340981702005 23.673736318618825

2450448 1 246.38 253.89 268.821 18.231075697211153 19.303225806451614 19.891614579105447 9.115537848605577 9.651612903225807 9.945807289552723
2450448 2 216.44 216.93 225.09 43.54610155937625 45.184123910939014 45.286416558861575 21.773050779688123 22.592061955469507 22.643208279430787
2450448 4 421.3 422.541 423.261 46.31559250675115 46.394513195169225 46.53117493472585 23.157796253375576 23.197256597584612 23.265587467362923
2450448 8 837.661 838.8 840.4 46.65298429319372 46.741974248927036 46.80553111580938 23.32649214659686 23.370987124463518 23.40276555790469
2450448 16 1663.971 1664.932 1667.022 47.03857297624147 47.097620803732525 47.124821285947895 23.519286488120734 23.548810401866263 23.562410642973948
2450448 32 3318.212 3319.683 3320.812 47.22600135147669 47.24206257043218 47.26300549814177 23.613000675738345 23.62103128521609 23.631502749070886
2450448 64 6630.576 6635.205 6641.366 47.227835960252754 47.27168851602927 47.304690271252454 23.613917980126377 23.635844258014636 23.652345135626227
2450448 128 13248.031 13257.14 13276.291 47.25074857126889 47.31900606013062 47.35154137244999 23.625374285634447 23.65950303006531 23.675770686224993
2450448 256 26484.161 26511.541 26519.692 47.309349444933225 47.32389475210061 47.37281939948938 23.654674722466613 23.661947376050303 23.68640969974469

2695488 1 273.681 276.93 296.07 18.20845070422535 19.466926660166827 19.698027996097647 9.104225352112675 9.733463330083413 9.849013998048823
2695488 2 236.91 238.751 251.97 42.79061793070603 45.15981922588806 45.51075091807015 21.395308965353014 22.57990961294403 22.755375459035076
2695488 4 463.48 464.39 464.88 46.385957666494576 46.43490169900299 46.52607232243031 23.192978833247288 23.217450849501496 23.263036161215155
2695488 8 917.471 920.491 922.051 46.77377715549356 46.85304690648795 47.007271074508076 23.38688857774678 23.426523453243973 23.503635537254038
2695488 16 1831.111 1832.161 1833.461 47.04524175861935 47.078622457305876 47.10561839233121 23.522620879309674 23.539311228652938 23.552809196165605
2695488 32 3651.193 3655.093 3655.893 47.18716658282942 47.19749456443379 47.24790828641488 23.59358329141471 23.598747282216895 23.62395414320744
2695488 64 7290.376 7292.756 7299.476 47.26674407861605 47.31029860316182 47.32574341844645 23.633372039308025 23.65514930158091 23.662871709223225
2695488 128 14569.672 14589.292 14601.332 47.259039654738345 47.29804078223946 47.36173388117453 23.629519827369172 23.64902039111973 23.680866940587265
2695488 256 29146.024 29157.993 29170.204 47.31162853711958 47.33144205089835 47.35087900840265 23.65581426855979 23.665721025449177 23.675439504201325

2965032 1 301.52 308.21 315.14 18.81723678365171 19.24033613445378 19.667232687715572 9.408618391825854 9.62016806722689 9.833616343857786
2965032 2 260.8 262.16 262.71 45.145323741007196 45.2400366188587 45.475950920245396 22.572661870503598 22.62001830942935 22.737975460122698
2965032 4 509.72 511.27 519.401 45.66848350311224 46.394773798580005 46.53585497920426 22.83424175155612 23.197386899290002 23.26792748960213
2965032 8 1012.12 1013.731 1016.341 46.677750872984554 46.79792962827417 46.8724182903213 23.338875436492277 23.398964814137084 23.43620914516065
2965032 16 2014.932 2015.852 2019.062 46.99262528837649 47.06745534890457 47.08894592968894 23.496312644188244 23.533727674452287 23.54447296484447
2965032 32 4012.743 4020.803 4021.753 47.183914079258464 47.19506227984808 47.28985833381305 23.591957039629232 23.59753113992404 23.644929166906525
2965032 64 8024.417 8029.617 8045.017 47.17505208503599 47.26552910306929 47.29615821311379 23.587526042517997 23.632764551534645 23.648079106556896
2965032 128 16035.833 16041.373 16048.163 47.29813574301308 47.31815612042684 47.3345034211818 23.64906787150654 23.65907806021342 23.6672517105909
2965032 256 32070.406 32082.896 32107.366 47.28187245257053 47.317934889668315 47.33636312555569 23.640936226285266 23.658967444834158 23.668181562777846

3261528 1 321.54 339.29 344.87 18.914535912082815 19.225606413392672 20.286919201343533 9.457267956041408 9.612803206696336 10.143459600671767
3261528 2 287.24 288.71 293.31 44.478919914084074 45.18760001385474 45.41885531263055 22.239459957042037 22.59380000692737 22.709427656315274
3261528 4 562.951 564.661 566.771 46.03662502139312 46.20865262520345 46.34901439024 23.01831251069656 23.104326312601724 23.17450719512
3261528 8 1112.681 1115.721 1116.031 46.75895920453823 46.7719510522792 46.899738559389434 23.379479602269114 23.3859755261396 23.449869279694717
3261528 16 2215.972 2218.921 2225.861 46.88922443944164 47.03587734759372 47.09847236336921 23.44461221972082 23.51793867379686 23.549236181684606
3261528 32 4417.683 4422.203 4426.024 47.16146862285428 47.20221844180378 47.2505139006126 23.58073431142714 23.60110922090189 23.6252569503063
3261528 64 8824.327 8831.357 8853.347 47.15454889546293 47.2719633007702 47.309623045474176 23.577274447731465 23.6359816503851 23.654811522737088
3261528 128 17643.355 17645.245 17655.364 47.2916428117823 47.31876310020065 47.32383200360702 23.64582140589115 23.659381550100324 23.66191600180351
3261528 256 35247.599 35292.969 35301.798 47.3036057823457 47.31543940097531 47.376342882248515 23.65180289117285 23.657719700487654 23.688171441124258

3587680 1 358.98 368.071 382.911 18.738975897793484 19.49449970250305 19.988188757033818 9.369487948896742 9.747249851251524 9.994094378516909
3587680 2 316.231 316.67 325.14 44.13704865596359 45.31758613067231 45.38049716820932 22.068524327981795 22.658793065336155 22.69024858410466
3587680 4 617.9 620.99 622.96 46.07268524463851 46.21884410376979 46.44997572422722 23.036342622319253 23.109422051884895 23.22498786211361
3587680 8 1224.781 1228.251 1231.531 46.610990709937475 46.735463679655055 46.867872705406114 23.305495354968738 23.367731839827528 23.433936352703057
3587680 16 2436.052 2438.942 2442.451 47.0043247541097 47.07195169052811 47.127795301578125 23.50216237705485 23.535975845264055 23.563897650789063
3587680 32 4856.744 4862.824 4864.904 47.197543877535914 47.21773191873694 47.276842263047016 23.598771938767957 23.60886595936847 23.638421131523508
3587680 64 9709.338 9712.658 9715.548 47.26681809404884 47.28088232901849 47.2970495001822 23.63340904702442 23.640441164509244 23.6485247500911
3587680 128 19404.546 19405.596 19416.516 47.30231108402764 47.32892924288437 47.33149026006587 23.65115554201382 23.664464621442185 23.665745130032935
3587680 256 38798.522 38817.901 38845.861 47.28668930777465 47.32074925947182 47.34438492270402 23.643344653887326 23.66037462973591 23.67219246135201

3946448 1 387.98 405.04 430.62 18.32914402489434 19.486707485680427 20.343564101242332 9.16457201244717 9.743353742840213 10.171782050621166
3946448 2 347.63 349.36 353.66 44.635503025504725 45.18488664987405 45.40975174754768 22.317751512752363 22.592443324937026 22.70487587377384
3946448 4 681.541 684.39 696.651 45.31908229515209 46.13098379578895 46.323822044455135 22.659541147576046 23.065491897894475 23.161911022227567
3946448 8 1346.311 1347.721 1350.501 46.75536560135831 46.85180983304408 46.900878028924964 23.377682800679153 23.42590491652204 23.450439014462482
3946448 16 2679.122 2681.813 2684.052 47.05062942148661 47.08991119067586 47.137209876967155 23.525314710743306 23.54495559533793 23.568604938483578
3946448 32 5343.084 5352.764 5356.054 47.1564834857901 47.18546754536534 47.270952880396415 23.57824174289505 23.59273377268267 23.635476440198207
3946448 64 10675.719 10683.009 10700.449 47.20786426812557 47.28493105266503 47.31721994556058 23.603932134062784 23.642465526332515 23.65860997278029
3946448 128 21342.657 21346.437 21370.667 47.27464463322553 47.32830532795707 47.336687648590335 23.637322316612764 23.664152663978534 23.668343824295167
3946448 256 42665.555 42682.315 42691.125 47.330244307218415 47.340013680138945 47.358609913781734 23.665122153609207 23.670006840069473 23.679304956890867

4341088 1 428.48 442.951 463.09 18.74835561122028 19.60075945194841 20.26273338312173 9.37417780561014 9.800379725974205 10.131366691560865
4341088 2 382.691 382.941 390.421 44.4759682496587 45.34471889925602 45.374341178653275 22.23798412482935 22.67235944962801 22.687170589326637
4341088 4 750.81 751.22 753.261 46.10447640326527 46.22973829237773 46.254983284719174 23.052238201632633 23.114869146188866 23.127491642359587
4341088 8 1480.532 1484.861 1487.781 46.685236604043205 46.77704377716163 46.91381746561371 23.342618302021602 23.388521888580815 23.456908732806856
4341088 16 2947.382 2949.123 2956.062 46.9932010898283 47.10377152801019 47.13159542943534 23.49660054491415 23.551885764005096 23.56579771471767
4341088 32 5884.635 5886.695 5888.915 47.17840756743814 47.19619956529088 47.21272126478532 23.58920378371907 23.59809978264544 23.60636063239266
4341088 64 11749.029 11753.779 11927.809 46.58519129540052 47.27494570044238 47.294058428147544 23.29259564770026 23.63747285022119 23.647029214073772
4341088 128 23481.919 23488.979 23499.899 47.29035337556131 47.31233860782114 47.3265633869191 23.645176687780655 23.65616930391057 23.66328169345955

4775192 1 475.531 487.801 504.5 18.930394449950448 19.578442848620647 20.08362020562277 9.465197224975224 9.789221424310323 10.041810102811384
4775192 2 418.97 421.44 427.46 44.684340055209844 45.32262718299165 45.589822660333674 22.342170027604922 22.661313591495826 22.794911330166837
4775192 4 821.311 825.691 830.98 45.97166718813931 46.26614072334566 46.51287514717324 22.985833594069653 23.13307036167283 23.25643757358662
4775192 8 1632.981 1635.251 1649.511 46.318619275652 46.72253495029204 46.787483749045464 23.159309637826 23.36126747514602 23.393741874522732
4775192 16 3242.983 3245.802 3261.063 46.85777122367767 47.078085477795625 47.11900864111838 23.428885611838837 23.539042738897813 23.55950432055919
4775192 32 6469.075 6474.405 6481.146 47.154050842243024 47.20314654396814 47.24203815846934 23.577025421121512 23.60157327198407 23.62101907923467
4775192 64 12923.741 12925.171 12938.01 47.24254935650846 47.28947694386403 47.29470948079198 23.62127467825423 23.644738471932015 23.64735474039599
4775192 128 25829.43 25838.481 25856.041 47.27905374221831 47.31118489511825 47.327763407864595 23.639526871109155 23.655592447559126 23.663881703932297

5252704 1 519.891 537.821 562.871 18.663970963151417 19.533279659961213 20.206943378515884 9.331985481575709 9.766639829980607 10.103471689257942
5252704 2 466.97 470.41 477.05 44.043215595849496 44.66490083118981 44.99393108765017 22.021607797924748 22.332450415594906 22.496965543825084
5252704 4 906.37 911.391 917.541 45.79809730573348 46.10713952628455 46.36255833710295 22.89904865286674 23.053569763142274 23.181279168551477
5252704 8 1797.521 1799.401 1811.321 46.398879050151805 46.706245022649206 46.7550943772006 23.199439525075903 23.353122511324603 23.3775471886003
5252704 16 3570.393 3579.103 3588.713 46.83755095489664 46.96331119836451 47.077878541661946 23.41877547744832 23.481655599182254 23.538939270830973
5252704 32 7126.056 7137.866 7172.086 46.872424006070204 47.09713743575461 47.1751914382935 23.436212003035102 23.548568717877306 23.58759571914675
5252704 64 14223.001 14255.131 14332.292 46.91127643785098 47.16520051622115 47.27174750251371 23.45563821892549 23.582600258110574 23.635873751256856
5252704 128 28451.733 28475.073 28662.033 46.91545167085671 47.223486450763446 47.262225608542025 23.457725835428356 23.611743225381723 23.631112804271012

5777968 1 574.461 594.22 612.56 18.864986287057594 19.447235030796673 20.11613669161179 9.432493143528797 9.723617515398336 10.058068345805895
5777968 2 521.16 525.121 530.291 43.58337592001372 44.0124695070279 44.34697981426049 21.79168796000686 22.00623475351395 22.173489907130246
5777968 4 1002.921 1013.501 1024.541 45.11653901600815 45.60799051998962 46.08911768723558 22.558269508004074 22.80399525999481 23.04455884361779
5777968 8 1987.482 1991.142 2011.511 45.95922567661822 46.42937972279224 46.51488063791269 22.97961283830911 23.21468986139612 23.257440318956345
5777968 16 3945.223 3947.943 3986.864 46.37604292496559 46.83324353973701 46.86553231591724 23.188021462482794 23.416621769868506 23.43276615795862
5777968 32 7872.466 7885.627 7949.476 46.51752543186494 46.89417239745171 46.972568951075814 23.25876271593247 23.447086198725856 23.486284475537907
5777968 64 15715.883 15752.042 15861.873 46.626265637103515 46.951366940235424 47.059392335766304 23.313132818551757 23.475683470117712 23.529696167883152
5777968 128 31436.245 31460.355 31712.235 46.643190175653025 47.016628006899474 47.05268736771837 23.321595087826513 23.508314003449737 23.526343683859185

6355760 1 635.64 653.371 684.7 18.56509420184022 19.45528650644121 19.99798628154301 9.28254710092011 9.727643253220606 9.998993140771505
6355760 2 586.6 588.8 627.801 40.49537990541588 43.17771739130435 43.33965223320832 20.24768995270794 21.588858695652174 21.66982611660416
6355760 4 1117.531 1126.881 1162.351 43.74417022052719 45.121073121296746 45.49858572155941 21.872085110263594 22.560536560648373 22.749292860779704
6355760 8 2213.042 2238.832 2270.791 44.782703472050045 45.42197002722848 45.951301421301544 22.391351736025022 22.71098501361424 22.975650710650772
6355760 16 4380.863 4407.253 4506.114 45.13519187486158 46.14763890341671 46.425628922885736 22.56759593743079 23.073819451708356 23.212814461442868
6355760 32 8714.997 8766.557 8905.387 45.67669434242442 46.400045080411836 46.674558809371945 22.83834717121221 23.200022540205918 23.337279404685972
6355760 64 17447.224 17512.464 17757.075 45.81482479518727 46.45475816538438 46.628465365034586 22.907412397593635 23.22737908269219 23.314232682517293
6355760 128 34843.639 35146.628 35543.948 45.77641628330089 46.29390222015039 46.69645900073755 22.888208141650445 23.146951110075197 23.348229500368774

6991336 1 692.62 709.651 745.17 18.76440543768536 19.70358951090043 20.188085819063843 9.38220271884268 9.851794755450214 10.094042909531922
6991336 2 669.921 703.94 738.921 37.8461892407984 39.72688581413188 41.74424148519004 18.9230946203992 19.86344290706594 20.87212074259502
6991336 4 1260.051 1307.29 1346.501 41.5377990807285 42.78368839354695 44.38763827813319 20.76889954036425 21.391844196773476 22.193819139066594
6991336 8 2469.622 2511.262 2620.802 42.682116390326314 44.54388908843442 45.294938253708466 21.341058195163157 22.27194454421721 22.647469126854233
6991336 16 4864.024 4975.383 5029.954 44.47809105212493 44.965935687765146 45.99540462793768 22.239045526062466 22.482967843882573 22.99770231396884
6991336 32 9700.258 9845.598 9970.788 44.87564112284806 45.44624958280848 46.127175586463785 22.43782056142403 22.72312479140424 23.063587793231893
6991336 64 19277.306 19548.316 19951.626 44.85303643923558 45.778419378937805 46.42199527257595 22.42651821961779 22.889209689468903 23.210997636287974
6991336 128 38583.901 39151.912 39803.672 44.965248834328655 45.713783173603375 46.386756383186864 22.482624417164327 22.856891586801687 23.193378191593432

7690464 1 775.781 786.59 814.721 18.878767087137806 19.553932798535453 19.826378836295298 9.439383543568903 9.776966399267726 9.913189418147649
7690464 2 805.45 858.36 909.51 33.822449450803184 35.8379421221865 38.192136073002665 16.911224725401592 17.91897106109325 19.096068036501332
7690464 4 1469.201 1526.011 1573.902 39.08992554809639 40.316689722420094 41.875626275778465 19.544962774048194 20.158344861210047 20.937813137889233
7690464 8 2820.043 2883.442 2995.272 41.080550948294515 42.6737988834178 43.633172969348344 20.540275474147258 21.3368994417089 21.816586484674172
7690464 16 5486.304 5675.414 5750.245 42.79728046370198 43.361567631894346 44.85621795656967 21.39864023185099 21.680783815947173 22.428108978284836
7690464 32 10906.239 11084.359 11428.949 43.06517563425998 44.40398366743625 45.12918669763243 21.53258781712999 22.201991833718125 22.564593348816214
7690464 64 21714.657 21991.798 22588.118 43.579522295748596 44.76120560947313 45.332486347815674 21.789761147874298 22.380602804736565 22.666243173907837
7690464 128 43358.755 43809.526 44950.437 43.798434796084415 44.93905695304715 45.406257259923635 21.899217398042207 22.469528476523575 22.703128629961817

8459504 1 846.14 867.981 896.681 18.868480541017373 19.49237137679281 19.99551847212045 9.434240270508687 9.746185688396405 9.997759236060226
8459504 2 1045.25 1085.881 1129.441 29.959967807083324 31.161808706478883 32.37313178665391 14.979983903541662 15.580904353239442 16.186565893326954
8459504 4 1772.192 1849.072 1871.542 36.160573473638316 36.59999826940217 38.18775392282552 18.080286736819158 18.299999134701086 19.09387696141276
8459504 8 3321.172 3419.653 3492.273 38.75758395749702 39.580642831304814 40.75430721444117 19.37879197874851 19.790321415652407 20.377153607220585
8459504 16 6397.986 6505.825 6676.625 40.54505502405781 41.60950040924863 42.31083469079176 20.272527512028905 20.804750204624316 21.15541734539588
8459504 32 12690.2 12812.25 13150.881 41.168972329686504 42.25707865519327 42.66349277395155 20.584486164843252 21.128539327596634 21.331746386975777
8459504 64 25175.77 25435.791 26144.301 41.416923405219364 42.570585361390954 43.010263916456175 20.708461702609682 21.285292680695477 21.505131958228088

9305448 1 942.581 951.121 982.98 18.933138008911673 19.567327395778243 19.74461186890039 9.466569004455836 9.783663697889121 9.872305934450194
9305448 2 1396.321 1397.971 1439.641 25.85491243997635 26.625582361865874 26.65704519233042 12.927456219988175 13.312791180932937 13.32852259616521
9305448 4 2261.061 2292.272 2301.002 32.352681136304966 32.47589465822555 32.92418205435413 16.176340568152483 16.237947329112774 16.462091027177063
9305448 8 4090.024 4116.283 4150.233 35.87441187036968 36.170294413673695 36.40251695344575 17.93720593518484 18.085147206836847 18.201258476722874
9305448 16 7659.726 7781.696 7905.807 37.66526756851008 38.26599445673539 38.875324783158035 18.83263378425504 19.132997228367696 19.437662391579018
9305448 32 14872.352 15146.793 15373.692 38.73816855443702 39.3184664238826 40.04401402010926 19.36908427721851 19.6592332119413 20.02200701005463
9305448 64 29437.734 29773.034 30028.254 39.6658874671834 40.00591085208178 40.46158389772799 19.8329437335917 20.00295542604089 20.230791948863995

10235992 1 1036.68 1039.741 1084.671 18.873911075339894 19.68950344364606 19.74764054481614 9.436955537669947 9.84475172182303 9.87382027240807
10235992 2 1755.631 1776.802 1832.552 22.342595462502565 23.04363007245602 23.321511183158645 11.171297731251283 11.52181503622801 11.660755591579322
10235992 4 2791.362 2823.212 2860.133 28.630814021585707 29.005238005505785 29.33619358578357 14.315407010792853 14.502619002752892 14.668096792891784
10235992 8 4908.254 5013.004 5023.884 32.59945333132691 32.670205728940175 33.3674402343481 16.299726665663457 16.335102864470088 16.68372011717405
10235992 16 9167.918 9276.657 9509.458 34.44483839142041 35.309243836438064 35.728040324968006 17.222419195710206 17.654621918219032 17.864020162484003
10235992 32 17680.724 17991.615 18017.595 36.35909720470462 36.41159995920321 37.05184742434756 18.17954860235231 18.205799979601604 18.52592371217378
10235992 64 34846.388 35174.608 35552.098 36.8531549389856 37.24865891895653 37.599506037756335 18.4265774694928 18.624329459478265 18.799753018878167

11259584 1 1153.481 1161.561 1189.081 18.938296045433407 19.38698699422587 19.52279057912527 9.469148022716704 9.693493497112936 9.761395289562635
11259584 2 2171.611 2187.342 2224.282 20.2484828812174 20.590440818125376 20.73959654836893 10.1242414406087 10.295220409062688 10.369798274184465
11259584 4 3412.143 3428.133 3474.383 25.925947715033146 26.275722674703694 26.398856085457144 12.962973857516573 13.137861337351847 13.199428042728572
11259584 8 5959.445 5995.665 6066.125 29.69825778400544 30.047266483367565 30.22988617228618 14.84912889200272 15.023633241683783 15.11494308614309
11259584 16 10949.509 11029.729 11096.769 32.46951324299893 32.666866792466074 32.90619588513056 16.234756621499464 16.333433396233037 16.45309794256528
11259584 32 21018.616 21206.977 21320.037 33.79981826485573 33.98001403028824 34.28453024690113 16.899909132427865 16.99000701514412 17.142265123450564
11259584 64 40942.504 41392.413 41653.734 34.60018139070077 34.818621277285764 35.20123615302083 17.300090695350384 17.409310638642882 17.600618076510415

12385536 1 1269.661 1279.351 1317.251 18.80512673742514 19.362217249214638 19.50998888679734 9.40256336871257 9.681108624607319 9.75499444339867
12385536 2 2519.512 2550.502 2600.152 19.053556868983044 19.42446781065061 19.663388783224686 9.526778434491522 9.712233905325306 9.831694391612343
12385536 4 3990.413 4026.873 4032.233 24.57305617011715 24.60576432383142 24.83058470388905 12.286528085058576 12.30288216191571 12.415292351944524
12385536 8 6894.655 6969.636 7010.316 28.268137413491775 28.433131371566606 28.742348384364412 14.134068706745888 14.216565685783303 14.371174192182206
12385536 16 12692.87 12730.74 12836.69 30.875338736076042 31.132294901946004 31.225180120807984 15.437669368038021 15.566147450973002 15.612590060403992
12385536 32 24195.729 24314.06 24670.08 32.130998521285704 32.60147848611051 32.76091842490053 16.065499260642852 16.300739243055254 16.380459212450265
12385536 64 47378.249 47578.318 48230.549 32.870216924132464 33.32082079908752 33.46152805267244 16.435108462066232 16.66041039954376 16.73076402633622

13624088 1 1386.101 1405.361 1438.712 18.93928458232085 19.388737840312913 19.65814612355088 9.469642291160426 9.694368920156457 9.82907306177544
13624088 2 2835.502 2848.662 2861.052 19.047662188593563 19.13050828775053 19.21929591303409 9.523831094296781 9.565254143875265 9.609647956517046
13624088 4 4453.364 4477.194 4496.934 24.237114442862623 24.343976160068113 24.474241045645496 12.118557221431312 12.171988080034057 12.237120522822748
13624088 8 7703.076 7740.996 7822.616 27.866049924986733 28.159865733040036 28.29848855184604 13.933024962493366 14.079932866520018 14.14924427592302
13624088 16 14133.362 14246.542 14437.111 30.197926441100297 30.601869281682532 30.84692913122865 15.098963220550148 15.300934640841266 15.423464565614324
13624088 32 27284.192 27399.102 27552.513 31.64653735940529 31.823730281379294 31.957758983663506 15.823268679702645 15.911865140689647 15.978879491831753
13624088 64 53387.843 53773.543 54119.763 32.22267000688824 32.43013509450177 32.66442631892807 16.11133500344412 16.215067547250886 16.332213159464036

14986496 1 1529.341 1558.051 1594.631 18.79619297505191 19.23749094220921 19.5986323521046 9.398096487525955 9.618745471104605 9.7993161760523
14986496 2 3167.623 3181.203 3195.102 18.761837337274365 18.84380971600995 18.924595508998387 9.380918668637182 9.421904858004975 9.462297754499193
14986496 4 4943.734 4991.715 5025.704 23.855755929915492 24.018191743719346 24.25129831014371 11.927877964957746 12.009095871859673 12.125649155071855
14986496 8 8560.057 8642.346 8666.117 27.66913209226231 27.745236767886865 28.011955527866224 13.834566046131155 13.872618383943433 14.005977763933112
14986496 16 15818.753 15875.903 16037.542 29.902828750191272 30.207281563763647 30.316414448092083 14.951414375095636 15.103640781881824 15.158207224046041
14986496 32 30309.035 30362.165 30435.964 31.513236906181124 31.58983372891887 31.645208895631285 15.756618453090562 15.794916864459434 15.822604447815642
14986496 64 59312.008 59483.638 60035.849 31.952100619081776 32.24872506957291 32.34204257593167 15.976050309540888 16.124362534786457 16.171021287965836

16485144 1 1684.671 1700.211 1731.751 19.03870013645149 19.391880184283007 19.570757732518693 9.519350068225744 9.695940092141504 9.785378866259347
16485144 2 3462.843 3477.263 3486.063 18.915486036827218 18.96335594978004 19.042323316419488 9.457743018413609 9.48167797489002 9.521161658209744
16485144 4 5452.935 5469.495 5499.694 23.979725417450496 24.112125890964343 24.1853519251559 11.989862708725248 12.056062945482172 12.09267596257795
16485144 8 9385.527 9439.407 9480.608 27.821243532060393 27.94267733131965 28.103089363016057 13.910621766030197 13.971338665659825 14.051544681508028
16485144 16 17384.164 17453.124 17531.894 30.089424907542792 30.225225466798953 30.3451237574611 15.044712453771396 15.112612733399477 15.17256187873055
16485144 32 33436.557 33507.767 33603.697 31.396819701118005 31.486706231423895 31.553763624645924 15.698409850559003 15.743353115711948 15.776881812322962
16485144 64 65398.373 65512.813 65651.704 32.140802194562994 32.208942577385585 32.265304704139965 16.070401097281497 16.104471288692793 16.132652352069982

18133656 1 1867.162 1872.441 1888.631 19.202963416358198 19.369001212855306 19.423762908628174 9.601481708179099 9.684500606427653 9.711881454314087
18133656 2 3820.533 3828.263 3834.383 18.916895886508993 18.947137121979345 18.985472445860303 9.458447943254496 9.473568560989673 9.492736222930152
18133656 4 5999.025 6032.875 6040.375 24.016596320592683 24.046453473675488 24.182137597359574 12.008298160296341 12.023226736837744 12.091068798679787
18133656 8 10378.339 10420.338 10470.029 27.71133642514266 27.843482236372758 27.956159073238986 13.85566821257133 13.921741118186379 13.978079536619493
18133656 16 19211.706 19264.025 19311.956 30.047551475365836 30.12231306801149 30.204344788536744 15.023775737682918 15.061156534005745 15.102172394268372
18133656 32 36775.92 36801.49 37060.55 31.315077191245138 31.535516197849603 31.557442587432217 15.657538595622569 15.767758098924801 15.778721293716108

19947016 1 2062.322 2081.292 2097.851 19.01661843476968 19.167916851647924 19.344230435402427 9.50830921738484 9.583958425823962 9.672115217701213
19947016 2 4233.924 4242.713 4274.983 18.663948839094797 18.805906503692334 18.844944784082095 9.331974419547398 9.402953251846167 9.422472392041048
19947016 4 6646.386 6670.836 6696.305 23.830474866362866 23.92145871971669 24.009458373317468 11.915237433181433 11.960729359858345 12.004729186658734
19947016 8 11439.519 11566.069 11610.139 27.489098623194785 27.593839877662845 27.899097505760516 13.744549311597392 13.796919938831422 13.949548752880258
19947016 16 21148.367 21285.437 21304.657 29.960797397489202 29.987850942407245 30.182212744842197 14.980398698744601 14.993925471203623 15.091106372421098
19947016 32 40480.203 40520.242 40771.563 31.31126035074986 31.5054639604571 31.536626039153017 15.65563017537493 15.75273198022855 15.768313019576508

21941712 1 2269.141 2294.902 2309.782 18.998946220898766 19.122134191351087 19.33922308045203 9.499473110449383 9.561067095675543 9.669611540226015
21941712 2 4639.954 4656.144 4668.814 18.798531704197252 18.849685061286763 18.915456489439332 9.399265852098626 9.424842530643382 9.457728244719666
21941712 4 7281.306 7315.586 7346.196 23.894502134165762 23.994481918468317 24.107446658607675 11.947251067082881 11.997240959234158 12.053723329303837
21941712 8 12564.43 12661.361 12742.31 27.551314636043227 27.727460894606825 27.941370360613256 13.775657318021613 13.863730447303412 13.970685180306628
21941712 16 23242.359 23308.019 23412.309 29.989984499179464 30.124172457556345 30.209273680008124 14.994992249589732 15.062086228778172 15.104636840004062
21941712 32 44525.696 44624.426 44793.566 31.349805193004727 31.46863038641662 31.538408023986864 15.674902596502363 15.73431519320831 15.769204011993432

24135880 1 2520.552 2526.082 2556.852 18.879371977728866 19.10934007684628 19.151265278399332 9.439685988864433 9.55467003842314 9.575632639199666
24135880 2 5129.584 5140.995 5148.624 18.751324625764084 18.779150728604094 18.820925829462976 9.375662312882042 9.389575364302047 9.410462914731488
24135880 4 8053.456 8094.086 8151.767 23.686525878377044 23.855323504099164 23.975674542705637 11.843262939188522 11.927661752049582 11.987837271352818
24135880 8 13848.712 13956.501 14014.851 27.55463329578031 27.66983501093863 27.885198276922793 13.777316647890155 13.834917505469315 13.942599138461397
24135880 16 25564.32 25615.391 25720.791 30.02816515246362 30.15172245467578 30.211957916345906 15.01408257623181 15.07586122733789 15.105978958172953
24135880 32 48955.28 49046.56 49215.559 31.386341055274816 31.494488502353683 31.553211829244976 15.693170527637408 15.747244251176841 15.776605914622488

26549464 1 2761.363 2767.982 2812.242 18.881350893699757 19.183263474979242 19.229245847069002 9.440675446849879 9.591631737489621 9.614622923534501
26549464 2 5641.905 5651.315 5655.355 18.778282884098346 18.79170706286944 18.82304930692736 9.389141442049173 9.39585353143472 9.41152465346368
26549464 4 8813.617 8830.717 8850.267 23.99879144889075 24.051921491765615 24.098586539442316 11.999395724445375 12.025960745882808 12.049293269721158
26549464 8 15255.973 15308.802 15367.602 27.64201103073856 27.748181993600806 27.844269519879195 13.82100551536928 13.874090996800403 13.922134759939597
26549464 16 28108.973 28176.773 28282.513 30.0391569872168 30.15188602328591 30.22461361359591 15.0195784936084 15.075943011642956 15.112306806797955
26549464 32 54010.874 54245.244 54372.044 31.250723184142203 31.323772753238973 31.459696356700316 15.625361592071101 15.661886376619487 15.729848178350158

29204408 1 3053.652 3068.692 3103.782 18.818594862654656 19.03378247148948 19.127528611642717 9.409297431327328 9.51689123574474 9.563764305821358
29204408 2 6189.025 6217.105 6236.195 18.73219679628363 18.789715148771013 18.87496528128421 9.366098398141816 9.394857574385506 9.437482640642106
29204408 4 9730.228 9773.348 9908.648 23.57892459193222 23.90534584463789 24.011283599932092 11.78946229596611 11.952672922318945 12.005641799966046
29204408 8 16829.403 16891.324 16979.553 27.519601252164883 27.663345277137545 27.765127972751024 13.759800626082441 13.831672638568772 13.882563986375512
29204408 16 30994.766 31169.336 31212.775 29.940979486764633 29.982706593428876 30.151576430678652 14.970489743382316 14.991353296714438 15.075788215339326
29204408 32 59619.508 59744.398 59932.308 31.186553202656572 31.28464215172107 31.35017672403469 15.593276601328286 15.642321075860535 15.675088362017345

32124848 1 3365.592 3373.492 3425.113 18.75841643764746 19.0454567551961 19.0901618496835 9.37920821882373 9.52272837759805 9.54508092484175
32124848 2 6826.196 6829.676 6866.745 18.713290212466024 18.814859152908568 18.82445098265564 9.356645106233012 9.407429576454284 9.41222549132782
32124848 4 10707.738 10741.869 10774.318 23.85290502842036 23.924959799826265 24.001220799388253 11.92645251421018 11.962479899913133 12.000610399694127
32124848 8 18535.205 18647.105 18684.835 27.508809577392572 27.564470087984162 27.73088120687092 13.754404788696286 13.782235043992081 13.86544060343546
32124848 16 34265.668 34395.917 34432.578 29.855305519092994 29.887126893578674 30.00073239488575 14.927652759546497 14.943563446789337 15.000366197442874
32124848 32 65446.813 65966.984 66084.093 31.111727174647005 31.166958792598432 31.41467365263454 15.555863587323502 15.583479396299216 15.70733682631727

35337328 1 3697.753 3712.693 3750.623 18.84344440910217 19.03595476383315 19.112865569982635 9.421722204551084 9.517977381916575 9.556432784991317
35337328 2 7488.966 7528.736 7550.076 18.72157472322133 18.774640523987028 18.874342866558614 9.360787361610665 9.387320261993514 9.437171433279307
35337328 4 11774.16 11836.809 11938.98 23.678624472107334 23.883009686140923 24.010088532854997 11.839312236053667 11.941504843070462 12.005044266427499
35337328 8 20327.727 20515.046 20618.637 27.421659734346168 27.56012577305457 27.814090970426747 13.710829867173084 13.780062886527285 13.907045485213374
35337328 16 37651.341 37736.07 38238.15 29.572416447971467 29.96587869378025 30.03331265146705 14.786208223985733 14.982939346890126 15.016656325733525

38871056 1 4046.154 4059.343 4096.654 18.976977797002135 19.151402579185845 19.21382923141334 9.488488898501068 9.575701289592923 9.60691461570667
38871056 2 8164.717 8189.867 8220.186 18.914927715747552 18.984951037666423 19.04343089907464 9.457463857873776 9.492475518833212 9.52171544953732
38871056 4 12875.82 12880.751 12934.301 24.042153340949778 24.142105378793516 24.151350981918046 12.021076670474889 12.071052689396758 12.075675490959023
38871056 8 22277.208 22350.958 22514.368 27.623999749848632 27.825961464381084 27.918080937252103 13.811999874924316 13.912980732190542 13.959040468626052
38871056 16 40978.883 41149.073 41901.004 29.686014015320495 30.22847664150296 30.35401897118572 14.843007007660248 15.11423832075148 15.17700948559286

42758160 1 4474.054 4486.494 4662.863 18.339874021604324 19.060834584867386 19.11383277895171 9.169937010802162 9.530417292433693 9.556916389475855
42758160 2 8999.837 9008.887 9035.348 18.929280864444845 18.984880152231902 19.00397084969428 9.464640432222422 9.492440076115951 9.50198542484714
42758160 4 14179.632 14202.371 14225.591 24.04576934624368 24.085082694995087 24.123706454441134 12.02288467312184 12.042541347497544 12.061853227220567
42758160 8 24491.27 24613.84 24752.2 27.639181971703525 27.79454810789377 27.93364982706083 13.819590985851763 13.897274053946886 13.966824913530415
42758160 16 45205.536 45369.637 45697.317 29.94182612515304 30.15807951031215 30.267556610765553 14.97091306257652 15.079039755156074 15.133778305382776

47033976 1 4929.444 4936.544 5014.044 18.760894798689442 19.055426630452395 19.08287263228875 9.380447399344721 9.527713315226197 9.541436316144376
47033976 2 9965.028 10017.088 10039.648 18.739292851701574 18.781496578646408 18.87961619375279 9.369646425850787 9.390748289323204 9.439808096876394
47033976 4 15742.982 15792.592 15865.313 23.716633135444603 23.825842394965942 23.90092347180477 11.858316567722301 11.912921197482971 11.950461735902385
47033976 8 27240.822 27276.482 27329.492 27.535953321049657 27.589467586032537 27.625583985681487 13.767976660524829 13.794733793016269 13.812791992840744
47033976 16 50225.68 50418.22 50502.64 29.802149590595658 29.852050151711026 29.966487900213593 14.901074795297829 14.926025075855513 14.983243950106797

51737368 1 5402.424 5426.444 5460.965 18.948067969672028 19.06860846624419 19.153390404011233 9.474033984836014 9.534304233122095 9.576695202005617
51737368 2 10906.129 10923.179 10942.958 18.91165734164382 18.945901371752672 18.975520278551627 9.45582867082191 9.472950685876336 9.487760139275814
51737368 4 17138.884 17200.444 17485.594 23.6708540756465 24.063270924866824 24.149702162637897 11.83542703782325 12.031635462433412 12.074851081318949
51737368 8 29677.004 29825.264 29872.054 27.711448566610116 27.754922404039743 27.893580093192696 13.855724283305058 13.877461202019871 13.946790046596348
51737368 16 54694.164 54825.885 54945.704 30.13148718596817 30.197337918029046 30.27006274380572 15.065743592984084 15.098668959014523 15.13503137190286

56911104 1 5994.925 6021.895 6068.595 18.755940707857416 18.90139366428674 18.986427353136193 9.377970353928708 9.45069683214337 9.493213676568097
56911104 2 12081.19 12127.71 12145.22 18.743539927642313 18.770601869602753 18.84288021295915 9.371769963821157 9.385300934801377 9.421440106479576
56911104 4 18959.065 19074.805 19137.776 23.790059618212688 23.868596926678933 24.014308300541195 11.895029809106344 11.934298463339466 12.007154150270598
56911104 8 32719.386 32853.917 32981.566 27.608684924178554 27.715954356370958 27.82991294518791 13.804342462089277 13.857977178185479 13.914956472593955
56911104 16 60343.069 60537.559 60661.459 30.021620943868164 30.083065093523178 30.180024950338534 15.010810471934082 15.041532546761589 15.090012475169267

62602208 1 6572.805 6583.995 6645.685 18.839956452946538 19.016481027096773 19.04885600592137 9.419978226473269 9.508240513548387 9.524428002960684
62602208 2 13295.411 13307.771 13322.141 18.796440602152465 18.816737378483595 18.83423024681223 9.398220301076233 9.408368689241797 9.417115123406115
62602208 4 20904.947 20951.797 21106.507 23.72811683145866 23.903327432964346 23.956897092348527 11.86405841572933 11.951663716482173 11.978448546174263
62602208 8 36156.529 36232.499 36401.999 27.515942956868933 27.64466585647322 27.70275122371398 13.757971478434467 13.82233292823661 13.85137561185699
62602208 16 66615.854 66738.444 66805.274 29.98671416271715 30.016742014542622 30.07198040274317 14.993357081358575 15.008371007271311 15.035990201371584

68862424 1 7241.576 7277.976 7323.046 18.807043954114175 18.92350950319155 19.018629093998324 9.403521977057087 9.461754751595775 9.509314546999162
68862424 2 14617.981 14656.822 14698.032 18.74058350124697 18.7932756500693 18.84321070057486 9.370291750623485 9.39663782503465 9.42160535028743
68862424 4 22933.479 22979.739 23104.168 23.844156257866548 23.97326584083483 24.02162323474777 11.922078128933274 11.986632920417415 12.010811617373886
68862424 8 39615.972 39773.302 39913.143 27.604911595160527 27.70196912491701 27.811984115901538 13.802455797580263 13.850984562458505 13.905992057950769

75748664 1 8000.666 8023.407 8038.706 18.84598441589977 18.88191986272166 18.935589612164787 9.422992207949886 9.44095993136083 9.467794806082393
75748664 2 16080.273 16135.873 16229.033 18.66991434424959 18.777704559276092 18.842631340898254 9.334957172124795 9.388852279638046 9.421315670449127
75748664 4 25289.05 25362.421 25780.341 23.505868754800407 23.893196631346825 23.96251784863409 11.752934377400203 11.946598315673413 11.981258924317045
75748664 8 44048.846 44144.256 45209.527 26.808035925702118 27.454956404747197 27.514423964705 13.404017962851059 13.727478202373598 13.7572119823525

83323528 1 8825.038 8846.967 8935.687 18.649607579137452 18.836631356260284 18.883437782364222 9.324803789568726 9.418315678130142 9.441718891182111
83323528 2 17744.045 17787.994 17948.665 18.569298162286717 18.737026333604565 18.783434780513687 9.284649081143359 9.368513166802282 9.391717390256844
83323528 4 27823.572 27936.803 28160.513 23.67102559530787 23.86057645894557 23.957679625031606 11.835512797653935 11.930288229472785 11.978839812515803
83323528 8 48007.309 48177.479 48769.399 27.336331292497576 27.67219197999131 27.770280729544744 13.668165646248788 13.836095989995655 13.885140364772372

91655880 1 9710.828 9746.518 9839.758 18.6297020719412 18.807922993627056 18.8770473537375 9.3148510359706 9.403961496813528 9.43852367686875
91655880 2 19531.506 19590.476 19758.986 18.554774015225274 18.71437529134055 18.770878190345382 9.277387007612637 9.357187645670274 9.385439095172691
91655880 4 30635.205 30804.305 31138.745 23.547738998472802 23.80339501248283 23.934784833331452 11.773869499236401 11.901697506241415 11.967392416665726
91655880 8 52916.173 53164.743 53260.553 27.53433821838087 27.583958790132776 27.71353249601024 13.767169109190435 13.791979395066388 13.85676624800512

100821464 1 10677.348 10684.698 10701.039 18.84330372032099 18.872122356663706 18.885113419549498 9.421651860160495 9.436061178331853 9.442556709774749
100821464 2 21387.267 21405.467 21519.378 18.74059073640511 18.84032037236095 18.856352987971768 9.370295368202555 9.420160186180475 9.428176493985884
100821464 4 33521.868 33625.557 33893.767 23.797051298547018 23.986865466644907 24.06106103633604 11.898525649273509 11.993432733322454 12.03053051816802
100821464 8 57969.656 58156.397 58792.817 27.437763766277772 27.738022078637368 27.827376170733185 13.718881883138886 13.869011039318684 13.913688085366593

110903608 1 11743.489 11786.98 11856.28 18.70799407571346 18.817985268491167 18.887676056068177 9.35399703785673 9.408992634245584 9.443838028034088
110903608 2 23561.579 23611.959 23826.009 18.61891481699684 18.787701266125357 18.827873632747618 9.30945740849842 9.393850633062678 9.413936816373809
110903608 4 37051.28 37247.86 37514.29 23.65042398510008 23.819592964535413 23.945970665520868 11.82521199255004 11.909796482267707 11.972985332760434
110903608 8 64158.922 64378.682 64663.762 27.441300554087775 27.562815405261013 27.657224789406534 13.720650277043887 13.781407702630506 13.828612394703267

121993968 1 12899.18 12941.5 12990.84 18.78153652881569 18.85314190781594 18.914995836944673 9.390768264407845 9.42657095390797 9.457497918472336
121993968 2 25917.301 25934.551 26048.371 18.733450625376918 18.815666868495235 18.828190173043094 9.366725312688459 9.407833434247618 9.414095086521547
121993968 4 40702.143 40919.133 41129.073 23.72899928962659 23.85074346516579 23.977895807599126 11.864499644813295 11.925371732582896 11.988947903799563
121993968 8 70460.547 70883.988 71780.738 27.192580382776224 27.536592438901717 27.702076851603202 13.596290191388112 13.768296219450859 13.851038425801601

134193360 1 14205.071 14220.551 14303.891 18.763196671451148 18.87315899362831 18.8937260503661 9.381598335725574 9.436579496814154 9.44686302518305
134193360 2 28462.013 28529.793 28763.933 18.66133675113205 18.814487718154844 18.859292910870362 9.330668375566026 9.407243859077422 9.429646455435181
134193360 4 44583.146 44909.167 45303.717 23.69666224076051 23.90484953773469 24.07965736648553 11.848331120380255 11.952424768867346 12.039828683242765
134193360 8 77536.313 77574.153 77886.563 27.566934234856408 27.677952990347183 27.691460645027064 13.783467117428204 13.838976495173592 13.845730322513532

147612696 1 15494.103 15557.592 15598.122 18.926983132969468 18.976290932427073 19.0540486274036 9.463491566484734 9.488145466213536 9.5270243137018
147612696 2 31144.415 31173.805 31292.906 18.86851876268698 18.940606833204992 18.9584804851849 9.43425938134349 9.470303416602496 9.47924024259245
147612696 4 49011.509 49067.44 49268.949 23.96847491104387 24.06690807590532 24.09437277272977 11.984237455521935 12.03345403795266 12.047186386364885

162373960 1 17230.894 17263.684 17354.644 18.712450684669765 18.81104403903593 18.84684102867791 9.356225342334882 9.405522019517965 9.423420514338956
162373960 2 34600.848 34629.498 34795.638 18.666013251431117 18.755566136130533 18.771096014756637 9.333006625715559 9.377783068065266 9.385548007378318
162373960 4 54303.453 54460.004 54758.554 23.722169142742523 23.852214186396317 23.920977548149654 11.861084571371261 11.926107093198159 11.960488774074827

178611352 1 18756.805 18870.065 18905.426 18.895247533697468 18.93065572376142 19.04496549385676 9.447623766848734 9.46532786188071 9.52248274692838
178611352 2 37715.301 37732.82 37873.261 18.86411122612336 18.934323170120866 18.9431182850695 9.43205561306168 9.467161585060433 9.47155914253475
178611352 4 59334.218 59524.338 59686.888 23.93977746000093 24.00515258145332 24.082070416770303 11.969888730000465 12.00257629072666 12.041035208385152

196472480 1 20678.996 20739.227 20819.286 18.87408434660055 18.946943393791873 19.002129503772817 9.437042173300275 9.473471696895936 9.501064751886409
196472480 2 41377.733 41504.494 41708.894 18.842262276242568 18.935056044774335 18.993063733095287 9.421131138121284 9.467528022387167 9.496531866547643
196472480 4 65321.113 65587.213 66422.814 23.66325280949404 23.96472983232265 24.062355459252508 11.83162640474702 11.982364916161325 12.031177729626254

216119728 1 22881.648 22933.399 23027.939 18.770218906694172 18.84759672999192 18.8902239908594 9.385109453347086 9.42379836499596 9.4451119954297
216119728 2 45859.517 45962.587 46119.357 18.744383448364207 18.80831712105326 18.850589115450127 9.372191724182104 9.40415856052663 9.425294557725064
216119728 4 72252.508 72519.769 72776.499 23.757089826483686 23.841193206227672 23.929381440987488 11.878544913241843 11.920596603113836 11.964690720493744

237731696 1 25113.08 25168.96 25498.471 18.64674128891885 18.890863666992992 18.932898393984328 9.323370644459425 9.445431833496496 9.466449196992164
237731696 2 50371.881 50451.36 50680.191 18.76328335068824 18.848387516213634 18.878127342514766 9.38164167534412 9.424193758106817 9.439063671257383
237731696 4 79356.984 79529.345 79904.384 23.801617292988578 23.913859318217696 23.965799506694964 11.900808646494289 11.956929659108848 11.982899753347482

261504864 1 27600.502 27638.892 27741.412 18.85303199418977 18.922962903143876 18.94928316883512 9.426515997094885 9.461481451571938 9.47464158441756
261504864 2 55231.865 55351.884 55629.915 18.803182712035422 18.89763058471506 18.938695189814794 9.401591356017711 9.44881529235753 9.469347594907397
261504864 4 86912.46 87112.341 87769.641 23.835564190128107 24.015413751766815 24.070644324185505 11.917782095064053 12.007706875883407 12.035322162092752

287655344 1 30442.265 30542.205 30564.325 18.82294760312881 18.836580004619833 18.898419286475562 9.411473801564405 9.418290002309917 9.449209643237781
287655344 2 60942.859 60964.809 61230.1 18.79176052301074 18.873533680717344 18.880331426525295 9.39588026150537 9.436766840358672 9.440165713262648

316420872 1 33425.327 33541.088 33566.427 18.85341397819911 18.867657006236648 18.933000834965657 9.426706989099555 9.433828503118324 9.466500417482829
316420872 2 66935.054 67063.274 67272.104 18.814388323576143 18.872974916196306 18.90912776435498 9.407194161788071 9.436487458098153 9.45456388217749

348062952 1 36634.88 36700.529 36791.37 18.920901939775547 18.967734879243835 19.00172469515391 9.460450969887773 9.483867439621918 9.500862347576955
348062952 2 73350.219 73452.939 73860.43 18.84976580829546 18.954337661015852 18.98088140677535 9.42488290414773 9.477168830507926 9.490440703387675

382869240 1 40273.653 40294.932 40393.333 18.957051154951735 19.00334463897346 19.013385252139905 9.478525577475867 9.50167231948673 9.506692626069952
382869240 2 80666.505 80691.536 81081.756 18.888058615800084 18.979400268201612 18.98528961927878 9.444029307900042 9.489700134100806 9.49264480963939

421156160 1 44508.796 44570.666 44652.996 18.86351186827419 18.898356152003654 18.92462604470361 9.431755934137096 9.449178076001827 9.462313022351806
421156160 2 88993.302 89172.442 89492.442 18.82421132278411 18.891762995567625 18.929791367894182 9.412105661392054 9.445881497783812 9.464895683947091

463271776 1 48499.07 48615.57 48784.209 18.99269396783701 19.05857633675796 19.10435709385768 9.496346983918505 9.52928816837898 9.55217854692884
463271776 2 97142.828 97322.318 97764.899 18.95452379079326 19.040720998856603 19.075902381594243 9.47726189539663 9.520360499428302 9.537951190797122

509598952 1 53257.193 53301.393 53545.583 19.034210608931087 19.12141215521328 19.137281681368375 9.517105304465543 9.56070607760664 9.568640840684187
509598952 2 106628.336 106793.976 107192.557 19.016206582328287 19.087179673879735 19.11683033298016 9.508103291164144 9.543589836939868 9.55841516649008

560558840 1 58476.917 58572.538 58864.018 19.045891158840025 19.140671008655968 19.171969685063935 9.522945579420012 9.570335504327984 9.585984842531968

616614720 1 64738.183 64796.152 65164.883 18.924754917460678 19.032448717016404 19.04949108627284 9.462377458730339 9.516224358508202 9.52474554313642

678276192 1 70463.847 70609.307 70900.298 19.133239524606793 19.212090326846006 19.25175024860621 9.566619762303397 9.606045163423003 9.625875124303105

746103808 1 77633.283 77798.233 77939.743 19.14565738303756 19.18048210683654 19.22123551054771 9.57282869151878 9.59024105341827 9.610617755273855

820714184 1 85348.129 85404.279 85743.569 19.14345748775631 19.219509692248558 19.23215408740829 9.571728743878156 9.609754846124279 9.616077043704145

902785600 1 93671.766 93853.576 94069.236 19.194066804156886 19.238171596146746 19.275511470553464 9.597033402078443 9.619085798073373 9.637755735276732

993064160 1 102054.332 102152.382 102929.493 19.296007996464144 19.442799875190378 19.461479792940096 9.648003998232072 9.721399937595189 9.730739896470048

META_DATA
FLOPS          8
OPENMP_THREADS 1
ERT_VERSION  1.1.0
HOSTNAME  ('pve.fritz.box', ['pve'], ['192.168.188.21'])
UNAME  uname_result(system='Linux', node='pve', release='6.14.8-2-pve', version='#1 SMP PREEMPT_DYNAMIC PMX 6.14.8-2 (2025-07-22T10:04Z)', machine='x86_64')
TIMESTAMP_DATA  1765907225.4113352
CONFIG  {'ERT_MPI': ['False'], 'ERT_OPENMP': ['True'], 'ERT_OPENMP_CFLAGS': ['-fopenmp'], 'ERT_OPENMP_LDFLAGS': ['-fopenmp'], 'ERT_PRECISION': ['FP64'], 'ERT_TRIALS_MIN': ['1'], 'ERT_TRIALS': ['3', '#', 'Run', 'each', 'test', '3', 'times', 'to', 'filter', 'out', 'background', 'noise'], 'ERT_RESULTS': ['Results/1600X'], 'ERT_GNUPLOT': ['gnuplot'], 'ERT_DRIVER': ['driver1'], 'ERT_KERNEL': ['kernel1'], 'ERT_CC': ['g++'], 'ERT_LD': ['g++'], 'ERT_CFLAGS': ['-O3', '-march=native', '-fopenmp', '-fstrict-aliasing', '-funroll-loops', '-Wno-all'], 'ERT_LDFLAGS': ['-O3', '-march=native', '-fopenmp'], 'ERT_LDLIBS': ['-lm'], 'ERT_RUN': ['export', 'OMP_NUM_THREADS=ERT_OPENMP_THREADS;', './ERT_CODE'], 'ERT_WORKING_SET_MIN': ['128'], 'ERT_MEMORY_MAX': ['1073741824'], 'ERT_ALIGN': ['64'], 'ERT_MIN_PROCS': ['1'], 'ERT_MAX_PROCS': ['1'], 'ERT_OPENMP_THREADS': ['1,2,4,8,12', '#', 'Logical', 'Threads'], 'ERT_NUM_EXPERIMENTS': ['5'], 'ERT_FLOPS': ['1,2,4,8'], 'ERT_GPU': [False], 'ERT_HIP': [False], 'ERT_OCL': [False], 'ERT_SYCL': [False], 'ERT_WSS_MULT': [1.1]}
TIMESTAMP_DATA  1765907251.1185381
TIMESTAMP_DATA  1765907276.8002987
TIMESTAMP_DATA  1765907302.478539
TIMESTAMP_DATA  1765907328.1492755
