fp64
        1024            1           0.930         2048         1024
        1024            2           0.500         4096         2048
        1024            4           0.700         8192         4096
        1024            8           0.890        16384         8192
        1024           16           1.320        32768        16384
        1024           32           2.250        65536        32768
        1024           64           4.000       131072        65536
        1024          128           7.820       262144       131072
        1024          256          15.250       524288       262144
        1024          512          22.290      1048576       524288
        1024         1024          44.330      2097152      1048576
        1024         2048          88.090      4194304      2097152
        1024         4096         176.580      8388608      4194304
        1024         8192         355.120     16777216      8388608
        1024        16384         705.381     33554432     16777216
        1024        32768        1407.811     67108864     33554432
        1024        65536        2829.022    134217728     67108864
        1024       131072        5637.425    268435456    134217728
        1024       262144       11294.819    536870912    268435456
        1024       524288       22564.198   1073741824    536870912
        1024      1048576       45275.717   2147483648   1073741824
        1120            1           1.100         2240         1120
        1120            2           0.500         4480         2240
        1120            4           0.660         8960         4480
        1120            8           0.890        17920         8960
        1120           16           1.410        35840        17920
        1120           32           2.450        71680        35840
        1120           64           4.540       143360        71680
        1120          128           8.610       286720       143360
        1120          256          16.960       573440       286720
        1120          512          31.690      1146880       573440
        1120         1024          48.290      2293760      1146880
        1120         2048          96.960      4587520      2293760
        1120         4096         192.400      9175040      4587520
        1120         8192         390.910     18350080      9175040
        1120        16384         771.471     36700160     18350080
        1120        32768        1550.411     73400320     36700160
        1120        65536        3100.773    146800640     73400320
        1120       131072        6189.955    293601280    146800640
        1120       262144       12378.940    587202560    293601280
        1120       524288       24768.490   1174405120    587202560
        1232            1           1.401         2464         1232
        1232            2           0.380         4928         2464
        1232            4           0.500         9856         4928
        1232            8           0.690        19712         9856
        1232           16           1.100        39424        19712
        1232           32           1.920        78848        39424
        1232           64           3.600       157696        78848
        1232          128           6.890       315392       157696
        1232          256          13.470       630784       315392
        1232          512          26.700      1261568       630784
        1232         1024          53.250      2523136      1261568
        1232         2048         106.240      5046272      2523136
        1232         4096         212.130     10092544      5046272
        1232         8192         428.150     20185088     10092544
        1232        16384         850.601     40370176     20185088
        1232        32768        1698.091     80740352     40370176
        1232        65536        3402.483    161480704     80740352
        1232       131072        6799.465    322961408    161480704
        1232       262144       13601.101    645922816    322961408
        1232       524288       27254.303   1291845632    645922816
        1352            1           1.680         2704         1352
        1352            2           0.540         5408         2704
        1352            4           0.730        10816         5408
        1352            8           1.010        21632        10816
        1352           16           1.640        43264        21632
        1352           32           2.880        86528        43264
        1352           64           5.320       173056        86528
        1352          128           7.600       346112       173056
        1352          256          14.950       692224       346112
        1352          512          29.550      1384448       692224
        1352         1024          58.700      2768896      1384448
        1352         2048         117.170      5537792      2768896
        1352         4096         234.281     11075584      5537792
        1352         8192         468.300     22151168     11075584
        1352        16384         939.521     44302336     22151168
        1352        32768        1877.981     88604672     44302336
        1352        65536        3755.323    177209344     88604672
        1352       131072        7509.756    354418688    177209344
        1352       262144       15014.042    708837376    354418688
        1352       524288       30067.545   1417674752    708837376
        1480            1           0.970         2960         1480
        1480            2           0.410         5920         2960
        1480            4           0.530        11840         5920
        1480            8           0.770        23680        11840
        1480           16           1.250        47360        23680
        1480           32           2.270        94720        47360
        1480           64           4.270       189440        94720
        1480          128           8.250       378880       189440
        1480          256          16.260       757760       378880
        1480          512          32.231      1515520       757760
        1480         1024          64.200      3031040      1515520
        1480         2048         128.310      6062080      3031040
        1480         4096         256.280     12124160      6062080
        1480         8192         517.260     24248320     12124160
        1480        16384        1026.781     48496640     24248320
        1480        32768        2054.282     96993280     48496640
        1480        65536        4109.273    193986560     96993280
        1480       131072        8216.317    387973120    193986560
        1480       262144       16437.503    775946240    387973120
        1480       524288       32880.646   1551892480    775946240
        1624            1           0.880         3248         1624
        1624            2           0.420         6496         3248
        1624            4           0.570        12992         6496
        1624            8           0.830        25984        12992
        1624           16           1.370        51968        25984
        1624           32           2.460       103936        51968
        1624           64           4.660       207872       103936
        1624          128           8.990       415744       207872
        1624          256          17.870       831488       415744
        1624          512          35.280      1662976       831488
        1624         1024          70.650      3325952      1662976
        1624         2048         141.080      6651904      3325952
        1624         4096         280.251     13303808      6651904
        1624         8192         567.220     26607616     13303808
        1624        16384        1126.921     53215232     26607616
        1624        32768        2251.002    106430464     53215232
        1624        65536        4511.164    212860928    106430464
        1624       131072        9024.877    425721856    212860928
        1624       262144       18022.834    851443712    425721856
        1624       524288       36064.960   1702887424    851443712
        1784            1           0.830         3568         1784
        1784            2           0.430         7136         3568
        1784            4           0.590        14272         7136
        1784            8           0.890        28544        14272
        1784           16           1.470        57088        28544
        1784           32           2.680       114176        57088
        1784           64           5.120       228352       114176
        1784          128           9.921       456704       228352
        1784          256          19.640       913408       456704
        1784          512          38.870      1826816       913408
        1784         1024          77.660      3653632      1826816
        1784         2048         155.080      7307264      3653632
        1784         4096         309.460     14614528      7307264
        1784         8192         620.770     29229056     14614528
        1784        16384        1238.651     58458112     29229056
        1784        32768        2476.242    116916224     58458112
        1784        65536        4969.094    233832448    116916224
        1784       131072        9909.459    467664896    233832448
        1784       262144       19815.065    935329792    467664896
        1784       524288       39645.083   1870659584    935329792
        1960            1           0.930         3920         1960
        1960            2           0.430         7840         3920
        1960            4           0.620        15680         7840
        1960            8           0.940        31360        15680
        1960           16           1.580        62720        31360
        1960           32           2.900       125440        62720
        1960           64           5.550       250880       125440
        1960          128          10.860       501760       250880
        1960          256          21.490      1003520       501760
        1960          512          42.720      2007040      1003520
        1960         1024          85.050      4014080      2007040
        1960         2048         169.920      8028160      4014080
        1960         4096         343.311     16056320      8028160
        1960         8192         678.750     32112640     16056320
        1960        16384        1362.801     64225280     32112640
        1960        32768        2720.332    128450560     64225280
        1960        65536        5444.195    256901120    128450560
        1960       131072       10889.879    513802240    256901120
        1960       262144       21811.517   1027604480    513802240
        1960       524288       43645.986   2055208960   1027604480
        2152            1           1.110         4304         2152
        2152            2           0.530         8608         4304
        2152            4           0.660        17216         8608
        2152            8           0.980        34432        17216
        2152           16           1.710        68864        34432
        2152           32           3.170       137728        68864
        2152           64           6.080       275456       137728
        2152          128          11.860       550912       275456
        2152          256          23.490      1101824       550912
        2152          512          46.770      2203648      1101824
        2152         1024         102.220      4407296      2203648
        2152         2048         186.261      8814592      4407296
        2152         4096         371.600     17629184      8814592
        2152         8192         745.810     35258368     17629184
        2152        16384        1488.182     70516736     35258368
        2152        32768        2978.172    141033472     70516736
        2152        65536        5956.145    282066944    141033472
        2152       131072       11911.509    564133888    282066944
        2152       262144       23862.500   1128267776    564133888
        2360            1           1.120         4720         2360
        2360            2           0.490         9440         4720
        2360            4           0.690        18880         9440
        2360            8           1.080        37760        18880
        2360           16           1.870        75520        37760
        2360           32           3.470       151040        75520
        2360           64           6.650       302080       151040
        2360          128          13.040       604160       302080
        2360          256          25.840      1208320       604160
        2360          512          51.340      2416640      1208320
        2360         1024         110.651      4833280      2416640
        2360         2048         203.990      9666560      4833280
        2360         4096         407.740     19333120      9666560
        2360         8192         821.031     38666240     19333120
        2360        16384        1637.671     77332480     38666240
        2360        32768        3269.893    154664960     77332480
        2360        65536        6557.355    309329920    154664960
        2360       131072       13098.131    618659840    309329920
        2360       262144       26242.931   1237319680    618659840
        2592            1           0.950         5184         2592
        2592            2           0.500        10368         5184
        2592            4           0.720        20736        10368
        2592            8           1.160        41472        20736
        2592           16           2.030        82944        41472
        2592           32           3.770       165888        82944
        2592           64           7.240       331776       165888
        2592          128          14.150       663552       331776
        2592          256          28.270      1327104       663552
        2592          512          55.870      2654208      1327104
        2592         1024         112.040      5308416      2654208
        2592         2048         229.060     10616832      5308416
        2592         4096         447.340     21233664     10616832
        2592         8192         893.781     42467328     21233664
        2592        16384        1792.452     84934656     42467328
        2592        32768        3581.402    169869312     84934656
        2592        65536        7165.436    339738624    169869312
        2592       131072       14322.402    679477248    339738624
        2592       262144       28625.873   1358954496    679477248
        2848            1           0.930         5696         2848
        2848            2           0.510        11392         5696
        2848            4           0.760        22784        11392
        2848            8           1.230        45568        22784
        2848           16           2.190        91136        45568
        2848           32           4.090       182272        91136
        2848           64           7.960       364544       182272
        2848          128          15.550       729088       364544
        2848          256          30.990      1458176       729088
        2848          512          61.690      2916352      1458176
        2848         1024         123.070      5832704      2916352
        2848         2048         250.570     11665408      5832704
        2848         4096         491.521     23330816     11665408
        2848         8192         987.660     46661632     23330816
        2848        16384        1968.352     93323264     46661632
        2848        32768        3954.133    186646528     93323264
        2848        65536        7891.727    373293056    186646528
        2848       131072       15870.892    746586112    373293056
        2848       262144       31514.396   1493172224    746586112
        3128            1           1.140         6256         3128
        3128            2           0.560        12512         6256
        3128            4           0.850        25024        12512
        3128            8           1.350        50048        25024
        3128           16           2.390       100096        50048
        3128           32           4.510       200192       100096
        3128           64           8.740       400384       200192
        3128          128          17.140       800768       400384
        3128          256          34.110      1601536       800768
        3128          512          67.960      3203072      1601536
        3128         1024         135.270      6406144      3203072
        3128         2048         271.110     12812288      6406144
        3128         4096         543.771     25624576     12812288
        3128         8192        1081.950     51249152     25624576
        3128        16384        2166.802    102498304     51249152
        3128        32768        4334.454    204996608    102498304
        3128        65536        8667.307    409993216    204996608
        3128       131072       17332.584    819986432    409993216
        3128       262144       34656.408   1639972864    819986432
        3440            1           1.530         6880         3440
        3440            2           0.590        13760         6880
        3440            4           0.890        27520        13760
        3440            8           1.460        55040        27520
        3440           16           2.600       110080        55040
        3440           32           4.900       220160       110080
        3440           64           9.530       440320       220160
        3440          128          18.840       880640       440320
        3440          256          37.311      1761280       880640
        3440          512          74.340      3522560      1761280
        3440         1024         157.180      7045120      3522560
        3440         2048         296.690     14090240      7045120
        3440         4096         593.060     28180480     14090240
        3440         8192        1191.431     56360960     28180480
        3440        16384        2376.922    112721920     56360960
        3440        32768        4757.004    225443840    112721920
        3440        65536        9513.448    450887680    225443840
        3440       131072       19020.025    901775360    450887680
        3440       262144       38046.941   1803550720    901775360
        3784            1           1.090         7568         3784
        3784            2           0.600        15136         7568
        3784            4           1.260        30272        15136
        3784            8           2.120        60544        30272
        3784           16          13.450       121088        60544
        3784           32           7.380       242176       121088
        3784           64          14.390       484352       242176
        3784          128          20.640       968704       484352
        3784          256          41.000      1937408       968704
        3784          512          81.721      3874816      1937408
        3784         1024         163.220      7749632      3874816
        3784         2048         326.140     15499264      7749632
        3784         4096         654.931     30998528     15499264
        3784         8192        1306.551     61997056     30998528
        3784        16384        2616.522    123994112     61997056
        3784        32768        5229.534    247988224    123994112
        3784        65536       10461.348    495976448    247988224
        3784       131072       20940.077    991952896    495976448
        3784       262144       41839.714   1983905792    991952896
        4160            1           1.390         8320         4160
        4160            2           0.650        16640         8320
        4160            4           0.990        33280        16640
        4160            8           1.720        66560        33280
        4160           16           3.080       133120        66560
        4160           32           5.880       266240       133120
        4160           64          11.470       532480       266240
        4160          128          22.670      1064960       532480
        4160          256          45.010      2129920      1064960
        4160          512          89.680      4259840      2129920
        4160         1024         179.431      8519680      4259840
        4160         2048         361.940     17039360      8519680
        4160         4096         714.290     34078720     17039360
        4160         8192        1434.712     68157440     34078720
        4160        16384        2862.072    136314880     68157440
        4160        32768        5738.664    272629760    136314880
        4160        65536       11460.190    545259520    272629760
        4160       131072       22907.618   1090519040    545259520
        4576            1           1.290         9152         4576
        4576            2           0.670        18304         9152
        4576            4           1.060        36608        18304
        4576            8           1.840        73216        36608
        4576           16           3.380       146432        73216
        4576           32           6.450       292864       146432
        4576           64          12.620       585728       292864
        4576          128          24.840      1171456       585728
        4576          256          49.380      2342912      1171456
        4576          512          98.720      4685824      2342912
        4576         1024         197.100      9371648      4685824
        4576         2048         396.981     18743296      9371648
        4576         4096         789.050     37486592     18743296
        4576         8192        1574.801     74973184     37486592
        4576        16384        3158.833    149946368     74973184
        4576        32768        6306.945    299892736    149946368
        4576        65536       12614.070    599785472    299892736
        4576       131072       25309.491   1199570944    599785472
        5032            1           1.390        10064         5032
        5032            2           0.730        20128        10064
        5032            4           1.140        40256        20128
        5032            8           2.010        80512        40256
        5032           16           3.690       161024        80512
        5032           32           7.060       322048       161024
        5032           64          13.830       644096       322048
        5032          128          27.430      1288192       644096
        5032          256          54.470      2576384      1288192
        5032          512         108.600      5152768      2576384
        5032         1024         217.041     10305536      5152768
        5032         2048         442.730     20611072     10305536
        5032         4096         867.361     41222144     20611072
        5032         8192        1740.251     82444288     41222144
        5032        16384        3481.693    164888576     82444288
        5032        32768        6955.636    329777152    164888576
        5032        65536       13985.321    659554304    329777152
        5032       131072       28006.343   1319108608    659554304
        5528            1           1.190        11056         5528
        5528            2           1.020        22112        11056
        5528            4           1.690        44224        22112
        5528            8           2.920        88448        44224
        5528           16           5.570       176896        88448
        5528           32          10.570       353792       176896
        5528           64          20.740       707584       353792
        5528          128          30.030      1415168       707584
        5528          256          59.700      2830336      1415168
        5528          512         119.260      5660672      2830336
        5528         1024         255.711     11321344      5660672
        5528         2048         482.430     22642688     11321344
        5528         4096         956.721     45285376     22642688
        5528         8192        1913.401     90570752     45285376
        5528        16384        3828.233    181141504     90570752
        5528        32768        7638.457    362283008    181141504
        5528        65536       15286.712    724566016    362283008
        5528       131072       30619.555   1449132032    724566016
        6080            1           1.580        12160         6080
        6080            2          10.390        24320        12160
        6080            4           1.350        48640        24320
        6080            8           2.340        97280        48640
        6080           16           4.400       194560        97280
        6080           32           8.451       389120       194560
        6080           64          16.700       778240       389120
        6080          128          32.810      1556480       778240
        6080          256          65.480      3112960      1556480
        6080          512         130.500      6225920      3112960
        6080         1024         262.110     12451840      6225920
        6080         2048         526.960     24903680     12451840
        6080         4096        1045.041     49807360     24903680
        6080         8192        2095.572     99614720     49807360
        6080        16384        4191.573    199229440     99614720
        6080        32768        8393.127    398458880    199229440
        6080        65536       16780.444    796917760    398458880
        6080       131072       33547.017   1593835520    796917760
        6688            1           1.450        13376         6688
        6688            2           0.840        26752        13376
        6688            4           1.430        53504        26752
        6688            8           2.550       107008        53504
        6688           16           4.790       214016       107008
        6688           32           9.270       428032       214016
        6688           64          18.320       856064       428032
        6688          128          36.190      1712128       856064
        6688          256          72.020      3424256      1712128
        6688          512         143.860      6848512      3424256
        6688         1024         291.240     13697024      6848512
        6688         2048         574.040     27394048     13697024
        6688         4096        1151.161     54788096     27394048
        6688         8192        2304.052    109576192     54788096
        6688        16384        4625.104    219152384    109576192
        6688        32768        9216.537    438304768    219152384
        6688        65536       18423.735    876609536    438304768
        6688       131072       36831.490   1753219072    876609536
        7352            1           1.210        14704         7352
        7352            2           0.930        29408        14704
        7352            4           1.570        58816        29408
        7352            8           2.820       117632        58816
        7352           16           5.260       235264       117632
        7352           32          10.200       470528       235264
        7352           64          20.160       941056       470528
        7352          128          39.980      1882112       941056
        7352          256          79.310      3764224      1882112
        7352          512         159.160      7528448      3764224
        7352         1024         322.090     15056896      7528448
        7352         2048         632.121     30113792     15056896
        7352         4096        1276.351     60227584     30113792
        7352         8192        2547.902    120455168     60227584
        7352        16384        5077.134    240910336    120455168
        7352        32768       10188.808    481820672    240910336
        7352        65536       20331.297    963641344    481820672
        7352       131072       40672.123   1927282688    963641344
        8080            1           1.420        16160         8080
        8080            2           1.000        32320        16160
        8080            4           1.680        64640        32320
        8080            8           3.030       129280        64640
        8080           16           5.740       258560       129280
        8080           32          11.140       517120       258560
        8080           64          22.000      1034240       517120
        8080          128          43.700      2068480      1034240
        8080          256          87.101      4136960      2068480
        8080          512         173.960      8273920      4136960
        8080         1024         351.510     16547840      8273920
        8080         2048         696.021     33095680     16547840
        8080         4096        1396.691     66191360     33095680
        8080         8192        2786.692    132382720     66191360
        8080        16384        5581.954    264765440    132382720
        8080        32768       11155.519    529530880    264765440
        8080        65536       22323.028   1059061760    529530880
        8080       131072       44633.707   2118123520   1059061760
        8888            1           1.540        17776         8888
        8888            2           1.120        35552        17776
        8888            4           1.810        71104        35552
        8888            8           3.340       142208        71104
        8888           16           6.300       284416       142208
        8888           32          12.270       568832       284416
        8888           64          24.290      1137664       568832
        8888          128          63.100      2275328      1137664
        8888          256         105.120      4550656      2275328
        8888          512         191.601      9101312      4550656
        8888         1024         382.510     18202624      9101312
        8888         2048         770.310     36405248     18202624
        8888         4096        1535.892     72810496     36405248
        8888         8192        3069.522    145620992     72810496
        8888        16384        6128.985    291241984    145620992
        8888        32768       12264.050    582483968    291241984
        8888        65536       24523.140   1164967936    582483968
        9776            1           1.450        19552         9776
        9776            2           1.160        39104        19552
        9776            4           1.960        78208        39104
        9776            8           3.620       156416        78208
        9776           16           6.910       312832       156416
        9776           32          13.440       625664       312832
        9776           64          26.600      1251328       625664
        9776          128          52.900      2502656      1251328
        9776          256         105.350      5005312      2502656
        9776          512         210.380     10010624      5005312
        9776         1024         424.450     20021248     10010624
        9776         2048         841.121     40042496     20021248
        9776         4096        1687.521     80084992     40042496
        9776         8192        3372.033    160169984     80084992
        9776        16384        6746.555    320339968    160169984
        9776        32768       13493.711    640679936    320339968
        9776        65536       27206.732   1281359872    640679936
       10752            1           2.120        21504        10752
       10752            2           1.290        43008        21504
       10752            4           2.120        86016        43008
       10752            8           3.940       172032        86016
       10752           16           7.540       344064       172032
       10752           32          14.710       688128       344064
       10752           64          29.290      1376256       688128
       10752          128          57.900      2752512      1376256
       10752          256         116.240      5505024      2752512
       10752          512         237.330     11010048      5505024
       10752         1024         464.190     22020096     11010048
       10752         2048         925.311     44040192     22020096
       10752         4096        1872.481     88080384     44040192
       10752         8192        3712.203    176160768     88080384
       10752        16384        7405.786    352321536    176160768
       10752        32768       14816.672    704643072    352321536
       10752        65536       29615.804   1409286144    704643072
       11824            1           1.600        23648        11824
       11824            2           1.320        47296        23648
       11824            4           2.330        94592        47296
       11824            8           4.330       189184        94592
       11824           16           8.310       378368       189184
       11824           32          16.250       756736       378368
       11824           64          32.100      1513472       756736
       11824          128          63.910      3026944      1513472
       11824          256         127.500      6053888      3026944
       11824          512         254.600     12107776      6053888
       11824         1024         512.691     24215552     12107776
       11824         2048        1021.030     48431104     24215552
       11824         4096        2040.322     96862208     48431104
       11824         8192        4080.263    193724416     96862208
       11824        16384        8174.407    387448832    193724416
       11824        32768       16322.493    774897664    387448832
       11824        65536       32646.467   1549795328    774897664
       13000            1           2.060        26000        13000
       13000            2           1.420        52000        26000
       13000            4           2.520       104000        52000
       13000            8           4.710       208000       104000
       13000           16           9.080       416000       208000
       13000           32          17.800       832000       416000
       13000           64          35.280      1664000       832000
       13000          128          70.200      3328000      1664000
       13000          256         140.190      6656000      3328000
       13000          512         279.910     13312000      6656000
       13000         1024         563.541     26624000     13312000
       13000         2048        1121.680     53248000     26624000
       13000         4096        2242.742    106496000     53248000
       13000         8192        4487.954    212992000    106496000
       13000        16384        9029.647    425984000    212992000
       13000        32768       17969.185    851968000    425984000
       13000        65536       35840.499   1703936000    851968000
       14296            1           1.970        28592        14296
       14296            2           1.530        57184        28592
       14296            4           2.760       114368        57184
       14296            8           5.250       228736       114368
       14296           16           9.970       457472       228736
       14296           32          19.560       914944       457472
       14296           64          38.850      1829888       914944
       14296          128          77.010      3659776      1829888
       14296          256         153.690      7319552      3659776
       14296          512         307.081     14639104      7319552
       14296         1024         618.850     29278208     14639104
       14296         2048        1231.491     58556416     29278208
       14296         4096        2463.272    117112832     58556416
       14296         8192        4924.214    234225664    117112832
       14296        16384        9880.138    468451328    234225664
       14296        32768       19708.256    936902656    468451328
       14296        65536       39389.352   1873805312    936902656
       15720            1           2.180        31440        15720
       15720            2           1.650        62880        31440
       15720            4           2.980       125760        62880
       15720            8           5.610       251520       125760
       15720           16          10.920       503040       251520
       15720           32          21.490      1006080       503040
       15720           64          42.670      2012160      1006080
       15720          128          84.930      4024320      2012160
       15720          256         169.510      8048640      4024320
       15720          512         342.520     16097280      8048640
       15720         1024         676.861     32194560     16097280
       15720         2048        1358.931     64389120     32194560
       15720         4096        2711.332    128778240     64389120
       15720         8192        5427.594    257556480    128778240
       15720        16384       10851.599    515112960    257556480
       15720        32768       21711.358   1030225920    515112960
       15720        65536       43408.585   2060451840   1030225920
       17288            1           3.220        34576        17288
       17288            2           1.790        69152        34576
       17288            4           3.260       138304        69152
       17288            8           6.150       276608       138304
       17288           16          11.931       553216       276608
       17288           32          23.540      1106432       553216
       17288           64          46.830      2212864      1106432
       17288          128          93.230      4425728      2212864
       17288          256         186.240      8851456      4425728
       17288          512         376.920     17702912      8851456
       17288         1024         743.961     35405824     17702912
       17288         2048        1493.321     70811648     35405824
       17288         4096        2983.102    141623296     70811648
       17288         8192        5970.065    283246592    141623296
       17288        16384       11933.450    566493184    283246592
       17288        32768       23876.559   1132986368    566493184
       19016            1           2.810        38032        19016
       19016            2           1.990        76064        38032
       19016            4           3.550       152128        76064
       19016            8           6.740       304256       152128
       19016           16          13.110       608512       304256
       19016           32          25.920      1217024       608512
       19016           64          51.410      2434048      1217024
       19016          128         102.660      4868096      2434048
       19016          256         204.880      9736192      4868096
       19016          512         413.130     19472384      9736192
       19016         1024         821.221     38944768     19472384
       19016         2048        1639.221     77889536     38944768
       19016         4096        3279.943    155779072     77889536
       19016         8192        6562.955    311558144    155779072
       19016        16384       13124.851    623116288    311558144
       19016        32768       26290.681   1246232576    623116288
       20912            1           2.950        41824        20912
       20912            2           2.130        83648        41824
       20912            4           3.980       167296        83648
       20912            8           7.430       334592       167296
       20912           16          14.420       669184       334592
       20912           32          28.430      1338368       669184
       20912           64          56.540      2676736      1338368
       20912          128         112.770      5353472      2676736
       20912          256         225.300     10706944      5353472
       20912          512         450.091     21413888     10706944
       20912         1024         903.060     42827776     21413888
       20912         2048        1804.652     85655552     42827776
       20912         4096        3608.703    171311104     85655552
       20912         8192        7213.595    342622208    171311104
       20912        16384       14431.122    685244416    342622208
       20912        32768       28861.843   1370488832    685244416
       23000            1          35.190        46000        23000
       23000            2           2.320        92000        46000
       23000            4           4.220       184000        92000
       23000            8           8.190       368000       184000
       23000           16          15.840       736000       368000
       23000           32          31.390      1472000       736000
       23000           64          62.050      2944000      1472000
       23000          128         123.720      5888000      2944000
       23000          256         246.990     11776000      5888000
       23000          512         499.341     23552000     11776000
       23000         1024         994.871     47104000     23552000
       23000         2048        1985.401     94208000     47104000
       23000         4096        3972.233    188416000     94208000
       23000         8192        7944.997    376832000    188416000
       23000        16384       15881.813    753664000    376832000
       23000        32768       31775.615   1507328000    753664000
       25296            1           3.240        50592        25296
       25296            2           2.540       101184        50592
       25296            4           4.650       202368       101184
       25296            8           8.900       404736       202368
       25296           16          17.370       809472       404736
       25296           32          34.400      1618944       809472
       25296           64          68.420      3237888      1618944
       25296          128         136.360      6475776      3237888
       25296          256         277.870     12951552      6475776
       25296          512         544.101     25903104     12951552
       25296         1024        1091.291     51806208     25903104
       25296         2048        2184.452    103612416     51806208
       25296         4096        4363.113    207224832    103612416
       25296         8192        8728.967    414449664    207224832
       25296        16384       17458.294    828899328    414449664
       25296        32768       34918.868   1657798656    828899328
       27824            1           3.380        55648        27824
       27824            2           2.770       111296        55648
       27824            4           5.080       222592       111296
       27824            8           9.780       445184       222592
       27824           16          26.200       890368       445184
       27824           32          43.850      1780736       890368
       27824           64          75.190      3561472      1780736
       27824          128         156.840      7122944      3561472
       27824          256         299.671     14245888      7122944
       27824          512         598.610     28491776     14245888
       27824         1024        1202.771     56983552     28491776
       27824         2048        2403.572    113967104     56983552
       27824         4096        4801.634    227934208    113967104
       27824         8192        9601.488    455868416    227934208
       27824        16384       19200.445    911736832    455868416
       27824        32768       38402.851   1823473664    911736832
       30600            1           4.120        61200        30600
       30600            2           2.970       122400        61200
       30600            4           5.550       244800       122400
       30600            8          10.690       489600       244800
       30600           16          20.930       979200       489600
       30600           32          41.520      1958400       979200
       30600           64          90.550      3916800      1958400
       30600          128         165.050      7833600      3916800
       30600          256         329.460     15667200      7833600
       30600          512         662.761     31334400     15667200
       30600         1024        1319.731     62668800     31334400
       30600         2048        2640.932    125337600     62668800
       30600         4096        5278.844    250675200    125337600
       30600         8192       10561.469    501350400    250675200
       30600        16384       21145.337   1002700800    501350400
       30600        32768       42228.064   2005401600   1002700800
       33656            1           4.310        67312        33656
       33656            2           3.260       134624        67312
       33656            4           6.150       269248       134624
       33656            8          11.790       538496       269248
       33656           16          23.070      1076992       538496
       33656           32          45.790      2153984      1076992
       33656           64          91.160      4307968      2153984
       33656          128         186.250      8615936      4307968
       33656          256         361.311     17231872      8615936
       33656          512         726.260     34463744     17231872
       33656         1024        1453.281     68927488     34463744
       33656         2048        2907.053    137854976     68927488
       33656         4096        5811.514    275709952    137854976
       33656         8192       11625.620    551419904    275709952
       33656        16384       23433.059   1102839808    551419904
       37016            1           4.630        74032        37016
       37016            2           3.530       148064        74032
       37016            4           6.710       296128       148064
       37016            8          12.860       592256       296128
       37016           16          25.370      1184512       592256
       37016           32          50.130      2369024      1184512
       37016           64          99.770      4738048      2369024
       37016          128         199.060      9476096      4738048
       37016          256         401.271     18952192      9476096
       37016          512         797.411     37904384     18952192
       37016         1024        1591.971     75808768     37904384
       37016         2048        3196.572    151617536     75808768
       37016         4096        6399.456    303235072    151617536
       37016         8192       12795.960    606470144    303235072
       37016        16384       25551.371   1212940288    606470144
       40712            1           5.210        81424        40712
       40712            2           3.920       162848        81424
       40712            4           7.190       325696       162848
       40712            8          14.150       651392       325696
       40712           16          27.800      1302784       651392
       40712           32          55.260      2605568      1302784
       40712           64         109.960      5211136      2605568
       40712          128         227.790     10422272      5211136
       40712          256         438.211     20844544     10422272
       40712          512         878.800     41689088     20844544
       40712         1024        1756.632     83378176     41689088
       40712         2048        3511.773    166756352     83378176
       40712         4096        7025.815    333512704    166756352
       40712         8192       14081.702    667025408    333512704
       40712        16384       28104.593   1334050816    667025408
       44776            1           5.810        89552        44776
       44776            2           4.250       179104        89552
       44776            4           8.050       358208       179104
       44776            8          15.550       716416       358208
       44776           16          30.530      1432832       716416
       44776           32          60.640      2865664      1432832
       44776           64         120.940      5731328      2865664
       44776          128         241.351     11462656      5731328
       44776          256         485.640     22925312     11462656
       44776          512         966.851     45850624     22925312
       44776         1024        1932.181     91701248     45850624
       44776         2048        3860.963    183402496     91701248
       44776         4096        7727.207    366804992    183402496
       44776         8192       15455.532    733609984    366804992
       44776        16384       30901.105   1467219968    733609984
       49248            1           5.710        98496        49248
       49248            2           4.670       196992        98496
       49248            4           8.840       393984       196992
       49248            8          16.990       787968       393984
       49248           16          33.490      1575936       787968
       49248           32          66.890      3151872      1575936
       49248           64         132.420      6303744      3151872
       49248          128         264.330     12607488      6303744
       49248          256         533.201     25214976     12607488
       49248          512        1066.180     50429952     25214976
       49248         1024        2121.742    100859904     50429952
       49248         2048        4250.424    201719808    100859904
       49248         4096        8490.056    403439616    201719808
       49248         8192       16982.604    806879232    403439616
       49248        16384       33971.828   1613758464    806879232
       54168            1           6.950       108336        54168
       54168            2           5.140       216672       108336
       54168            4           9.691       433344       216672
       54168            8          18.660       866688       433344
       54168           16          36.940      1733376       866688
       54168           32          73.420      3466752      1733376
       54168           64         146.480      6933504      3466752
       54168          128         296.110     13867008      6933504
       54168          256         584.730     27734016     13867008
       54168          512        1172.221     55468032     27734016
       54168         1024        2342.812    110936064     55468032
       54168         2048        4664.174    221872128    110936064
       54168         4096        9345.318    443744256    221872128
       54168         8192       18686.425    887488512    443744256
       54168        16384       37354.470   1774977024    887488512
       59584            1           7.080       119168        59584
       59584            2           5.570       238336       119168
       59584            4          10.480       476672       238336
       59584            8          20.480       953344       476672
       59584           16          40.611      1906688       953344
       59584           32          80.750      3813376      1906688
       59584           64         161.210      7626752      3813376
       59584          128         323.890     15253504      7626752
       59584          256         643.010     30507008     15253504
       59584          512        1281.772     61014016     30507008
       59584         1024        2574.342    122028032     61014016
       59584         2048        5136.674    244056064    122028032
       59584         4096       10270.938    488112128    244056064
       59584         8192       20556.607    976224256    488112128
       59584        16384       41103.153   1952448512    976224256
       65536            1           7.930       131072        65536
       65536            2           6.050       262144       131072
       65536            4          11.680       524288       262144
       65536            8          22.630      1048576       524288
       65536           16          44.530      2097152      1048576
       65536           32          88.300      4194304      2097152
       65536           64         185.550      8388608      4194304
       65536          128         351.660     16777216      8388608
       65536          256         706.891     33554432     16777216
       65536          512        1413.471     67108864     33554432
       65536         1024        2836.972    134217728     67108864
       65536         2048        5669.545    268435456    134217728
       65536         4096       11326.289    536870912    268435456
       65536         8192       22624.598   1073741824    536870912
       65536        16384       45267.997   2147483648   1073741824
       72088            1           8.420       144176        72088
       72088            2           6.570       288352       144176
       72088            4          12.620       576704       288352
       72088            8          24.770      1153408       576704
       72088           16          49.090      2306816      1153408
       72088           32          97.680      4613632      2306816
       72088           64         194.881      9227264      4613632
       72088          128         391.460     18454528      9227264
       72088          256         775.961     36909056     18454528
       72088          512        1558.461     73818112     36909056
       72088         1024        3112.342    147636224     73818112
       72088         2048        6222.395    295272448    147636224
       72088         4096       12417.350    590544896    295272448
       72088         8192       24872.200   1181089792    590544896
       79296            1           9.570       158592        79296
       79296            2           7.240       317184       158592
       79296            4          14.100       634368       317184
       79296            8          27.110      1268736       634368
       79296           16          53.910      2537472      1268736
       79296           32         107.560      5074944      2537472
       79296           64         212.860     10149888      5074944
       79296          128         431.961     20299776     10149888
       79296          256         853.330     40599552     20299776
       79296          512        1712.132     81199104     40599552
       79296         1024        3424.143    162398208     81199104
       79296         2048        6846.465    324796416    162398208
       79296         4096       13672.711    649592832    324796416
       79296         8192       27757.133   1299185664    649592832
       87224            1           9.880       174448        87224
       87224            2           8.060       348896       174448
       87224            4          15.370       697792       348896
       87224            8          29.920      1395584       697792
       87224           16          59.240      2791168      1395584
       87224           32         118.000      5582336      2791168
       87224           64         237.721     11164672      5582336
       87224          128         467.740     22329344     11164672
       87224          256         941.221     44658688     22329344
       87224          512        1878.111     89317376     44658688
       87224         1024        3771.823    178634752     89317376
       87224         2048        7514.036    357269504    178634752
       87224         4096       15040.272    714539008    357269504
       87224         8192       30065.115   1429078016    714539008
       95944            1          11.401       191888        95944
       95944            2           8.760       383776       191888
       95944            4          16.810       767552       383776
       95944            8          41.820      1535104       767552
       95944           16          65.060      3070208      1535104
       95944           32         129.620      6140416      3070208
       95944           64         258.350     12280832      6140416
       95944          128         516.120     24561664     12280832
       95944          256        1037.381     49123328     24561664
       95944          512        2067.952     98246656     49123328
       95944         1024        4135.323    196493312     98246656
       95944         2048        8274.217    392986624    196493312
       95944         4096       16549.493    785973248    392986624
       95944         8192       33091.397   1571946496    785973248
      105536            1          12.520       211072       105536
      105536            2           9.590       422144       211072
      105536            4          18.320       844288       422144
      105536            8          36.090      1688576       844288
      105536           16          71.420      3377152      1688576
      105536           32         142.790      6754304      3377152
      105536           64         283.390     13508608      6754304
      105536          128         570.160     27017216     13508608
      105536          256        1140.952     54034432     27017216
      105536          512        2277.501    108068864     54034432
      105536         1024        4563.614    216137728    108068864
      105536         2048        9112.087    432275456    216137728
      105536         4096       18197.675    864550912    432275456
      105536         8192       36564.230   1729101824    864550912
      116088            1          12.440       232176       116088
      116088            2          10.680       464352       232176
      116088            4          20.120       928704       464352
      116088            8          39.860      1857408       928704
      116088           16          78.790      3714816      1857408
      116088           32         156.280      7429632      3714816
      116088           64         317.641     14859264      7429632
      116088          128         622.240     29718528     14859264
      116088          256        1254.731     59437056     29718528
      116088          512        2506.482    118874112     59437056
      116088         1024        5208.705    237748224    118874112
      116088         2048       10021.968    475496448    237748224
      116088         4096       20031.946    950992896    475496448
      116088         8192       40005.942   1901985792    950992896
      127696            1          15.020       255392       127696
      127696            2          15.840       510784       255392
      127696            4          30.480      1021568       510784
      127696            8          43.720      2043136      1021568
      127696           16         108.240      4086272      2043136
      127696           32         172.471      8172544      4086272
      127696           64         343.510     16345088      8172544
      127696          128         702.680     32690176     16345088
      127696          256        1381.811     65380352     32690176
      127696          512        2788.193    130760704     65380352
      127696         1024        5579.364    261521408    130760704
      127696         2048       11159.569    523042816    261521408
      127696         4096       22135.998   1046085632    523042816
      127696         8192       44024.766   2092171264   1046085632
      140464            1          16.750       280928       140464
      140464            2          17.600       561856       280928
      140464            4          31.510      1123712       561856
      140464            8          48.080      2247424      1123712
      140464           16          95.211      4494848      2247424
      140464           32         189.890      8989696      4494848
      140464           64         382.240     17979392      8989696
      140464          128         758.390     35958784     17979392
      140464          256        1512.632     71917568     35958784
      140464          512        3027.422    143835136     71917568
      140464         1024        6060.765    287670272    143835136
      140464         2048       12109.910    575340544    287670272
      140464         4096       24228.510   1150681088    575340544
      154504            1          17.270       309008       154504
      154504            2          13.860       618016       309008
      154504            4          26.900      1236032       618016
      154504            8          52.690      2472064      1236032
      154504           16         104.700      4944128      2472064
      154504           32         208.431      9888256      4944128
      154504           64         419.880     19776512      9888256
      154504          128         850.231     39553024     19776512
      154504          256        1666.301     79106048     39553024
      154504          512        3328.333    158212096     79106048
      154504         1024        6661.115    316424192    158212096
      154504         2048       13313.411    632848384    316424192
      154504         4096       26630.971   1265696768    632848384
      169952            1          18.970       339904       169952
      169952            2          15.460       679808       339904
      169952            4          29.530      1359616       679808
      169952            8          57.960      2719232      1359616
      169952           16         123.950      5438464      2719232
      169952           32         229.620     10876928      5438464
      169952           64         457.251     21753856     10876928
      169952          128         918.380     43507712     21753856
      169952          256        1830.592     87015424     43507712
      169952          512        3668.923    174030848     87015424
      169952         1024        7355.366    348061696    174030848
      169952         2048       14642.902    696123392    348061696
      169952         4096       29309.103   1392246784    696123392
      186944            1          20.920       373888       186944
      186944            2          17.020       747776       373888
      186944            4          32.210      1495552       747776
      186944            8          63.900      2991104      1495552
      186944           16         126.971      5982208      2991104
      186944           32         252.850     11964416      5982208
      186944           64         504.860     23928832     11964416
      186944          128        1011.051     47857664     23928832
      186944          256        2014.792     95715328     47857664
      186944          512        4021.093    191430656     95715328
      186944         1024        8053.666    382861312    191430656
      186944         2048       16107.303    765722624    382861312
      186944         4096       32244.786   1531445248    765722624
      205632            1          22.190       411264       205632
      205632            2          18.380       822528       411264
      205632            4          35.570      1645056       822528
      205632            8          70.300      3290112      1645056
      205632           16         139.310      6580224      3290112
      205632           32         280.511     13160448      6580224
      205632           64         551.330     26320896     13160448
      205632          128        1105.861     52641792     26320896
      205632          256        2217.372    105283584     52641792
      205632          512        4423.273    210567168    105283584
      205632         1024        8848.617    421134336    210567168
      205632         2048       17733.335    842268672    421134336
      205632         4096       35438.448   1684537344    842268672
      226192            1          23.850       452384       226192
      226192            2          20.500       904768       452384
      226192            4          39.180      1809536       904768
      226192            8          77.130      3619072      1809536
      226192           16         152.660      7238144      3619072
      226192           32         309.140     14476288      7238144
      226192           64         608.271     28952576     14476288
      226192          128        1221.371     57905152     28952576
      226192          256        2436.042    115810304     57905152
      226192          512        4872.434    231620608    115810304
      226192         1024        9748.608    463241216    231620608
      226192         2048       19486.105    926482432    463241216
      226192         4096       38982.862   1852964864    926482432
      248808            1          26.700       497616       248808
      248808            2          22.240       995232       497616
      248808            4          43.040      1990464       995232
      248808            8          84.621      3980928      1990464
      248808           16         168.230      7961856      3980928
      248808           32         339.540     15923712      7961856
      248808           64         668.911     31847424     15923712
      248808          128        1342.781     63694848     31847424
      248808          256        2682.262    127389696     63694848
      248808          512        5360.354    254779392    127389696
      248808         1024       10746.429    509558784    254779392
      248808         2048       21441.757   1019117568    509558784
      248808         4096       42875.865   2038235136   1019117568
      273688            1          28.591       547376       273688
      273688            2          24.450      1094752       547376
      273688            4          47.150      2189504      1094752
      273688            8         101.150      4379008      2189504
      273688           16         186.100      8758016      4379008
      273688           32         370.630     17516032      8758016
      273688           64         740.241     35032064     17516032
      273688          128        1473.641     70064128     35032064
      273688          256        2949.132    140128256     70064128
      273688          512        5898.165    280256512    140128256
      273688         1024       11799.780    560513024    280256512
      273688         2048       23562.709   1121026048    560513024
      301056            1          31.640       602112       301056
      301056            2          27.160      1204224       602112
      301056            4          51.990      2408448      1204224
      301056            8         102.040      4816896      2408448
      301056           16         204.511      9633792      4816896
      301056           32         408.340     19267584      9633792
      301056           64         806.301     38535168     19267584
      301056          128        1620.841     77070336     38535168
      301056          256        3244.443    154140672     77070336
      301056          512        6496.695    308281344    154140672
      301056         1024       12981.900    616562688    308281344
      301056         2048       25950.171   1233125376    616562688
      331160            1          35.430       662320       331160
      331160            2          29.560      1324640       662320
      331160            4          57.910      2649280      1324640
      331160            8         112.250      5298560      2649280
      331160           16         224.350     10597120      5298560
      331160           32         451.631     21194240     10597120
      331160           64         891.390     42388480     21194240
      331160          128        1797.822     84776960     42388480
      331160          256        3566.343    169553920     84776960
      331160          512        7120.915    339107840    169553920
      331160         1024       14288.672    678215680    339107840
      331160         2048       28584.853   1356431360    678215680
      364272            1          39.590       728544       364272
      364272            2          32.430      1457088       728544
      364272            4          63.090      2914176      1457088
      364272            8         124.320      5828352      2914176
      364272           16         246.420     11656704      5828352
      364272           32         495.590     23313408     11656704
      364272           64         983.831     46626816     23313408
      364272          128        1963.512     93253632     46626816
      364272          256        3926.923    186507264     93253632
      364272          512        7852.566    373014528    186507264
      364272         1024       15717.433    746029056    373014528
      364272         2048       31421.085   1492058112    746029056
      400696            1          42.560       801392       400696
      400696            2          35.570      1602784       801392
      400696            4          69.890      3205568      1602784
      400696            8         135.910      6411136      3205568
      400696           16         276.371     12822272      6411136
      400696           32         541.320     25644544     12822272
      400696           64        1082.351     51289088     25644544
      400696          128        2165.782    102578176     51289088
      400696          256        4320.123    205156352    102578176
      400696          512        8642.127    410312704    205156352
      400696         1024       17278.344    820625408    410312704
      400696         2048       34522.208   1641250816    820625408
      440760            1          47.651       881520       440760
      440760            2          48.460      1763040       881520
      440760            4          75.660      3526080      1763040
      440760            8         149.160      7052160      3526080
      440760           16         297.870     14104320      7052160
      440760           32         595.731     28208640     14104320
      440760           64        1184.741     56417280     28208640
      440760          128        2372.011    112834560     56417280
      440760          256        4772.794    225669120    112834560
      440760          512        9504.408    451338240    225669120
      440760         1024       19030.605    902676480    451338240
      440760         2048       38128.441   1805352960    902676480
      484832            1          50.980       969664       484832
      484832            2          42.470      1939328       969664
      484832            4          84.430      3878656      1939328
      484832            8         165.790      7757312      3878656
      484832           16         331.751     15514624      7757312
      484832           32         651.890     31029248     15514624
      484832           64        1307.381     62058496     31029248
      484832          128        2605.642    124116992     62058496
      484832          256        5219.364    248233984    124116992
      484832          512       10448.139    496467968    248233984
      484832         1024       20902.847    992935936    496467968
      484832         2048       41789.944   1985871872    992935936
      533312            1          56.710      1066624       533312
      533312            2          47.750      2133248      1066624
      533312            4          92.240      4266496      2133248
      533312            8         182.440      8532992      4266496
      533312           16         362.120     17065984      8532992
      533312           32         723.471     34131968     17065984
      533312           64        1445.641     68263936     34131968
      533312          128        2880.853    136527872     68263936
      533312          256        5763.784    273055744    136527872
      533312          512       11518.269    546111488    273055744
      533312         1024       23039.609   1092222976    546111488
      586640            1          62.910      1173280       586640
      586640            2          61.190      2346560      1173280
      586640            4         101.270      4693120      2346560
      586640            8         200.450      9386240      4693120
      586640           16         397.721     18772480      9386240
      586640           32         795.840     37544960     18772480
      586640           64        1585.962     75089920     37544960
      586640          128        3168.392    150179840     75089920
      586640          256        6337.525    300359680    150179840
      586640          512       12712.971    600719360    300359680
      586640         1024       25348.350   1201438720    600719360
      645304            1          77.170      1290608       645304
      645304            2          57.990      2581216      1290608
      645304            4         111.640      5162432      2581216
      645304            8         220.410     10324864      5162432
      645304           16         437.421     20649728     10324864
      645304           32         875.050     41299456     20649728
      645304           64        1746.362     82598912     41299456
      645304          128        3504.743    165197824     82598912
      645304          256        6972.465    330395648    165197824
      645304          512       13929.801    660791296    330395648
      645304         1024       27856.293   1321582592    660791296
      709832            1          74.620      1419664       709832
      709832            2          63.250      2839328      1419664
      709832            4         122.460      5678656      2839328
      709832            8         242.020     11357312      5678656
      709832           16         484.050     22714624     11357312
      709832           32         961.220     45429248     22714624
      709832           64        1918.052     90858496     45429248
      709832          128        3828.523    181716992     90858496
      709832          256        7661.826    363433984    181716992
      709832          512       15320.173    726867968    363433984
      709832         1024       30678.944   1453735936    726867968
      780808            1          81.980      1561616       780808
      780808            2          69.070      3123232      1561616
      780808            4         141.610      6246464      3123232
      780808            8         266.020     12492928      6246464
      780808           16         528.211     24985856     12492928
      780808           32        1057.181     49971712     24985856
      780808           64        2112.121     99943424     49971712
      780808          128        4215.034    199886848     99943424
      780808          256        8432.297    399773696    199886848
      780808          512       16851.493    799547392    399773696
      780808         1024       33695.338   1599094784    799547392
      858888            1          92.390      1717776       858888
      858888            2          76.640      3435552      1717776
      858888            4         148.040      6871104      3435552
      858888            8         297.271     13742208      6871104
      858888           16         581.160     27484416     13742208
      858888           32        1164.051     54968832     27484416
      858888           64        2328.662    109937664     54968832
      858888          128        4643.714    219875328    109937664
      858888          256        9289.127    439750656    219875328
      858888          512       18578.655    879501312    439750656
      858888         1024       37204.250   1759002624    879501312
      944776            1         108.950      1889552       944776
      944776            2          82.980      3779104      1889552
      944776            4         162.370      7558208      3779104
      944776            8         321.710     15116416      7558208
      944776           16         642.881     30232832     15116416
      944776           32        1279.941     60465664     30232832
      944776           64        2556.662    120931328     60465664
      944776          128        5111.594    241862656    120931328
      944776          256       10222.808    483725312    241862656
      944776          512       20450.137    967450624    483725312
      944776         1024       40851.763   1934901248    967450624
     1039248            1         109.140      2078496      1039248
     1039248            2          91.880      4156992      2078496
     1039248            4         185.501      8313984      4156992
     1039248            8         354.260     16627968      8313984
     1039248           16         707.821     33255936     16627968
     1039248           32        1407.571     66511872     33255936
     1039248           64        2814.882    133023744     66511872
     1039248          128        5626.904    266047488    133023744
     1039248          256       11241.840    532094976    266047488
     1039248          512       22483.768   1064189952    532094976
     1039248         1024       44986.336   2128379904   1064189952
     1143168            1         121.140      2286336      1143168
     1143168            2         109.250      4572672      2286336
     1143168            4         197.330      9145344      4572672
     1143168            8         388.840     18290688      9145344
     1143168           16         778.311     36581376     18290688
     1143168           32        1548.851     73162752     36581376
     1143168           64        3101.203    146325504     73162752
     1143168          128        6187.255    292651008    146325504
     1143168          256       12364.490    585302016    292651008
     1143168          512       24741.790   1170604032    585302016
     1257480            1         149.340      2514960      1257480
     1257480            2         110.570      5029920      2514960
     1257480            4         216.791     10059840      5029920
     1257480            8         429.140     20119680     10059840
     1257480           16         864.771     40239360     20119680
     1257480           32        1716.231     80478720     40239360
     1257480           64        3426.713    160957440     80478720
     1257480          128        6835.065    321914880    160957440
     1257480          256       13639.331    643829760    321914880
     1257480          512       27421.523   1287659520    643829760
     1383224            1         155.590      2766448      1383224
     1383224            2         122.160      5532896      2766448
     1383224            4         238.621     11065792      5532896
     1383224            8         472.970     22131584     11065792
     1383224           16         940.071     44263168     22131584
     1383224           32        1873.771     88526336     44263168
     1383224           64        3745.993    177052672     88526336
     1383224          128        7487.856    354105344    177052672
     1383224          256       14962.412    708210688    354105344
     1383224          512       29905.015   1416421376    708210688
     1521544            1         161.120      3043088      1521544
     1521544            2         135.101      6086176      3043088
     1521544            4         261.350     12172352      6086176
     1521544            8         521.250     24344704     12172352
     1521544           16        1034.481     48689408     24344704
     1521544           32        2060.542     97378816     48689408
     1521544           64        4119.983    194757632     97378816
     1521544          128        8230.517    389515264    194757632
     1521544          256       16461.703    779030528    389515264
     1521544          512       32955.927   1558061056    779030528
     1673696            1         178.180      3347392      1673696
     1673696            2         148.080      6694784      3347392
     1673696            4         288.871     13389568      6694784
     1673696            8         574.720     26779136     13389568
     1673696           16        1137.011     53558272     26779136
     1673696           32        2270.282    107116544     53558272
     1673696           64        4534.224    214233088    107116544
     1673696          128        9057.417    428466176    214233088
     1673696          256       18105.845    856932352    428466176
     1673696          512       36202.929   1713864704    856932352
     1841064            1         203.171      3682128      1841064
     1841064            2         162.920      7364256      3682128
     1841064            4         319.030     14728512      7364256
     1841064            8         629.931     29457024     14728512
     1841064           16        1250.890     58914048     29457024
     1841064           32        2529.352    117828096     58914048
     1841064           64        4984.284    235656192    117828096
     1841064          128        9977.338    471312384    235656192
     1841064          256       19935.806    942624768    471312384
     1841064          512       39844.602   1885249536    942624768
     2025168            1         216.221      4050336      2025168
     2025168            2         187.010      8100672      4050336
     2025168            4         349.060     16201344      8100672
     2025168            8         693.401     32402688     16201344
     2025168           16        1374.991     64805376     32402688
     2025168           32        2748.732    129610752     64805376
     2025168           64        5480.854    259221504    129610752
     2025168          128       10989.819    518443008    259221504
     2025168          256       21900.288   1036886016    518443008
     2025168          512       43821.025   2073772032   1036886016
     2227680            1         236.040      4455360      2227680
     2227680            2         208.120      8910720      4455360
     2227680            4         383.651     17821440      8910720
     2227680            8         764.020     35642880     17821440
     2227680           16        1510.511     71285760     35642880
     2227680           32        3023.133    142571520     71285760
     2227680           64        6037.085    285143040    142571520
     2227680          128       12062.650    570286080    285143040
     2227680          256       24117.189   1140572160    570286080
     2450448            1         268.821      4900896      2450448
     2450448            2         216.620      9801792      4900896
     2450448            4         421.300     19603584      9801792
     2450448            8         837.661     39207168     19603584
     2450448           16        1663.971     78414336     39207168
     2450448           32        3319.683    156828672     78414336
     2450448           64        6636.825    313657344    156828672
     2450448          128       13276.291    627314688    313657344
     2450448          256       26500.271   1254629376    627314688
     2695488            1         296.070      5390976      2695488
     2695488            2         237.830     10781952      5390976
     2695488            4         463.641     21563904     10781952
     2695488            8         921.320     43127808     21563904
     2695488           16        1831.752     86255616     43127808
     2695488           32        3655.893    172511232     86255616
     2695488           64        7290.376    345022464    172511232
     2695488          128       14599.901    690044928    345022464
     2695488          256       29148.664   1380089856    690044928
     2965032            1         313.431      5930064      2965032
     2965032            2         262.160     11860128      5930064
     2965032            4         515.160     23720256     11860128
     2965032            8        1013.911     47440512     23720256
     2965032           16        2018.162     94881024     47440512
     2965032           32        4012.743    189762048     94881024
     2965032           64        8031.846    379524096    189762048
     2965032          128       16041.373    759048192    379524096
     2965032          256       32082.896   1518096384    759048192
     3261528            1         344.870      6523056      3261528
     3261528            2         293.310     13046112      6523056
     3261528            4         562.951     26092224     13046112
     3261528            8        1113.721     52184448     26092224
     3261528           16        2225.861    104368896     52184448
     3261528           32        4426.024    208737792    104368896
     3261528           64        8853.347    417475584    208737792
     3261528          128       17655.364    834951168    417475584
     3261528          256       35292.969   1669902336    834951168
     3587680            1         382.911      7175360      3587680
     3587680            2         317.290     14350720      7175360
     3587680            4         622.121     28701440     14350720
     3587680            8        1225.161     57402880     28701440
     3587680           16        2442.451    114805760     57402880
     3587680           32        4859.084    229611520    114805760
     3587680           64        9710.218    459223040    229611520
     3587680          128       19409.756    918446080    459223040
     3587680          256       38803.031   1836892160    918446080
     3946448            1         430.620      7892896      3946448
     3946448            2         349.830     15785792      7892896
     3946448            4         684.111     31571584     15785792
     3946448            8        1346.311     63143168     31571584
     3946448           16        2683.742    126286336     63143168
     3946448           32        5353.024    252572672    126286336
     3946448           64       10683.009    505145344    252572672
     3946448          128       21342.657   1010290688    505145344
     3946448          256       42691.125   2020581376   1010290688
     4341088            1         463.090      8682176      4341088
     4341088            2         382.941     17364352      8682176
     4341088            4         752.740     34728704     17364352
     4341088            8        1485.352     69457408     34728704
     4341088           16        2951.892    138914816     69457408
     4341088           32        5886.435    277829632    138914816
     4341088           64       11927.809    555659264    277829632
     4341088          128       23487.559   1111318528    555659264
     4775192            1         504.500      9550384      4775192
     4775192            2         426.160     19100768      9550384
     4775192            4         822.971     38201536     19100768
     4775192            8        1633.761     76403072     38201536
     4775192           16        3242.983    152806144     76403072
     4775192           32        6476.525    305612288    152806144
     4775192           64       12925.171    611224576    305612288
     4775192          128       25829.430   1222449152    611224576
     5252704            1         562.871     10505408      5252704
     5252704            2         470.410     21010816     10505408
     5252704            4         908.161     42021632     21010816
     5252704            8        1799.401     84043264     42021632
     5252704           16        3571.343    168086528     84043264
     5252704           32        7148.326    336173056    168086528
     5252704           64       14255.131    672346112    336173056
     5252704          128       28475.073   1344692224    672346112
     5777968            1         612.560     11555936      5777968
     5777968            2         525.121     23111872     11555936
     5777968            4        1010.450     46223744     23111872
     5777968            8        1988.082     92447488     46223744
     5777968           16        3946.523    184894976     92447488
     5777968           32        7885.627    369789952    184894976
     5777968           64       15752.042    739579904    369789952
     5777968          128       31450.006   1479159808    739579904
     6355760            1         673.841     12711520      6355760
     6355760            2         588.800     25423040     12711520
     6355760            4        1117.531     50846080     25423040
     6355760            8        2213.042    101692160     50846080
     6355760           16        4380.863    203384320    101692160
     6355760           32        8714.997    406768640    203384320
     6355760           64       17447.224    813537280    406768640
     6355760          128       34843.639   1627074560    813537280
     6991336            1         745.170     13982672      6991336
     6991336            2         669.921     27965344     13982672
     6991336            4        1260.051     55930688     27965344
     6991336            8        2469.622    111861376     55930688
     6991336           16        4864.024    223722752    111861376
     6991336           32        9700.258    447445504    223722752
     6991336           64       19277.306    894891008    447445504
     6991336          128       38583.901   1789782016    894891008
     7690464            1         814.721     15380928      7690464
     7690464            2         805.450     30761856     15380928
     7690464            4        1469.201     61523712     30761856
     7690464            8        2820.043    123047424     61523712
     7690464           16        5486.304    246094848    123047424
     7690464           32       10906.239    492189696    246094848
     7690464           64       21714.657    984379392    492189696
     7690464          128       43358.755   1968758784    984379392
     8459504            1         896.681     16919008      8459504
     8459504            2        1045.250     33838016     16919008
     8459504            4        1772.192     67676032     33838016
     8459504            8        3321.172    135352064     67676032
     8459504           16        6397.986    270704128    135352064
     8459504           32       12704.940    541408256    270704128
     8459504           64       25175.770   1082816512    541408256
     9305448            1         982.980     18610896      9305448
     9305448            2        1396.722     37221792     18610896
     9305448            4        2261.061     74443584     37221792
     9305448            8        4090.024    148887168     74443584
     9305448           16        7659.726    297774336    148887168
     9305448           32       14872.352    595548672    297774336
     9305448           64       29437.734   1191097344    595548672
    10235992            1        1084.671     20471984     10235992
    10235992            2        1832.552     40943968     20471984
    10235992            4        2848.182     81887936     40943968
    10235992            8        5016.044    163775872     81887936
    10235992           16        9276.657    327551744    163775872
    10235992           32       18017.595    655103488    327551744
    10235992           64       35174.608   1310206976    655103488
    11259584            1        1189.081     22519168     11259584
    11259584            2        2224.282     45038336     22519168
    11259584            4        3470.752     90076672     45038336
    11259584            8        6039.525    180153344     90076672
    11259584           16       11029.729    360306688    180153344
    11259584           32       21262.947    720613376    360306688
    11259584           64       41449.984   1441226752    720613376
    12385536            1        1307.631     24771072     12385536
    12385536            2        2600.152     49542144     24771072
    12385536            4        4032.233     99084288     49542144
    12385536            8        6950.786    198168576     99084288
    12385536           16       12836.690    396337152    198168576
    12385536           32       24670.080    792674304    396337152
    12385536           64       48230.549   1585348608    792674304
    13624088            1        1438.712     27248176     13624088
    13624088            2        2861.052     54496352     27248176
    13624088            4        4477.194    108992704     54496352
    13624088            8        7822.616    217985408    108992704
    13624088           16       14416.812    435970816    217985408
    13624088           32       27399.102    871941632    435970816
    13624088           64       54119.763   1743883264    871941632
    14986496            1        1594.631     29972992     14986496
    14986496            2        3181.203     59945984     29972992
    14986496            4        5025.704    119891968     59945984
    14986496            8        8651.147    239783936    119891968
    14986496           16       15818.753    479567872    239783936
    14986496           32       30435.964    959135744    479567872
    14986496           64       59490.398   1918271488    959135744
    16485144            1        1731.751     32970288     16485144
    16485144            2        3462.843     65940576     32970288
    16485144            4        5469.495    131881152     65940576
    16485144            8        9439.407    263762304    131881152
    16485144           16       17444.624    527524608    263762304
    16485144           32       33483.227   1055049216    527524608
    16485144           64       65400.053   2110098432   1055049216
    18133656            1        1888.631     36267312     18133656
    18133656            2        3820.533     72534624     36267312
    18133656            4        6032.875    145069248     72534624
    18133656            8       10470.029    290138496    145069248
    18133656           16       19297.005    580276992    290138496
    18133656           32       36775.920   1160553984    580276992
    19947016            1        2097.851     39894032     19947016
    19947016            2        4233.924     79788064     39894032
    19947016            4        6671.975    159576128     79788064
    19947016            8       11483.899    319152256    159576128
    19947016           16       21247.168    638304512    319152256
    19947016           32       40520.242   1276609024    638304512
    21941712            1        2309.782     43883424     21941712
    21941712            2        4642.044     87766848     43883424
    21941712            4        7281.306    175533696     87766848
    21941712            8       12598.750    351067392    175533696
    21941712           16       23242.359    702134784    351067392
    21941712           32       44624.426   1404269568    702134784
    24135880            1        2556.852     48271760     24135880
    24135880            2        5133.665     96543520     48271760
    24135880            4        8094.086    193087040     96543520
    24135880            8       13956.501    386174080    193087040
    24135880           16       25630.311    772348160    386174080
    24135880           32       49046.560   1544696320    772348160
    26549464            1        2812.242     53098928     26549464
    26549464            2        5651.315    106197856     53098928
    26549464            4        8822.907    212395712    106197856
    26549464            8       15308.802    424791424    212395712
    26549464           16       28282.513    849582848    424791424
    26549464           32       54372.044   1699165696    849582848
    29204408            1        3103.782     58408816     29204408
    29204408            2        6236.195    116817632     58408816
    29204408            4        9773.348    233635264    116817632
    29204408            8       16876.514    467270528    233635264
    29204408           16       31189.495    934541056    467270528
    29204408           32       59805.798   1869082112    934541056
    32124848            1        3425.113     64249696     32124848
    32124848            2        6866.745    128499392     64249696
    32124848            4       10729.269    256998784    128499392
    32124848            8       18637.845    513997568    256998784
    32124848           16       34428.548   1027995136    513997568
    32124848           32       65965.423   2055990272   1027995136
    35337328            1        3750.623     70674656     35337328
    35337328            2        7521.216    141349312     70674656
    35337328            4       11938.980    282698624    141349312
    35337328            8       20618.637    565397248    282698624
    35337328           16       38238.150   1130794496    565397248
    38871056            1        4096.654     77742112     38871056
    38871056            2        8220.186    155484224     77742112
    38871056            4       12934.301    310968448    155484224
    38871056            8       22514.368    621936896    310968448
    38871056           16       41901.004   1243873792    621936896
    42758160            1        4501.893     85516320     42758160
    42758160            2        9035.348    171032640     85516320
    42758160            4       14225.591    342065280    171032640
    42758160            8       24686.090    684130560    342065280
    42758160           16       45552.897   1368261120    684130560
    47033976            1        5014.044     94067952     47033976
    47033976            2       10039.648    188135904     94067952
    47033976            4       15865.313    376271808    188135904
    47033976            8       27329.492    752543616    376271808
    47033976           16       50418.220   1505087232    752543616
    51737368            1        5460.965    103474736     51737368
    51737368            2       10942.958    206949472    103474736
    51737368            4       17200.444    413898944    206949472
    51737368            8       29825.264    827797888    413898944
    51737368           16       54761.535   1655595776    827797888
    56911104            1        6068.595    113822208     56911104
    56911104            2       12127.710    227644416    113822208
    56911104            4       19074.445    455288832    227644416
    56911104            8       32933.767    910577664    455288832
    56911104           16       60537.559   1821155328    910577664
    62602208            1        6645.685    125204416     62602208
    62602208            2       13310.621    250408832    125204416
    62602208            4       21106.507    500817664    250408832
    62602208            8       36232.499   1001635328    500817664
    62602208           16       66805.274   2003270656   1001635328
    68862424            1        7323.046    137724848     68862424
    68862424            2       14686.741    275449696    137724848
    68862424            4       23027.609    550899392    275449696
    68862424            8       39816.462   1101798784    550899392
    75748664            1        8038.706    151497328     75748664
    75748664            2       16102.193    302994656    151497328
    75748664            4       25346.271    605989312    302994656
    75748664            8       44180.316   1211978624    605989312
    83323528            1        8855.267    166647056     83323528
    83323528            2       17744.045    333294112    166647056
    83323528            4       27929.902    666588224    333294112
    83323528            8       48138.739   1333176448    666588224
    91655880            1        9746.518    183311760     91655880
    91655880            2       19574.055    366623520    183311760
    91655880            4       30848.805    733247040    366623520
    91655880            8       53164.743   1466494080    733247040
   100821464            1       10696.499    201642928    100821464
   100821464            2       21387.267    403285856    201642928
   100821464            4       33580.367    806571712    403285856
   100821464            8       58047.187   1613143424    806571712
   110903608            1       11786.980    221807216    110903608
   110903608            2       23611.959    443614432    221807216
   110903608            4       37247.860    887228864    443614432
   110903608            8       64158.922   1774457728    887228864
   121993968            1       12941.500    243987936    121993968
   121993968            2       25917.301    487975872    243987936
   121993968            4       40919.133    975951744    487975872
   121993968            8       70580.317   1951903488    975951744
   134193360            1       14220.551    268386720    134193360
   134193360            2       28462.013    536773440    268386720
   134193360            4       44746.376   1073546880    536773440
   134193360            8       77574.153   2147093760   1073546880
   147612696            1       15594.642    295225392    147612696
   147612696            2       31144.415    590450784    295225392
   147612696            4       49066.400   1180901568    590450784
   162373960            1       17263.684    324747920    162373960
   162373960            2       34600.848    649495840    324747920
   162373960            4       54303.453   1298991680    649495840
   178611352            1       18870.065    357222704    178611352
   178611352            2       37715.301    714445408    357222704
   178611352            4       59334.218   1428890816    714445408
   196472480            1       20739.227    392944960    196472480
   196472480            2       41504.494    785889920    392944960
   196472480            4       65624.463   1571779840    785889920
   216119728            1       22933.399    432239456    216119728
   216119728            2       45890.117    864478912    432239456
   216119728            4       72252.508   1728957824    864478912
   237731696            1       25498.471    475463392    237731696
   237731696            2       50606.001    950926784    475463392
   237731696            4       79356.984   1901853568    950926784
   261504864            1       27618.342    523009728    261504864
   261504864            2       55231.865   1046019456    523009728
   261504864            4       86940.590   2092038912   1046019456
   287655344            1       30542.205    575310688    287655344
   287655344            2       60964.809   1150621376    575310688
   316420872            1       33507.967    632841744    316420872
   316420872            2       66935.054   1265683488    632841744
   348062952            1       36742.140    696125904    348062952
   348062952            2       73377.619   1392251808    696125904
   382869240            1       40287.742    765738480    382869240
   382869240            2       80666.505   1531476960    765738480
   421156160            1       44570.666    842312320    421156160
   421156160            2       89022.772   1684624640    842312320
   463271776            1       48500.929    926543552    463271776
   463271776            2       97231.969   1853087104    926543552
   509598952            1       53377.034   1019197904    509598952
   509598952            2      106812.926   2038395808   1019197904
   560558840            1       58572.538   1121117680    560558840
   616614720            1       64738.183   1233229440    616614720
   678276192            1       70618.517   1356552384    678276192
   746103808            1       77703.743   1492207616    746103808
   820714184            1       85348.129   1641428368    820714184
   902785600            1       93818.385   1805571200    902785600
   993064160            1      102152.382   1986128320    993064160

META_DATA
FLOPS          8
OPENMP_THREADS 1
ERT_VERSION  1.1.0
HOSTNAME  ('pve.fritz.box', ['pve'], ['192.168.188.21'])
UNAME  uname_result(system='Linux', node='pve', release='6.14.8-2-pve', version='#1 SMP PREEMPT_DYNAMIC PMX 6.14.8-2 (2025-07-22T10:04Z)', machine='x86_64')
TIMESTAMP_DATA  1765907225.4113352
CONFIG  {'ERT_MPI': ['False'], 'ERT_OPENMP': ['True'], 'ERT_OPENMP_CFLAGS': ['-fopenmp'], 'ERT_OPENMP_LDFLAGS': ['-fopenmp'], 'ERT_PRECISION': ['FP64'], 'ERT_TRIALS_MIN': ['1'], 'ERT_TRIALS': ['3', '#', 'Run', 'each', 'test', '3', 'times', 'to', 'filter', 'out', 'background', 'noise'], 'ERT_RESULTS': ['Results/1600X'], 'ERT_GNUPLOT': ['gnuplot'], 'ERT_DRIVER': ['driver1'], 'ERT_KERNEL': ['kernel1'], 'ERT_CC': ['g++'], 'ERT_LD': ['g++'], 'ERT_CFLAGS': ['-O3', '-march=native', '-fopenmp', '-fstrict-aliasing', '-funroll-loops', '-Wno-all'], 'ERT_LDFLAGS': ['-O3', '-march=native', '-fopenmp'], 'ERT_LDLIBS': ['-lm'], 'ERT_RUN': ['export', 'OMP_NUM_THREADS=ERT_OPENMP_THREADS;', './ERT_CODE'], 'ERT_WORKING_SET_MIN': ['128'], 'ERT_MEMORY_MAX': ['1073741824'], 'ERT_ALIGN': ['64'], 'ERT_MIN_PROCS': ['1'], 'ERT_MAX_PROCS': ['1'], 'ERT_OPENMP_THREADS': ['1,2,4,8,12', '#', 'Logical', 'Threads'], 'ERT_NUM_EXPERIMENTS': ['5'], 'ERT_FLOPS': ['1,2,4,8'], 'ERT_GPU': [False], 'ERT_HIP': [False], 'ERT_OCL': [False], 'ERT_SYCL': [False], 'ERT_WSS_MULT': [1.1]}
