fp64

1024 1 4.555 9.5 9.852 0.2078765732846123 0.21557894736842106 0.44961580680570806 0.05196914332115307 0.053894736842105266 0.11240395170142702
1024 2 2.26 6.686 6.778 0.6043080554735911 0.6126233921627281 1.8123893805309736 0.15107701386839778 0.15315584804068202 0.4530973451327434
1024 4 3.056 8.259 8.519 0.9616152130531752 0.9918876377285386 2.680628272251309 0.2404038032632938 0.24797190943213465 0.6701570680628273
1024 8 3.186 9.537 9.686 1.6915135246747885 1.7179406521967076 5.142498430634024 0.42287838116869714 0.4294851630491769 1.285624607658506
1024 16 4.444 13.24 13.277 2.46802741583189 2.4749244712990937 7.373537353735374 0.6170068539579725 0.6187311178247734 1.8433843384338435
1024 32 6.945 20.685 20.796 3.1513752644739377 3.1682861977278223 9.436429085673145 0.7878438161184844 0.7920715494319556 2.3591072714182864
1024 64 12.019 35.944 35.982 3.6427102440108943 3.6465613176051637 10.905399783675847 0.9106775610027236 0.9116403294012909 2.7263499459189617
1024 128 22.13 66.073 66.241 3.9574281789224197 3.96749050292858 11.845639403524627 0.9893570447306049 0.991872625732145 2.961409850881157
1024 256 42.388 126.574 126.925 4.130691353161316 4.142146096354701 12.368783618005097 1.032672838290329 1.0355365240886754 3.092195904501274
1024 512 82.536 247.572 285.462 3.6732594881280174 4.235438579483948 12.704468353203453 0.9183148720320043 1.058859644870987 3.176117088300863
1024 1024 163.721 489.479 489.514 4.284151219372684 4.28445755589106 12.809303632399022 1.071037804843171 1.071114388972765 3.2023259080997555
1024 2048 324.683 973.346 1005.236 4.1724570150690985 4.309160360241887 12.9181509349119 1.0431142537672746 1.0772900900604718 3.229537733727975
1024 4096 647.126 1941.009 1941.063 4.321656741692568 4.3217769726982205 12.96286658239663 1.080414185423142 1.0804442431745551 3.2407166455991576
1024 8192 1314.864 3894.517 3894.645 4.3077651493268325 4.307906731438071 12.759658793609074 1.0769412873317081 1.0769766828595178 3.1899146984022684
1024 16384 2582.449 7780.33 7788.549 4.308174988691732 4.312726066889193 12.993260273484587 1.077043747172933 1.0781815167222983 3.248315068371147
1024 32768 5172.639 15542.104 15559.006 4.313184531196916 4.317875108801228 12.973815493406752 1.078296132799229 1.079468777200307 3.243453873351688
1024 65536 10336.537 31101.421 31382.522 4.276830523690862 4.315485392130476 12.984786684360538 1.0692076309227154 1.078871348032619 3.2461966710901344
1024 131072 20681.555 62152.917 62242.62 4.312727452668284 4.318951852251762 12.979461940845358 1.078181863167071 1.0797379630629405 3.2448654852113394
1024 262144 74018.73 124298.073 124920.46 4.29770200974284 4.319221521640163 7.2531764865460415 1.07442550243571 1.0798053804100407 1.8132941216365104
1024 524288 248712.127 248842.508 248959.037 4.312925680219433 4.314945354915006 4.317207355152409 1.0782314200548582 1.0787363387287514 1.0793018387881022
1024 1048576 470261.516 497654.499 497823.386 4.3137460159414855 4.3152099545271065 4.566573225609217 1.0784365039853714 1.0788024886317766 1.1416433064023042

1120 1 8.204 8.63 9.055 0.2473771397018222 0.25955967555040554 0.273037542662116 0.06184428492545555 0.06488991888760139 0.068259385665529
1120 2 6.482 6.649 6.778 0.6609619356742403 0.6737855316588961 0.6911447084233262 0.16524048391856008 0.16844638291472402 0.17278617710583155
1120 4 8.574 8.574 8.648 1.0360777058279373 1.045019827385118 1.045019827385118 0.25901942645698434 0.2612549568462795 0.2612549568462795
1120 8 9.797 10.0 10.073 1.7790132036136208 1.792 1.8291313667449218 0.4447533009034052 0.448 0.45728284168623046
1120 16 13.907 14.056 14.111 2.539862518602509 2.5498007968127494 2.5771194362551233 0.6349656296506272 0.6374501992031874 0.6442798590637808
1120 32 22.277 22.408 22.611 3.1701384281986646 3.198857550874688 3.217668447277461 0.7925346070496662 0.799714387718672 0.8044171118193653
1120 64 39.333 39.388 39.519 3.627622156431084 3.639687214380015 3.6447766506495825 0.906905539107771 0.9099218035950037 0.9111941626623956
1120 128 73.0 73.035 73.037 3.9256815038952855 3.925789005271446 3.9276712328767127 0.9814203759738214 0.9814472513178615 0.9819178082191782
1120 256 140.203 140.722 140.778 4.073363735810994 4.074984721649778 4.090069399370912 1.0183409339527485 1.0187461804124445 1.022517349842728
1120 512 274.813 274.998 275.518 4.162631842565641 4.17050305820406 4.173310578466085 1.0406579606414101 1.042625764551015 1.0433276446165212
1120 1024 544.034 544.257 573.793 3.997539182248651 4.2144795565330355 4.216207075293089 0.9993847955621628 1.0536198891332589 1.0540517688232722
1120 2048 1082.679 1102.364 1104.033 4.155238113353496 4.161529222652409 4.237193110792766 1.038809528338374 1.0403823056631023 1.0592982776981914
1120 4096 2160.007 2160.285 2161.099 4.24554358685095 4.247143316738301 4.247689938041868 1.0613858967127374 1.0617858291845752 1.061922484510467
1120 8192 4329.867 4330.94 4344.477 4.223771929279405 4.236973959463766 4.238023939303448 1.0559429823198512 1.0592434898659415 1.059505984825862
1120 16384 8651.12 8652.342 8653.01 4.2413171832691745 4.241644632170111 4.242243778840197 1.0603292958172936 1.0604111580425277 1.0605609447100492
1120 32768 17295.499 17303.558 17315.737 4.238937100973525 4.241920650076707 4.243897212795075 1.0597342752433812 1.0604801625191767 1.0609743031987688
1120 65536 34614.387 34717.605 34719.078 4.228241314472695 4.228420710472395 4.241029604250972 1.0570603286181737 1.0571051776180989 1.060257401062743
1120 131072 69181.682 69193.655 69225.936 4.241203470329387 4.243182124141296 4.243916474884204 1.0603008675823467 1.060795531035324 1.060979118721051
1120 262144 138346.532 138356.512 138812.239 4.230192987521799 4.244126651588326 4.244432813104416 1.0575482468804498 1.0610316628970815 1.061108203276104
1120 524288 146279.995 276817.12 276882.189 4.24153364375489 4.242530664288394 8.028473886671927 1.0603834109387225 1.0606326660720986 2.0071184716679817

1232 1 3.574 3.777 9.259 0.26611945134463766 0.6523696055070162 0.6894236149972021 0.06652986283615941 0.16309240137675404 0.17235590374930052
1232 2 2.241 2.278 7.018 0.7021943573667713 2.163301141352063 2.1990182954038375 0.17554858934169282 0.5408252853380158 0.5497545738509594
1232 4 3.148 3.148 8.611 1.144582510742074 3.1308767471410417 3.1308767471410417 0.2861456276855185 0.7827191867852604 0.7827191867852604
1232 8 3.425 3.519 10.501 1.877154556708885 5.6015913611821535 5.755328467153285 0.46928863917722125 1.4003978402955384 1.4388321167883213
1232 16 4.944 5.074 14.926 2.641297065523248 7.7698068584942845 7.974110032362461 0.660324266380812 1.9424517146235711 1.9935275080906152
1232 32 8.019 8.13 24.185 3.2602026049204054 9.69840098400984 9.832647462277091 0.8150506512301013 2.42460024600246 2.4581618655692727
1232 64 14.241 14.333 42.87 3.678469792395615 11.002302379125096 11.073379678393371 0.9196174480989038 2.750575594781274 2.7683449195983427
1232 128 26.628 26.685 80.167 3.9341873838362416 11.819074386359379 11.844374342797057 0.9835468459590604 2.9547685965898447 2.961093585699264
1232 256 51.444 51.519 154.519 4.082242313243031 12.243715910634911 12.261565974652049 1.0205605783107579 3.060928977658728 3.0653914936630122
1232 512 101.054 101.13 322.998 3.905807466300101 12.474715712449324 12.484097611178182 0.9764518665750253 3.118678928112331 3.1210244027945455
1232 1024 200.258 200.295 600.83 4.19941747249638 12.59709927856412 12.599426739506036 1.049854368124095 3.14927481964103 3.149856684876509
1232 2048 398.646 398.739 1196.031 4.2191816098412165 12.655576705564293 12.658529121074839 1.0547954024603041 3.1638941763910733 3.1646322802687097
1232 4096 795.44 804.088 2402.116 4.201522324483913 12.551541622309996 12.688001609172282 1.0503805811209783 3.137885405577499 3.1720004022930706
1232 8192 1589.084 1598.805 4782.752 4.220391941710546 12.625109378567117 12.702341726428557 1.0550979854276366 3.1562773446417793 3.1755854316071392
1232 16384 3181.095 3181.723 9558.447 4.223507856454088 12.688149156919065 12.690654004360136 1.055876964113522 3.1720372892297664 3.172663501090034
1232 32768 6355.929 6356.208 19131.986 4.220176201257935 12.702597523554926 12.703155117056847 1.0550440503144838 3.1756493808887316 3.1757887792642117
1232 65536 12718.637 12721.728 38239.234 4.222906347967117 12.693299526605191 12.696384368859649 1.0557265869917793 3.173324881651298 3.174096092214912
1232 131072 25424.326 25428.923 76476.596 4.223009716593557 12.700553932229061 12.702850333180907 1.0557524291483893 3.1751384830572653 3.1757125832952267
1232 262144 50852.411 50920.882 152938.748 4.2234085504609995 12.68483165707931 12.701911341037498 1.0558521376152499 3.1712079142698273 3.1754778352593744
1232 524288 101701.913 101857.098 298554.315 4.32700372124918 12.68292202866412 12.702274656328244 1.081750930312295 3.17073050716603 3.175568664082061

1352 1 3.871 4.168 8.981 0.30108005790001113 0.6487523992322457 0.6985275122707311 0.07527001447500278 0.16218809980806143 0.17463187806768277
1352 2 2.314 2.426 6.889 0.7850195964581216 2.2291838417147565 2.3370786516853927 0.1962548991145304 0.5572959604286891 0.5842696629213482
1352 4 3.241 3.37 8.778 1.2321713374344954 3.2094955489614243 3.3372415921012033 0.30804283435862384 0.8023738872403561 0.8343103980253008
1352 8 3.628 3.629 10.704 2.020926756352765 5.960870763295674 5.962513781697904 0.5052316890881913 1.4902176908239184 1.490628445424476
1352 16 5.259 5.315 15.704 2.7549668874172184 8.139981185324551 8.22665906065792 0.6887417218543046 2.0349952963311377 2.05666476516448
1352 32 8.629 8.63 25.833 3.3495141872798357 10.026419466975666 10.027581411519295 0.8373785468199589 2.5066048667439165 2.5068953528798237
1352 64 15.351 15.371 45.963 3.7651154189239167 11.258603864420012 11.27327209953749 0.9412788547309792 2.814650966105003 2.8183180248843724
1352 128 28.833 28.851 86.333 4.009034783918084 11.996533915635506 12.004023167897895 1.002258695979521 2.9991334789088766 3.0010057919744737
1352 256 55.758 55.778 167.203 4.140021411099083 12.41034099465739 12.414792496144049 1.0350053527747707 3.1025852486643477 3.103698124036012
1352 512 109.61 109.666 328.851 4.209955268495458 12.624222639651304 12.630672383906576 1.0524888171238644 3.156055659912826 3.157668095976644
1352 1024 217.369 217.387 652.052 4.246434333458068 12.73717379604116 12.738228542248434 1.061608583364517 3.18429344901029 3.1845571355621085
1352 2048 432.83 432.905 1318.364 4.200503047716715 12.792164562663864 12.794381165815677 1.0501257619291788 3.198041140665966 3.1985952914539193
1352 4096 863.81 871.347 2591.302 4.274138637642389 12.71087637875611 12.821782567925817 1.0685346594105973 3.1777190946890275 3.2054456419814543
1352 8192 1725.73 1725.731 5214.565 4.24794167874022 12.835817401437419 12.83582483934335 1.061985419685055 3.2089543503593547 3.2089562098358373
1352 16384 3454.889 3456.203 10377.537 4.269060760756622 12.818210041481937 12.823085198974553 1.0672651901891554 3.204552510370484 3.2057712997436383
1352 32768 6906.536 6906.647 20770.262 4.265939062299744 12.828898306225872 12.829104488849401 1.066484765574936 3.207224576556468 3.2072761222123503
1352 65536 13806.222 13806.739 41533.284 4.266682692367885 12.834989058603917 12.83546968895618 1.0666706730919713 3.208747264650979 3.208867422239045
1352 131072 27617.646 27618.792 83025.919 4.2687716350360425 12.832519539594635 12.833052027678246 1.0671929087590106 3.208129884898659 3.2082630069195615
1352 262144 55230.862 55257.257 166146.041 4.266351287900986 12.827950833679639 12.834081351111267 1.0665878219752465 3.2069877084199097 3.208520337777817
1352 524288 110469.816 110615.661 332720.025 4.260863926059153 12.816220950847097 12.833141244663608 1.0652159815147884 3.204055237711774 3.208285311165902

1480 1 8.629 9.185 9.371 0.31586810372425567 0.3222645617855198 0.3430293197357747 0.07896702593106392 0.08056614044637996 0.08575732993394368
1480 2 7.019 7.055 7.185 0.8239387613082811 0.8391211906449327 0.8434249893147172 0.20598469032707029 0.20978029766123318 0.2108562473286793
1480 4 8.611 9.148 9.203 1.2865369988047377 1.2942719720157412 1.3749854836836604 0.3216342497011844 0.3235679930039353 0.3437463709209151
1480 8 11.185 11.333 11.407 2.075918295783291 2.0894732198005825 2.1171211443898077 0.5189795739458227 0.5223683049501456 0.5292802860974519
1480 16 16.722 16.722 16.834 2.8133539265771654 2.832197105609377 2.832197105609377 0.7033384816442914 0.7080492764023443 0.7080492764023443
1480 32 27.63 27.852 28.019 3.380563189264428 3.40083297429269 3.4281577994933046 0.845140797316107 0.8502082435731725 0.8570394498733261
1480 64 49.777 49.963 49.964 3.7915299015291013 3.7916057882833294 3.805773750929144 0.9478824753822753 0.9479014470708323 0.951443437732286
1480 128 93.834 94.055 94.204 4.021909897668889 4.028281324756791 4.037768825798751 1.0054774744172223 1.0070703311891978 1.0094422064496877
1480 256 182.147 182.425 182.517 4.151722853213673 4.153816636974099 4.160156357227954 1.0379307133034184 1.0384541592435248 1.0400390893069884
1480 512 358.943 359.294 359.35 4.217392514261861 4.218049842190519 4.222174551391168 1.0543481285654652 1.0545124605476297 1.055543637847792
1480 1024 712.256 712.274 712.403 4.254670460399521 4.255441024100276 4.25554856680744 1.0636676150998803 1.063860256025069 1.06388714170186
1480 2048 1436.566 1437.752 1440.696 4.207744034827611 4.2163599841975525 4.21984092620875 1.0519360087069027 1.0540899960493881 1.0549602315521875
1480 4096 2832.189 2847.577 2848.689 4.256049010615059 4.257711029412023 4.280844251566545 1.0640122526537648 1.0644277573530057 1.0702110628916361
1480 8192 5673.839 5675.341 5686.803 4.263963425495837 4.272574987124122 4.2737060392443285 1.0659908563739593 1.0681437467810304 1.0684265098110821
1480 16384 11351.772 11363.178 11366.033 4.266804433877677 4.267876469065256 4.272164733400213 1.0667011084694193 1.066969117266314 1.0680411833500532
1480 32768 22682.804 22684.104 22714.764 4.270054489670243 4.275825926384397 4.276070983111259 1.0675136224175608 1.0689564815960992 1.0690177457778147
1480 65536 45383.208 45384.674 45426.587 4.270330940777039 4.274274615258887 4.2744126858550855 1.0675827351942597 1.0685686538147217 1.0686031714637714
1480 131072 90774.138 90889.406 91057.73 4.260737885734688 4.268628623230303 4.274049068909913 1.065184471433672 1.0671571558075756 1.0685122672274783
1480 262144 181505.331 181517.775 181537.149 4.274311039224264 4.27476725075547 4.275060328668804 1.068577759806066 1.0686918126888676 1.068765082167201
1480 524288 168344.844 363038.459 363039.094 4.2747255203319785 4.274732997365439 9.2185328824208 1.0686813800829946 1.0686832493413598 2.3046332206052

1624 1 4.092 9.259 9.277 0.3501131831411017 0.3507938222270223 0.7937438905180841 0.08752829578527542 0.08769845555675558 0.19843597262952103
1624 2 2.481 7.185 7.37 0.8814111261872456 0.9041057759220599 2.618299072954454 0.2203527815468114 0.22602644398051497 0.6545747682386135
1624 4 3.37 9.463 9.518 1.3649926455137633 1.3729261333615135 3.855192878338279 0.34124816137844083 0.34323153334037837 0.9637982195845698
1624 8 3.908 11.816 12.0 2.1653333333333333 2.199052132701422 6.6489252814739 0.5413333333333333 0.5497630331753555 1.662231320368475
1624 16 5.945 17.87 18.037 2.8811886677385377 2.9081141578063794 8.741463414634145 0.7202971669346344 0.7270285394515948 2.1853658536585363
1624 32 9.945 30.037 30.092 3.453941246843015 3.4602656723374503 10.451080945198592 0.8634853117107537 0.8650664180843626 2.612770236299648
1624 64 18.018 54.277 54.296 3.828495653455135 3.8298358420693845 11.536907536907538 0.9571239133637838 0.9574589605173461 2.8842268842268846
1624 128 34.184 102.703 102.758 4.045855310535433 4.048021966252203 12.161947109758954 1.0114638276338583 1.0120054915630508 3.0404867774397384
1624 256 66.5 199.665 199.666 4.16439453887993 4.164415395787945 12.503578947368421 1.0410986347199824 1.0411038489469862 3.1258947368421053
1624 512 131.148 393.555 393.628 4.2247401099515285 4.22552375144516 12.680147619483334 1.0561850274878821 1.05638093786129 3.1700369048708334
1624 1024 260.444 781.422 799.478 4.16015450081178 4.256281497065606 12.770315307705301 1.040038625202945 1.0640703742664015 3.1925788269263253
1624 2048 518.997 1557.121 1576.157 4.220330842676206 4.271924917845177 12.816844798717527 1.0550827106690515 1.0679812294612943 3.204211199679382
1624 4096 1044.661 3108.501 3125.687 4.256282858776327 4.279814611608618 12.735048020362585 1.0640707146940818 1.0699536529021545 3.1837620050906463
1624 8192 2070.341 6227.003 6239.504 4.264379989178627 4.272940931616702 12.851803640076684 1.0660949972946567 1.0682352329041755 3.212950910019171
1624 16384 4144.404 12457.079 12457.859 4.271619385000264 4.271886852447512 12.840261711937348 1.067904846250066 1.067971713111878 3.210065427984337
1624 32768 8285.291 24919.529 24920.994 4.2707150445122695 4.270966116574676 12.845712238713164 1.0676787611280674 1.067741529143669 3.211428059678291
1624 65536 16567.507 49829.355 49971.804 4.259620645274284 4.271797778638716 12.848096457722939 1.064905161318571 1.067949444659679 3.2120241144307347
1624 131072 33142.956 99644.894 99653.793 4.272008552649872 4.272390073494384 12.845017686412763 1.068002138162468 1.068097518373596 3.211254421603191
1624 262144 66393.689 171187.132 199652.082 4.264637280366553 4.9737600136907485 12.82416634508741 1.0661593200916382 1.2434400034226871 3.2060415862718523
1624 524288 132543.951 369321.87 398694.669 4.271156743257081 4.610849132763246 12.84771889740936 1.0677891858142703 1.1527122831908114 3.21192972435234

1784 1 9.111 9.5 9.538 0.37408261690081773 0.375578947368421 0.3916145318845351 0.09352065422520443 0.09389473684210525 0.09790363297113377
1784 2 7.222 7.26 7.5 0.9514666666666667 0.9829201101928374 0.9880919412905012 0.23786666666666667 0.24573002754820936 0.2470229853226253
1784 4 9.5 9.611 9.981 1.4299168419997996 1.4849651441057121 1.502315789473684 0.3574792104999499 0.37124128602642803 0.375578947368421
1784 8 12.334 12.37 12.406 2.300822182814767 2.3075181891673404 2.3142532836062917 0.5752055457036918 0.5768795472918351 0.5785633209015729
1784 16 19.0 19.001 19.037 2.9987918264432425 3.0044734487658546 3.004631578947368 0.7496979566108106 0.7511183621914637 0.751157894736842
1784 32 32.444 32.463 32.499 3.5132157912551154 3.5171117888057166 3.519171495499938 0.8783039478137789 0.8792779472014292 0.8797928738749845
1784 64 59.129 59.167 59.204 3.8570366867103574 3.8594486791623708 3.861929002689036 0.9642591716775893 0.9648621697905927 0.965482250672259
1784 128 112.61 112.684 113.074 4.038983320657269 4.052962266160236 4.055625610514164 1.0097458301643172 1.013240566540059 1.013906402628541
1784 256 219.369 219.517 219.536 4.160629691713432 4.160989809445282 4.163797072512525 1.040157422928358 1.0402474523613205 1.0409492681281312
1784 512 433.165 433.237 433.312 4.215936784580164 4.216666628196576 4.217367515842692 1.053984196145041 1.054166657049144 1.054341878960673
1784 1024 860.662 860.736 860.755 4.244682865623783 4.244776563313257 4.245141530589244 1.0611707164059458 1.0611941408283143 1.061285382647311
1784 2048 1715.75 1734.12 1734.694 4.212422479123119 4.213816806218716 4.258932828209238 1.0531056197807798 1.053454201554679 1.0647332070523094
1784 4096 3425.851 3441.685 3442.648 4.245141530589244 4.2463293415870424 4.265955524627311 1.061285382647311 1.0615823353967606 1.0664888811568278
1784 8192 6861.537 6874.483 6876.462 4.250595146166734 4.251818791318562 4.2598409073652155 1.0626487865416836 1.0629546978296405 1.0649602268413039
1784 16384 13739.814 13739.833 13742.873 4.253703865268929 4.254645016427784 4.254650899932124 1.0634259663172323 1.063661254106946 1.063662724983031
1784 32768 27458.222 27460.719 27462.765 4.257263389174397 4.2575805826497115 4.257967759165179 1.0643158472935992 1.0643951456624279 1.0644919397912946
1784 65536 54910.065 54934.408 54965.178 4.254192499840536 4.2565753689381705 4.258462414859643 1.063548124960134 1.0641438422345426 1.0646156037149108
1784 131072 109836.302 109844.556 109911.758 4.254912345228797 4.257515465764184 4.257835410372793 1.0637280863071992 1.064378866441046 1.0644588525931982
1784 262144 219674.88 219681.132 220021.496 4.251083685023212 4.25767012161973 4.257791295936977 1.062770921255803 1.0644175304049326 1.0644478239842443
1784 524288 439396.259 439624.18 439747.113 4.253943979843706 4.255133518816003 4.257340716230358 1.0634859949609266 1.0637833797040008 1.0643351790575895

1960 1 4.26 9.962 10.185 0.3848797250859106 0.39349528207187306 0.92018779342723 0.09621993127147765 0.09837382051796827 0.2300469483568075
1960 2 2.482 7.723 7.741 1.0127890453429789 1.015149553282403 3.158742949234488 0.2531972613357447 0.25378738832060077 0.789685737308622
1960 4 3.574 10.185 10.37 1.5120540019286404 1.5395189003436425 4.387241186345831 0.3780135004821601 0.3848797250859106 1.0968102965864577
1960 8 4.333 13.0 13.038 2.4052768829575086 2.4123076923076923 7.237479806138934 0.6013192207393772 0.6030769230769231 1.8093699515347335
1960 16 6.741 20.279 20.315 3.087373861678562 3.0928546772523298 9.304257528556594 0.7718434654196406 0.7732136693130824 2.3260643821391485
1960 32 11.574 34.796 34.926 3.591593655156616 3.605012070352914 10.838085363746327 0.897898413789154 0.9012530175882285 2.7095213409365817
1960 64 21.204 63.797 63.814 3.93142570595794 3.9324733137921846 11.831729862290132 0.982856426489485 0.9831183284480461 2.957932465572533
1960 128 40.481 121.741 121.834 4.118390597041876 4.121536704972031 12.394950717620612 1.029597649260469 1.0303841762430077 3.098737679405153
1960 256 79.186 237.535 237.703 4.2217388926517545 4.224724777401224 12.672947238148154 1.0554347231629386 1.056181194350306 3.1682368095370386
1960 512 156.518 469.164 469.591 4.274017176649467 4.277907085795158 12.823061884256123 1.0685042941623668 1.0694767714487896 3.205765471064031
1960 1024 317.905 932.551 933.329 4.300819968092709 4.304408016290798 12.626665198722888 1.0752049920231772 1.0761020040726994 3.156666299680722
1960 2048 620.255 1877.397 1878.62 4.273434755299102 4.276218615455336 12.94332169833375 1.0683586888247756 1.069054653863834 3.2358304245834373
1960 4096 1238.642 3731.092 3732.515 4.3017429266861615 4.30338356706294 12.962841563583343 1.0754357316715404 1.075845891765735 3.2407103908958357
1960 8192 2479.359 7438.367 7464.144 4.302253547091267 4.317162624538423 12.951992833631595 1.0755633867728167 1.0792906561346058 3.2379982084078986
1960 16384 4955.252 14882.382 14886.381 4.314364921870534 4.3155242218617955 12.961052233065038 1.0785912304676335 1.0788810554654489 3.2402630582662595
1960 32768 9901.096 29779.503 29800.153 4.3103993459362435 4.313388306043925 12.973367796858044 1.0775998364840609 1.0783470765109813 3.243341949214511
1960 65536 19822.434 59524.531 59570.894 4.312527523928044 4.315886504002862 12.960119831903588 1.078131880982011 1.0789716260007154 3.240029957975897
1960 131072 39612.497 104346.695 119443.414 4.301637258961804 4.923991507349609 12.970710733029527 1.075409314740451 1.2309978768374024 3.242677683257382
1960 262144 79414.622 90078.698 238145.981 4.315019198245466 11.407852276017577 12.939738981569413 1.0787547995613664 2.8519630690043942 3.234934745392353
1960 524288 426541.736 471987.246 476803.126 4.310393216675346 4.354373931536277 4.818306830354346 1.0775983041688364 1.0885934828840693 1.2045767075885865

2152 1 9.186 9.315 10.094 0.42639191598969683 0.4620504562533548 0.4685390812105378 0.10659797899742421 0.1155126140633387 0.11713477030263444
2152 2 7.648 7.778 7.888 1.0912778904665315 1.1067112368218053 1.1255230125523012 0.27281947261663286 0.2766778092054513 0.2813807531380753
2152 4 10.37 10.463 10.592 1.6253776435045315 1.6454171843639491 1.6601735776277724 0.4063444108761329 0.4113542960909873 0.4150433944069431
2152 8 13.685 13.758 13.871 2.4823012039506884 2.5026893443814506 2.5160394592619655 0.6205753009876721 0.6256723360953627 0.6290098648154914
2152 16 21.574 21.704 21.778 3.1620901827532375 3.1728713601179503 3.19199035876518 0.7905225456883094 0.7932178400294876 0.797997589691295
2152 32 37.649 37.759 37.796 3.6439834903164354 3.647554225482666 3.658211373476055 0.9109958725791089 0.9118885563706665 0.9145528433690138
2152 64 69.592 69.759 69.759 3.9486804570019642 3.9486804570019642 3.9581561098976894 0.9871701142504911 0.9871701142504911 0.9895390274744224
2152 128 133.518 133.665 133.684 4.121001765357111 4.12158755096697 4.126125316436735 1.0302504413392777 1.0303968877417424 1.0315313291091837
2152 256 261.407 261.46 279.683 3.9395458429722225 4.2141207068002755 4.214975115433022 0.9848864607430556 1.0535301767000689 1.0537437788582555
2152 512 517.053 517.146 517.163 4.261031821688713 4.261171893430482 4.2619383312735835 1.0652579554221782 1.0652929733576204 1.0654845828183959
2152 1024 1028.365 1028.494 1028.531 4.2850395369706895 4.285193690969514 4.285731233560068 1.0712598842426724 1.0712984227423785 1.071432808390017
2152 2048 2051.341 2070.527 2070.748 4.256718828172235 4.257173173786191 4.296990115246563 1.0641797070430588 1.0642932934465477 1.0742475288116407
2152 4096 4112.404 4112.775 4140.31 4.257938173711629 4.286445040149291 4.28683174123943 1.0644845434279073 1.0716112600373227 1.0717079353098575
2152 8192 8215.602 8227.772 8228.807 4.284748445309265 4.285287438689355 4.291635354292965 1.0711871113273161 1.0713218596723388 1.0729088385732413
2152 16384 16425.335 16427.284 16437.839 4.289903070592187 4.292659456061026 4.293168815126145 1.0724757676480468 1.0731648640152565 1.0732922037815362
2152 32768 32838.829 32849.133 32862.768 4.291588340945596 4.293369691066123 4.294716842674262 1.072897085236399 1.0733424227665307 1.0736792106685655
2152 65536 65695.163 65759.305 65813.432 4.285856783764141 4.289384506116663 4.29357248112772 1.0714641959410351 1.0723461265291658 1.07339312028193
2152 131072 131371.592 131374.142 131426.182 4.292401098587798 4.294101406957238 4.294184757995472 1.0731002746469496 1.0735253517393095 1.073546189498868
2152 262144 262733.456 262738.358 262948.573 4.290830572410067 4.294263633938064 4.294343754987944 1.0727076431025167 1.073565908484516 1.073585938746986

2360 1 4.129 10.149 10.333 0.4567889286751185 0.46507045029066907 1.143133930733834 0.11419723216877962 0.11626761257266727 0.2857834826834585
2360 2 2.889 8.259 8.611 1.0962722099639994 1.1429955200387456 3.2675666320526133 0.27406805249099986 0.2857488800096864 0.8168916580131533
2360 4 4.0 10.889 10.945 1.7249885792599358 1.7338598585728717 4.72 0.43124714481498394 0.43346496464321793 1.18
2360 8 4.889 14.63 14.834 2.5455035728731294 2.5809979494190016 7.7234608304356716 0.6363758932182824 0.6452494873547504 1.9308652076089179
2360 16 7.778 23.278 23.537 3.2085652377108382 3.2442649712174583 9.709436873232194 0.8021413094277096 0.8110662428043646 2.4273592183080486
2360 32 13.611 40.722 40.852 3.6972486047194755 3.7090516182898674 11.096906913525823 0.9243121511798689 0.9272629045724669 2.7742267283814557
2360 64 25.259 75.629 75.758 3.9874336703714457 3.9942350156685924 11.95930163506077 0.9968584175928614 0.9985587539171481 2.9898254087651925
2360 128 48.518 145.407 145.5 4.152302405498281 4.154958151945917 12.452285749618698 1.0380756013745702 1.0387395379864792 3.1130714374046744
2360 256 95.109 285.128 285.202 4.236716432563586 4.2378159984287755 12.704581059626323 1.0591791081408966 1.0594539996071939 3.1761452649065807
2360 512 188.185 564.385 564.422 4.281619072254447 4.28189976700302 12.841831176767542 1.0704047680636117 1.070474941750755 3.2104577941918855
2360 1024 374.35 1122.921 1123.18 4.303210527252977 4.304203056136629 12.911125951649524 1.0758026318132443 1.0760507640341572 3.227781487912381
2360 2048 746.812 2266.174 2277.34 4.244671414896326 4.265585961183915 12.94376630263038 1.0611678537240814 1.0663964902959788 3.235941575657595
2360 4096 1491.547 4490.993 4491.236 4.3046323996334195 4.304865315978002 12.961790677732582 1.0761580999083549 1.0762163289945006 3.2404476694331454
2360 8192 2994.058 8971.84 8972.249 4.309537107140026 4.30973356635874 12.914325640986245 1.0773842767850066 1.077433391589685 3.2285814102465613
2360 16384 5972.967 17951.517 17978.919 4.3012864121585945 4.307852088489234 12.94707973441005 1.0753216030396486 1.0769630221223085 3.2367699336025124
2360 32768 11945.491 35888.331 35894.042 4.308931270543451 4.3096169615689295 12.947559878451207 1.0772328176358628 1.0774042403922324 3.2368899696128017
2360 65536 55181.785 66551.714 71765.047 4.310314462693794 4.6479632365291135 5.60565266237763 1.0775786156734486 1.1619908091322784 1.4014131655944075
2360 131072 47726.158 143588.428 143702.575 4.305140948239793 4.308563361387311 12.962699406895478 1.0762852370599483 1.0771408403468277 3.2406748517238695
2360 262144 95463.149 287101.633 287342.283 4.306082860767136 4.309692240587151 12.96122842124137 1.076520715191784 1.0774230601467878 3.2403071053103427

2592 1 4.315 9.981 10.314 0.5026178010471204 0.5193868349864743 1.201390498261877 0.1256544502617801 0.12984670874661858 0.30034762456546926
2592 2 2.853 8.315 8.334 1.244060475161987 1.2469031870114253 3.6340694006309144 0.31101511879049676 0.31172579675285633 0.9085173501577286
2592 4 4.055 11.333 11.722 1.7689814024910426 1.8297008735551046 5.113686806411838 0.44224535062276066 0.45742521838877614 1.2784217016029595
2592 8 5.204 15.463 15.556 2.6659809719722296 2.682015132897885 7.9692544196771715 0.6664952429930574 0.6705037832244712 1.9923136049192929
2592 16 8.389 24.999 25.185 3.2933889219773675 3.3178927157086284 9.88723328167839 0.8233472304943419 0.8294731789271571 2.4718083204195973
2592 32 14.777 43.999 44.258 3.748203714582674 3.770267506079683 11.226094606483048 0.9370509286456685 0.9425668765199208 2.806523651620762
2592 64 27.5 82.592 100.537 3.300038791688632 4.017047655947307 12.064581818181818 0.825009697922158 1.0042619139868267 3.0161454545454545
2592 128 53.074 158.98 159.24 4.166993217784476 4.173808026166813 12.502392885405282 1.041748304446119 1.0434520065417032 3.1255982213513205
2592 256 104.018 311.739 312.054 4.252802399584687 4.25709968916305 12.75840719875406 1.0632005998961718 1.0642749222907626 3.189601799688515
2592 512 205.982 618.07 618.812 4.289199304473733 4.294348536573526 12.885630783272324 1.0722998261184333 1.0735871341433816 3.221407695818081
2592 1024 431.756 1229.808 1231.882 4.309191951826555 4.316459154599742 12.29494436672565 1.0772979879566387 1.0791147886499355 3.0737360916814125
2592 2048 818.013 2471.525 2472.616 4.293764984130168 4.2956603716328985 12.978805960296473 1.073441246032542 1.0739150929082246 3.2447014900741182
2592 4096 1634.158 4918.049 4919.195 4.31649162108841 4.317497446650084 12.99364198565867 1.0791229052721025 1.079374361662521 3.2484104964146674
2592 8192 3272.445 9827.43 9840.372 4.3156222142821425 4.3213055702253795 12.977247287578553 1.0789055535705356 1.0803263925563449 3.2443118218946383
2592 16384 6541.352 19660.895 19716.118 4.307879269134015 4.319979126077424 12.984266249545964 1.0769698172835038 1.079994781519356 3.246066562386491
2592 32768 13077.687 39325.324 39449.925 4.305947653892877 4.319590907884192 12.98924741049392 1.0764869134732193 1.079897726971048 3.24731185262348
2592 65536 26152.726 78672.056 78737.403 4.314831465802853 4.31841547397719 12.990562589918925 1.0787078664507133 1.0796038684942975 3.2476406474797312
2592 131072 52426.507 157600.37 157618.417 4.310900089803592 4.3113937359411025 12.960566836924688 1.077725022450898 1.0778484339852756 3.240141709231172
2592 262144 173171.58 314511.578 314570.579 4.320030501008805 4.320840919884991 7.847445267866702 1.0800076252522013 1.0802102299712477 1.9618613169666754

2848 1 4.704 9.5 10.834 0.5257522613992985 0.599578947368421 1.2108843537414968 0.13143806534982463 0.14989473684210525 0.3027210884353742
2848 2 2.833 8.371 8.537 1.3344266135644838 1.3608887827021863 4.0211789622308505 0.33360665339112094 0.34022219567554657 1.0052947405577126
2848 4 4.24 11.74 11.777 1.9346183238515753 1.9407155025553664 5.373584905660377 0.4836545809628938 0.4851788756388416 1.3433962264150943
2848 8 5.499 16.315 16.499 2.76186435541548 2.7930125651241187 8.28659756319331 0.69046608885387 0.6982531412810297 2.0716493907983273
2848 16 9.018 26.871 27.166 3.354781712434661 3.391611774775781 10.106010201818584 0.8386954281086653 0.8479029436939453 2.526502550454646
2848 32 16.019 47.889 48.148 3.7856608789565507 3.806135020568398 11.378488045446035 0.9464152197391377 0.9515337551420995 2.844622011361509
2848 64 30.019 89.851 90.018 4.049678953098269 4.0572058185217745 12.143775608781107 1.0124197382745672 1.0143014546304436 3.0359439021952768
2848 128 58.055 173.98 174.184 4.185734625453543 4.190642602598 12.558573766256137 1.0464336563633858 1.0476606506495 3.139643441564034
2848 256 114.11 342.128 342.296 4.259985509617407 4.262077351166815 12.778687231618614 1.0649963774043518 1.0655193377917038 3.1946718079046534
2848 512 226.258 678.608 678.755 4.296619546080692 4.297550279395469 12.889497829910987 1.074154886520173 1.0743875698488672 3.2223744574777466
2848 1024 450.552 1351.419 1368.585 4.2618500129695995 4.315984901795816 12.945684404907757 1.0654625032423999 1.078996225448954 3.2364211012269393
2848 2048 899.144 2697.282 2714.986 4.296673353011765 4.324875189171914 12.97390406875873 1.0741683382529412 1.0812187972929785 3.2434760171896824
2848 4096 1803.453 5404.824 5417.155 4.30683929110391 4.316665260515421 12.936747450585072 1.0767098227759775 1.0791663151288553 3.234186862646268
2848 8192 3596.111 10799.793 10815.073 4.314499957605465 4.320604293063766 12.97558167698383 1.0786249894013662 1.0801510732659414 3.2438954192459577
2848 16384 7184.295 21617.628 21617.806 4.3169627852151145 4.316998331176761 12.989898660898529 1.0792406963037786 1.0792495827941901 3.2474746652246322
2848 32768 14381.349 43215.683 43232.001 4.317323364236599 4.3189535613726155 12.9783741427873 1.0793308410591498 1.0797383903431539 3.244593535696825
2848 65536 28746.882 86446.363 86446.799 4.3181825159309835 4.318204295072541 12.985514602940242 1.0795456289827459 1.0795510737681353 3.2463786507350605
2848 131072 57480.022 172881.875 172967.062 4.316348461766669 4.318475328891476 12.988619106652395 1.0790871154416672 1.079618832222869 3.247154776663099
2848 262144 114971.099 243618.264 345734.904 4.31883563598774 6.129147295787314 12.987370191181698 1.079708908996935 1.5322868239468286 3.2468425477954246

3128 1 4.666 10.407 11.0 0.5687272727272727 0.6011338522148554 1.3407629661380196 0.1421818181818182 0.15028346305371384 0.3351907415345049
3128 2 2.982 8.759 8.907 1.4047378466374763 1.4284735700422422 4.195841716968477 0.35118446165936906 0.35711839251056055 1.0489604292421193
3128 4 4.352 12.464 12.593 1.9871357103152545 2.007702182284981 5.75 0.4967839275788136 0.5019255455712452 1.4375
3128 8 5.852 17.334 17.629 2.8389585342333654 2.887273566401292 8.55228981544771 0.7097396335583414 0.721818391600323 2.1380724538619273
3128 16 9.889 29.407 29.593 3.382421518602372 3.403815418097732 10.121953685913642 0.845605379650593 0.850953854524433 2.5304884214784105
3128 32 17.389 52.018 52.185 3.836198141228322 3.848513975931408 11.512565414917477 0.9590495353070805 0.962128493982852 2.878141353729369
3128 64 32.796 98.037 98.259 4.074781953815935 4.084009098605628 12.208318087571653 1.0186954884539838 1.021002274651407 3.0520795218929133
3128 128 63.463 190.314 190.518 4.203109417482862 4.207614783988566 12.617871830830563 1.0507773543707155 1.0519036959971415 3.1544679577076407
3128 256 124.981 374.849 374.924 4.271628383352359 4.272483053176079 12.814235763836102 1.0679070958380898 1.0681207632940197 3.2035589409590255
3128 512 247.998 743.83 743.903 4.305765671061953 4.306188241937002 12.915717062234373 1.0764414177654882 1.0765470604842504 3.2289292655585933
3128 1024 506.423 1481.825 1514.936 4.228656524103989 4.32314477080627 12.649788812909366 1.0571641310259972 1.0807861927015674 3.1624472032273414
3128 2048 985.865 2957.485 2983.946 4.293739900118836 4.332156545172672 12.995986265868044 1.073434975029709 1.083039136293168 3.248996566467011
3128 4096 1969.804 5937.875 5939.82 4.314032411756585 4.315445508704713 13.008693250699055 1.0785081029391463 1.0788613771761784 3.252173312674764
3128 8192 3942.738 11853.453 11867.975 4.318272662353939 4.323563100136306 12.9983661100484 1.0795681655884848 1.0808907750340766 3.2495915275121
3128 16384 7884.328 23688.499 23701.395 4.324568406205626 4.32692269780369 13.000258741138113 1.0811421015514064 1.0817306744509225 3.2500646852845283
3128 32768 15762.359 47406.623 47426.459 4.322410155057116 4.324218748928815 13.005452293022891 1.080602538764279 1.0810546872322038 3.251363073255723
3128 65536 31526.922 94780.533 94799.264 4.324856530531714 4.325711230174238 13.004543101289748 1.0812141326329285 1.0814278075435595 3.251135775322437
3128 131072 63064.715 166347.452 189863.378 4.318823570072581 4.929359735549181 13.00230139785774 1.0797058925181453 1.2323399338872953 3.250575349464435
3128 262144 138843.953 198356.979 379668.681 4.3194841873196275 8.267785042239426 11.81162613542125 1.0798710468299069 2.0669462605598565 2.9529065338553124

3440 1 9.721 10.24 11.888 0.5787348586810229 0.671875 0.7077461166546651 0.14468371467025573 0.16796875 0.17693652916366628
3440 2 9.13 9.147 9.222 1.4920841466059425 1.504318355745053 1.5071193866374588 0.3730210366514856 0.37607958893626325 0.3767798466593647
3440 4 12.835 12.851 13.278 2.0726012953758097 2.1414675900708113 2.1441371250486947 0.5181503238439524 0.5353668975177028 0.5360342812621737
3440 8 18.518 18.814 18.888 2.9140194832698008 2.9254810247687892 2.9722432228102384 0.7285048708174502 0.7313702561921973 0.7430608057025596
3440 16 31.463 31.648 31.685 3.4741991478617646 3.4782608695652177 3.4987127737342276 0.8685497869654412 0.8695652173913044 0.8746781934335569
3440 32 56.796 57.0 57.092 3.856232046521404 3.862456140350877 3.8763293189661248 0.964058011630351 0.9656140350877193 0.9690823297415312
3440 64 107.815 107.944 108.073 4.074283123444339 4.079152152968206 4.08403283402124 1.0185707808610847 1.0197880382420514 1.02100820850531
3440 128 209.758 209.869 209.925 4.19502203167798 4.196141402493937 4.198361921833732 1.048755507919495 1.0490353506234842 1.049590480458433
3440 256 413.72 413.831 413.906 4.255265688344696 4.256036884621984 4.257178768249057 1.063816422086174 1.064009221155496 1.0642946920622642
3440 512 821.625 821.716 821.737 4.286724341243001 4.286833893948761 4.2873086870530965 1.0716810853107503 1.0717084734871902 1.0718271717632741
3440 1024 1656.232 1656.417 1657.971 4.249241995185682 4.253228504657946 4.25370358742012 1.0623104987964205 1.0633071261644864 1.06342589685503
3440 2048 3269.149 3284.964 3286.335 4.28752394384626 4.289313368426564 4.310063567001688 1.071880985961565 1.072328342106641 1.077515891750422
3440 4096 6548.448 6562.15 6601.371 4.268882933560317 4.294397415481208 4.303383030605114 1.0672207333900792 1.073599353870302 1.0758457576512785
3440 8192 13101.246 13120.577 13125.722 4.293932173788231 4.295615962621157 4.301954180541301 1.0734830434470577 1.0739039906552892 1.0754885451353253
3440 16384 26202.245 26212.493 26222.062 4.29874355418731 4.300312831747823 4.301994733657365 1.0746858885468276 1.0750782079369559 1.0754986834143412
3440 32768 52387.914 52427.059 52751.937 4.273659941624514 4.300142794582469 4.303355922894736 1.0684149854061284 1.0750356986456173 1.075838980723684
3440 65536 104782.341 104809.637 104816.902 4.301669591417613 4.3019677665709315 4.3030884373923275 1.0754173978544033 1.0754919416427329 1.0757721093480819
3440 131072 209584.527 209588.403 210065.03 4.292839031798867 4.302601418266449 4.302680989422469 1.0732097579497168 1.0756503545666123 1.0756702473556172
3440 262144 215038.913 419154.628 419170.213 4.302669092567415 4.302829074333875 8.387090014726777 1.0756672731418537 1.0757072685834688 2.096772503681694

3784 1 10.704 10.925 11.075 0.6833408577878104 0.6927231121281464 0.7070254110612855 0.1708352144469526 0.1731807780320366 0.17675635276532137
3784 2 9.445 9.481 9.686 1.562667767912451 1.5964560700348065 1.602541026998412 0.39066694197811275 0.3991140175087016 0.400635256749603
3784 4 13.554 13.889 14.0 2.1622857142857144 2.1795665634674926 2.2334366238748706 0.5405714285714286 0.5448916408668731 0.5583591559687177
3784 8 19.872 20.055 20.092 3.01333864224567 3.018898030416355 3.0466988727858295 0.7533346605614175 0.7547245076040887 0.7616747181964574
3784 16 33.778 34.019 34.055 3.5556599618264575 3.5594226755636558 3.5848185209307832 0.8889149904566144 0.8898556688909139 0.8962046302326958
3784 32 61.648 61.851 61.871 3.9142085953031307 3.9154742849751822 3.9283675058396055 0.9785521488257827 0.9788685712437956 0.9820918764599014
3784 64 117.425 117.684 117.684 4.115699670303525 4.115699670303525 4.124777517564403 1.0289249175758812 1.0289249175758812 1.0311943793911007
3784 128 229.166 229.295 229.35 4.223693045563549 4.224706164547854 4.2270842969725 1.0559232613908873 1.0561765411369635 1.056771074243125
3784 256 452.146 452.516 452.572 4.280883483732976 4.281413253895995 4.284916818903628 1.070220870933244 1.0703533134739986 1.071229204725907
3784 512 898.588 918.273 918.606 4.218147932846073 4.219677590433346 4.3121163425285 1.0545369832115183 1.0549193976083364 1.078029085632125
3784 1024 1791.175 1791.194 1810.898 4.27944147047487 4.3265173956589855 4.326563289460829 1.0698603676187175 1.0816293489147464 1.0816408223652072
3784 2048 3576.203 3592.851 3593.795 4.312784674696248 4.313917832941026 4.334000055365984 1.078196168674062 1.0784794582352566 1.083500013841496
3784 4096 7174.905 7175.797 7177.664 4.318748829702812 4.31987248245735 4.320409538523507 1.079687207425703 1.0799681206143374 1.0801023846308768
3784 8192 14328.661 14330.088 14358.518 4.317789342883437 4.326355567390793 4.326786431753812 1.0794473357208592 1.0815888918476984 1.081696607938453
3784 16384 28678.054 28722.804 28824.215 4.301734218954445 4.316922261489512 4.3236585020727 1.0754335547386114 1.079230565372378 1.080914625518175
3784 32768 47947.383 57341.163 57353.745 4.323836638740853 4.324785390209124 5.172090914742938 1.0809591596852133 1.081196347552281 1.2930227286857345
3784 65536 38126.566 88271.318 114678.697 4.324922247764988 5.6187724307005364 13.008683971171179 1.081230561941247 1.4046931076751341 3.2521709927927946
3784 131072 76273.153 76281.106 229868.28 4.315310037557161 13.003913393704597 13.005269311470576 1.0788275093892903 3.250978348426149 3.251317327867644
3784 262144 230545.253 290006.657 458682.249 4.325229058515409 6.840897421192645 8.605277125354649 1.0813072646288522 1.7102243552981613 2.151319281338662

4160 1 4.407 11.352 12.574 0.6616828376013997 0.7329105003523607 1.8879056047197638 0.16542070940034992 0.18322762508809018 0.47197640117994094
4160 2 3.296 9.89 9.963 1.6701796647596108 1.6825075834175935 5.048543689320389 0.4175449161899027 0.4206268958543984 1.2621359223300972
4160 4 5.111 14.388 14.537 2.2893306734539447 2.3130386433138725 6.511445900997848 0.5723326683634862 0.5782596608284681 1.627861475249462
4160 8 7.203 21.555 21.815 3.0511116204446482 3.0879146369751798 9.240594196862418 0.7627779051111621 0.7719786592437949 2.3101485492156044
4160 16 12.316 37.074 37.092 3.588914051547504 3.5906565247882614 10.808704124715817 0.897228512886876 0.8976641311970653 2.702176031178954
4160 32 22.648 67.833 67.906 3.920713928077047 3.9249332920554894 11.755563405157188 0.9801784820192617 0.9812333230138723 2.938890851289297
4160 64 43.222 129.757 129.814 4.101868827707335 4.103670707553349 12.319652029059275 1.0254672069268338 1.0259176768883373 3.079913007264819
4160 128 84.408 253.313 253.35 4.203512926781133 4.204126910186213 12.616813572173255 1.0508782316952832 1.0510317275465533 3.1542033930433138
4160 256 166.963 500.923 501.201 4.249632383015995 4.251990824937166 12.756838341428939 1.0624080957539987 1.0629977062342915 3.1892095853572346
4160 512 331.684 995.124 1021.439 4.17043014805583 4.2807127553953075 12.843067497980005 1.0426075370139576 1.0701781888488269 3.2107668744950013
4160 1024 672.681 1984.1 2007.416 4.244102866570755 4.293977118088806 12.665260353718924 1.0610257166426889 1.0734942795222016 3.166315088429731
4160 2048 1320.715 3978.071 3978.663 4.282684911991792 4.283322243368708 12.901617684360367 1.070671227997948 1.070830560842177 3.225404421090092
4160 4096 2644.634 7946.309 8234.603 4.138477592665974 4.288622554194658 12.885987248140953 1.0346193981664935 1.0721556385486646 3.2214968120352383
4160 8192 5282.213 15883.004 15933.766 4.27754744233096 4.291218462200224 12.903197958885793 1.06938686058274 1.072804615550056 3.225799489721448
4160 16384 10565.333 31759.806 31763.643 4.291537969999222 4.292056443921603 12.902090260666652 1.0728844924998056 1.0730141109804008 3.225522565166663
4160 32768 21195.371 63530.823 63555.148 4.2896565987069994 4.29129904393022 12.86270289866594 1.0724141496767499 1.072824760982555 3.215675724666485
4160 65536 42273.889 127032.89 127059.275 4.29137912206724 4.292270450589607 12.898257834759418 1.07284478051681 1.0730676126474017 3.2245644586898545
4160 131072 84499.021 254061.958 254237.891 4.289364719439086 4.292335021680026 12.905700292077942 1.0723411798597715 1.0730837554200066 3.2264250730194854

4576 1 4.611 11.276 11.648 0.7857142857142857 0.8116353316778999 1.9848189112990675 0.19642857142857142 0.20290883291947498 0.4962047278247669
4576 2 3.408 10.297 10.426 1.7556109725685785 1.7776051277070992 5.370892018779343 0.4389027431421446 0.4444012819267748 1.3427230046948357
4576 4 5.315 15.278 15.943 2.296180141755002 2.3961251472705847 6.887676387582313 0.5740450354387505 0.5990312868176462 1.7219190968955782
4576 8 7.649 23.148 23.167 3.1603574049294254 3.1629514428892347 9.571970192181983 0.7900893512323564 0.7907378607223087 2.3929925480454957
4576 16 13.37 40.148 40.203 3.6423152501057134 3.647304971605061 10.952281226626777 0.9105788125264284 0.9118262429012652 2.7380703066566943
4576 32 24.685 74.13 74.223 3.945731107608154 3.9506812356670715 11.864046992100466 0.9864327769020385 0.9876703089167679 2.9660117480251165
4576 64 47.315 142.017 142.054 4.123277063651851 4.12435131005443 12.379330022191695 1.0308192659129627 1.0310878275136075 3.0948325055479238
4576 128 92.611 277.832 277.887 4.215584032358477 4.216418555098045 12.64921013702476 1.0538960080896191 1.0541046387745112 3.16230253425619
4576 256 183.129 549.404 549.515 4.263599719752873 4.264461125146522 12.793779248507882 1.0658999299382184 1.0661152812866306 3.1984448121269704
4576 512 364.239 1092.791 1092.809 4.287870982028882 4.2879416100608445 12.864695982582864 1.0719677455072205 1.0719854025152111 3.216173995645716
4576 1024 726.422 2196.099 2198.469 4.2628065258141 4.267406888305127 12.901107069995126 1.065701631453525 1.0668517220762816 3.2252767674987814
4576 2048 1450.807 4368.366 4369.957 4.289125957074634 4.290688097105416 12.919220819860946 1.0722814892686585 1.072672024276354 3.2298052049652366
4576 4096 2913.985 8727.638 8727.711 4.295122970959969 4.295158896370357 12.864373701305944 1.0737807427399924 1.0737897240925893 3.216093425326486
4576 8192 5816.191 17445.572 17458.83 4.29428455400505 4.2975480540276925 12.890426741487685 1.0735711385012625 1.0743870135069231 3.2226066853719213
4576 16384 11602.198 34894.774 34895.51 4.297010360358682 4.297100992830617 12.923962166479143 1.0742525900896704 1.0742752482076543 3.2309905416197857
4576 32768 23226.23 69797.855 69810.789 4.295793534148425 4.296589572845757 12.911812894300969 1.0739483835371062 1.0741473932114391 3.227953223575242
4576 65536 46417.09 139570.374 139601.246 4.296419188121 4.297369526286431 12.921651745079238 1.07410479703025 1.0743423815716078 3.2304129362698095
4576 131072 128717.474 174206.292 189115.329 6.343065632717694 6.8859220308759 9.319410230191435 1.5857664081794236 1.721480507718975 2.329852557547859

5032 1 11.37 11.668 13.222 0.7611556496747846 0.8625299965718205 0.8851363236587512 0.19028891241869614 0.21563249914295513 0.2212840809146878
5032 2 10.63 10.833 10.833 1.8580264008123328 1.8580264008123328 1.893508936970837 0.4645066002030832 0.4645066002030832 0.4733772342427093
5032 4 15.963 16.259 16.37 2.459132559560171 2.475921028353527 2.521831735889244 0.6147831398900427 0.6189802570883818 0.630457933972311
5032 8 24.796 24.87 24.888 3.234972677595628 3.237314032971452 3.2469753185997745 0.808743169398907 0.809328508242863 0.8117438296499436
5032 16 43.407 43.482 43.518 3.700170044579255 3.7032335219171153 3.709632086990578 0.9250425111448137 0.9258083804792788 0.9274080217476445
5032 32 80.592 80.667 80.722 3.989593914917867 3.9923140813467715 3.9960293825689894 0.9973984787294667 0.9980785203366929 0.9990073456422474
5032 64 155.019 155.074 155.129 4.152002526929201 4.153475115106336 4.154948748217961 1.0380006317323003 1.038368778776584 1.0387371870544901
5032 128 303.794 303.851 303.887 4.2390493834879415 4.239551622341214 4.2403470772958 1.0597623458719854 1.0598879055853034 1.06008676932395
5032 256 601.441 601.497 601.534 4.283023071015105 4.2832865334324195 4.283685349020103 1.0707557677537762 1.0708216333581049 1.0709213372550257
5032 512 1196.696 1214.382 1215.68 4.238589102395367 4.243119545579563 4.305828715062138 1.0596472755988418 1.0607798863948907 1.0764571787655346
5032 1024 2386.932 2387.154 2406.19 4.2829269509057895 4.3170805067456905 4.317482022948288 1.0707317377264474 1.0792701266864226 1.079370505737072
5032 2048 4783.697 4783.77 4784.124 4.308222780178775 4.308541589583111 4.308607338633697 1.0770556950446937 1.0771353973957778 1.0771518346584243
5032 4096 9560.171 9571.279 9587.931 4.2993784581887375 4.306858466877833 4.311862622540956 1.0748446145471844 1.0767146167194583 1.077965655635239
5032 8192 19120.881 19124.505 19153.805 4.304329505286287 4.310924021301466 4.311741075110503 1.0760823763215717 1.0777310053253666 1.0779352687776258
5032 16384 38218.937 38234.17 38383.107 4.29586317751713 4.312597239589613 4.314316120304445 1.0739657943792824 1.0781493098974033 1.0785790300761113
5032 32768 76455.489 76502.336 76694.862 4.299859774178876 4.310680813720513 4.313322121319504 1.074964943544719 1.0776702034301282 1.078330530329876
5032 65536 152911.117 152943.718 153243.966 4.303949585851884 4.312398787114617 4.313318200402657 1.075987396462971 1.0780996967786542 1.0783295501006642
5032 131072 305947.621 306163.048 306227.325 4.307612353012587 4.308516709044523 4.311550466346002 1.0769030882531467 1.0771291772611307 1.0778876165865006

5528 1 11.444 11.537 11.648 0.9491758241758242 0.958308052353298 0.9660957707095421 0.23729395604395606 0.2395770130883245 0.24152394267738553
5528 2 11.148 11.333 11.352 1.9478505990133896 1.9511162093002736 1.9834947972730537 0.4869626497533474 0.4877790523250684 0.4958736993182634
5528 4 17.036 17.167 17.24 2.5651972157772627 2.576105318343333 2.595914533928152 0.6412993039443157 0.6440263295858333 0.648978633482038
5528 8 26.685 26.741 26.759 3.305355207593707 3.3075801204143453 3.3145212666291926 0.8263388018984268 0.8268950301035863 0.8286303166572981
5528 16 47.018 47.203 47.352 3.7357661767190407 3.7475584178971677 3.762303798545238 0.9339415441797602 0.9368896044742919 0.9405759496363095
5528 32 87.981 88.017 88.147 4.013659001440775 4.019587125214447 4.02123185687819 1.0034147503601938 1.0048967813036118 1.0053079642195475
5528 64 169.61 169.704 169.851 4.165910121223897 4.1695186913685 4.171829491185661 1.0414775303059742 1.042379672842125 1.0429573727964152
5528 128 333.073 333.221 333.294 4.246005028593374 4.246935217168185 4.248822330239918 1.0615012571483435 1.0617338042920463 1.0622055825599794
5528 256 660.182 660.293 686.164 4.124868107332941 4.286484939261812 4.28720564935124 1.0312170268332352 1.071621234815453 1.07180141233781
5528 512 1313.863 1314.048 1314.085 4.307690902795481 4.307812195597117 4.308418762077934 1.0769227256988703 1.0769530488992793 1.0771046905194834
5528 1024 2638.745 2639.208 2641.93 4.285255097599104 4.289674781222246 4.290427456991866 1.071313774399776 1.0724186953055614 1.0726068642479665
5528 2048 5252.638 5253.026 5253.417 4.310087701014406 4.310408515015917 4.3107269147426495 1.0775219252536015 1.0776021287539792 1.0776817286856624
5528 4096 10509.739 10509.776 10523.556 4.303238943186125 4.3088811788186545 4.3088963484250185 1.0758097357965313 1.0772202947046636 1.0772240871062546
5528 8192 20997.257 20998.977 21011.094 4.310615715678584 4.313103062115836 4.313456371944202 1.077653928919646 1.078275765528959 1.0783640929860505
5528 16384 41997.244 42019.934 42021.031 4.310734403446693 4.310846942310762 4.3131759788809 1.0776836008616733 1.0777117355776904 1.078293994720225
5528 32768 84007.301 84103.415 84192.59 4.303027237907754 4.307589745315337 4.312518122680789 1.0757568094769385 1.0768974363288342 1.0781295306701972
5528 65536 82566.772 167985.164 168310.884 4.3049266855493435 4.313273855541196 8.775515845526819 1.0762316713873359 1.078318463885299 2.1938789613817047
5528 131072 111757.119 336132.326 336149.142 4.3109794163925015 4.311195085711573 12.966798401451276 1.0777448540981254 1.0777987714278932 3.241699600362819

6080 1 5.704 12.443 27.963 0.4348603511783428 0.9772562886763643 2.131837307152875 0.1087150877945857 0.24431407216909107 0.5329593267882188
6080 2 3.944 12.02 12.129 2.005111715722648 2.0232945091514143 6.16632860040568 0.501277928930662 0.5058236272878536 1.54158215010142
6080 4 6.426 17.962 18.259 2.663891779396462 2.7079389822959583 7.569249922191099 0.6659729448491155 0.6769847455739896 1.8923124805477747
6080 8 9.649 28.945 28.946 3.3607406895598704 3.3608567973743306 10.08187376930252 0.8401851723899676 0.8402141993435827 2.52046844232563
6080 16 43.184 51.296 51.555 3.7738337697604503 3.7928883343730506 4.505372360133383 0.9434584424401126 0.9482220835932627 1.1263430900333458
6080 32 32.111 96.128 96.37 4.0377710905883575 4.047936085219708 12.117965806110057 1.0094427726470894 1.011984021304927 3.029491451527514
6080 64 62.036 186.129 186.129 4.181186166583392 4.181186166583392 12.544973886130634 1.045296541645848 1.045296541645848 3.1362434715326586
6080 128 121.962 365.924 386.387 4.028292877348358 4.253560848700824 12.762007838507076 1.0070732193370895 1.063390212175206 3.190501959626769
6080 256 241.925 725.329 725.514 4.290695975542857 4.2917903461739435 12.867458923220006 1.0726739938857142 1.0729475865434859 3.2168647308050016
6080 512 481.684 1444.307 1461.992 4.258518514465195 4.310662483807113 12.925320334493152 1.0646296286162988 1.0776656209517783 3.231330083623288
6080 1024 961.384 2882.373 2900.688 4.292719520334486 4.319996058802937 12.95199420834963 1.0731798800836214 1.0799990147007343 3.2379985520874075
6080 2048 1920.415 5774.748 5786.931 4.303434756695735 4.312513723542569 12.967863716957012 1.0758586891739337 1.0781284308856423 3.241965929239253
6080 4096 3857.386 11551.991 11552.162 4.311518484591889 4.311582306461285 12.912205312094772 1.0778796211479722 1.0778955766153213 3.228051328023693
6080 8192 7704.94 23096.138 23096.427 4.312992654664724 4.3130466227730375 12.928682118225451 1.078248163666181 1.0782616556932594 3.2321705295563627
6080 16384 15366.935 46191.967 46193.499 4.31293243233209 4.313075474789805 12.964813087320277 1.0782331080830225 1.0782688686974513 3.241203271830069
6080 32768 30719.722 92382.729 92438.59 4.310525290357631 4.313131732664013 12.970784045506662 1.0776313225894079 1.0782829331660033 3.2426960113766654
6080 65536 183866.486 184698.886 184760.903 4.31323806638897 4.314686337631728 4.334219777279042 1.0783095165972425 1.078671584407932 1.0835549443197605
6080 131072 369409.963 369840.77 369970.673 4.3080050293608 4.3095181745376525 4.314543947478753 1.0770012573402 1.0773795436344131 1.0786359868696882

6688 1 11.685 12.37 14.869 0.8995897504875917 1.0813257881972516 1.1447154471544716 0.22489743762189793 0.2703314470493129 0.2861788617886179
6688 2 12.388 12.407 12.537 2.133843822286033 2.1562021439509955 2.1595092024539877 0.5334609555715083 0.5390505359877489 0.5398773006134969
6688 4 19.148 19.332 19.647 2.7232656385198757 2.7676391475274156 2.7942343847921456 0.6808164096299689 0.6919097868818539 0.6985585961980364
6688 8 31.129 31.167 31.241 3.4252424698313115 3.433375044117175 3.4375662565453435 0.8563106174578279 0.8583437610292938 0.8593915641363359
6688 16 55.684 55.834 55.926 3.8267710903694168 3.833076619980657 3.8434020544501117 0.9566927725923542 0.9582691549951643 0.9608505136125279
6688 32 105.035 105.129 105.13 4.071454389803101 4.071493117978864 4.075136859142191 1.0178635974507753 1.017873279494716 1.0187842147855477
6688 64 203.61 203.703 203.813 4.2002423790435355 4.202510517763606 4.204430037817396 1.0500605947608839 1.0506276294409016 1.051107509454349
6688 128 400.813 401.035 418.942 4.086790056857512 4.26927325545152 4.271637895976428 1.021697514214378 1.06731831386288 1.067909473994107
6688 256 795.514 795.57 795.644 4.303753940204413 4.304154254182536 4.3044572439957065 1.0759384850511033 1.076038563545634 1.0761143109989266
6688 512 1584.196 1584.752 1584.824 4.321307602610763 4.321503932476501 4.323020636335404 1.0803269006526908 1.0803759831191253 1.080755159083851
6688 1024 3163.057 3178.075 3180.669 4.306334296338287 4.309849201167373 4.330312099971642 1.0765835740845717 1.0774623002918433 1.0825780249929104
6688 2048 6347.744 6347.946 6374.503 4.297440600467205 4.315419192286765 4.315556518977451 1.0743601501168012 1.0788547980716912 1.0788891297443628
6688 4096 12671.006 12671.207 12674.749 4.322617828566073 4.3238261359000765 4.323894724696682 1.0806544571415182 1.0809565339750191 1.0809736811741706
6688 8192 25335.275 25344.196 25365.083 4.319961894073045 4.323522119226035 4.325044508101846 1.0799904735182613 1.0808805298065087 1.0812611270254615
6688 16384 50697.503 50698.698 50702.943 4.322281331874562 4.322643236321375 4.322745126125837 1.0805703329686405 1.0806608090803438 1.0806862815314593
6688 32768 101346.97 101356.969 101700.624 4.309754952929296 4.324367355539214 4.324794002228187 1.077438738232324 1.0810918388848034 1.0811985005570468
6688 65536 202763.679 202783.211 202874.549 4.320943855801252 4.322890103559905 4.323306522762393 1.080235963950313 1.0807225258899762 1.0808266306905983
6688 131072 309101.104 405423.758 405833.265 4.320047722061424 4.324411279321229 5.6719922682644315 1.080011930515356 1.0811028198303072 1.4179980670661079

7352 1 12.13 12.278 12.52 1.1744408945686902 1.1975891839061736 1.2122011541632316 0.29361022364217254 0.2993972959765434 0.3030502885408079
7352 2 13.165 13.165 13.296 2.2117930204572804 2.2338017470565896 2.2338017470565896 0.5529482551143201 0.5584504367641474 0.5584504367641474
7352 4 20.482 20.611 20.814 2.8257903334294223 2.853621852408908 2.8715945708426913 0.7064475833573556 0.713405463102227 0.7178986427106728
7352 8 33.685 33.685 33.722 3.488286578494751 3.492118153480778 3.492118153480778 0.8720716446236878 0.8730295383701945 0.8730295383701945
7352 16 60.705 60.833 60.852 3.8661670939328205 3.867374615751319 3.875529198583313 0.9665417734832051 0.9668436539378298 0.9688822996458283
7352 32 114.89 114.925 114.963 4.092864660803912 4.094217968240157 4.095465227609017 1.023216165200978 1.0235544920600392 1.0238663069022542
7352 64 223.295 223.296 223.352 4.213331423045238 4.21438807681284 4.214406950446719 1.0533328557613095 1.05359701920321 1.0536017376116797
7352 128 440.072 440.09 440.258 4.275020556128452 4.276652502897135 4.276827428239016 1.068755139032113 1.0691631257242837 1.069206857059754
7352 256 873.736 873.772 892.773 4.216328226772091 4.308016278846197 4.308193779356694 1.0540820566930227 1.0770040697115493 1.0770484448391735
7352 512 1740.695 1759.769 1774.231 4.243217484081836 4.278088771878582 4.324966751785925 1.060804371020459 1.0695221929696455 1.0812416879464812
7352 1024 3475.055 3490.814 3491.537 4.312397663264059 4.313290825578218 4.332851134730242 1.0780994158160147 1.0783227063945544 1.0832127836825605
7352 2048 6959.11 6972.685 6975.944 4.316805295455353 4.318822949839266 4.327247593442266 1.0792013238638383 1.0797057374598165 1.0818118983605665
7352 4096 13924.797 13937.054 13954.07 4.316130275969663 4.321399917084342 4.325203735465587 1.0790325689924158 1.0803499792710856 1.0813009338663968
7352 8192 27849.48 27864.355 27865.272 4.322770220940244 4.3229124808379735 4.325221440400323 1.080692555235061 1.0807281202094934 1.0813053601000808
7352 16384 55707.359 55718.513 55723.616 4.323307661871763 4.323703613554798 4.324569326648567 1.0808269154679409 1.0809259033886995 1.0811423316621418
7352 32768 111390.939 111397.101 111410.768 4.3247226515842705 4.325253239758905 4.325492507070077 1.0811806628960676 1.0813133099397263 1.0813731267675193
7352 65536 222844.293 222907.952 223166.904 4.3180298096531375 4.323046061631754 4.324281008174618 1.0795074524132844 1.0807615154079384 1.0810702520436546
7352 131072 445591.758 445684.049 446006.366 4.321199953455373 4.324325028738015 4.325220683278437 1.0802999883638433 1.0810812571845037 1.0813051708196093

8080 1 12.815 13.13 14.259 1.133319307104285 1.2307692307692308 1.2610222395630122 0.28332982677607127 0.3076923076923077 0.31525555989075305
8080 2 14.019 14.055 14.056 2.299373932840069 2.299537531127713 2.3054426135958344 0.5748434832100172 0.5748843827819282 0.5763606533989586
8080 4 22.26 22.481 22.574 2.863471250110747 2.8753169343000757 2.903863432165319 0.7158678125276867 0.7188292335750189 0.7259658580413297
8080 8 36.463 36.518 36.518 3.5401719699874037 3.5401719699874037 3.545511888763953 0.8850429924968509 0.8850429924968509 0.8863779721909882
8080 16 66.092 66.111 66.168 3.907629065409261 3.9109981697448233 3.9121224959147853 0.9769072663523153 0.9777495424362058 0.9780306239786963
8080 32 125.462 125.593 125.74 4.112613329091777 4.117426926659925 4.121726100333168 1.0281533322729441 1.0293567316649812 1.030431525083292
8080 64 244.518 244.554 244.665 4.227167759998366 4.229086418541508 4.229709060273682 1.0567919399995915 1.057271604635377 1.0574272650684204
8080 128 482.238 482.349 482.406 4.287840532663359 4.288347234056669 4.289334312103152 1.0719601331658397 1.0720868085141673 1.072333578025788
8080 256 958.069 983.625 990.588 4.176267025241574 4.205830474011946 4.318018848329296 1.0440667563103936 1.0514576185029865 1.079504712082324
8080 512 1909.323 1909.971 1938.248 4.268762304926923 4.3319610611888875 4.3334312738075225 1.0671905762317309 1.0829902652972219 1.0833578184518806
8080 1024 3828.811 3829.478 3831.331 4.319083890167673 4.321173799666691 4.32192657198279 1.0797709725419182 1.0802934499166728 1.0804816429956976
8080 2048 7647.216 7649.182 7660.68 4.320201339828841 4.326695325068746 4.327807662291741 1.0800503349572101 1.0816738312671865 1.0819519155729354
8080 4096 15288.195 15289.902 15301.119 4.325916294095877 4.329089879058741 4.329573242622821 1.0814790735239692 1.0822724697646853 1.0823933106557053
8080 8192 30586.784 30593.405 30605.279 4.325486462645872 4.327165282844457 4.328101967176412 1.081371615661468 1.0817913207111143 1.082025491794103
8080 16384 61141.05 61209.074 61498.289 4.305248882615255 4.325591333075877 4.330403877591242 1.0763122206538138 1.0813978332689693 1.0826009693978105
8080 32768 73584.189 122249.121 122646.688 4.317531020487077 4.3315720854958135 7.196258968078048 1.0793827551217692 1.0828930213739534 1.799064742019512
8080 65536 81304.667 244507.832 244527.861 4.3310474138568615 4.331402194102314 13.025842169675206 1.0827618534642154 1.0828505485255786 3.2564605424188016
8080 131072 162635.537 392000.487 451130.857 4.695142190196048 5.403369613670914 13.0237435130798 1.173785547549012 1.3508424034177284 3.25593587826995

8888 1 12.871 13.426 13.963 1.2730788512497315 1.3239982124236556 1.3810892704529563 0.3182697128124329 0.3309995531059139 0.34527231761323907
8888 2 14.889 14.907 15.24 2.332808398950131 2.3849198363185082 2.3878030760964473 0.5832020997375328 0.5962299590796271 0.5969507690241118
8888 4 23.796 23.889 24.185 2.940004134794294 2.976432667755034 2.988065221045554 0.7350010336985735 0.7441081669387585 0.7470163052613885
8888 8 39.388 39.685 39.85 3.568582183186951 3.583419427995464 3.6104397278358897 0.8921455457967378 0.895854856998866 0.9026099319589724
8888 16 72.147 72.222 72.314 3.93306966839063 3.9380798094763367 3.942173617752644 0.9832674170976575 0.9845199523690842 0.985543404438161
8888 32 137.536 137.721 137.869 4.1258876179561765 4.130321446983395 4.135877152163797 1.0314719044890441 1.0325803617458487 1.0339692880409492
8888 64 268.535 268.702 287.462 3.957615267409258 4.233924570714025 4.236557618187573 0.9894038168523145 1.0584811426785063 1.0591394045468931
8888 128 530.163 530.368 530.534 4.2887505796047 4.290092916616387 4.291751781999121 1.072187644901175 1.0725232291540967 1.0729379454997803
8888 256 1053.624 1053.846 1053.846 4.318141360312607 4.318141360312607 4.319051198530026 1.0795353400781518 1.0795353400781518 1.0797627996325065
8888 512 2100.544 2119.914 2132.878 4.267150769992471 4.293245858086696 4.332835684470309 1.0667876924981177 1.073311464521674 1.0832089211175773
8888 1024 4214.995 4221.569 4223.885 4.309450659759913 4.311814872622003 4.318539879643986 1.0773626649399783 1.0779537181555008 1.0796349699109964
8888 2048 8411.734 8414.546 8425.176 4.321007418717425 4.326466098111532 4.327912413778182 1.0802518546793562 1.081616524527883 1.0819781034445455
8888 4096 16814.43 16814.536 16814.631 4.330186966339018 4.330211431347258 4.330238729472245 1.0825467415847545 1.0825528578368144 1.0825596823680612
8888 8192 33630.009 33631.411 33646.666 4.3279471434108805 4.329910273464292 4.330090782907612 1.0819867858527201 1.082477568366073 1.082522695726903
8888 16384 67251.137 67277.888 67281.35 4.328717898793648 4.328940646888321 4.330662602775028 1.082179474698412 1.0822351617220802 1.082665650693757
8888 32768 134501.851 134512.567 134532.626 4.329685558951329 4.330331217305518 4.330676222440983 1.0824213897378323 1.0825828043263794 1.0826690556102458
8888 65536 268995.746 269064.071 269084.807 4.329370910933667 4.329704563193054 4.330804309448077 1.0823427277334168 1.0824261407982636 1.0827010773620191

9776 1 12.87 14.519 14.685 1.331426625808648 1.3466492182657208 1.5191919191919192 0.332856656452162 0.3366623045664302 0.3797979797979798
9776 2 15.668 15.74 16.0 2.444 2.484371029224904 2.495787592545315 0.611 0.621092757306226 0.6239468981363288
9776 4 25.611 25.926 26.204 2.9845825064875586 3.0165856668980946 3.0536878684940065 0.7461456266218897 0.7541464167245236 0.7634219671235016
9776 8 42.722 42.907 43.112 3.6281313787344587 3.6454657748152983 3.6612518140536485 0.9070328446836147 0.9113664437038246 0.9153129535134121
9776 16 78.647 78.851 78.981 3.960851343994125 3.967381517038465 3.9776723841977435 0.9902128359985313 0.9918453792596162 0.9944180960494359
9776 32 150.61 150.888 150.979 4.144046523026381 4.146545782302105 4.154199588340747 1.0360116307565952 1.0366364455755261 1.0385498970851867
9776 64 294.517 294.646 314.184 3.9827871565706716 4.246886093821059 4.248746252338575 0.9956967891426679 1.0617215234552648 1.0621865630846437
9776 128 582.275 582.497 582.719 4.294790456463577 4.2964272777370525 4.298065347129793 1.0736976141158943 1.0741068194342631 1.0745163367824482
9776 256 1157.809 1158.087 1158.235 4.321499522981088 4.322051797490171 4.323089559676942 1.080374880745272 1.0805129493725427 1.0807723899192354
9776 512 2325.339 2327.58 2328.025 4.300050042417929 4.300872150473882 4.305017031925237 1.0750125106044823 1.0752180376184706 1.0762542579813092
9776 1024 4627.177 4628.124 4637.382 4.317360096709738 4.325996451261894 4.326881811523527 1.0793400241774345 1.0814991128154734 1.0817204528808817
9776 2048 9246.302 9247.155 9248.264 4.32973107169086 4.330250331047766 4.330649810053792 1.082432767922715 1.0825625827619414 1.082662452513448
9776 4096 18493.62 18493.883 18541.509 4.319227307766591 4.330350310964981 4.330411893398913 1.0798068269416476 1.0825875777412453 1.0826029733497282
9776 8192 36976.844 36985.777 36993.633 4.329663539669109 4.330583186071769 4.331629384054518 1.0824158849172774 1.0826457965179423 1.0829073460136296
9776 16384 73927.173 73973.186 73981.96 4.32997406394748 4.330487644536494 4.333182982663222 1.08249351598687 1.0826219111341235 1.0832957456658054
9776 32768 147893.18 148221.371 148229.551 4.322214643961243 4.322453177146769 4.332045169358047 1.0805536609903108 1.0806132942866922 1.0830112923395117
9776 65536 295822.69 295841.863 296539.559 4.321041942333231 4.331232432781157 4.3315131506646765 1.0802604855833078 1.0828081081952892 1.0828782876661691

10752 1 5.926 9.629 15.444 1.3923853923853924 2.2332537127427563 3.6287546405669926 0.3480963480963481 0.5583134281856891 0.9071886601417481
10752 2 5.629 5.703 16.795 2.5607621315867815 7.541294055760126 7.640433469532777 0.6401905328966954 1.8853235139400315 1.9101083673831942
10752 4 9.426 9.556 27.463 3.132068601390962 9.001255755546254 9.125397835773391 0.7830171503477406 2.2503139388865634 2.281349458943348
10752 8 15.5 15.555 46.593 3.6922284463331394 11.059594985535197 11.098838709677418 0.9230571115832849 2.7648987463837993 2.7747096774193545
10752 16 28.629 28.722 86.0 4.000744186046512 11.979110089826614 12.018023682280205 1.000186046511628 2.9947775224566535 3.0045059205700513
10752 32 54.962 55.037 165.11 4.167694264429773 12.503007067972455 12.520068410902077 1.0419235661074433 3.1257517669931136 3.1300171027255193
10752 64 107.629 107.722 323.24 4.257690879841603 12.775997474981898 12.787036951007627 1.0644227199604008 3.1939993687454744 3.1967592377519067
10752 128 212.998 213.018 639.016 4.307422662343353 12.921499591583808 12.922712889322904 1.0768556655858383 3.230374897895952 3.230678222330726
10752 256 423.627 423.665 1289.548 4.26895625443954 12.99381350831435 12.994979073571798 1.067239063609885 3.2484533770785875 3.2487447683929496
10752 512 844.901 845.05 2534.783 4.343586019000443 13.028871664398556 13.031169332264962 1.0858965047501108 3.257217916099639 3.2577923330662406
10752 1024 1697.287 1713.139 5101.064 4.3167652866147135 12.853654023403823 12.97370214937132 1.0791913216536784 3.213413505850956 3.24342553734283
10752 2048 3372.797 3420.279 10147.444 4.340028089832277 12.876198696071285 13.05746891971263 1.0850070224580692 3.219049674017821 3.2643672299281574
10752 4096 6753.0 6776.502 20311.314 4.33651825775526 12.997913082590397 13.043148822745446 1.084129564438815 3.2494782706475993 3.2607872056863614
10752 8192 13503.26 13562.058 40599.071 4.339034457217013 12.989235704492636 13.04579545976305 1.0847586143042534 3.247308926123159 3.2614488649407627
10752 16384 27002.613 48494.82 81195.513 4.339174949236418 7.265137513656097 13.047683052006855 1.0847937373091046 1.8162843784140243 3.2619207630017137
10752 32768 53991.28 162380.139 162754.591 4.329481999066927 4.339465875195487 13.05105328119652 1.0823704997667318 1.0848664687988718 3.26276332029913
10752 65536 108006.99 324859.647 325067.591 4.335363422925788 4.338138506934966 13.048101275667435 1.083840855731447 1.0845346267337415 3.2620253189168587

11824 1 14.815 15.963 16.703 1.4157935700173623 1.4814257971559233 1.5962200472494095 0.35394839250434057 0.3703564492889808 0.39905501181235237
11824 2 17.925 18.017 18.111 2.611451603997571 2.6250763168119 2.638549511854951 0.6528629009993927 0.656269079202975 0.6596373779637378
11824 4 29.594 29.685 29.722 3.182558374268219 3.18652518106788 3.1963235791038724 0.7956395935670547 0.79663129526697 0.7990808947759681
11824 8 50.592 50.685 50.833 3.7216768634548427 3.732544145210615 3.7394054395951932 0.9304192158637107 0.9331360363026537 0.9348513598987983
11824 16 93.981 94.075 94.295 4.012598759213108 4.021982460802551 4.02600525638161 1.003149689803277 1.0054956152006378 1.0065013140954024
11824 32 180.943 181.035 181.129 4.177884270326674 4.180053580799293 4.182178918222866 1.0444710675816684 1.0450133951998233 1.0455447295557165
11824 64 354.905 355.109 376.294 4.0220465912291985 4.261992796577952 4.264442597314775 1.0055116478072996 1.065498199144488 1.0661106493286938
11824 128 702.589 702.644 702.885 4.306456959531076 4.307934032027599 4.3082712652774235 1.076614239882769 1.0769835080068997 1.0770678163193559
11824 256 1397.955 1398.067 1398.196 4.329784951466032 4.330184461831944 4.330531383342096 1.082446237866508 1.082546115457986 1.082632845835524
11824 512 2805.782 2808.911 2810.095 4.308671415023336 4.310487587538374 4.315294630872962 1.077167853755834 1.0776218968845934 1.0788236577182404
11824 1024 5587.841 5612.58 5613.581 4.313744114496611 4.314513467959477 4.333615076019521 1.0784360286241528 1.0786283669898693 1.0834037690048803
11824 2048 11164.94 11165.846 11206.959 4.321520583772993 4.337432559969034 4.337784529070466 1.0803801459432483 1.0843581399922586 1.0844461322676164
11824 4096 22357.786 22359.691 22369.234 4.330153102247489 4.33200118910409 4.332370298203946 1.0825382755618722 1.0830002972760224 1.0830925745509865
11824 8192 44667.443 44667.752 44676.321 4.336176562076362 4.337008408213604 4.337038410727921 1.0840441405190906 1.084252102053401 1.0842596026819802
11824 16384 89350.901 89365.95 89381.33 4.334784814681098 4.335530836968667 4.336261052364766 1.0836962036702744 1.0838827092421668 1.0840652630911916
11824 32768 178736.992 178804.932 178819.475 4.333407555301234 4.333760010601945 4.335407322956403 1.0833518888253084 1.0834400026504862 1.0838518307391007
11824 65536 357728.483 357845.449 357970.88 4.329389384968968 4.330906910597597 4.332322981393685 1.082347346242242 1.0827267276493993 1.0830807453484212

13000 1 7.37 8.075 15.981 1.6269319817283023 3.219814241486068 3.5278154681139755 0.4067329954320756 0.804953560371517 0.8819538670284939
13000 2 6.389 6.444 19.239 2.7028431831176256 8.069522036002484 8.138988887149788 0.6757107957794064 2.017380509000621 2.034747221787447
13000 4 11.001 11.073 32.073 3.2426028123343618 9.392215298473763 9.453686028542858 0.8106507030835904 2.348053824618441 2.3634215071357145
13000 8 18.37 18.407 55.371 3.7564790233154537 11.300048894442332 11.322808927599345 0.9391197558288634 2.825012223610583 2.8307022318998363
13000 16 34.296 34.314 103.018 4.038129258964453 12.123331584775894 12.129694425005832 1.0095323147411133 3.0308328961939734 3.032423606251458
13000 32 66.093 66.148 198.573 4.189894900112301 12.577855717482011 12.58832251524367 1.0474737250280752 3.144463929370503 3.1470806288109174
13000 64 129.833 129.851 389.592 4.271134930902072 12.814687603483993 12.816464227122534 1.067783732725518 3.203671900870998 3.2041160567806335
13000 128 257.184 257.202 789.015 4.217917276604373 12.939246195597235 12.94015179793455 1.0544793191510933 3.2348115488993088 3.2350379494836377
13000 256 511.978 519.553 1535.956 4.333457468833743 12.811012543474872 13.000558617753107 1.0833643672084357 3.202753135868718 3.250139654438277
13000 512 1021.422 1021.476 3080.261 4.321711699106017 13.032122144817892 13.032811120183428 1.0804279247765043 3.258030536204473 3.258202780045857
13000 1024 2047.507 2079.026 6137.651 4.337815884285372 12.805996654202497 13.003130148028797 1.084453971071343 3.2014991635506242 3.250782537007199
13000 2048 4083.997 4088.257 12278.341 4.336742235779247 13.024621495175083 13.038207422777244 1.0841855589448117 3.2561553737937707 3.259551855694311
13000 4096 8169.661 8174.288 24545.293 4.338754481358197 13.028168324874288 13.035547007397247 1.0846886203395492 3.257042081218572 3.2588867518493116
13000 8192 16332.802 16333.188 49142.03 4.334212485727594 13.040442563937916 13.040750754218411 1.0835531214318985 3.260110640984479 3.260187688554603
13000 16384 32664.958 32687.949 98169.968 4.339249657288265 13.031836289269785 13.041008655207822 1.0848124143220663 3.2579590723174463 3.2602521638019555
13000 32768 65317.955 77732.796 196366.085 4.338671823090021 10.960212983976543 13.043396719937114 1.0846679557725052 2.740053245994136 3.2608491799842785
13000 65536 332072.791 348374.463 392748.995 4.338485958442745 4.891104776528928 5.131212331093997 1.0846214896106863 1.222776194132232 1.2828030827734993

14296 1 15.722 17.019 18.167 1.5738426817856552 1.6800047006287093 1.8185981427299327 0.3934606704464138 0.42000117515717733 0.4546495356824832
14296 2 20.629 20.722 252.813 0.22619089999327566 2.7595791911977603 2.7720199718842404 0.056547724998318914 0.6898947977994401 0.6930049929710601
14296 4 34.389 34.499 34.685 3.297333141127288 3.3151105829154464 3.325714618046468 0.824333285281822 0.8287776457288616 0.831428654511617
14296 8 60.185 60.277 60.462 3.7831365154973366 3.79474758199645 3.8005483093794132 0.9457841288743342 0.9486868954991124 0.9501370773448533
14296 16 112.444 112.574 112.759 4.057077483837211 4.0637447367953525 4.068442958272563 1.0142693709593027 1.0159361841988381 1.0171107395681407
14296 32 217.443 217.869 217.925 4.198435241482161 4.199514387085817 4.207741799000197 1.0496088103705403 1.0498785967714543 1.0519354497500493
14296 64 427.645 428.091 428.183 4.273611983661191 4.274530415262175 4.278988413286721 1.0684029959152979 1.0686326038155438 1.0697471033216803
14296 128 848.107 848.478 848.551 4.312971170854786 4.31334224340525 4.315229092555539 1.0782427927136966 1.0783355608513125 1.0788072731388847
14296 256 1688.787 1708.491 1710.88 4.278238099691387 4.284220402682836 4.334206741288273 1.0695595249228467 1.071055100670709 1.0835516853220684
14296 512 3370.536 3370.686 3395.5 4.311324988955971 4.343063696826105 4.343256977525236 1.0778312472389928 1.0857659242065263 1.085814244381309
14296 1024 6763.815 6763.945 6766.558 4.326898254622217 4.328569791741359 4.328652986517225 1.0817245636555544 1.0821424479353396 1.0821632466293063
14296 2048 13503.836 13505.499 13520.131 4.331053892894973 4.335746202343209 4.3362801503217305 1.0827634732237432 1.0839365505858023 1.0840700375804326
14296 4096 27005.725 27010.821 27027.48 4.333102161207778 4.335774614181479 4.33659277801281 1.0832755403019445 1.0839436535453697 1.0841481945032025
14296 8192 54022.272 54033.151 54103.015 4.3292534436389545 4.334851099096553 4.335724050998818 1.0823133609097386 1.0837127747741382 1.0839310127497046
14296 16384 108023.84 108248.098 108318.715 4.3247496796837 4.327570984203343 4.336555041924079 1.081187419920925 1.0818927460508359 1.0841387604810198
14296 32768 216019.736 216291.043 216376.05 4.329973931957812 4.3316757042038025 4.337116012399903 1.082493482989453 1.0829189260509506 1.0842790030999758
14296 65536 432458.079 432481.157 432689.808 4.330597294771501 4.332686596100648 4.33291780866464 1.0826493236928751 1.083171649025162 1.08322945216616

15720 1 7.593 16.648 17.796 1.7666891436277814 1.8885151369533875 4.1406558672461475 0.44167228590694535 0.47212878423834687 1.0351639668115369
15720 2 7.315 22.203 22.426 2.8038883438865603 2.8320497230104036 8.596035543403964 0.7009720859716401 0.7080124307526009 2.149008885850991
15720 4 12.796 37.407 37.444 3.3586155325285754 3.3619376052610472 9.828071272272584 0.8396538831321438 0.8404844013152618 2.457017818068146
15720 8 21.907 65.852 65.926 3.8151867245092976 3.8194739719370703 11.48126169717442 0.9537966811273244 0.9548684929842676 2.870315424293605
15720 16 41.11 123.332 123.5 4.073198380566802 4.0787467972626725 12.236438822670882 1.0182995951417004 1.0196866993156681 3.0591097056677206
15720 32 79.649 238.831 239.017 4.20924034692093 4.212518475407296 12.631420356815527 1.0523100867302324 1.053129618851824 3.1578550892038817
15720 64 156.61 470.071 496.608 4.051807461820993 4.280544853862501 12.848221697209627 1.0129518654552483 1.0701362134656252 3.212055424302407
15720 128 310.628 932.143 962.235 4.182263168560694 4.317277499267815 12.955432221177743 1.0455657921401735 1.0793193748169538 3.2388580552944357
15720 256 618.588 1855.805 1855.806 4.337005053329928 4.337007390323875 13.011309627732835 1.084251263332482 1.0842518475809688 3.252827406933209
15720 512 1234.568 3720.535 3720.907 4.326171011530253 4.326603566422571 13.03879575689634 1.0815427528825632 1.0816508916056427 3.259698939224085
15720 1024 2473.93 7429.459 7447.627 4.322794361210624 4.333365323100915 13.013529081259371 1.080698590302656 1.0833413307752287 3.2533822703148427
15720 2048 4936.324 14849.995 14861.976 4.332473689905029 4.335969136689944 13.043941199969856 1.0831184224762573 1.083992284172486 3.260985299992464
15720 4096 9877.409 29676.339 29757.567 4.32757960353412 4.339424751819959 13.037653902961798 1.08189490088353 1.0848561879549898 3.2594134757404496
15720 8192 19742.483 59364.937 59813.853 4.305967047466412 4.338528650337825 13.045799760850748 1.076491761866603 1.0846321625844562 3.261449940212687
15720 16384 39808.705 118797.411 119149.707 4.323241516657695 4.336062172264007 12.939706529011682 1.0808103791644237 1.0840155430660017 3.2349266322529204
15720 32768 89537.153 237409.972 237456.53 4.338587445879041 4.339438277681107 11.506127741184711 1.0846468614697602 1.0848595694202767 2.876531935296178
15720 65536 178854.048 474996.637 485128.259 4.247231122440137 4.3378240591627595 11.520297488598075 1.0618077806100343 1.0844560147906899 2.880074372149519

17288 1 18.537 19.445 20.111 1.7192581174481627 1.778143481614811 1.8652424879969793 0.4298145293620407 0.44453587040370274 0.46631062199924483
17288 2 23.685 23.926 23.963 2.8857822476317656 2.890244921842348 2.9196537893181342 0.7214455619079414 0.722561230460587 0.7299134473295336
17288 4 40.351 40.444 40.445 3.4195574236617627 3.4196419740876274 3.427523481450274 0.8548893559154407 0.8549104935219068 0.8568808703625685
17288 8 71.425 71.554 71.629 3.861676136760251 3.86572378902647 3.8727056352817644 0.9654190341900627 0.9664309472566175 0.9681764088204411
17288 16 134.888 134.944 134.981 4.098473118438892 4.099596869812664 4.101298855346658 1.024618279609723 1.024899217453166 1.0253247138366646
17288 32 261.628 261.739 261.795 4.226329761836552 4.227234000282725 4.229027474123566 1.056582440459138 1.0568085000706813 1.0572568685308914
17288 64 515.349 515.496 534.941 4.136650583896168 4.292688983037697 4.293913445063443 1.034162645974042 1.0731722457594242 1.0734783612658607
17288 128 1022.624 1022.846 1048.587 4.220658848526637 4.326876186640022 4.327815502080922 1.0551647121316592 1.0817190466600055 1.0819538755202305
17288 256 2037.471 2037.563 2054.044 4.309282566488353 4.344138561605212 4.344334716911309 1.0773206416220882 1.086034640401303 1.0860836792278272
17288 512 4083.7 4084.59 4091.941 4.3262872069758584 4.334073187272162 4.335017753507849 1.0815718017439646 1.0835182968180406 1.0837544383769622
17288 1024 8155.92 8156.603 8165.92 4.335803436722378 4.340756072105018 4.341119579397542 1.0839508591805944 1.0851890180262544 1.0852798948493856
17288 2048 16304.58 16326.856 16531.612 4.283408538743832 4.337127001058869 4.343052565598133 1.070852134685958 1.0842817502647173 1.0857631413995332
17288 4096 32592.749 32596.708 32619.68 4.341651910748358 4.344711619345119 4.3452393659706345 1.0854129776870896 1.0861779048362799 1.0863098414926586
17288 8192 65183.998 65185.472 65307.398 4.337128727743831 4.345241099120982 4.34533935767487 1.0842821819359578 1.0863102747802456 1.0863348394187176
17288 16384 130428.607 130456.185 130985.608 4.324850589692266 4.342401887652931 4.3433200509455725 1.0812126474230666 1.0856004719132328 1.0858300127363931
17288 32768 261286.397 261303.98 261349.22 4.33514348349691 4.335894034220222 4.336185813760523 1.0837858708742274 1.0839735085550555 1.0840464534401308

19016 1 8.871 10.721 18.796 2.023409236007661 3.547430277026397 4.287228046443467 0.5058523090019152 0.8868575692565992 1.0718070116108667
19016 2 8.5 8.518 25.592 2.9721788058768364 8.929795726696407 8.948705882352941 0.7430447014692091 2.2324489316741016 2.2371764705882353
19016 4 14.685 14.853 43.795 3.473638543212695 10.242240624789604 10.359414368403131 0.8684096358031738 2.560560156197401 2.589853592100783
19016 8 25.981 26.0 78.296 3.885971186267497 11.702153846153847 11.710711673915553 0.9714927965668743 2.9255384615384616 2.927677918478888
19016 16 49.278 49.297 147.722 4.119305181354165 12.343793739984177 12.348553106863102 1.0298262953385413 3.085948434996044 3.0871382767157756
19016 32 95.721 95.74 287.443 4.233966386379213 12.711761019427616 12.714284221853093 1.0584915965948032 3.177940254856904 3.1785710554632733
19016 64 188.777 196.851 566.458 4.296961116269873 12.36492575602867 12.893774135620335 1.0742402790674683 3.0912314390071676 3.2234435339050838
19016 128 374.887 381.386 1124.79 4.328004338587648 12.76422312303021 12.985502298025803 1.082001084646912 3.1910557807575524 3.246375574506451
19016 256 747.144 747.181 2275.042 4.2795658277957065 13.030566890753375 13.031212189350379 1.0698914569489266 3.257641722688344 3.2578030473375947
19016 512 1491.548 1491.566 4500.754 4.326471520105297 13.054993208480214 13.05515075612719 1.0816178800263243 3.2637483021200535 3.2637876890317976
19016 1024 2985.983 2986.502 9081.877 4.288184920363928 13.040261818006483 13.04252837340333 1.072046230090982 3.2600654545016208 3.2606320933508326
19016 2048 5963.45 6006.245 17953.589 4.338382481630831 12.968091711210581 13.061153526901375 1.0845956204077078 3.2420229278026453 3.2652883817253437
19016 4096 11928.067 11929.601 35915.934 4.337324820788455 13.058196330287995 13.059875669712453 1.0843312051971137 3.2645490825719987 3.264968917428113
19016 8192 23860.405 23862.652 72121.683 4.319895640815814 13.05630841031416 13.057537958806652 1.0799739102039534 3.26407710257854 3.264384489701663
19016 16384 47717.712 110029.872 143463.073 4.343391473288739 5.663155620139229 13.058385699632872 1.0858478683221848 1.4157889050348071 3.264596424908218
19016 32768 95465.462 286963.869 289196.066 4.3092998920669965 4.342820510271277 13.054276906971863 1.0773249730167491 1.0857051275678193 3.2635692267429657

20912 1 19.871 19.907 20.0 2.0911999999999997 2.100969508213191 2.104775803935383 0.5227999999999999 0.5252423770532978 0.5261939509838458
20912 2 27.593 27.667 27.925 2.9954521038495967 3.0233852604185487 3.031493494726923 0.7488630259623992 0.7558463151046372 0.7578733736817308
20912 4 47.685 47.927 48.018 3.484026823274605 3.490642018069147 3.5083569256579636 0.8710067058186513 0.8726605045172867 0.8770892314144909
20912 8 85.019 85.129 85.796 3.8998554711175344 3.930411493145696 3.935496771309942 0.9749638677793836 0.982602873286424 0.9838741928274854
20912 16 161.795 161.963 162.462 4.119018601272913 4.131709094052345 4.135999258320715 1.0297546503182282 1.0329272735130863 1.0339998145801788
20912 32 315.202 315.461 315.868 4.237111704889384 4.24257832188448 4.2460644285252 1.059277926222346 1.06064458047112 1.0615161071313
20912 64 622.089 622.791 640.627 4.178306565286821 4.297968339298416 4.302818407012501 1.0445766413217052 1.074492084824604 1.0757046017531253
20912 128 1236.086 1253.604 1253.976 4.269198134573547 4.270464995325478 4.330986678920398 1.0672995336433868 1.0676162488313694 1.0827466697300996
20912 256 2463.486 2463.71 2464.264 4.344885125944297 4.3458621347480015 4.346257295555972 1.0862212814860743 1.0864655336870004 1.086564323888993
20912 512 4949.9 4951.603 4968.953 4.309537240541417 4.32463749618053 4.3261253762702285 1.0773843101353542 1.0811593740451324 1.0815313440675571
20912 1024 9860.132 9860.837 9862.575 4.342453770947242 4.343219140525292 4.3435296809413915 1.0856134427368105 1.085804785131323 1.0858824202353479
20912 2048 19728.539 19735.225 19753.859 4.336142725327744 4.340236911410941 4.3417078172894605 1.084035681331936 1.0850592278527353 1.0854269543223651
20912 4096 39434.194 39441.098 39469.237 4.340370299025541 4.343466908553103 4.344227347463979 1.0850925747563853 1.0858667271382758 1.0860568368659949
20912 8192 78904.437 78906.294 78911.674 4.341844376536733 4.342140412778733 4.342242604176999 1.0854610941341833 1.0855351031946832 1.0855606510442497
20912 16384 157760.681 157793.505 158140.477 4.333137404157444 4.342665536201886 4.3435690798013225 1.083284351039361 1.0856663840504714 1.0858922699503306
20912 32768 315520.936 315797.992 315922.173 4.338058386297564 4.339764237639611 4.343574944262969 1.084514596574391 1.0849410594099027 1.0858937360657424

23000 1 9.593 21.111 21.148 2.1751465859655763 2.1789588366254558 4.79516313978943 0.5437866464913941 0.5447397091563639 1.1987907849473576
23000 2 10.0 30.093 30.259 3.0404177269572688 3.057189379589938 9.2 0.7601044317393172 0.7642973448974845 2.3
23000 4 17.259 51.463 51.518 3.5715672192243484 3.575384256650409 10.661104351352916 0.8928918048060871 0.8938460641626023 2.665276087838229
23000 8 31.0 92.926 93.24 3.946803946803947 3.960140326711577 11.870967741935484 0.9867009867009867 0.9900350816778942 2.967741935483871
23000 16 59.222 177.407 177.499 4.146502233815402 4.148652533440056 12.427813988044983 1.0366255584538504 1.037163133360014 3.106953497011246
23000 32 115.389 346.239 346.295 4.250711098918552 4.251398600388749 12.756848573087558 1.062677774729638 1.0628496500971873 3.1892121432718894
23000 64 227.815 684.293 714.404 4.120917576049407 4.302250644095439 12.92276627965674 1.0302293940123517 1.0755626610238598 3.230691569914185
23000 128 452.868 1359.16 1379.011 4.269726637423488 4.332087465787692 13.001581034650274 1.067431659355872 1.083021866446923 3.2503952586625684
23000 256 902.94 2709.338 2726.634 4.318878147928912 4.346449206411307 13.041841096861363 1.079719536982228 1.0866123016028268 3.260460274215341
23000 512 1809.138 5427.175 5440.544 4.328978866819201 4.339642631755932 13.018354597603944 1.0822447167048002 1.084910657938983 3.254588649400986
23000 1024 3610.573 10841.792 10858.276 4.338073557901826 4.34466922073399 13.04612868926899 1.0845183894754564 1.0861673051834975 3.2615321723172475
23000 2048 7209.998 21700.921 21706.923 4.339997889152691 4.341198237623187 13.066300434480011 1.0849994722881728 1.0852995594057968 3.2665751086200028
23000 4096 14426.123 43384.692 43703.863 4.311197845371244 4.342914316413725 13.060750972385305 1.077799461342811 1.0857285791034312 3.2651877430963263
23000 8192 28843.674 86757.307 86798.933 4.3414358561297055 4.343518869252131 13.064632473657829 1.0853589640324264 1.0858797173130328 3.2661581184144572
23000 16384 57735.198 173544.957 173715.021 4.3385079520555685 4.3427594384088035 13.053804717184828 1.0846269880138921 1.0856898596022009 3.263451179296207
23000 32768 115374.732 347371.151 348297.874 4.327697963496613 4.339243473906099 13.064628397143318 1.0819244908741532 1.0848108684765247 3.2661570992858295

25296 1 10.63 21.926 22.278 2.270939940748721 2.3073976101432088 4.759360301034806 0.5677349851871802 0.5768494025358022 1.1898400752587015
25296 2 10.907 32.203 33.241 3.0439517463373544 3.1420675092382693 9.276978087466764 0.7609879365843386 0.7855168773095673 2.319244521866691
25296 4 19.278 56.388 57.407 3.5251450171581866 3.588848691210896 10.497354497354499 0.8812862542895467 0.897212172802724 2.6243386243386246
25296 8 34.074 101.795 104.128 3.8869084204056543 3.9759909622280074 11.878147561190351 0.9717271051014136 0.9939977405570019 2.969536890297588
25296 16 64.963 194.517 198.98 4.0681073474721074 4.161446043276423 12.46050828933393 1.0170268368680269 1.0403615108191058 3.1151270723334825
25296 32 126.814 388.683 401.59 4.031335441619563 4.165204035164903 12.766287633857461 1.0078338604048906 1.0413010087912258 3.1915719084643652
25296 64 250.61 751.385 768.33 4.214189215571434 4.309226295441086 12.920027133793543 1.0535473038928584 1.0773065738602714 3.2300067834483857
25296 128 498.016 1493.752 1527.585 4.23922465852964 4.335241726873002 13.0031484932211 1.05980616463241 1.0838104317182504 3.250787123305275
25296 256 992.92 2997.225 3061.65 4.230252314928225 4.321181092510572 13.04390283205092 1.0575630787320562 1.080295273127643 3.26097570801273
25296 512 1991.656 5973.709 6098.041 4.247774654188124 4.336184437507753 13.005812248701583 1.061943663547031 1.0840461093769382 3.2514530621753956
25296 1024 3968.127 11955.511 12197.859 4.247155832839189 4.333249160157186 13.055582142406228 1.0617889582097972 1.0833122900392964 3.263895535601557
25296 2048 7928.141 23879.17 24385.402 4.248952549562235 4.339029204113879 13.068942139147122 1.0622381373905587 1.0847573010284697 3.2672355347867805
25296 4096 15860.266 47712.361 48829.249 4.2438668675817635 4.34321059903114 13.065659302309305 1.0609667168954409 1.085802649757785 3.266414825577326
25296 8192 31722.309 95412.332 97763.458 4.2393106021270235 4.3437745971872905 13.064927398569882 1.0598276505317559 1.0859436492968226 3.2662318496424705
25296 16384 63621.84 190822.553 196734.614 4.213286676639425 4.343822650774408 13.028534352354475 1.0533216691598561 1.085955662693602 3.2571335880886187
25296 32768 296752.797 381673.16 393188.823 4.216291407652755 4.343503368169772 5.586463456315797 1.0540728519131888 1.085875842042443 1.3966158640789492

27824 1 23.055 23.647 23.834 2.3348158093479903 2.3532794857698653 2.413706354369985 0.5837039523369976 0.5883198714424663 0.6034265885924962
27824 2 35.222 35.296 54.37 2.0470112194224757 3.153218495013599 3.1598432797683262 0.5117528048556189 0.7883046237533997 0.7899608199420816
27824 4 61.315 61.333 63.592 3.500314504969179 3.629237115419105 3.630302536084156 0.8750786262422947 0.9073092788547763 0.907575634021039
27824 8 111.648 111.888 115.979 3.8384880021383183 3.9788359788359786 3.987388936658068 0.9596220005345796 0.9947089947089947 0.996847234164517
27824 16 213.888 213.962 222.664 3.9987065713361836 4.16133705985175 4.162776780371035 0.9996766428340459 1.0403342649629375 1.0406941950927588
27824 32 417.905 418.016 435.479 4.089143219305638 4.259970910204394 4.261102403656333 1.0222858048264094 1.0649927275510984 1.0652756009140834
27824 64 825.681 826.051 861.68 4.133172407390215 4.311443240187349 4.313375262359192 1.0332931018475537 1.0778608100468372 1.078343815589798
27824 128 1641.954 1662.862 1713.638 4.156621176701264 4.2835448762434885 4.33808986122632 1.039155294175316 1.0708862190608721 1.08452246530658
27824 256 3291.279 3300.352 3433.722 4.148818104668927 4.31647533354018 4.328374470836414 1.0372045261672318 1.079118833385045 1.0820936177091034
27824 512 6565.152 6584.576 6855.944 4.155777235053262 4.32704793748299 4.339850166454638 1.0389443087633154 1.0817619843707476 1.0849625416136595
27824 1024 13113.688 13141.802 13686.775 4.163402408529402 4.336053153136838 4.345349073426179 1.0408506021323505 1.0840132882842095 1.0863372683565446
27824 2048 26214.048 26238.08 27386.829 4.161383707474859 4.343576359245798 4.347558377859078 1.0403459268687147 1.0858940898114495 1.0868895944647694
27824 4096 52432.576 52442.605 54751.233 4.1630881262527915 4.346355563382101 4.347186909145948 1.0407720315631979 1.0865888908455252 1.086796727286487
27824 8192 104859.338 105295.464 109876.743 4.14890725328471 4.329421217992828 4.347427941992157 1.0372268133211775 1.082355304498207 1.0868569854980392
27824 16384 209789.379 209915.749 218989.472 4.163382027789901 4.343346491834684 4.345962776313857 1.0408455069474754 1.085836622958671 1.0864906940784642
27824 32768 419595.85 419822.999 438282.221 4.1605011032377694 4.343434419608822 4.3457857459743705 1.0401252758094424 1.0858586049022054 1.0864464364935926

30600 1 12.537 25.258 26.333 2.3240800516462237 2.4229946947501784 4.881550610193826 0.5810200129115559 0.6057486736875446 1.2203876525484565
30600 2 13.055 38.463 56.944 2.1494801910649057 3.1822790733952107 9.375718115664496 0.5373700477662264 0.7955697683488027 2.343929528916124
30600 4 22.833 67.925 68.314 3.5834528793512312 3.603974972396025 10.721324398896334 0.8958632198378078 0.9009937430990063 2.6803310997240835
30600 8 41.463 123.722 124.019 3.9477821946637204 3.957259016181439 11.808118081180812 0.9869455486659301 0.9893147540453597 2.952029520295203
30600 16 79.407 237.11 237.573 4.121680493995529 4.129728817848256 12.33140655105973 1.0304201234988823 1.032432204462064 3.0828516377649327
30600 32 155.425 463.962 465.683 4.205435886643919 4.221035343411745 12.600289528711595 1.0513589716609797 1.0552588358529362 3.150072382177899
30600 64 307.461 917.995 920.163 4.2566371392894515 4.26668990571844 12.739176676066231 1.0641592848223629 1.06667247642961 3.1847941690165578
30600 128 611.46 1825.639 1849.101 4.236437057791867 4.29088116544399 12.811304091845743 1.0591092644479667 1.0727202913609974 3.202826022961436
30600 256 1219.475 3666.184 3666.425 4.27315436699237 4.273435266751477 12.847495848623383 1.0682885917480924 1.0683588166878693 3.211873962155846
30600 512 2444.227 7322.091 7331.163 4.274137677746355 4.279433293030638 12.819758557613511 1.0685344194365887 1.0698583232576595 3.204939639403378
30600 1024 4876.844 14634.701 14635.436 4.281990642437984 4.282205697267064 12.850277761601559 1.070497660609496 1.070551424316766 3.2125694404003897
30600 2048 9816.521 29254.124 29291.745 4.2789393393940856 4.284442084131454 12.768026472922536 1.0697348348485214 1.0711105210328635 3.192006618230634
30600 4096 19484.672 58491.618 58517.398 4.283772152685258 4.285660212032432 12.865251208745008 1.0709430381713145 1.071415053008108 3.216312802186252
30600 8192 38964.584 116996.515 117012.685 4.284581624633261 4.285173793424531 12.866822856366179 1.0711454061583152 1.0712934483561327 3.2167057140915447
30600 16384 148866.098 234035.862 234127.907 4.2827051796093665 4.284389543684549 6.73558864960644 1.0706762949023416 1.0710973859211372 1.68389716240161
30600 32768 468439.592 468631.089 468724.344 4.278424250138798 4.279275632948885 4.281024990731355 1.0696060625346995 1.0698189082372211 1.0702562476828388

33656 1 26.593 26.777 27.519 2.4460191140666447 2.5137991559920825 2.5311924190576467 0.6115047785166612 0.6284497889980206 0.6327981047644117
33656 2 42.055 42.055 42.5 3.167623529411764 3.2011413625014855 3.2011413625014855 0.791905882352941 0.8002853406253714 0.8002853406253714
33656 4 74.629 74.778 75.351 3.5732505208955416 3.600631201690336 3.607820016347532 0.8933126302238854 0.900157800422584 0.901955004086883
33656 8 137.24 137.499 138.87 3.8776985670051123 3.9163630280947497 3.923754007577965 0.9694246417512781 0.9790907570236874 0.9809385018944913
33656 16 263.332 263.869 286.758 3.7557522370779544 4.081540461365298 4.089863746145549 0.9389380592694886 1.0203851153413246 1.0224659365363873
33656 32 514.59 515.812 522.516 4.122331182203033 4.175909052135274 4.185825608737052 1.0305827955507583 1.0439772630338184 1.046456402184263
33656 64 1034.217 1039.902 1040.606 4.139864655787108 4.142667289802308 4.165439167988922 1.034966163946777 1.035666822450577 1.0413597919972306
33656 128 2030.729 2036.305 2057.321 4.1879395582896395 4.2311618347939035 4.242779809615167 1.0469848895724099 1.0577904586984759 1.0606949524037919
33656 256 4067.108 4078.793 4134.717 4.167606150553956 4.224747860457739 4.236885767479005 1.041901537638489 1.0561869651144347 1.0592214418697512
33656 512 8121.808 8147.142 8256.287 4.174242489390205 4.230163657390531 4.243358621627106 1.0435606223475513 1.0575409143476326 1.0608396554067765
33656 1024 16262.69 16391.006 16487.204 4.1806656847334445 4.20520180396493 4.238381719137486 1.0451664211833611 1.0513004509912325 1.0595954297843715
33656 2048 32482.676 32725.717 32929.225 4.186402079004289 4.212435620585486 4.243953792476949 1.0466005197510722 1.0531089051463716 1.0609884481192373
33656 4096 64918.833 65173.083 66369.447 4.1541697944236295 4.230426723866969 4.246994889757183 1.0385424486059074 1.0576066809667422 1.0617487224392959
33656 8192 129889.165 130372.703 131702.825 4.186849477222678 4.229565632308781 4.245311023440639 1.0467123693056695 1.0573914080771953 1.0613277558601597
33656 16384 259997.421 260574.388 263490.54 4.185500580020824 4.2323415454016144 4.241733643965645 1.046375145005206 1.0580853863504036 1.0604334109914113

37016 1 13.815 14.241 14.426 5.131845279356717 5.1985113404957515 5.358812884545784 1.2829613198391792 1.2996278351239379 1.339703221136446
37016 2 15.129 15.277 15.278 9.691320853514856 9.691955226811547 9.786767135964043 2.422830213378714 2.422988806702887 2.4466917839910107
37016 4 26.871 27.167 27.445 10.789870650391693 10.900283432105127 11.020356518179451 2.6974676625979233 2.7250708580262817 2.7550891295448627
37016 8 49.684 49.851 50.222 11.792760144956393 11.880523961404986 11.920457290073262 2.9481900362390983 2.9701309903512465 2.9801143225183155
37016 16 95.648 96.055 96.831 12.232776693414298 12.331601686533757 12.384074941451992 3.0581941733535745 3.0829004216334392 3.096018735362998
37016 32 187.648 188.518 189.998 12.46867861766966 12.566566587805937 12.624829467939973 3.117169654417415 3.1416416469514843 3.1562073669849933
37016 64 371.534 376.368 381.201 12.429264351352698 12.588870467202314 12.752663282499045 3.1073160878381745 3.1472176168005785 3.188165820624761
37016 128 739.311 743.496 749.015 12.651410185376795 12.745322099917148 12.817469238250208 3.1628525463441988 3.186330524979287 3.204367309562552
37016 256 1475.029 1483.454 1494.418 12.681988573478103 12.775719368446882 12.84869111047986 3.1704971433695257 3.1939298421117206 3.212172777619965
37016 512 2953.446 2973.836 2993.206 12.663473212334868 12.745956401092732 12.833951932759225 3.165868303083717 3.186489100273183 3.2084879831898063
37016 1024 5895.171 5928.19 5977.467 12.682423508151532 12.787843844411194 12.85946887715386 3.170605877037883 3.1969609611027985 3.214867219288465
37016 2048 11788.899 11857.289 11946.897 12.69095531668181 12.786863506489553 12.861042918426902 3.1727388291704526 3.196715876622388 3.2152607296067255
37016 4096 23573.576 23902.423 35989.422 8.425672187788956 12.68637376219139 12.86334631623136 2.106418046947239 3.1715934405478476 3.21583657905784
37016 8192 47151.744 47923.365 142765.176 4.2480257510416966 12.654999163769073 12.862093584491808 1.0620064377604241 3.1637497909422683 3.215523396122952
37016 16384 94308.321 227081.63 285219.463 4.2526560959130615 5.34142848983425 12.86143444330856 1.0631640239782654 1.3353571224585625 3.21535861082714

40712 1 30.037 30.352 34.703 2.3463101172809266 2.6826568265682655 2.71079002563505 0.5865775293202317 0.6706642066420664 0.6776975064087625
40712 2 49.111 49.517 49.574 3.2849477548715056 3.288729123331381 3.315917004337114 0.8212369387178764 0.8221822808328453 0.8289792510842785
40712 4 87.759 87.833 88.092 3.697225627752804 3.708127924584154 3.711254686129058 0.924306406938201 0.9270319811460385 0.9278136715322645
40712 8 162.407 162.723 163.11 3.9935748881123168 4.003072706378323 4.010861600793069 0.9983937220280792 1.0007681765945808 1.0027154001982672
40712 16 313.405 313.72 314.702 4.1397385463073 4.152696672191763 4.156870503023245 1.034934636576825 1.0381741680479408 1.0392176257558112
40712 32 614.645 616.441 636.311 4.094802698680362 4.226792182869082 4.23914291989685 1.0237006746700905 1.0566980457172706 1.0597857299742126
40712 64 1217.752 1223.401 1242.216 4.195032103917515 4.259548586277107 4.279308102142308 1.0487580259793787 1.0648871465692769 1.069827025535577
40712 128 2430.709 2434.987 2472.543 4.215203537410673 4.280216691095271 4.287749788230513 1.0538008843526683 1.0700541727738178 1.0719374470576282
40712 256 4872.75 4882.88 4896.696 4.256858910579705 4.268903597876663 4.277778256631265 1.0642147276449263 1.0672258994691657 1.0694445641578163
40712 512 9731.079 9737.483 9743.114 4.278825845617736 4.2813002086884255 4.284117722197096 1.069706461404434 1.0703250521721064 1.071029430549274
40712 1024 19383.691 19447.546 19501.54 4.275466245229864 4.287336613061617 4.301460232728638 1.068866561307466 1.0718341532654043 1.0753650581821594
40712 2048 38886.788 38931.536 38971.599 4.278919938594257 4.283323216427936 4.288252143632948 1.0697299846485642 1.070830804106984 1.072063035908237
40712 4096 77591.616 77948.368 77950.143 4.278538706465234 4.278636135140122 4.298308518281151 1.0696346766163085 1.0696590337850305 1.0745771295702877
40712 8192 155702.773 155821.857 155866.489 4.279466434892236 4.2806922009663895 4.283966143621604 1.069866608723059 1.0701730502415974 1.070991535905401
40712 16384 309653.281 311391.121 311853.477 4.277812865302765 4.284164595688648 4.308208237586864 1.0694532163256913 1.071041148922162 1.077052059396716

44776 1 18.093 33.148 33.574 2.667302078989694 2.7015807891878842 4.949538495550765 0.6668255197474235 0.6753951972969711 1.2373846238876913
44776 2 17.853 53.703 54.352 3.2952605239917574 3.3350837010967727 10.03215145913852 0.8238151309979393 0.8337709252741932 2.50803786478463
44776 4 32.389 97.167 115.149 3.1108216311040477 3.686519085697819 11.059557257093456 0.7777054077760119 0.9216297714244548 2.764889314273364
44776 8 59.907 179.37 181.036 3.957312357763097 3.9940681273345597 11.958802811023755 0.9893280894407742 0.9985170318336399 2.989700702755939
44776 16 115.87 346.591 349.332 4.101633975702198 4.134071571391063 12.365858289462329 1.0254084939255494 1.0335178928477657 3.0914645723655823
44776 32 227.795 680.959 686.089 4.176810880221079 4.208276856609576 12.58001273074475 1.0442027200552697 1.052069214152394 3.1450031826861875
44776 64 451.702 1349.696 1359.641 4.215324486390157 4.2463843709991 12.688294495043191 1.0538311215975393 1.061596092749775 3.172073623760798
44776 128 899.476 2708.393 2724.782 4.206815811319951 4.232272052098791 12.743704112171976 1.0517039528299879 1.0580680130246978 3.185926028042994
44776 256 1795.065 5378.526 5428.064 4.22347857357614 4.262378205478601 12.771299089448014 1.055869643394035 1.0655945513696503 3.1928247723620036
44776 512 3601.259 10784.812 10857.384 4.222989994643277 4.251406885905847 12.731831839920428 1.0557474986608193 1.0628517214764617 3.182957959980107
44776 1024 7185.832 21522.901 21699.158 4.226027940807657 4.260636054591339 12.76139603597746 1.0565069852019142 1.0651590136478348 3.190349008994365
44776 2048 14417.961 42993.397 43400.593 4.2258062234310945 4.265829378404317 12.720418372611773 1.0564515558577736 1.0664573446010792 3.1801045931529432
44776 4096 58983.875 86015.237 86851.832 4.223342024610374 4.264418779663422 6.218733374163702 1.0558355061525935 1.0661046949158555 1.5546833435409255
44776 8192 91688.288 171968.232 173794.308 4.221139302214662 4.265962238886075 8.001130787827558 1.0552848255536655 1.0664905597215188 2.0002826969568894
44776 16384 115309.139 232695.124 346347.601 4.236264272550859 6.305331812625347 12.724229672723514 1.0590660681377146 1.5763329531563368 3.1810574181808784

49248 1 18.314 35.13 35.407 2.7818228034004577 2.8037574722459433 5.378180626842852 0.6954557008501144 0.7009393680614858 1.344545156710713
49248 2 19.556 58.518 58.592 3.3620972146368104 3.3663488157490002 10.073225608508897 0.8405243036592026 0.8415872039372501 2.5183064021272243
49248 4 35.239 105.147 105.685 3.7279084070587123 3.7469827955148505 11.180339964244162 0.9319771017646781 0.9367456988787126 2.7950849910610405
49248 8 65.723 196.888 197.222 3.9953352060114993 4.002112876356101 11.989227515481645 0.9988338015028748 1.0005282190890252 2.997306878870411
49248 16 127.259 381.035 382.35 4.121710474695959 4.135935019092734 12.383689955130874 1.0304276186739898 1.0339837547731836 3.0959224887827186
49248 32 250.258 749.755 752.459 4.188762444199618 4.20386926395956 12.594490485818636 1.0471906110499045 1.05096731598989 3.148622621454659
49248 64 503.701 1486.974 1492.751 4.22290388685052 4.239310169512043 12.514853057667146 1.05572597171263 1.0598275423780108 3.1287132644167865
49248 128 988.531 2985.799 3000.762 4.201428837075382 4.22248383096116 12.753760883573708 1.0503572092688456 1.05562095774029 3.188440220893427
49248 256 1972.97 5943.079 5967.506 4.225379245534064 4.242746226324773 12.780212572923054 1.056344811383516 1.0606865565811932 3.1950531432307634
49248 512 3959.199 11856.287 11930.714 4.226901424340571 4.253435497976727 12.737412794860779 1.0567253560851428 1.0633588744941818 3.1843531987151947
49248 1024 7916.253 23680.094 23848.93 4.229116526401813 4.259269578912988 12.740864143680097 1.0572791316004533 1.064817394728247 3.1852160359200243
49248 2048 15832.413 47384.613 47649.046 4.233449039042671 4.257074084365741 12.74093898384283 1.0583622597606677 1.0642685210914353 3.1852347459607073
49248 4096 31620.695 94784.671 95289.072 4.233849774505098 4.25638040142588 12.758720704905443 1.0584624436262744 1.06409510035647 3.1896801762263607
49248 8192 63277.706 189614.896 190539.533 4.234707723357336 4.255357828005243 12.75139828868006 1.058676930839334 1.0638394570013108 3.187849572170015
49248 16384 255952.082 379544.27 381563.139 4.229335328955871 4.251831977334291 6.304924153732808 1.0573338322389678 1.0629579943335727 1.576231038433202

54168 1 37.296 38.296 38.871 2.7870649070000773 2.8289116356799666 2.904761904761905 0.6967662267500193 0.7072279089199917 0.7261904761904763
54168 2 63.593 63.667 63.797 3.3962725520008776 3.403207313050717 3.407167455537559 0.8490681380002194 0.8508018282626792 0.8517918638843898
54168 4 114.703 114.813 115.018 3.767618981376828 3.7743461106320715 3.7779657027279145 0.941904745344207 0.9435865276580179 0.9444914256819786
54168 8 214.777 215.276 215.388 4.023845339573235 4.025938794849402 4.0352924195793785 1.0059613348933087 1.0064846987123506 1.0088231048948446
54168 16 416.517 417.609 417.683 4.14997976934661 4.150715142633421 4.1615972457306665 1.0374949423366524 1.0376787856583551 1.0403993114326666
54168 32 819.662 822.31 822.44 4.215203540683818 4.215869927399643 4.229489716492895 1.0538008851709546 1.0539674818499107 1.0573724291232238
54168 64 1643.565 1650.472 1651.435 4.198472237781082 4.200921918093733 4.218576083087679 1.0496180594452704 1.0502304795234332 1.0546440207719197
54168 128 3250.52 3251.185 3255.723 4.259271442932953 4.265216528742597 4.2660891180488045 1.0648178607332381 1.0663041321856492 1.0665222795122011
54168 256 6484.743 6518.096 6521.39 4.2527767853172405 4.254925978383872 4.276810353162801 1.0631941963293101 1.063731494595968 1.0692025882907001
54168 512 12997.226 13009.802 13012.485 4.262677882049432 4.263556970352047 4.267682350064544 1.065669470512358 1.0658892425880118 1.066920587516136
54168 1024 25914.822 26020.189 26024.603 4.262737994504661 4.263461114752087 4.280795908997561 1.0656844986261653 1.0658652786880218 1.0701989772493903
54168 2048 51817.385 52008.764 52037.193 4.263722065100629 4.26605269834907 4.28180866325076 1.0659305162751573 1.0665131745872676 1.07045216581269
54168 4096 78688.015 104029.601 104190.034 4.2589894538281845 4.265557607973523 5.639286440253957 1.0647473634570461 1.0663894019933808 1.4098216100634893
54168 8192 68904.792 208347.845 208540.236 4.255718364105045 4.259648147548634 12.879924403516085 1.0639295910262612 1.0649120368871585 3.2199811008790213
54168 16384 373077.621 416123.286 425791.758 4.168650497927206 4.265507564025148 4.7576614733479285 1.0421626244818014 1.066376891006287 1.1894153683369821

59584 1 19.982 41.759 41.889 2.844851870419441 2.8537081826672095 5.9637673906515865 0.7112129676048603 0.7134270456668024 1.4909418476628966
59584 2 23.277 69.555 69.592 3.4247614668352684 3.426583279419164 10.239120161532842 0.8561903667088171 0.856645819854791 2.5597800403832105
59584 4 42.222 125.74 125.797 3.789215959045128 3.7909336726578653 11.2896594192601 0.947303989761282 0.9477334181644663 2.822414854815025
59584 8 78.759 235.851 236.221 4.0358139200155785 4.042145252723118 12.104572175878312 1.0089534800038946 1.0105363131807794 3.026143043969578
59584 16 152.851 457.516 458.386 4.1595685732112235 4.167478295841019 12.474161111147458 1.0398921433028059 1.0418695739602548 3.1185402777868645
59584 32 301.035 903.049 923.846 4.127718256072982 4.222778608912694 12.667550284850599 1.0319295640182455 1.0556946522281736 3.1668875712126496
59584 64 597.423 1787.731 1819.879 4.190801696156722 4.26616308605713 12.766083662664476 1.0477004240391805 1.0665407715142825 3.191520915666119
59584 128 1197.827 3578.018 3590.0 4.248886908077995 4.263115501375342 12.734313051884786 1.0622217270194987 1.0657788753438355 3.1835782629711966
59584 256 2375.617 7153.332 7155.295 4.263556988216418 4.264726983173715 12.841719856357317 1.0658892470541046 1.0661817457934288 3.2104299640893292
59584 512 4752.289 14250.052 14300.814 4.266471544906464 4.281669708994746 12.838869016593899 1.066617886226616 1.0704174272486866 3.2097172541484746
59584 1024 9504.337 28515.863 28570.664 4.271095414513292 4.279303488026997 12.839194569805342 1.067773853628323 1.0698258720067493 3.2097986424513354
59584 2048 18999.634 57009.376 57134.921 4.271574366927014 4.280981149486709 12.845303441108392 1.0678935917317536 1.0702452873716772 3.211325860277098
59584 4096 37997.215 113948.103 114271.12 4.271526593946047 4.283635401986463 12.845997476393995 1.0678816484865117 1.0709088504966158 3.2114993690984988
59584 8192 75976.728 228396.795 228531.129 4.271734272139355 4.274246738006984 12.848990496142449 1.0679335680348387 1.068561684501746 3.212247624035612
59584 16384 152004.36 392694.097 455866.206 4.2829419823236465 4.9719324199569 12.844687560277878 1.0707354955809116 1.242983104989225 3.2111718900694695

65536 1 21.963 22.057 44.037 2.9764062038740153 5.942421906877636 5.967855028912262 0.7441015509685038 1.485605476719409 1.4919637572280655
65536 2 24.944 25.222 92.721 2.827234391346081 10.393466021727065 10.509300833867865 0.7068085978365203 2.598366505431766 2.6273252084669663
65536 4 45.463 45.981 136.258 3.8477593976133506 11.402274852656532 11.53219101247168 0.9619398494033377 2.850568713164133 2.88304775311792
65536 8 85.426 85.648 257.036 4.0794908106257495 12.242854474126661 12.274670475031021 1.0198727026564374 3.0607136185316652 3.0686676187577553
65536 16 166.017 166.481 499.33 4.199931908757736 12.596944996726354 12.63215212899884 1.049982977189434 3.1492362491815884 3.15803803224971
65536 32 327.295 328.091 984.013 4.262447752214656 12.783965424226816 12.815056753082082 1.065611938053664 3.195991356056704 3.2037641882705206
65536 64 651.385 658.201 1953.823 4.293432926114598 12.744751223410479 12.878110487653233 1.0733582315286494 3.1861878058526196 3.219527621913308
65536 128 1294.864 1306.27 3914.126 4.286324967566195 12.843605073989298 12.956739858394396 1.0715812418915487 3.2109012684973246 3.239184964598599
65536 256 2590.653 2591.042 7804.679 4.299271244851966 12.950169082554433 12.952113617686354 1.0748178112129916 3.2375422706386083 3.2380284044215886
65536 512 5179.713 5193.527 15608.284 4.299567076047566 12.921635720773187 12.956096988385266 1.0748917690118915 3.230408930193297 3.2390242470963164
65536 1024 10348.799 10360.315 31201.161 4.301690183900528 12.954985249000634 12.969401376913398 1.075422545975132 3.2387463122501585 3.2423503442283494
65536 2048 20689.853 20727.146 62362.136 4.304462181988122 12.95091258584274 12.974256317819176 1.0761155454970306 3.237728146460685 3.243564079454794
65536 4096 41337.967 41447.182 124857.104 4.29988278440288 12.953134232382796 12.987356441597626 1.07497069610072 3.238283558095699 3.2468391103994065
65536 8192 82692.547 82896.901 249378.58 4.305669813341628 12.95273781103108 12.984747271117433 1.076417453335407 3.23818445275777 3.2461868177793582
65536 16384 238540.966 286624.238 499216.418 4.301708779137148 7.492330945158936 9.00257798067272 1.075427194784287 1.873082736289734 2.25064449516818

72088 1 25.129 47.536 47.537 3.0329217241306776 3.0329855267586674 5.737434836244976 0.7582304310326694 0.7582463816896668 1.434358709061244
72088 2 27.518 81.888 82.24 3.5062256809338526 3.5212973817897617 10.478668507885748 0.8765564202334631 0.8803243454474404 2.619667126971437
72088 4 50.203 149.296 150.24 3.838551650692226 3.862822848569286 11.487440989582296 0.9596379126730565 0.9657057121423215 2.871860247395574
72088 8 94.555 282.145 283.74 4.065017269331078 4.087997306349573 12.198276135582466 1.0162543173327696 1.0219993265873932 3.0495690338956165
72088 16 183.98 548.7 552.109 4.178189451720584 4.20414798614908 12.538406348516146 1.044547362930146 1.05103699653727 3.1346015871290365
72088 32 369.609 1082.901 1088.642 4.237969874393969 4.260437473046936 12.482466606603197 1.0594924685984923 1.065109368261734 3.120616651650799
72088 64 720.774 2149.914 2182.174 4.2284730731829825 4.291922374569402 12.801882420842041 1.0571182682957456 1.0729805936423504 3.2004706052105103
72088 128 1436.585 4309.94 4327.05 4.26492136675102 4.281852647600663 12.8461093496034 1.066230341687755 1.0704631619001657 3.21152733740085
72088 256 2873.355 8633.787 8634.622 4.2745421860968555 4.274955590171497 12.845282257152354 1.0686355465242139 1.0687388975428742 3.2113205642880884
72088 512 5736.431 17329.446 17488.979 4.220835990482922 4.259692548740451 12.868299470524445 1.0552089976207304 1.0649231371851127 3.217074867631111
72088 1024 11471.862 34489.442 34506.429 4.278513548880993 4.2806208346310735 12.869421197709666 1.0696283872202483 1.0701552086577684 3.2173552994274166
72088 2048 22949.873 68602.286 69004.477 4.279033199541532 4.304119661551804 12.865973070962093 1.069758299885383 1.076029915387951 3.2164932677405234
72088 4096 45877.58 137337.349 137972.49 4.28016408198475 4.299958462136909 12.872189335182894 1.0700410204961874 1.0749896155342273 3.2180473337957234
72088 8192 91736.862 274362.961 276331.386 4.274178945420265 4.304844165900367 12.87475684529083 1.0685447363550662 1.0762110414750918 3.2186892113227077

79296 1 50.833 51.296 51.926 3.0541925047182525 3.091703056768559 3.1198630810693837 0.7635481261795631 0.7729257641921398 0.7799657702673459
79296 2 89.999 90.389 90.722 3.496219219153017 3.509099558574605 3.5243058256202846 0.8740548047882543 0.8772748896436513 0.8810764564050712
79296 4 164.74 164.962 182.998 3.466529688849058 3.8455401850123057 3.85072235037028 0.8666324222122646 0.9613850462530764 0.96268058759257
79296 8 311.09 311.795 311.906 4.067687059562816 4.069135168941131 4.078356745636311 1.016921764890704 1.0172837922352826 1.0195891864090778
79296 16 604.996 606.96 607.033 4.180122003251882 4.180624752866745 4.19419632526496 1.0450305008129706 1.0451561882166862 1.04854908131624
79296 32 1193.549 1197.382 1225.661 4.1405772069112095 4.238366703357825 4.251977924659984 1.0351443017278024 1.0595916758394563 1.062994481164996
79296 64 2378.45 2388.062 2396.84 4.2346956826488205 4.250261509123297 4.267438037377284 1.0586739206622051 1.0625653772808243 1.066859509344321
79296 128 4741.42 4756.085 4763.641 4.261399211233592 4.2681693031138 4.281370559874468 1.065349802808398 1.06704232577845 1.070342639968617
79296 256 9464.821 9508.207 9531.762 4.2593963214776025 4.269948266797304 4.28952137605138 1.0648490803694006 1.067487066699326 1.072380344012845
79296 512 18923.604 18983.172 19001.323 4.273339493255285 4.277425500859392 4.290890043989506 1.0683348733138212 1.069356375214848 1.0727225109973766
79296 1024 37828.54 37950.682 37959.271 4.278222519078408 4.279190766584906 4.293007554613527 1.069555629769602 1.0697976916462264 1.0732518886533817
79296 2048 75677.156 75878.828 75895.931 4.279497091879668 4.280461685570578 4.291868684917281 1.069874272969917 1.0701154213926445 1.0729671712293203
79296 4096 87788.949 151279.758 151752.066 4.280619362374941 4.2939838124278324 7.399482957701203 1.0701548405937353 1.0734959531069581 1.8498707394253007
79296 8192 100898.396 171074.061 303638.373 4.278726865658709 7.5942878564155905 12.876177575706953 1.0696817164146772 1.8985719641038976 3.219044393926738

87224 1 29.722 54.871 64.999 2.683856674718073 3.179238577755098 5.869322387457102 0.6709641686795182 0.7948096444387746 1.4673305968642756
87224 2 34.276 98.166 130.795 2.667502580373868 3.554142982295296 10.179017388260007 0.666875645093467 0.888535745573824 2.544754347065002
87224 4 60.407 180.054 184.221 3.7877983508937634 3.8754595843469186 11.551508931084147 0.9469495877234408 0.9688648960867297 2.8878772327710367
87224 8 114.684 342.295 344.053 4.056305278547201 4.077138141077141 12.1689512050504 1.0140763196368003 1.0192845352692852 3.0422378012626
87224 16 224.018 668.218 672.033 4.153319851852513 4.177032046427962 12.459570213107876 1.0383299629631282 1.0442580116069906 3.114892553276969
87224 32 442.7 1328.123 1347.271 4.143439590104738 4.203176964784135 12.609749265868535 1.0358598975261846 1.0507942411960338 3.1524373164671338
87224 64 879.958 2623.598 2657.874 4.200602436383366 4.255481213204157 12.687732823612036 1.0501506090958415 1.0638703033010393 3.171933205903009
87224 128 1764.843 5280.118 5280.139 4.228931094427628 4.228947913664051 12.65231184870269 1.057232773606907 1.0572369784160127 3.1630779621756724
87224 256 3510.87 10508.722 10555.812 4.230720289448127 4.2496783148321935 12.720120084195656 1.0576800723620317 1.0624195787080484 3.180030021048914
87224 512 7011.629 21071.222 21079.939 4.237079433673883 4.2388322803489995 12.738462916392182 1.0592698584184708 1.0597080700872499 3.1846157290980455
87224 1024 14026.924 42021.001 42171.304 4.235931428632133 4.251082738366942 12.735133661521228 1.0589828571580333 1.0627706845917355 3.183783415380307
87224 2048 28026.496 84193.761 84351.569 4.235481428922799 4.243420174566142 12.747562306754295 1.0588703572306997 1.0608550436415356 3.186890576688574
87224 4096 56050.213 167903.355 168668.973 4.236339353296471 4.255656523361311 12.748194337816344 1.0590848383241178 1.0639141308403277 3.187048584454086
87224 8192 112103.131 297355.499 335456.694 4.2600968815366675 4.805957921766901 12.74788672940812 1.0650242203841669 1.2014894804417253 3.18697168235203

95944 1 29.704 60.297 60.629 3.1649540648864405 3.1823805496127506 6.460005386479935 0.7912385162216101 0.7955951374031877 1.6150013466199837
95944 2 36.481 107.574 107.925 3.5559508918230254 3.5675534980571517 10.51988706449933 0.8889877229557563 0.8918883745142879 2.6299717661248323
95944 4 66.11 197.092 197.406 3.888189821991226 3.8943843484261156 11.610225381939191 0.9720474554978065 0.9735960871065289 2.902556345484798
95944 8 125.184 374.442 375.535 4.087778768956289 4.099711036689261 12.26278118609407 1.0219446922390722 1.0249277591723152 3.0656952965235176
95944 16 244.072 730.293 732.367 4.192171411327927 4.204076993754562 12.579107804254482 1.0480428528319818 1.0510192484386405 3.1447769510636205
95944 32 481.904 1462.381 1465.159 4.190955384364427 4.198916698179202 12.74199010591321 1.0477388460911068 1.0497291745448005 3.1854975264783025
95944 64 957.605 2872.817 2892.244 4.246125845537237 4.274839643457971 12.824527858563812 1.0615314613843092 1.0687099108644929 3.206131964640953
95944 128 1916.471 5729.896 5757.598 4.265956740988169 4.28658111770266 12.816089572970318 1.0664891852470422 1.071645279425665 3.2040223932425795
95944 256 3816.886 11459.663 11480.456 4.278865578161704 4.286629371212749 12.87000135712725 1.069716394540426 1.0716573428031873 3.2175003392818127
95944 512 7626.958 22908.917 22938.82 4.282986483175683 4.288577063682233 12.881499544117066 1.0707466207939207 1.0721442659205582 3.2203748860292665
95944 1024 15242.249 45885.788 46132.536 4.2593217073520515 4.282225947607133 12.891359536246915 1.0648304268380129 1.0705564869017832 3.2228398840617287
95944 2048 30493.869 91527.573 91702.094 4.285470558611236 4.293641917064708 12.88739792251354 1.071367639652809 1.073410479266177 3.221849480628385
95944 4096 60969.606 183068.46 184042.277 4.270612496279863 4.293329653835511 12.891230558386747 1.0676531240699658 1.0733324134588778 3.2228076395966867
95944 8192 121949.879 365806.182 366777.097 4.285836026451783 4.297211401419126 12.890102957789733 1.0714590066129457 1.0743028503547816 3.222525739447433

105536 1 64.556 65.26 65.388 3.227992903896739 3.234324241495556 3.26959539004895 0.8069982259741848 0.808581060373889 0.8173988475122375
105536 2 117.815 118.0 118.038 3.576339822768939 3.577491525423729 3.583109111742987 0.8940849556922348 0.8943728813559323 0.8957772779357468
105536 4 216.758 217.091 250.314 3.372915617983812 3.8890971988705196 3.8950719235276208 0.843228904495953 0.9722742997176299 0.9737679808819052
105536 8 411.072 412.128 412.184 4.096655862430371 4.097212516499728 4.107737817219368 1.0241639656075927 1.024303129124932 1.026934454304842
105536 16 802.292 804.31 822.365 4.106633915597088 4.1988188633735755 4.209380125939184 1.026658478899272 1.0497047158433939 1.052345031484796
105536 32 1584.77 1588.825 1588.955 4.2507836911680945 4.25113149654619 4.262008998151152 1.0626959227920236 1.0627828741365475 1.065502249537788
105536 64 3167.965 3174.484 3181.703 4.245716209212488 4.25537126663735 4.264127918079903 1.061429052303122 1.0638428166593374 1.0660319795199757
105536 128 6311.095 6324.893 6345.002 4.258031124340071 4.271568862904084 4.280907829782312 1.0645077810850176 1.067892215726021 1.070226957445578
105536 256 12622.782 12640.321 12645.174 4.273126807112342 4.2747673892142455 4.2807070580795905 1.0682817017780855 1.0686918473035614 1.0701767645198976
105536 512 25162.978 25207.49 25207.678 4.28714076719006 4.287172741117818 4.294756526830807 1.071785191797515 1.0717931852794544 1.0736891317077017
105536 1024 50305.087 50408.892 50427.054 4.28614624205491 4.287690513015045 4.296538200997446 1.0715365605137275 1.0719226282537613 1.0741345502493616
105536 2048 100565.84 100798.607 100807.877 4.28811189030397 4.28850624890084 4.298432310613625 1.0720279725759925 1.07212656222521 1.0746080776534062
105536 4096 201217.161 201610.977 201802.029 4.284153713836048 4.288213493454773 4.296606252187407 1.071038428459012 1.0720533733636932 1.0741515630468517
105536 8192 218660.29 402668.338 403657.669 4.283584722380191 4.29410922296056 7.907708454973695 1.0708961805950477 1.07352730574014 1.9769271137434237

116088 1 71.24 71.315 71.648 3.240509155873158 3.255640468344668 3.2590679393599107 0.8101272889682894 0.813910117086167 0.8147669848399777
116088 2 129.407 129.481 147.591 3.146208102120048 3.586255898548822 3.588306660381587 0.786552025530012 0.8965639746372055 0.8970766650953967
116088 4 238.295 238.813 238.906 3.887319698961098 3.888833522463183 3.8972869762269458 0.9718299247402745 0.9722083806157957 0.9743217440567364
116088 8 454.609 455.645 455.793 4.075113044737414 4.076436699623611 4.085726415447121 1.0187782611843534 1.0191091749059027 1.0214316038617803
116088 16 888.161 889.828 890.367 4.172230102867694 4.174757368839821 4.182593020859957 1.0430575257169235 1.0436893422099554 1.0456482552149893
116088 32 1758.545 1776.49 1780.028 4.173884905181267 4.1821974792990675 4.224874541168978 1.0434712262953167 1.0455493698247669 1.0562186352922445
116088 64 3509.02 3513.128 3515.648 4.226607441928202 4.2296392274918535 4.234590854426592 1.0566518604820505 1.0574098068729634 1.058647713606648
116088 128 6977.223 6997.518 7005.813 4.241981337497875 4.24700986835618 4.25936335989261 1.0604953343744687 1.061752467089045 1.0648408399731526
116088 256 13973.186 13984.404 14018.701 4.239840481653757 4.250238765985308 4.25365095691133 1.0599601204134392 1.062559691496327 1.0634127392278325
116088 512 27894.334 27953.012 27959.181 4.2517022226080226 4.252640538343417 4.261586313550271 1.0629255556520056 1.0631601345858543 1.0653965783875678
116088 1024 55906.01 56098.985 56156.814 4.233648725157378 4.238012933745592 4.252641603290952 1.0584121812893446 1.059503233436398 1.063160400822738
116088 2048 111580.503 111806.966 111909.102 4.248952404246797 4.252833835058184 4.261465356541725 1.0622381010616992 1.063208458764546 1.0653663391354313
116088 4096 222993.824 223449.427 223616.062 4.252793325731673 4.255964800482571 4.264660244581483 1.0631983314329183 1.0639912001206429 1.0661650611453708
116088 8192 405103.418 446881.411 447668.434 4.248648436087857 4.256130922393637 4.69506231616145 1.0621621090219642 1.0640327305984092 1.1737655790403625

127696 1 42.018 77.647 78.61 3.2488487469787564 3.2891418857135495 6.078156980341758 0.8122121867446891 0.8222854714283874 1.5195392450854395
127696 2 49.129 140.963 141.184 3.6178603807796916 3.6235324163078255 10.396792118707893 0.9044650951949229 0.9058831040769564 2.599198029676973
127696 4 87.406 260.443 260.498 3.9215963270351404 3.9224244844361347 11.687618698945151 0.9803990817587851 0.9806061211090337 2.921904674736288
127696 8 166.073 518.59 526.405 3.881300519561935 3.9397905860120717 12.30263799654369 0.9703251298904837 0.9849476465030179 3.0756594991359223
127696 16 324.702 972.032 973.31 4.198325302318891 4.203845140900711 12.584683802378796 1.0495813255797228 1.0509612852251777 3.146170950594699
127696 32 642.016 1921.305 1921.582 4.253029014634817 4.253642185910097 12.729502068484276 1.0632572536587042 1.0634105464775243 3.182375517121069
127696 64 1276.493 3839.96 3845.814 4.250098418696276 4.256577672684091 12.804682830223122 1.062524604674069 1.0641444181710227 3.2011707075557805
127696 128 2554.357 7651.331 7663.756 4.2655554273909555 4.272482264850391 12.797810172971124 1.0663888568477389 1.0681205662125977 3.199452543242781
127696 256 5088.861 15277.698 15288.75 4.276370010628731 4.279463568398851 12.847737833672408 1.0690925026571827 1.0698658920997128 3.211934458418102
127696 512 10179.371 30528.889 30669.542 4.263536247134046 4.283179253591574 12.845656573475907 1.0658840617835115 1.0707948133978935 3.2114141433689767
127696 1024 20353.017 61046.316 61072.992 4.282112263306177 4.2839834593786135 12.849269865003306 1.0705280658265441 1.0709958648446534 3.2123174662508265
127696 2048 40688.682 122040.818 122049.706 4.285490175617465 4.285802279693012 12.854749534526578 1.0713725439043662 1.071450569923253 3.2136873836316444
127696 4096 81338.548 244134.897 244141.875 4.284744810778569 4.284867279748212 12.86088401774765 1.0711862026946422 1.071216819937053 3.2152210044369127
127696 8192 162730.246 207299.464 488732.068 4.28081437864642 10.092506867263294 12.856683471123123 1.070203594661605 2.5231267168158236 3.2141708677807808

140464 1 84.24 84.555 84.796 3.312986461625548 3.322429188102418 3.3348528015194687 0.828246615406387 0.8306072970256045 0.8337132003798672
140464 2 153.833 153.944 154.0 3.6484155844155843 3.649742763602349 3.6523762781717837 0.9121038961038961 0.9124356909005873 0.9130940695429459
140464 4 285.499 285.535 286.036 3.9285684319456293 3.935461502092563 3.9359577441602243 0.9821421079864073 0.9838653755231408 0.9839894360400561
140464 8 546.664 546.793 567.034 3.9634730897970845 4.110191608158846 4.1111615178610625 0.9908682724492711 1.0275479020397116 1.0277903794652656
140464 16 1070.363 1070.494 1090.05 4.123524608962891 4.198853987037761 4.199367878000268 1.0308811522407229 1.0497134967594401 1.049841969500067
140464 32 2117.915 2118.005 2154.692 4.172148966070324 4.244416797882914 4.244597162775654 1.043037241517581 1.0611041994707284 1.0611492906939135
140464 64 4229.55 4230.07 4232.162 4.24827594028773 4.2503769441167645 4.250899504675438 1.0620689850719325 1.0625942360291911 1.0627248761688595
140464 128 8434.269 8443.601 8449.419 4.255770012115626 4.258702418553411 4.263414410899155 1.0639425030289065 1.0646756046383528 1.0658536027247887
140464 256 16843.578 16846.464 16874.296 4.261959610048325 4.269000782597464 4.26973223860156 1.0654899025120812 1.067250195649366 1.06743305965039
140464 512 33663.535 33668.34 33683.687 4.270171967813382 4.2721184353015325 4.272728220610224 1.0675429919533455 1.0680296088253831 1.068182055152556
140464 1024 67331.274 67346.097 67347.533 4.271429986900931 4.271521065281631 4.272461441914793 1.0678574967252328 1.0678802663204077 1.0681153604786982
140464 2048 134681.27 134699.285 134818.029 4.267534158951396 4.271296198788286 4.2718675284247025 1.066883539737849 1.0678240496970715 1.0679668821061756
140464 4096 269262.449 269286.617 269854.345 4.264082121783142 4.273071944009754 4.273455479118813 1.0660205304457855 1.0682679860024384 1.0683638697797033

154504 1 90.554 92.407 94.166 3.281524116984899 3.3439890917354744 3.412416900413013 0.8203810292462248 0.8359972729338686 0.8531042251032532
154504 2 167.87 167.906 168.166 3.675035381706171 3.6807261205674604 3.681515458390421 0.9187588454265427 0.9201815301418651 0.9203788645976052
154504 4 310.849 311.146 331.867 3.7244799874648575 3.9725145108727093 3.9763100412097194 0.9311199968662144 0.9931286277181773 0.9940775103024299
154504 8 594.774 594.829 594.866 4.155665309498273 4.15592380331154 4.156308110307445 1.0389163273745683 1.038980950827885 1.0390770275768613
154504 16 1165.271 1193.994 1203.493 4.108148530984393 4.140831528466642 4.242899720322568 1.0270371327460983 1.0352078821166606 1.060724930080642
154504 32 2302.247 2302.449 2329.266 4.245224031948262 4.294668850428391 4.295045666255619 1.0613060079870655 1.0736672126070979 1.0737614165639047
154504 64 4597.086 4599.067 4600.031 4.299212766174836 4.300113914409161 4.30196694166696 1.074803191543709 1.0750284786022903 1.07549173541674
154504 128 9166.875 9178.211 9179.95 4.308631746360274 4.309448104864881 4.314777282334492 1.0771579365900685 1.0773620262162202 1.078694320583623
154504 256 18299.404 18353.065 18377.16 4.304585039255249 4.310236355616896 4.322875652125064 1.0761462598138123 1.077559088904224 1.080718913031266
154504 512 36601.963 36602.844 37057.946 4.269316383590175 4.322398991728622 4.32250303078007 1.0673290958975437 1.0805997479321554 1.0806257576950176
154504 1024 73183.41 73183.99 73305.982 4.316485276740443 4.323680520835226 4.323714787272142 1.0791213191851108 1.0809201302088065 1.0809286968180356
154504 2048 146321.061 146375.947 146420.573 4.322127492288942 4.3234451900762085 4.325066943028797 1.0805318730722355 1.0808612975190521 1.0812667357571992
154504 4096 250696.424 292704.369 292718.491 4.323938551596319 4.324147167068763 5.048722864910112 1.0809846378990797 1.0810367917671908 1.262180716227528

169952 1 54.443 100.87 115.999 2.9302321571737684 3.3697234063646273 6.2433003324578 0.7325580392934421 0.8424308515911568 1.56082508311445
169952 2 63.722 185.406 185.425 3.666215450990966 3.666591156704745 10.6683406045008 0.9165538627477415 0.9166477891761863 2.6670851511252
169952 4 114.74 343.979 344.091 3.9513268292399393 3.9526133862823016 11.849538086107723 0.9878317073099848 0.9881533465705754 2.9623845215269307
169952 8 219.814 659.423 659.442 4.123534746042866 4.123653557731531 12.3706042381286 1.0308836865107165 1.0309133894328828 3.09265105953215
169952 16 430.405 1291.141 1366.289 3.9804638696498325 4.212137946204171 12.635689641151938 0.9951159674124581 1.0530344865510428 3.1589224102879845
169952 32 859.143 2554.597 2575.153 4.2237987412786735 4.257786257480142 12.660206740903433 1.0559496853196684 1.0644465643700356 3.1650516852258583
169952 64 1694.01 5098.713 5115.474 4.252559195882923 4.266538634357337 12.841633756589394 1.0631397989707307 1.0666346585893343 3.2104084391473484
169952 128 3384.37 10168.334 10183.926 4.272194436605293 4.278745367726905 12.855483295266179 1.0680486091513233 1.0696863419317262 3.2138708238165448
169952 256 6754.259 20319.023 20343.538 4.277300438104718 4.282461021870982 12.883045201553566 1.0693251095261795 1.0706152554677455 3.2207613003883915
169952 512 13506.721 40612.556 40641.655 4.282080737115651 4.285148858889847 12.88475922468525 1.0705201842789127 1.0712872147224617 3.2211898061713127
169952 1024 27003.313 81229.737 81360.5 4.278018153772408 4.284904874184192 12.889592325208392 1.069504538443102 1.071226218546048 3.222398081302098
169952 2048 53990.867 162470.986 162817.399 4.275485275378953 4.284601264129707 12.893354574209745 1.0688713188447383 1.0711503160324267 3.2233386435524363
169952 4096 108018.492 324789.525 324844.639 4.285885056579308 4.2866123345572795 12.888967048345759 1.071471264144827 1.0716530836393199 3.2222417620864396

186944 1 60.315 110.055 118.389 3.1581312453015062 3.3972831765935214 6.1989223244632345 0.7895328113253766 0.8493207941483804 1.5497305811158086
186944 2 68.964 203.907 208.22 3.591278455479781 3.6672404576596196 10.842990545792007 0.8978196138699452 0.9168101144149049 2.710747636448002
186944 4 126.333 397.905 399.942 3.7394222162213517 3.758565486736784 11.838173715497929 0.9348555540553379 0.939641371684196 2.959543428874482
186944 8 240.961 722.848 722.96 4.137302202058205 4.137943246713002 12.413228696760056 1.0343255505145512 1.0344858116782505 3.103307174190014
186944 16 471.701 1415.231 1415.27 4.226902287196083 4.2270187693740455 12.682203344915528 1.0567255717990207 1.0567546923435114 3.170550836228882
186944 32 933.272 2816.281 2818.244 4.245344264016884 4.248303347570786 12.819859590773108 1.061336066004221 1.0620758368926966 3.204964897693277
186944 64 1865.157 5586.043 5598.487 4.2741605008638945 4.28368202679428 12.829392914376646 1.0685401252159736 1.07092050669857 3.2073482285941615
186944 128 3708.128 11155.05 11166.734 4.285735112880811 4.290224068919458 12.906152106939134 1.0714337782202028 1.0725560172298645 3.2265380267347834
186944 256 7405.424 22273.617 22275.212 4.296943526283836 4.29725122776422 12.925030086055843 1.074235881570959 1.074312806941055 3.2312575215139607
186944 512 14796.588 44543.684 44544.586 4.297506682405803 4.297593705989833 12.937486398891421 1.0743766706014508 1.0743984264974582 3.2343715997228553
186944 1024 29596.325 89017.34 89020.256 4.300833643974244 4.30097452923217 12.93610987174928 1.075208410993561 1.0752436323080425 3.23402746793732
186944 2048 59331.371 177985.53 178320.992 4.294068888984198 4.302162226333793 12.905864319231727 1.0735172222460494 1.0755405565834482 3.2264660798079317
186944 4096 174079.007 356588.133 357708.275 4.2812687182034015 4.2947173679501 8.797414888746465 1.0703171795508504 1.073679341987525 2.199353722186616

205632 1 70.278 118.129 131.054 3.1381262685610514 3.481482108542356 5.851959361393323 0.7845315671402628 0.870370527135589 1.4629898403483308
205632 2 77.426 223.48 228.091 3.606139654786905 3.6805441202792197 10.623408157466484 0.9015349136967262 0.9201360300698049 2.655852039366621
205632 4 138.389 416.146 436.813 3.766041761577609 3.9530741614721756 11.887187565485695 0.9415104403944022 0.9882685403680439 2.9717968913714237
205632 8 264.832 794.402 800.143 4.11190499698179 4.141620992897802 12.423392943450942 1.0279762492454474 1.0354052482244505 3.1058482358627355
205632 16 519.386 1556.011 1581.584 4.160527673522241 4.22890583678393 12.669236367557078 1.0401319183805602 1.0572264591959826 3.1673090918892695
205632 32 1038.772 3098.798 3099.909 4.24543043037715 4.246952528044745 12.669236367557078 1.0613576075942874 1.0617381320111863 3.1673090918892695
205632 64 2041.673 6141.949 6156.206 4.275506050317355 4.2854305693518455 12.89182743759652 1.0688765125793387 1.0713576423379614 3.22295685939913
205632 128 4082.032 12289.973 12308.839 4.276747140814824 4.283312257886979 12.895977297581204 1.069186785203706 1.0708280644717447 3.223994324395301
205632 256 8156.308 24491.944 24769.715 4.250496382376624 4.2987026264636246 12.908240345999687 1.062624095594156 1.0746756566159061 3.2270600864999217
205632 512 16501.021 48957.593 50033.26 4.208543836639867 4.301011448826743 12.760856919096096 1.0521359591599668 1.0752528622066857 3.190214229774024
205632 1024 74751.648 97899.371 98752.618 4.264538444945328 4.301706248960476 5.63377995358711 1.066134611236332 1.075426562240119 1.4084449883967776
205632 2048 195729.745 195772.913 195912.507 4.299208278724135 4.302273787998445 4.303222650190445 1.0748020696810336 1.0755684469996112 1.0758056625476113
205632 4096 296036.32 391478.552 391955.595 4.297775986588481 4.303013116284337 5.6903063245753085 1.0744439966471202 1.0757532790710842 1.4225765811438271

226192 1 75.167 75.833 129.648 3.489324941379736 5.9655295188110715 6.018385727779477 0.872331235344934 1.4913823797027679 1.5045964319448693
226192 2 84.093 85.593 263.018 3.439947075865531 10.570584043087635 10.759135718787531 0.8599867689663827 2.6426460107719087 2.689783929696883
226192 4 151.147 151.203 452.479 3.999160182019497 11.96759323558395 11.97202723176775 0.9997900455048743 2.9918983088959874 2.9930068079419376
226192 8 289.72 289.906 869.161 4.163868374213754 12.483605030596125 12.491619494684521 1.0409670935534385 3.1209012576490314 3.1229048736711302
226192 16 567.979 576.33 1705.509 4.243978777010265 12.559026946367533 12.743682424878385 1.0609946942525663 3.1397567365918833 3.185920606219596
226192 32 1124.809 1129.013 3393.223 4.266235375629601 12.82207379365871 12.869996594977458 1.0665588439074003 3.2055184484146775 3.2174991487443645
226192 64 2244.784 2449.673 6747.074 4.291130644187392 11.818955427928545 12.897711316545378 1.072782661046848 2.9547388569821362 3.2244278291363444
226192 128 4476.587 4502.586 13442.39 4.307653028962855 12.860421100229956 12.935111503473514 1.0769132572407139 3.215105275057489 3.2337778758683786
226192 256 8932.749 8936.414 26861.168 4.311439621687337 12.959370951256288 12.964688026048869 1.0778599054218343 3.239842737814072 3.241172006512217
226192 512 17847.11 17867.234 53698.338 4.31336642113579 12.963428362778481 12.978045633158535 1.0783416052839474 3.2408570906946204 3.244511408289634
226192 1024 35709.858 35710.886 107371.212 4.314389372823696 12.971988877565234 12.972362309589695 1.078597343205924 3.2429972193913086 3.2430905773974237
226192 2048 71384.697 149984.464 214686.258 4.3155180989739925 6.177189338757112 12.978726126693513 1.0788795247434981 1.544297334689278 3.244681531673378
226192 4096 336623.313 429381.265 429849.159 4.310732788940969 4.315430166707436 5.50456487248701 1.0776831972352423 1.078857541676859 1.3761412181217525

248808 1 86.13 140.999 144.555 3.4423990868527548 3.529216519266094 5.777499129223267 0.8605997717131887 0.8823041298165235 1.4443747823058168
248808 2 94.869 268.349 268.406 3.7079349940016244 3.7087225963204635 10.490592290421528 0.9269837485004061 0.9271806490801159 2.622648072605382
248808 4 167.017 499.979 530.832 3.749706121710824 3.9810952059986517 11.91773292539083 0.937426530427706 0.9952738014996629 2.9794332313477074
248808 8 320.554 961.513 961.864 4.138763900093984 4.140274754475499 12.418899779756298 1.034690975023496 1.0350686886188747 3.1047249449390746
248808 16 628.534 1885.453 1885.563 4.222535126113526 4.222781474796773 12.667343373628157 1.0556337815283816 1.0556953686991932 3.166835843407039
248808 32 1246.493 3751.98 3755.146 4.240504097577031 4.244082324532647 12.77481060864361 1.0601260243942578 1.0610205811331617 3.1937026521609027
248808 64 2496.079 7467.903 7478.553 4.258500808913168 4.264573870335488 12.75898078546392 1.064625202228292 1.066143467583872 3.18974519636598
248808 128 10336.204 14895.749 14915.755 4.270306665669958 4.2760419768082825 6.162305620129015 1.0675766664174895 1.0690104942020706 1.5405764050322537
248808 256 29717.705 29751.565 29761.097 4.280409959350624 4.281781344947737 4.286659955740189 1.070102489837656 1.0704453362369342 1.0716649889350474
248808 512 59432.287 59433.612 59550.929 4.27834454102303 4.286789636813593 4.286885207698638 1.0695861352557574 1.0716974092033982 1.0717213019246594
248808 1024 118834.686 118848.969 118929.204 4.284555574760258 4.2874480804288675 4.287963398161375 1.0711388936900645 1.0718620201072169 1.0719908495403438
248808 2048 237565.262 237667.725 237809.292 4.285440486488644 4.287993113074146 4.289842544403651 1.071360121622161 1.0719982782685364 1.0724606361009128
248808 4096 475121.321 475151.763 475640.007 4.285247468680657 4.28965079100422 4.289925637750953 1.0713118671701642 1.072412697751055 1.0724814094377382

273688 1 97.482 153.814 171.055 3.2 3.5586877657430405 5.615149463490696 0.8 0.8896719414357601 1.403787365872674
273688 2 103.518 293.517 294.813 3.713377632601005 3.7297737439398744 10.575474796653722 0.9283444081502512 0.9324434359849686 2.6438686991634306
273688 4 182.129 546.016 549.071 3.987651870158868 4.009963078005041 12.021720868175853 0.996912967539717 1.0024907695012601 3.0054302170439633
273688 8 349.979 1050.939 1069.976 4.092622638264784 4.166757537782878 12.512202160701072 1.023155659566196 1.0416893844457196 3.128050540175268
273688 16 696.199 2059.971 2080.23 4.210119073371694 4.2515239292203635 12.579759522780126 1.0525297683429236 1.0628809823050909 3.1449398806950315
273688 32 1360.177 4097.645 4099.718 4.272496791242715 4.2746582488234095 12.877759291621606 1.0681241978106788 1.0686645622058524 3.2194398229054015
273688 64 2712.132 8152.272 8175.141 4.285193857818477 4.2972148132447 12.916799034855236 1.0712984644546193 1.074303703311175 3.229199758713809
273688 128 5405.785 16262.431 16269.674 4.306424824492488 4.308342830170963 12.960953497040672 1.076606206123122 1.0770857075427407 3.240238374260168
273688 256 28252.62 32505.49 32530.569 4.307586996095887 4.310910433899012 4.959832256265083 1.0768967490239718 1.077727608474753 1.2399580640662708
273688 512 64924.731 64932.553 64938.213 4.315741056810417 4.316117248616422 4.316637245674534 1.0789352642026042 1.0790293121541055 1.0791593114186335
273688 1024 129903.464 130378.438 130444.014 4.296962404116145 4.29912363269761 4.314842782021579 1.0742406010290362 1.0747809081744024 1.0787106955053947
273688 2048 259680.299 259839.436 260282.549 4.306958158766149 4.314302960540601 4.316946847015145 1.0767395396915374 1.0785757401351503 1.0792367117537862

301056 1 108.499 168.962 185.184 3.2514256091238987 3.5635941809400933 5.549470502032277 0.8128564022809747 0.8908985452350233 1.3873676255080694
301056 2 114.795 320.016 321.332 3.747600612450674 3.7630118494075298 10.490212988370574 0.9369001531126685 0.9407529623518824 2.6225532470926436
301056 4 200.202 598.589 598.793 4.022171267867193 4.023542029673115 12.03008960949441 1.0055428169667981 1.0058855074182786 3.0075224023736027
301056 8 383.924 1151.957 1173.771 4.103778334956308 4.181489413233306 12.546483158125048 1.025944583739077 1.0453723533083266 3.136620789531262
301056 16 753.477 2260.469 2280.618 4.224202387247668 4.261855393725815 12.785781118733551 1.056050596811917 1.0654638484314538 3.1964452796833878
301056 32 1517.047 4491.864 4493.44 4.2879361914257235 4.289440642014095 12.700716589532163 1.0719840478564309 1.0723601605035238 3.175179147383041
301056 64 2986.428 8954.025 8956.101 4.302672334758172 4.303669913809712 12.903431122397729 1.075668083689543 1.075917478452428 3.225857780599432
301056 128 5939.542 17853.795 17863.753 4.31434178473023 4.316748119937526 12.975804531729887 1.0785854461825575 1.0791870299843815 3.2439511329324717
301056 256 11859.915 35644.756 35712.561 4.316147251383064 4.324357613781954 12.996777126986155 1.079036812845766 1.0810894034454885 3.2491942817465387
301056 512 23693.649 71273.808 71276.234 4.325163195350641 4.325310414170659 13.011138301238447 1.0812907988376603 1.0813276035426647 3.2527845753096116
301056 1024 85562.164 142447.339 142494.432 4.326924774155386 4.328355252743612 7.206020268491573 1.0817311935388465 1.082088813185903 1.8015050671228932
301056 2048 284919.632 284965.474 284971.9 4.327182350259798 4.327279928655497 4.327976164169692 1.0817955875649494 1.0818199821638743 1.081994041042423

331160 1 114.555 124.537 188.164 3.519908165217576 5.318258830708945 5.781676923748417 0.879977041304394 1.3295647076772363 1.4454192309371043
331160 2 128.518 131.221 403.831 3.280184037381974 10.094725691771897 10.30703870274981 0.8200460093454935 2.5236814229429743 2.5767596756874527
331160 4 219.389 219.592 735.089 3.604026179142933 12.064556085831907 12.075719384290005 0.9010065447857333 3.0161390214579766 3.0189298460725014
331160 8 422.887 422.996 1291.975 4.1011319878480625 12.52626502378273 12.529493694533056 1.0252829969620156 3.1315662559456827 3.132373423633264
331160 16 830.273 850.699 2577.282 4.111742525652994 12.456955985607129 12.763416370278208 1.0279356314132484 3.1142389964017823 3.190854092569552
331160 32 1644.881 1757.138 5071.916 4.178744285197152 12.06179594317578 12.88496857827405 1.044686071299288 3.015448985793945 3.2212421445685124
331160 64 3283.611 3290.131 9997.389 4.239955052264147 12.883523482803572 12.909105250286954 1.0599887630660367 3.220880870700893 3.2272763125717385
331160 128 6539.408 6540.539 19978.021 4.243511406860569 12.961769664549054 12.964011421217332 1.0608778517151423 3.2404424161372636 3.241002855304333
331160 256 13069.486 13074.409 40442.094 4.192510902130834 12.96838120942981 12.973266125385496 1.0481277255327086 3.2420953023574524 3.243316531346374
331160 512 26118.577 26130.566 78658.126 4.311160934599433 12.977439524272073 12.983396453796084 1.0777902336498582 3.2443598810680183 3.245849113449021
331160 1024 52309.395 52352.909 157117.217 4.316622283349125 12.954689490129383 12.965465955016304 1.0791555708372813 3.2386723725323456 3.241366488754076
331160 2048 120565.127 280045.814 314146.288 4.317833480177872 4.843605196683996 11.250611132355047 1.079458370044468 1.210901299170999 2.8126527830887618

364272 1 134.462 203.906 205.887 3.538562415305483 3.572940472570694 5.418214811619641 0.8846406038263708 0.8932351181426735 1.3545537029049102
364272 2 143.463 393.219 394.924 3.689540265975226 3.705538135237616 10.15654210493298 0.9223850664938065 0.926384533809404 2.539135526233245
364272 4 244.054 732.922 733.107 3.9751032250408196 3.976106597973591 11.940701647995935 0.9937758062602049 0.9940266494933977 2.9851754119989837
364272 8 469.923 1410.956 1432.695 4.068103818328396 4.130782249765407 12.402780881123077 1.017025954582099 1.0326955624413519 3.100695220280769
364272 16 936.402 2769.707 2793.3 4.173094189668134 4.208641563891055 12.44839716275702 1.0432735474170336 1.0521603909727637 3.112099290689255
364272 32 1827.564 5503.526 5534.099 4.212683582277802 4.23608573848838 12.75654806069719 1.0531708955694505 1.059021434622095 3.1891370151742975
364272 64 3643.387 10955.976 10959.442 4.254488139085914 4.255834076306848 12.797656685935367 1.0636220347714784 1.063958519076712 3.1994141714838418
364272 128 7267.96 21879.866 21921.952 4.253892719042538 4.262075096803609 12.830784979554098 1.0634731797606345 1.0655187742009022 3.2076962448885245
364272 256 14560.958 43724.472 44366.994 4.203739022751914 4.265512091260931 12.808722063479614 1.0509347556879785 1.0663780228152326 3.2021805158699035
364272 512 29046.195 87308.817 87369.886 4.26937180620792 4.27235805978221 12.842113330162523 1.06734295155198 1.0680895149455525 3.2105283325406306
364272 1024 58031.424 174627.632 174665.882 4.271177905253413 4.2721134533852005 12.85560485298448 1.0677944763133533 1.0680283633463001 3.21390121324612
364272 2048 216114.155 349044.099 350049.888 4.262415624598058 4.27469800026615 6.904027697769265 1.0656039061495144 1.0686745000665374 1.7260069244423162

400696 1 139.796 223.627 227.498 3.5226331660058547 3.583610208069687 5.732581761996051 0.8806582915014637 0.8959025520174217 1.4331454404990127
400696 2 163.166 435.275 451.479 3.5500743113190203 3.682233071047039 9.823026856085214 0.8875185778297551 0.9205582677617598 2.4557567140213035
400696 4 268.184 801.846 802.088 3.9965290591556037 3.9977352259660828 11.952868180055482 0.9991322647889009 0.9994338064915207 2.9882170450138705
400696 8 515.053 1547.103 1547.603 4.142623140430717 4.143961972796898 12.447526759382043 1.0356557851076793 1.0359904931992245 3.111881689845511
400696 16 1011.975 3064.725 3090.817 4.148505718714501 4.183824649846234 12.670542256478667 1.0371264296786253 1.0459561624615585 3.1676355641196667
400696 32 2023.526 6043.263 6056.986 4.233878698085153 4.243492960673728 12.673197181553387 1.0584696745212883 1.060873240168432 3.168299295388347
400696 64 4001.22 12041.081 12046.027 4.25775967462135 4.259508593954314 12.818362399468162 1.0644399186553375 1.0648771484885784 3.2045905998670405
400696 128 7981.587 24045.384 24896.992 4.120103183549241 4.266023616008794 12.851852144191373 1.0300257958873102 1.0665059040021985 3.212963036047843
400696 256 15967.749 47994.178 48026.943 4.2716929120389775 4.274609141133743 12.848169895456147 1.0679232280097444 1.0686522852834357 3.2120424738640367
400696 512 31872.646 95850.967 95887.57 4.279102119284073 4.280736197476234 12.873506140657415 1.0697755298210183 1.0701840493690584 3.218376535164354
400696 1024 63858.607 151711.472 191812.731 4.2782635110909295 5.40911901507356 12.850662526979331 1.0695658777727324 1.35227975376839 3.2126656317448328
400696 2048 127475.886 335194.893 383645.778 4.278036955224879 4.8964075833935805 12.874990458979823 1.0695092388062197 1.2241018958483951 3.218747614744956

440760 1 244.517 246.147 290.35 3.036059927673497 3.5812746041999293 3.605148108311488 0.7590149819183742 0.8953186510499823 0.901287027077872
440760 2 475.386 478.202 478.682 3.683113215036287 3.686810176452629 3.7086493922833235 0.9207783037590718 0.9217025441131572 0.9271623480708309
440760 4 884.051 906.015 908.254 3.88226201040678 3.891856095097763 3.988548171994602 0.970565502601695 0.9729640237744408 0.9971370429986505
440760 8 1700.324 1702.677 1732.972 4.069402159988736 4.1418072834718505 4.1475389396373865 1.017350539997184 1.0354518208679626 1.0368847349093466
440760 16 3360.166 3361.852 3371.204 4.183763426953694 4.1954018201872065 4.197506908884858 1.0459408567384234 1.0488504550468016 1.0493767272212144
440760 32 6657.334 6659.426 6662.206 4.234129055751203 4.235896607305194 4.237227695050301 1.0585322639378008 1.0589741518262985 1.0593069237625752
440760 64 13243.001 13246.261 13270.985 4.251175025817601 4.259109797096705 4.260158252649833 1.0627937564544003 1.0647774492741762 1.0650395631624583
440760 128 9566.596 26458.446 26793.951 4.211195280606432 4.26459513155081 11.794640434277772 1.052798820151608 1.0661487828877025 2.948660108569443
440760 256 17572.737 52818.577 53055.884 4.253423051060651 4.272533127880367 12.842001789476505 1.0633557627651629 1.0681332819700917 3.2105004473691263
440760 512 35078.716 105680.617 105873.18 4.263008251948227 4.270775973989629 12.866441291636786 1.0657520629870567 1.0676939934974072 3.2166103229091965
440760 1024 70140.784 211968.174 212187.747 4.254140461748717 4.258547228887295 12.869495157054418 1.0635351154371793 1.0646368072218237 3.2173737892636045
440760 2048 140177.513 422179.526 424674.029 4.251149909616913 4.2762683854072066 12.87904829642683 1.0627874774042283 1.0690670963518016 3.2197620741067077

484832 1 201.407 267.813 268.387 3.612932071970699 3.6206756206756205 4.814450341845119 0.9032330179926747 0.9051689051689051 1.2036125854612798
484832 2 249.629 526.534 528.849 3.6670732099332697 3.683196146877505 7.768840959984618 0.9167683024833174 0.9207990367193762 1.9422102399961545
484832 4 332.886 976.661 977.624 3.9674312414588835 3.9713431784416495 11.651604453176162 0.9918578103647209 0.9928357946104124 2.9129011132940406
484832 8 638.94 1870.249 1896.916 4.089433585883613 4.147742894128001 12.140908379503552 1.0223583964709033 1.0369357235320003 3.035227094875888
484832 16 1259.993 3698.943 3717.146 4.173800006779395 4.194339842490138 12.313262057805085 1.0434500016948487 1.0485849606225346 3.0783155144512713
484832 32 2437.563 7366.534 7367.867 4.211428897942919 4.2121909706790195 12.729618885747772 1.0528572244857297 1.0530477426697549 3.182404721436943
484832 64 4911.252 14600.827 14633.161 4.240949443527615 4.250341162182115 12.635982841035238 1.0602373608819038 1.0625852905455289 3.1589957102588095
484832 128 9666.042 29040.286 29101.653 4.264946461975889 4.273959009907823 12.84051859075307 1.0662366154939722 1.0684897524769557 3.2101296476882677
484832 256 19292.638 57968.684 58188.511 4.266030866471218 4.282208373058805 12.866772496327357 1.0665077166178045 1.0705520932647012 3.2166931240818393
484832 512 38598.518 115844.09 116124.873 4.275293958771433 4.285656419762113 12.862358290543694 1.0688234896928583 1.0714141049405284 3.2155895726359236
484832 1024 77373.534 141970.674 232696.509 4.267085657052122 6.9939509901882975 12.833017760310652 1.0667714142630305 1.7484877475470744 3.208254440077663
484832 2048 154927.38 271344.656 463604.12 4.283550957226178 7.318632698629598 12.818082071742257 1.0708877393065446 1.8296581746573994 3.2045205179355642

533312 1 293.406 301.406 382.313 2.7899234396947 3.538828025984884 3.635317614500044 0.697480859923675 0.884707006496221 0.908829403625011
533312 2 582.051 588.516 617.311 3.455710330773305 3.6247918493295 3.6650534059730155 0.8639275826933263 0.906197962332375 0.9162633514932539
533312 4 1105.106 1118.957 1177.955 3.6219516025654634 3.8129222123817086 3.860712004097344 0.9054879006413659 0.9532305530954271 0.965178001024336
533312 8 2059.044 2063.137 2201.192 3.8765323515622447 4.1359308664427035 4.144152334772836 0.9691330878905612 1.0339827166106759 1.036038083693209
533312 16 4060.404 4062.793 4272.236 3.9946257650560506 4.200554643074358 4.203026102821295 0.9986564412640127 1.0501386607685894 1.0507565257053237
533312 32 8043.215 8053.754 8712.322 3.9176660366777076 4.2380196862233435 4.243572750448671 0.9794165091694269 1.0595049215558359 1.0608931876121677
533312 64 16025.618 16035.32 17098.331 3.9924327117073592 4.257098455160234 4.259675726702083 0.9981081779268398 1.0642746137900585 1.0649189316755208
533312 128 31907.323 31973.067 32199.459 4.240067263241907 4.270089947892706 4.278888329177599 1.0600168158104768 1.0675224869731765 1.0697220822943998
533312 256 63647.684 63816.707 64152.216 4.256372749461998 4.278750139834072 4.290112802847626 1.0640931873654995 1.069687534958518 1.0725282007119066
533312 512 127417.545 127518.125 127626.065 4.278996520029039 4.282618553244881 4.285999137716867 1.0697491300072597 1.0706546383112203 1.0714997844292167
533312 1024 208998.86 255025.408 257073.09 4.24868653502395 4.282800621967831 5.225975758910838 1.0621716337559874 1.0707001554919577 1.3064939397277096

586640 1 322.795 323.035 324.517 3.6154654455698783 3.6320522543996785 3.634752706826314 0.9038663613924696 0.9080130635999196 0.9086881767065785
586640 2 644.478 644.702 650.441 3.607644659546369 3.6397591445349944 3.641024208739476 0.9019111648865923 0.9099397861337486 0.910256052184869
586640 4 1187.419 1204.049 1212.216 3.871521247038482 3.897781568690311 3.9523706459135317 0.9678803117596205 0.9744453921725778 0.9880926614783829
586640 8 2259.376 2270.783 2329.729 4.02889778167332 4.1334817109340705 4.154350581753547 1.00722444541833 1.0333704277335176 1.0385876454383867
586640 16 4448.049 4490.161 4492.012 4.179080554548831 4.180803316406695 4.220385162123889 1.0447701386372077 1.0452008291016737 1.0550962905309722
586640 32 8834.914 8846.342 8853.489 4.240696520885722 4.244122598922809 4.249612390114946 1.0601741302214305 1.0610306497307023 1.0624030975287364
586640 64 17546.168 17581.791 17665.588 4.250632359364433 4.270891401223004 4.279562352303933 1.0626580898411082 1.067722850305751 1.0698905880759833
586640 128 35077.806 35087.369 35217.604 4.264340072652303 4.280168171058936 4.281335041307886 1.0660850181630757 1.070042042764734 1.0703337603269716
586640 256 70136.334 70206.184 70261.061 4.274909540577533 4.278251044096059 4.282511829032866 1.0687273851443833 1.0695627610240148 1.0706279572582165
586640 512 139841.926 140822.584 140905.68 4.263272850320867 4.265788504491581 4.29570284951596 1.0658182125802167 1.0664471261228952 1.07392571237899
586640 1024 137165.107 279670.336 282931.605 4.246392763367671 4.295910453656408 8.759069607987112 1.0615981908419176 1.073977613414102 2.189767401996778

645304 1 287.795 363.036 403.497 3.1985566187604864 3.55504137330733 4.48446984832954 0.7996391546901216 0.8887603433268325 1.121117462082385
645304 2 474.09 735.052 872.958 2.9568616130443846 3.5116100629615317 5.444569596490118 0.7392154032610961 0.8779025157403829 1.3611423991225295
645304 4 518.238 1401.381 1477.844 3.493218499381531 3.6838176056333 9.961508032988702 0.8733046248453827 0.920954401408325 2.4903770082471754
645304 8 864.513 2515.709 2836.188 3.6404018351392784 4.104156720829 11.942982927960596 0.9101004587848196 1.02603918020725 2.985745731990149
645304 16 1708.305 5377.36 5613.526 3.6785663769972743 3.8401237782108697 12.087846139887198 0.9196415942493186 0.9600309445527174 3.0219615349717994
645304 32 3378.685 10017.592 10283.039 4.016269509431988 4.122692958547323 12.223529568456367 1.004067377357997 1.0306732396368308 3.055882392114092
645304 64 6923.537 19622.525 19974.205 4.135279076188514 4.209392624037935 11.930161130069788 1.0338197690471285 1.0523481560094838 2.982540282517447
645304 128 13447.185 39533.346 39676.709 4.163596935421231 4.1786957268934435 12.284937256384888 1.0408992338553078 1.0446739317233609 3.071234314096222
645304 256 26772.684 78071.03 79290.03 4.166925501226321 4.231987819297376 12.340774201047603 1.0417313753065802 1.057996954824344 3.085193550261901
645304 512 144688.4 156258.598 159574.537 4.14095699992537 4.22883159363813 4.566995667931915 1.0352392499813425 1.0572078984095326 1.1417489169829786
645304 1024 313018.298 317275.751 323222.713 4.088767709836035 4.165406867163951 4.222061778637618 1.0221919274590088 1.0413517167909878 1.0555154446594044

709832 1 307.424 394.776 405.683 3.4994416822987406 3.596125397693882 4.617934839179765 0.8748604205746852 0.8990313494234705 1.1544837097949412
709832 2 560.534 806.217 809.81 3.506165643792989 3.5217912795190376 5.065398352285499 0.8765414109482472 0.8804478198797594 1.2663495880713747
709832 4 703.163 1492.159 1530.472 3.710395224479768 3.8056641416899937 8.07587429941564 0.927598806119942 0.9514160354224984 2.01896857485391
709832 8 1304.919 2780.911 2826.801 4.0177260443872775 4.084025702368756 8.703461287635477 1.0044315110968194 1.021006425592189 2.1758653219088693
709832 16 2541.54 5497.267 5563.377 4.082884190663332 4.131984857202679 8.937346648095248 1.020721047665833 1.0329962143006697 2.234336662023812
709832 32 4643.604 10821.61 10897.051 4.168948828449091 4.198011940921914 9.783187369121054 1.0422372071122727 1.0495029852304785 2.4457968422802634
709832 64 9083.155 21567.145 21874.194 4.153684291178911 4.2128198238570755 10.00296659035324 1.0384210727947278 1.0532049559642689 2.50074164758831
709832 128 17911.755 42924.68 43436.203 4.183537681689166 4.233391885507358 10.145124919361614 1.0458844204222915 1.0583479713768396 2.5362812298404034
709832 256 35929.971 85770.749 86477.407 4.202646640410945 4.237271893241832 10.11506477419645 1.0506616601027363 1.059317973310458 2.5287661935491124
709832 512 75338.422 171384.832 172541.245 4.212720083247342 4.241145260742795 9.648038128539511 1.0531800208118356 1.0602863151856987 2.412009532134878
709832 1024 216850.461 323939.99 345807.485 4.203887998549251 4.487670497242406 6.703863710024577 1.0509719996373128 1.1219176243106015 1.6759659275061443

780808 1 367.757 437.98 488.256 3.1983549613317606 3.565496141376318 4.246325698763042 0.7995887403329401 0.8913740353440796 1.0615814246907604
780808 2 743.904 924.625 937.33 3.332051678704405 3.3778364201703392 4.198434206564288 0.8330129196761012 0.8444591050425848 1.049608551641072
780808 4 724.977 1593.473 1673.25 3.733132526520245 3.920031277593031 8.616085751685915 0.9332831316300613 0.9800078193982578 2.154021437921479
780808 8 1252.271 3173.965 3231.353 3.866160088359272 3.9360635671785924 9.976217607850058 0.966540022089818 0.9840158917946481 2.4940544019625146
780808 16 2427.209 6064.283 6229.485 4.0109023458600515 4.12016655555158 10.294068619554395 1.0027255864650129 1.030041638887895 2.5735171548885987
780808 32 4649.992 11996.862 12433.229 4.019206273768464 4.165398585063328 10.746623219996938 1.004801568442116 1.041349646265832 2.6866558049992344
780808 64 9183.931 23688.875 24301.073 4.112716504328842 4.219002548664721 10.882423223780753 1.0281791260822104 1.0547506371661803 2.7206058059451883
780808 128 18315.046 47747.507 48336.145 4.135349395364484 4.186330565907871 10.913805403491754 1.033837348841121 1.0465826414769677 2.7284513508729384
780808 256 36896.924 95203.866 96517.307 4.141989746978747 4.199133005796215 10.834878701541625 1.0354974367446868 1.0497832514490537 2.708719675385406
780808 512 78154.473 189689.735 193123.187 4.14009008664506 4.215027196911842 10.230347174115037 1.035022521661265 1.0537567992279604 2.5575867935287593
780808 1024 366670.574 382066.104 387836.958 4.123110887230093 4.185387730705365 4.361121119034766 1.0307777218075231 1.0463469326763413 1.0902802797586915

858888 1 348.128 495.941 501.589 3.4246684038126833 3.4636700736579558 4.934323007629378 0.8561671009531708 0.8659175184144889 1.2335807519073445
858888 2 680.774 1012.551 1043.272 3.293054927190608 3.3929668727797417 5.046538205043084 0.823263731797652 0.8482417181949354 1.261634551260771
858888 4 1155.568 1869.38 1938.341 3.544837569859999 3.675605815831987 5.946083657560611 0.8862093924649997 0.9189014539579967 1.4865209143901528
858888 8 1867.064 3500.759 3528.704 3.894406558328497 3.9254938714718723 7.360330443948359 0.9736016395821242 0.9813734678679681 1.8400826109870898
858888 16 3574.332 6853.501 7073.442 3.8855787606655996 4.010273873163511 7.689385317312438 0.9713946901663999 1.0025684682908778 1.9223463293281096
858888 32 6798.407 13489.41 13524.795 4.0643005679568525 4.074961914568539 8.085545922743371 1.0160751419892131 1.0187404786421348 2.021386480685843
858888 64 13467.63 26760.34 26794.407 4.103007915047346 4.108231210814212 8.163103975977956 1.0257519787618365 1.027057802703553 2.040775993994489
858888 128 26382.819 53352.865 53534.758 4.107150871962474 4.12115315644249 8.33403466096629 1.0267877179906184 1.0302882891106224 2.0835086652415726
858888 256 52854.785 106353.659 106737.795 4.1199151247222225 4.134795738433409 8.319978143889905 1.0299787811805556 1.0336989346083523 2.0799945359724763
858888 512 135225.208 158720.029 213398.111 4.121410952883271 5.5412118907815975 6.5039745548034205 1.0303527382208177 1.3853029726953994 1.6259936387008551
858888 1024 331893.462 428522.6 428989.418 4.10034035851206 4.1048071303590525 5.299901400287301 1.025085089628015 1.0262017825897631 1.3249753500718253

944776 1 484.108 535.256 550.571 3.4319860653757646 3.5301836878054615 3.9031621043238287 0.8579965163439411 0.8825459219513654 0.9757905260809572
944776 2 1099.328 1164.05 1230.919 3.070148401316415 3.2465134659164128 3.4376491820457593 0.7675371003291037 0.8116283664791032 0.8594122955114398
944776 4 1363.604 2171.544 2240.784 3.373019443194882 3.480568664507834 5.542817416200012 0.8432548607987205 0.8701421661269585 1.385704354050003
944776 8 2430.098 3995.034 4034.274 3.7469978489314313 3.78380158967358 6.220496457344519 0.9367494622328578 0.945950397418395 1.5551241143361298
944776 16 4344.902 7699.052 7717.068 3.9176578462182787 3.9268252766704266 6.958231048709499 0.9794144615545697 0.9817063191676066 1.7395577621773748
944776 32 8434.971 14928.606 15130.547 3.996264246097646 4.050322180115143 7.168449541794513 0.9990660615244115 1.0125805450287857 1.7921123854486283
944776 64 16277.669 29846.415 30036.614 4.026130508585289 4.051787392221143 7.429277988144371 1.0065326271463222 1.0129468480552857 1.8573194970360927
944776 128 31822.027 59226.39 59659.249 4.054068062439069 4.083697419342966 7.600479252940111 1.0135170156097673 1.0209243548357414 1.9001198132350277
944776 256 69038.359 118614.946 118892.407 4.068597181315372 4.078114338137455 7.006616597013844 1.017149295328843 1.0195285845343638 1.751654149253461
944776 512 126602.537 236286.691 239814.969 4.0341544484656415 4.094393213200485 7.641636944447646 1.0085386121164104 1.0235983033001212 1.9104092361119116
944776 1024 251732.658 474648.259 475720.515 4.067306721048177 4.076494986153525 7.686333840720818 1.0168266802620443 1.0191237465383813 1.9215834601802044

1039248 1 535.905 551.071 669.034 3.106712065455567 3.7717390318125976 3.8784784616676466 0.7766780163638918 0.9429347579531494 0.9696196154169117
1039248 2 1209.754 1357.659 1469.084 2.8296489513193253 3.0618822546751425 3.436229183784472 0.7074122378298313 0.7654705636687856 0.859057295946118
1039248 4 1503.344 1897.137 2556.985 3.2514793790342917 4.382384614289848 5.530327057546376 0.8128698447585729 1.095596153572462 1.382581764386594
1039248 8 2354.153 3167.316 4549.067 3.6552479882138464 5.249860765392528 7.063248650363847 0.9138119970534616 1.312465191348132 1.7658121625909617
1039248 16 4335.441 5715.857 8670.083 3.835711376696163 5.818188943495262 7.670715851051831 0.9589278441740408 1.4545472358738154 1.9176789627629578
1039248 32 8223.271 11009.384 16946.907 3.924720422434607 6.041379971849469 8.088250040646841 0.9811801056086518 1.5103449929623673 2.0220625101617102
1039248 64 16381.394 21272.306 33158.43 4.0117624386920605 6.253376761315862 8.120416614117211 1.0029406096730151 1.5633441903289655 2.0301041535293027
1039248 128 32160.718 43132.464 65793.214 4.043691922391875 6.168149540448233 8.272436206181716 1.0109229805979687 1.5420373851120583 2.068109051545429
1039248 256 66061.187 84254.254 131298.339 4.0525644121057764 6.3153484926707675 8.054577887012535 1.0131411030264441 1.5788371231676919 2.0136444717531337
1039248 512 130353.735 213835.387 262338.16 4.056557963202914 4.9766784016903625 8.163862370341748 1.0141394908007284 1.2441696004225906 2.040965592585437
1039248 1024 475457.255 525680.634 527255.695 4.0367129728205215 4.048807900349626 4.4764905396174886 1.0091782432051304 1.0122019750874065 1.1191226349043721

1143168 1 669.126 691.441 708.644 3.2263534299309664 3.306624860255611 3.4168990593699844 0.8065883574827416 0.8266562150639027 0.8542247648424961
1143168 2 1752.454 1851.638 1992.027 2.295486958761101 2.469528061100496 2.609296449436048 0.5738717396902753 0.617382015275124 0.652324112359012
1143168 4 2807.614 2907.726 3032.928 3.015351501914981 3.145187682745898 3.257336656677164 0.7538378754787453 0.7862969206864745 0.814334164169291
1143168 8 5055.547 5083.546 5132.028 3.564027320193888 3.5980176042471137 3.6179444083894383 0.891006830048472 0.8995044010617784 0.9044861020973596
1143168 16 9316.652 9518.987 12304.636 2.9729750640327754 3.8429904358520504 3.926450832337625 0.7432437660081939 0.9607476089630126 0.9816127080844063
1143168 32 18344.767 19746.41 20341.855 3.59666077651227 3.705116626262698 3.9882082994022214 0.8991651941280675 0.9262791565656745 0.9970520748505554
1143168 64 36282.817 36366.209 36459.733 4.0133454625133975 4.02366669564045 4.032914643865717 1.0033363656283494 1.0059166739101124 1.0082286609664293
1143168 128 71428.121 71837.082 72396.679 4.042326416657868 4.0738153590369945 4.097139948564515 1.010581604164467 1.0184538397592486 1.0242849871411288
1143168 256 142907.778 143867.348 144439.823 4.052220529237287 4.068345070210094 4.095662420837584 1.0130551323093218 1.0170862675525234 1.023915605209396
1143168 512 262415.179 289773.166 290142.646 4.0345810867113965 4.03972544510902 4.4608853666959565 1.0086452716778491 1.009931361277255 1.1152213416739891

1257480 1 543.868 693.83 873.772 2.878279459630201 3.6247495784269925 4.624210286319474 0.7195698649075503 0.9061873946067481 1.1560525715798684
1257480 2 1679.583 2139.007 2319.45 2.1685830692621098 2.351521056265828 2.9947433380785586 0.5421457673155274 0.587880264066457 0.7486858345196397
1257480 4 2228.599 3339.056 3654.702 2.752574628519644 3.0127796598799184 4.513974923258963 0.688143657129911 0.7531949149699796 1.1284937308147407
1257480 8 3845.516 5519.1 6475.946 3.106832577047431 3.64546393433712 5.231984472304887 0.7767081442618577 0.91136598358428 1.3079961180762218
1257480 16 7119.293 10108.168 12507.505 3.2172171828034455 3.9808756641163865 5.652156752081984 0.8043042957008614 0.9952189160290966 1.413039188020496
1257480 32 12831.245 19136.787 23156.429 3.4754374260383587 4.205445773107053 6.272089730965311 0.8688593565095897 1.0513614432767633 1.5680224327413277
1257480 64 27222.053 37339.079 44642.997 3.605435360892101 4.310696576099266 5.912759041355184 0.9013588402230253 1.0776741440248165 1.478189760338796
1257480 128 53852.182 74067.309 87228.171 3.6904921461668616 4.34624781629369 5.977749982349834 0.9226230365417154 1.0865619540734226 1.4944374955874584
1257480 256 107842.549 153007.577 175672.391 3.6649456202824724 4.207829263252761 5.970090339760052 0.9162364050706181 1.0519573158131903 1.492522584940013
1257480 512 246606.816 343798.304 355442.244 3.6226969127507536 3.745392298386673 5.2215082327651485 0.9056742281876884 0.9363480745966682 1.3053770581912871

1383224 1 851.476 947.977 1058.012 2.614760513113273 2.9182648946124217 3.249002907891708 0.6536901282783183 0.7295662236531054 0.812250726972927
1383224 2 2282.191 2815.929 2879.65 1.9213779452364002 1.9648563582391458 2.4243790287491276 0.48034448630910004 0.49121408955978646 0.6060947571872819
1383224 4 3722.628 4354.161 4448.623 2.4874645480185666 2.54142922138157 2.9725752882103715 0.6218661370046417 0.6353573053453925 0.7431438220525929
1383224 8 6457.094 7561.089 7688.217 2.878636750237409 2.9270365684096564 3.4274836327301412 0.7196591875593522 0.7317591421024141 0.8568709081825353
1383224 16 11979.49 13901.057 16536.576 2.6766827667347823 3.1841584420522837 3.6949125547080883 0.6691706916836956 0.7960396105130709 0.9237281386770221
1383224 32 23443.295 26818.391 27007.356 3.2778601503975433 3.3009562728800543 3.776189993770074 0.8194650375993858 0.8252390682200136 0.9440474984425185
1383224 64 45191.878 50678.52 52372.796 3.3806228714617412 3.493643302922027 3.9177985035275587 0.8451557178654353 0.8734108257305068 0.9794496258818897
1383224 128 88745.859 95177.758 103643.801 3.416560764690596 3.720463177962229 3.990105543966846 0.854140191172649 0.9301157944905573 0.9975263859917115
1383224 256 170976.715 177491.717 205466.798 3.4468376150973064 3.9901055664473626 4.142147005222319 0.8617094037743266 0.9975263916118406 1.0355367513055798
1383224 512 352483.245 374731.619 408813.181 3.464715527359672 3.7798288273080045 4.018407672115025 0.866178881839918 0.9449572068270011 1.0046019180287562

1521544 1 884.958 964.902 1218.863 2.4966612326405837 3.153779347539958 3.438680705751008 0.6241653081601459 0.7884448368849895 0.859670176437752
1521544 2 2436.116 2733.226 3169.927 1.9199735514414054 2.226737196265512 2.4983112462624937 0.47999338786035134 0.556684299066378 0.6245778115656234
1521544 4 4237.253 4736.864 4848.529 2.5105247385340994 2.569706877799321 2.872698892419216 0.6276311846335249 0.6424267194498302 0.718174723104804
1521544 8 7244.442 8074.104 8284.679 2.938521094178785 3.015158586017718 3.360466409973329 0.7346302735446962 0.7537896465044295 0.8401166024933322
1521544 16 13274.334 14995.81 15051.936 3.23476049858304 3.2468674916526687 3.6679360335516646 0.80869012464576 0.8117168729131672 0.9169840083879162
1521544 32 25773.171 28431.701 28728.657 3.389605577455292 3.425008443919694 3.7783017076168086 0.847401394363823 0.8562521109799235 0.9445754269042022
1521544 64 49409.596 55358.15 55680.065 3.497798215573204 3.518138377095333 3.941696507698626 0.874449553893301 0.8795345942738333 0.9854241269246565
1521544 128 76405.242 109365.437 110060.084 3.5391147257347177 3.5615938150551165 5.098017541780707 0.8847786814336794 0.8903984537637791 1.2745043854451767
1521544 256 194971.786 217901.978 222297.764 3.5044460816079104 3.575142066860908 3.9956064617472404 0.8761115204019776 0.893785516715227 0.9989016154368101
1521544 512 392375.3 392388.281 472271.4 3.2990798426497987 3.970712509632774 3.97084387319997 0.8247699606624497 0.9926781274081935 0.9927109682999925

1673696 1 950.309 1343.344 1545.677 2.1656478035191054 2.49183530056337 3.5224248112982197 0.5414119508797763 0.6229588251408426 0.8806062028245549
1673696 2 3141.298 3778.444 4227.309 1.583698754928963 1.771836237350613 2.131215822249274 0.39592468873224074 0.4429590593376532 0.5328039555623185
1673696 4 4967.621 5877.118 6594.205 2.0305052693994194 2.278254069426545 2.6953682658157696 0.5076263173498549 0.5695635173566362 0.6738420664539424
1673696 8 8068.678 10243.649 10684.274 2.5064067057808517 2.6142184293897617 3.3189000726017324 0.6266016764452129 0.6535546073474404 0.8297250181504331
1673696 16 13800.869 18926.955 19110.893 2.802499705272799 2.829735263807622 3.8807898256261977 0.7006249263181997 0.7074338159519055 0.9701974564065494
1673696 32 26481.485 34798.825 35794.347 2.9925547740820635 3.0781655415089446 4.044959865354983 0.7481386935205159 0.7695413853772362 1.0112399663387457
1673696 64 51340.182 58742.285 69560.018 3.0798308304060527 3.6469995676879097 4.1728151255872055 0.7699577076015132 0.9117498919219774 1.0432037813968014
1673696 128 92110.126 109116.708 129429.201 3.3104289657169406 3.9266779932547085 4.651672889905719 0.8276072414292351 0.9816694983136771 1.1629182224764298
1673696 256 187757.086 216823.165 252080.939 3.399433354221201 3.95221770699639 4.564047995504148 0.8498583385553002 0.9880544267490975 1.141011998876037
1673696 512 360868.695 438781.171 503890.565 3.401263732731332 3.905966840131342 4.74927509020975 0.850315933182833 0.9764917100328355 1.1873187725524375

1841064 1 1028.921 1400.771 1538.899 2.3927028349488824 2.628643796880432 3.5786304293526903 0.5981757087372206 0.657160949220108 0.8946576073381726
1841064 2 3056.446 3760.257 4021.164 1.8313741991124957 1.9584448616145118 2.409417997242549 0.4578435497781239 0.48961121540362795 0.6023544993106372
1841064 4 4553.326 5583.451 6204.726 2.3737570361688816 2.637886855280005 3.2346710953707243 0.5934392590422204 0.6594717138200012 0.8086677738426811
1841064 8 7672.883 9571.356 10884.831 2.706245416212709 3.077622857200171 3.839107673087156 0.6765613540531773 0.7694057143000428 0.959776918271789
1841064 16 13830.442 16253.337 19272.786 3.0568516663859597 3.624735523542027 4.2597371797662005 0.7642129165964899 0.9061838808855067 1.0649342949415501
1841064 32 25037.731 30922.516 36776.119 3.2039295935495535 3.8104304319868407 4.7060213243763975 0.8009823983873884 0.9526076079967102 1.1765053310940994
1841064 64 59124.911 60717.89 71957.617 3.2749304635810823 3.881165699269194 3.9857344055875195 0.8187326158952706 0.9702914248172985 0.9964336013968799
1841064 128 119220.237 120844.253 141726.895 3.3254971401158544 3.9001638249193364 3.9532917888764136 0.8313742850289636 0.9750409562298341 0.9883229472191034
1841064 256 241303.307 245431.936 280757.267 3.3574367569264023 3.8406769035957895 3.906389761993606 0.8393591892316006 0.9601692258989474 0.9765974404984015
1841064 512 475008.868 479629.369 561663.738 3.356544865639875 3.9306382341236485 3.968872294822083 0.8391362164099687 0.9826595585309121 0.9922180737055207

2025168 1 1383.196 1759.25 1805.434 2.243414048921201 2.3023083700440528 2.9282444425808056 0.5608535122303002 0.5755770925110132 0.7320611106452014
2025168 2 3776.164 4325.143 4703.605 1.7222262498657945 1.8729258200249101 2.1452119134656225 0.43055656246644863 0.46823145500622754 0.5363029783664056
2025168 4 5704.449 6631.63 7030.667 2.304382215798302 2.4430410019859368 2.84012426090583 0.5760955539495755 0.6107602504964842 0.7100310652264575
2025168 8 10144.926 10540.331 12068.973 2.6847924840000883 3.074162282000442 3.1939797293740733 0.6711981210000221 0.7685405705001105 0.7984949323435183
2025168 16 17965.049 18942.823 21316.608 3.040135466205505 3.4211044467870493 3.6073030471556184 0.7600338665513763 0.8552761116967623 0.9018257617889046
2025168 32 34486.511 34611.348 40542.34 3.1969233152304484 3.7447473007985703 3.7583028332439894 0.7992308288076121 0.9361868251996426 0.9395757083109973
2025168 64 66771.024 66876.461 79367.818 3.266078248491095 3.876124724961149 3.882245448265104 0.8165195621227738 0.9690311812402872 0.970561362066276
2025168 128 132218.407 136373.112 156499.52 3.3127450358953174 3.8016512228598263 3.9211106816617445 0.8281862589738294 0.9504128057149566 0.9802776704154361
2025168 256 234418.552 265203.099 314694.55 3.2948966418388883 3.9097809185103074 4.423225069660869 0.8237241604597221 0.9774452296275769 1.1058062674152171
2025168 512 512959.258 584624.601 619590.854 3.34700233002471 3.5471857127681834 4.042761680694727 0.8367505825061775 0.8867964281920458 1.0106904201736817

2227680 1 1947.989 1993.266 2237.228 1.991464437241086 2.2352059383945746 2.2871587057216445 0.4978661093102715 0.5588014845986436 0.5717896764304111
2227680 2 3987.46 5000.344 5760.005 1.5469986571192211 1.7820213969278913 2.234685739794255 0.3867496642798053 0.4455053492319728 0.5586714349485637
2227680 4 6197.596 7711.94 8688.563 2.0511378003474223 2.31088934820551 2.875540774196963 0.5127844500868556 0.5777223370513775 0.7188851935492407
2227680 8 10857.273 13064.153 14341.144 2.4853582113114547 2.728296277607894 3.2828574910108648 0.6213395528278637 0.6820740694019735 0.8207143727527162
2227680 16 19729.113 23916.41 25582.749 2.786477715901446 2.9806212554476197 3.6132268085240327 0.6966194289753616 0.7451553138619049 0.9033067021310082
2227680 32 37496.551 45264.889 48398.883 2.945760545754744 3.149715445010812 3.8022569062418574 0.736440136438686 0.787428861252703 0.9505642265604644
2227680 64 73166.779 88173.272 94143.745 3.028804940784967 3.2338942803438213 3.8971654061742966 0.7572012351962417 0.8084735700859553 0.9742913515435742
2227680 128 157459.605 174016.038 182558.89 3.123847214452279 3.2772041390805597 3.621792903646621 0.7809618036130698 0.8193010347701399 0.9054482259116553
2227680 256 312644.716 321161.139 342902.603 3.3262277685305293 3.551401528688687 3.6481414897797286 0.8315569421326323 0.8878503821721717 0.9120353724449322

2450448 1 1812.879 1818.657 2131.86 2.2988826658410964 2.6947885170210766 2.703377335166881 0.5747206664602741 0.6736971292552691 0.6758443337917203
2450448 2 4593.751 5197.713 5565.433 1.7611912675976875 1.8857893846774534 2.133722964087518 0.4402978168994219 0.47144734616936335 0.5334307410218795
2450448 4 7078.368 8172.883 8523.489 2.2999482958211126 2.398613072033455 2.7695061912576455 0.5749870739552781 0.5996532680083637 0.6923765478144114
2450448 8 12173.6 13763.019 14667.68 2.673031317836222 2.848733115895575 3.2206716172701584 0.6682578294590555 0.7121832789738938 0.8051679043175396
2450448 16 21841.601 24884.997 26302.264 2.9812770490023217 3.151068734306056 3.5901368219298577 0.7453192622505804 0.787767183576514 0.8975342054824644
2450448 32 41261.215 45865.989 47214.99 3.3215864707373655 3.419280286314114 3.800873823032114 0.8303966176843414 0.8548200715785285 0.9502184557580285
2450448 64 77274.225 80806.143 91291.755 3.4357685861116374 3.88160271428869 4.059016366712187 0.8589421465279093 0.9704006785721725 1.0147540916780466
2450448 128 152415.166 161277.88 167050.26 3.7552452058440373 3.8896511288466833 4.115828525883048 0.9388113014610093 0.9724127822116708 1.028957131470762
2450448 256 301210.057 305434.134 328878.954 3.814866718409716 4.107692089188696 4.16529709696911 0.953716679602429 1.026923022297174 1.0413242742422775

2695488 1 1633.381 2197.341 2352.969 2.291137707296611 2.4534089155938927 3.300501230270218 0.5727844268241528 0.6133522288984732 0.8251253075675545
2695488 2 4407.808 5683.766 5828.543 1.8498537284532344 1.8969732392220229 2.44610291555349 0.4624634321133086 0.4742433098055057 0.6115257288883725
2695488 4 7297.978 8295.9 8299.178 2.598318050293656 2.599344736556612 2.9547778850525446 0.649579512573414 0.649836184139153 0.7386944712631361
2695488 8 13791.813 13858.998 15029.698 2.8695059607984135 3.111899431690516 3.1270586397886917 0.7173764901996034 0.777974857922629 0.7817646599471729
2695488 16 24476.067 25374.454 25942.398 3.3248898579075066 3.399309242279656 3.524079910387563 0.8312224644768766 0.849827310569914 0.8810199775968908
2695488 32 45576.894 46884.362 46987.539 3.671425141035797 3.6795047355022126 3.7850589818604137 0.9178562852589492 0.9198761838755531 0.9462647454651034
2695488 64 88658.025 91332.464 94038.518 3.6689483345537193 3.7776541756280655 3.8916100826744113 0.9172370836384298 0.9444135439070164 0.9729025206686028
2695488 128 175283.282 175733.374 178039.053 3.8758065512738935 3.9266583932998405 3.9367412575033818 0.9689516378184734 0.9816645983249601 0.9841853143758454
2695488 256 348001.578 349390.759 355048.463 3.88704641709715 3.9499895759979156 3.9657574656170094 0.9717616042742875 0.9874973939994789 0.9914393664042523

2965032 1 2169.045 2311.654 2480.95 2.390239222878333 2.5652904803227474 2.733951577768096 0.5975598057195832 0.6413226200806869 0.683487894442024
2965032 2 5199.379 5199.676 5913.635 2.0055563118116013 2.2809359660101896 2.2810662581050547 0.5013890779529003 0.5702339915025474 0.5702665645262637
2965032 4 8150.677 8258.103 8925.73 2.6575143993824595 2.8723613643472357 2.9102191143140623 0.6643785998456149 0.7180903410868089 0.7275547785785156
2965032 8 14060.033 14478.587 14885.532 3.1870215992280286 3.276598192903769 3.3741394490325876 0.7967553998070072 0.8191495482259422 0.8435348622581469
2965032 16 26212.079 26441.982 26851.153 3.533592170138839 3.588272013799873 3.6197443171142583 0.8833980425347098 0.8970680034499683 0.9049360792785646
2965032 32 48648.279 49679.765 49904.185 3.8025277439156655 3.819705024772158 3.9006939587729295 0.9506319359789164 0.9549262561930395 0.9751734896932324
2965032 64 88333.493 97850.956 97867.558 3.877935689373183 3.87859364399056 4.296491433889068 0.9694839223432957 0.96964841099764 1.074122858472267
2965032 128 177436.297 193601.552 198265.286 3.8284472653472985 3.9206720408935567 4.277863125153023 0.9571118163368246 0.9801680102233892 1.0694657812882558
2965032 256 386752.533 388162.805 391195.064 3.880663443135877 3.910978497798108 3.925239667402514 0.9701658607839693 0.977744624449527 0.9813099168506285

3261528 1 2053.433 2091.6 2789.966 2.33804139548654 3.1186919104991397 3.1766587952954883 0.584510348871635 0.7796729776247849 0.7941646988238721
3261528 2 5387.062 6614.224 8274.14 1.5767332919191603 1.972432744944834 2.421748997876765 0.3941833229797901 0.4931081862362085 0.6054372494691912
3261528 4 7650.995 9567.818 9925.67 2.628761987855732 2.7270819741763486 3.4103046727909248 0.657190496963933 0.6817704935440871 0.8525761681977312
3261528 8 12930.632 14300.218 16473.894 3.1677057045529127 3.6492064666426764 4.035722925221289 0.7919264261382282 0.9123016166606691 1.0089307313053222
3261528 16 23162.224 28338.824 30195.062 3.45648887887695 3.6828943925125475 4.505996315379733 0.8641222197192375 0.9207235981281369 1.1264990788449332
3261528 32 45132.434 45346.141 56096.516 3.7210473463271763 4.603209609391017 4.625006309209914 0.9302618365817941 1.1508024023477543 1.1562515773024784
3261528 64 84713.14 108448.24 108659.181 3.8420645191500205 3.849537659624536 4.928108956886735 0.9605161297875051 0.962384414906134 1.2320272392216838
3261528 128 194292.659 212047.556 213693.516 3.9072367923414206 3.9375656279669644 4.297389166926785 0.9768091980853552 0.9843914069917411 1.0743472917316963
3261528 256 420847.862 424646.159 428166.24 3.900126119238173 3.9324560003850175 3.967947771111642 0.9750315298095432 0.9831140000962544 0.9919869427779106

3587680 1 2239.47 2843.725 3204.742 2.2389821083881323 2.5232256986874613 3.2040438139381195 0.5597455270970331 0.6308064246718653 0.8010109534845299
3587680 2 5988.116 6312.095 7246.256 1.9804323777686021 2.273527252045478 2.396533400488568 0.49510809444215054 0.5683818130113695 0.599133350122142
3587680 4 8327.27 9792.39 11052.161 2.5969075188101227 2.9309943742028253 3.446680604808058 0.6492268797025307 0.7327485935507063 0.8616701512020145
3587680 8 14091.871 17340.645 18547.748 3.094870601002343 3.31030823824604 4.073474700414161 0.7737176502505857 0.82757705956151 1.0183686751035403
3587680 16 30410.282 32138.602 32593.078 3.522396994846574 3.572207652342812 3.775228391502585 0.8805992487116435 0.893051913085703 0.9438070978756462
3587680 32 58041.468 61283.047 61552.626 3.7303285809447027 3.746737984486966 3.95599091325533 0.9325821452361757 0.9366844961217415 0.9889977283138325
3587680 64 118475.778 119063.208 121689.427 3.773729988883915 3.8569684767774777 3.8760922084850122 0.9434324972209788 0.9642421191943694 0.9690230521212531
3587680 128 238535.325 238766.634 240290.998 3.8222242516134544 3.846626576810561 3.8503566714908994 0.9555560629033636 0.9616566442026403 0.9625891678727249
3587680 256 466929.31 467668.758 467894.544 3.9258678767581445 3.927763248192004 3.9339834117502717 0.9814669691895361 0.981940812048001 0.9834958529375679

3946448 1 2537.634 3071.779 3149.075 2.5064172812651333 2.5694869324909115 3.1103366364101364 0.6266043203162833 0.6423717331227279 0.7775841591025341
3946448 2 6244.54 6954.648 7650.439 2.0633838136608893 2.269818975741116 2.527935124124435 0.5158459534152223 0.567454743935279 0.6319837810311087
3946448 4 9270.264 10999.367 11166.271 2.8274062128708857 2.8703091732460604 3.4056833764389025 0.7068515532177214 0.7175772933115151 0.8514208441097256
3946448 8 15356.879 19113.897 19352.411 3.2628062725621114 3.3035214116723552 4.11171879390337 0.8157015681405279 0.8258803529180888 1.0279296984758426
3946448 16 27962.865 33337.351 35088.202 3.599111063029106 3.7881334962696944 4.516215917074305 0.8997777657572765 0.9470333740674236 1.1290539792685763
3946448 32 54229.87 62655.54 67918.546 3.7187585258377 4.031130718847847 4.65744564757393 0.929689631459425 1.0077826797119618 1.1643614118934824
3946448 64 112035.239 124244.938 150888.9 3.3477965841092354 4.065721727834095 4.5088076618464665 0.8369491460273089 1.0164304319585238 1.1272019154616166
3946448 128 262068.863 263715.699 318212.805 3.174890111665997 3.830984244893209 3.855058080669431 0.7937225279164992 0.9577460612233023 0.9637645201673577
3946448 256 517082.634 519281.388 551420.619 3.6643195890358973 3.8911107208795244 3.9076566164471114 0.9160798972589743 0.9727776802198811 0.9769141541117778

4341088 1 3515.166 3609.11 3637.96 2.3865507042408383 2.4056279803053937 2.4699192015398417 0.5966376760602096 0.6014069950763484 0.6174798003849604
4341088 2 7617.309 7882.586 7905.532 2.1964811476318102 2.2028750463363163 2.279591388507411 0.5491202869079526 0.5507187615840791 0.5698978471268528
4341088 4 12297.913 12335.176 12688.19 2.7370888992046933 2.815420225864633 2.8239510232345926 0.6842722248011733 0.7038550564661582 0.7059877558086481
4341088 8 21005.442 21614.622 21746.712 3.1939268796128815 3.213445416718368 3.3066387272403026 0.7984817199032204 0.803361354179592 0.8266596818100757
4341088 16 38514.739 39156.063 39513.928 3.5155911606661836 3.5477217410749384 3.6067962449388533 0.8788977901665459 0.8869304352687346 0.9016990612347133
4341088 32 73654.904 73768.551 74851.757 3.711731603040394 3.7662340961529797 3.7720452666668334 0.9279329007600985 0.9415585240382449 0.9430113166667083
4341088 64 143017.686 144397.804 145311.93 3.8239067088297567 3.8481143660605808 3.8852485978552336 0.9559766772074392 0.9620285915151452 0.9713121494638084
4341088 128 284297.315 287580.839 294063.604 3.7791774054432117 3.86436916960243 3.909001138473643 0.9447943513608029 0.9660922924006075 0.9772502846184108

4775192 1 3225.594 3585.443 3966.108 2.4079989753178683 2.663655230329976 2.9608140392126225 0.6019997438294671 0.665913807582494 0.7402035098031556
4775192 2 7519.402 7731.901 8765.713 2.179031871109629 2.4703844500854317 2.5401977444482955 0.5447579677774073 0.6175961125213579 0.6350494361120739
4775192 4 11123.531 11430.698 17094.075 2.2347822856750073 3.3420125350175467 3.4342994144575134 0.5586955714187518 0.8355031337543867 0.8585748536143784
4775192 8 18445.212 18781.027 28950.827 2.6390635403955818 4.068098725378543 4.142162855054201 0.6597658850988954 1.0170246813446358 1.0355407137635502
4775192 16 33854.166 34119.79 45578.629 3.3525831590941446 4.478519475061247 4.513658496268968 0.8381457897735362 1.1196298687653117 1.128414624067242
4775192 32 63978.65 68629.303 80949.273 3.7753555612537744 4.453087451580267 4.776785505789823 0.9438388903134436 1.1132718628950669 1.1941963764474557
4775192 64 125196.618 138027.912 157305.68 3.885584907042136 4.428267928880936 4.882117310868573 0.971396226760534 1.107066982220234 1.2205293277171432
4775192 128 286640.867 309183.511 310037.866 3.942902742079898 3.9537980147977554 4.264741328737329 0.9857256855199745 0.9884495036994388 1.0661853321843322

5252704 1 4227.682 4753.418 4811.918 2.183205948231038 2.210074519009269 2.484909697560034 0.5458014870577595 0.5525186297523172 0.6212274243900086
5252704 2 9283.321 9332.967 10737.699 1.9567335608867413 2.251247218596187 2.263286597544133 0.48918339022168533 0.5628118046490468 0.5658216493860333
5252704 4 14538.125 14545.108 16061.91 2.616228829572573 2.8890560317599565 2.8904437126520786 0.6540572073931432 0.7222640079399891 0.7226109281630196
5252704 8 24883.497 25462.249 26375.816 3.1863758831195974 3.3007007354299303 3.377469975381676 0.7965939707798994 0.8251751838574826 0.844367493845419
5252704 16 46606.3 48841.209 48876.11 3.4390324434575503 3.4414899107022516 3.606519461961151 0.8597581108643876 0.8603724776755629 0.9016298654902878
5252704 32 88820.712 89484.769 91321.622 3.6811989169443358 3.756762852011162 3.7848498219649493 0.9202997292360839 0.9391907130027904 0.9462124554912373
5252704 64 173311.799 177479.828 178664.356 3.7631798924683113 3.7882959408772923 3.8794018403790274 0.9407949731170778 0.9470739852193231 0.9698504600947568
5252704 128 343844.303 349087.039 367403.264 3.6599898687889723 3.852025637651933 3.9107590623655035 0.9149974671972431 0.9630064094129832 0.9776897655913759

5777968 1 4079.848 5102.436 5334.471 2.1662759062707435 2.2647880345779936 2.832442777279938 0.5415689765676859 0.5661970086444984 0.7081106943199845
5777968 2 9370.634 10148.575 11620.658 1.9888608717337692 2.2773514508194497 2.4664149725621556 0.4972152179334423 0.5693378627048624 0.6166037431405389
5777968 4 14195.163 15838.879 17478.717 2.6445730541892747 2.918372190355138 3.256302446121964 0.6611432635473187 0.7295930475887845 0.814075611530491
5777968 8 23034.448 27605.383 27943.425 3.3083807013635584 3.3488935110952815 4.013444906515668 0.8270951753408896 0.8372233777738204 1.003361226628917
5777968 16 43327.8 51847.915 54459.562 3.395087459572297 3.566102436327478 4.26735204649209 0.8487718648930742 0.8915256090818695 1.0668380116230225
5777968 32 94167.059 98397.008 101061.055 3.659074724680046 3.758142239446955 3.9269565804322295 0.9147686811700115 0.9395355598617388 0.9817391451080574
5777968 64 186308.85 192211.3 192395.678 3.8440567464306548 3.8477441440747757 3.969644512324562 0.9610141866076637 0.9619360360186939 0.9924111280811405
5777968 128 357924.018 364950.561 365875.219 4.042798558598198 4.05304160636706 4.132608412995633 1.0106996396495496 1.013260401591765 1.0331521032489082

6355760 1 4597.069 5408.452 5604.154 2.268231743810038 2.3503065202390627 2.7651357854319785 0.5670579359525095 0.5875766300597657 0.6912839463579946
6355760 2 11230.181 12118.266 12212.914 2.081652257602076 2.097910707687057 2.2638139135958717 0.520413064400519 0.5244776769217643 0.5659534783989679
6355760 4 15573.695 17976.381 18755.841 2.7109464193047916 2.8284936773425087 3.2648693839194873 0.6777366048261979 0.7071234193356272 0.8162173459798718
6355760 8 25055.477 30160.778 32357.32 3.142786856266217 3.3716689934192017 4.058679864685873 0.7856967140665543 0.8429172483548004 1.0146699661714682
6355760 16 54995.31 55357.483 56149.372 3.6222011530244718 3.674016753977055 3.698212083903155 0.9055502882561179 0.9185041884942637 0.9245530209757887
6355760 32 107782.14 108311.421 109811.732 3.7042366292883897 3.755547071993451 3.773989271320833 0.9260591573220974 0.9388867679983628 0.9434973178302083
6355760 64 212269.85 212325.096 230829.792 3.5244032971272623 3.8315644044263144 3.8325616190900402 0.8811008242818156 0.9578911011065786 0.9581404047725101
6355760 128 418406.899 423769.659 438954.69 3.706702757863232 3.8395258495842435 3.888737408223281 0.926675689465808 0.9598814623960609 0.9721843520558202

6991336 1 5955.653 6182.021 6210.114 2.251596669561944 2.261828615593509 2.347798301882262 0.562899167390486 0.5654571538983773 0.5869495754705655
6991336 2 12778.427 12976.857 13109.465 2.1332177934034684 2.1550167347917912 2.188480945268146 0.5333044483508671 0.5387541836979478 0.5471202363170365
6991336 4 19470.19 19727.247 20732.884 2.6976800719089544 2.8351998634173334 2.872631854131881 0.6744200179772386 0.7087999658543334 0.7181579635329702
6991336 8 34115.939 34129.225 35486.713 3.1522044884799554 3.277583244272321 3.2788596555996894 0.7880511221199888 0.8193958110680802 0.8197149138999223
6991336 16 61648.971 61959.734 62097.873 3.602744203493089 3.6107765084982453 3.628977878641316 0.9006860508732722 0.9026941271245613 0.907244469660329
6991336 32 118491.351 118836.172 118877.089 3.7639338897337904 3.765229866206057 3.7761870400144226 0.9409834724334476 0.9413074665515142 0.9440467600036057
6991336 64 231533.267 232318.746 236078.741 3.7906463081315738 3.8519965496025876 3.8650644876876377 0.9476615770328934 0.9629991374006469 0.9662661219219094
6991336 128 413811.029 458106.113 462159.58 3.872649390931158 3.906915811009926 4.325119174143616 0.9681623477327895 0.9767289527524815 1.081279793535904

7690464 1 6412.392 6459.096 7360.051 2.089785519149256 2.381281838820789 2.3986256610637655 0.522446379787314 0.5953204597051972 0.5996564152659414
7690464 2 12340.1 13345.114 15845.411 1.9413731836933734 2.3051025266625675 2.4928368489720505 0.48534329592334335 0.5762756316656419 0.6232092122430126
7690464 4 18335.307 22333.529 23246.222 2.646611221384705 2.754768939561679 3.3554776039474 0.6616528053461762 0.6886922348904198 0.83886940098685
7690464 8 34325.775 37296.042 39605.945 3.1067917707808768 3.2992086398873104 3.5846947082767975 0.7766979426952192 0.8248021599718276 0.8961736770691994
7690464 16 67931.916 71197.4 72012.587 3.4173865743776153 3.456514535643156 3.622669026441121 0.8543466435944038 0.864128633910789 0.9056672566102802
7690464 32 130533.471 130813.728 133816.551 3.678092824257591 3.7625232727867832 3.770601457460669 0.9195232060643977 0.9406308181966958 0.9426503643651672
7690464 64 254292.773 254315.793 255362.467 3.8548319318985906 3.870697058912106 3.871047455996715 0.9637079829746477 0.9676742647280265 0.9677618639991787
7690464 128 507016.935 507138.721 515058.531 3.822398165462092 3.882091235545787 3.8830237179355755 0.955599541365523 0.9705228088864467 0.9707559294838939

8459504 1 5992.041 7116.833 7322.107 2.310674782545516 2.377322609649545 2.823580145729977 0.577668695636379 0.5943306524123863 0.7058950364324943
8459504 2 13469.851 14736.792 15146.139 2.234101773395847 2.2961588926545207 2.512129941155251 0.5585254433489617 0.5740397231636302 0.6280324852888127
8459504 4 19698.391 24059.405 24791.775 2.7297775976104974 2.812872221902412 3.435612177664663 0.6824443994026244 0.703218055475603 0.8589030444161657
8459504 8 33429.184 40469.037 41323.408 3.275433236290675 3.3445832674496305 4.048919171942695 0.8188583090726688 0.8361458168624076 1.0122297929856738
8459504 16 71331.305 74612.306 75653.049 3.5782315660536033 3.6281431644801323 3.795025592199666 0.8945578915134008 0.9070357911200331 0.9487563980499165
8459504 32 134174.698 144022.101 152427.298 3.5519113905699484 3.7592025962737483 4.035099493944827 0.8879778476424871 0.9398006490684371 1.0087748734862068
8459504 64 263264.367 281232.459 289059.032 3.7460047676351453 3.8502543975551555 4.113038632379746 0.9365011919087863 0.9625635993887889 1.0282596580949366

9305448 1 6594.113 8148.956 8876.377 2.096677056416148 2.2838380769266635 2.822350178105834 0.524169264104037 0.5709595192316659 0.7055875445264586
9305448 2 15262.268 16562.336 19577.836 1.9012209521011414 2.247375732505366 2.4388113221442578 0.47530523802528535 0.5618439331263415 0.6097028305360644
9305448 4 23377.946 26021.36 28576.971 2.6050201051748973 2.8608644590444157 3.1843509262960907 0.6512550262937243 0.7152161147611039 0.7960877315740227
9305448 8 44749.718 47558.642 48383.427 3.077234855645921 3.1306017526740986 3.3271085194324574 0.7693087139114803 0.7826504381685246 0.8317771298581144
9305448 16 84224.094 86821.849 103833.021 2.8678192460566083 3.429716591269554 3.535500613399296 0.7169548115141521 0.8574291478173885 0.883875153349824
9305448 32 157300.731 163803.365 194929.292 3.0552035863342693 3.635753587846013 3.7860515219093287 0.7638008965835673 0.9089383969615032 0.9465128804773322
9305448 64 312973.415 325380.633 380172.768 3.133042248833562 3.660627656348557 3.8057460695183964 0.7832605622083905 0.9151569140871393 0.9514365173795991

10235992 1 9132.395 9593.743 10329.573 1.981880954808103 2.1338891400363758 2.241688407038898 0.4954702387020257 0.5334722850090939 0.5604221017597245
10235992 2 19007.34 20292.98 22093.9 1.8531797464458513 2.0176419628856874 2.15411351614692 0.4632949366114628 0.5044104907214219 0.53852837903673
10235992 4 28681.046 30132.648 32989.01 2.482279280281524 2.7175818069490605 2.8551237636172684 0.620569820070381 0.6793954517372651 0.7137809409043171
10235992 8 49448.465 51565.688 53821.909 3.0429220189867285 3.1760629665214584 3.31205168856101 0.7607305047466821 0.7940157416303646 0.8280129221402525
10235992 16 85407.896 89989.247 94154.53 3.4788739745182733 3.639898709231337 3.835145921402864 0.8697184936295683 0.9099746773078342 0.958786480350716
10235992 32 153678.642 163917.587 173827.862 3.7686909363241203 3.996541798775991 4.262814139130667 0.9421727340810301 0.9991354496939977 1.0657035347826667
10235992 64 326121.147 337563.31 338941.754 3.86558150637292 3.881366656820612 4.017546816735561 0.96639537659323 0.970341664205153 1.0043867041838903

11259584 1 8383.899 9715.115 11325.048 1.9884390776975072 2.317951768970311 2.686001823256697 0.4971097694243768 0.5794879422425777 0.6715004558141743
11259584 2 17887.18 20967.537 22283.487 2.0211529730513003 2.1480031727140863 2.517911487445198 0.5052882432628251 0.5370007931785216 0.6294778718612996
11259584 4 26666.502 31868.274 33706.738 2.6723639647360713 2.8265312391879145 3.3778960585081608 0.6680909911840178 0.7066328097969786 0.8444740146270402
11259584 8 45003.586 53797.954 58472.397 3.0809980989833545 3.348702517571579 4.003088642758379 0.7702495247458386 0.8371756293928948 1.0007721606895947
11259584 16 80297.023 100524.907 104216.956 3.4572751098199412 3.5842528857052307 4.487173677659258 0.8643187774549853 0.8960632214263077 1.1217934194148145
11259584 32 173334.125 193994.779 197240.364 3.6534782302470297 3.714601906889463 4.1573658735693275 0.9133695575617574 0.9286504767223658 1.0393414683923319
11259584 64 352521.827 372445.457 377832.043 3.8144640686285043 3.8696317136175997 4.08833337857403 0.9536160171571261 0.9674079284043999 1.0220833446435076

12385536 1 9021.1 11240.069 11642.157 2.1277046856523243 2.203818499690705 2.7459037146246024 0.5319261714130811 0.5509546249226762 0.6864759286561506
12385536 2 20143.763 22859.595 23462.001 2.1115907377209644 2.1672362961811005 2.4594284593201383 0.5278976844302411 0.5418090740452751 0.6148571148300346
12385536 4 29433.232 35638.228 35733.1 2.772899300648419 2.7802809948912164 3.366408690693567 0.6932248251621047 0.6950702487228041 0.8416021726733918
12385536 8 49601.365 50809.531 61737.162 3.2098750506218607 3.9002244677283087 3.995224244332792 0.8024687626554652 0.9750561169320772 0.998806061083198
12385536 16 87930.252 88581.249 114537.743 3.4603192067439292 4.474278207569641 4.507403800002757 0.8650798016859823 1.1185695518924101 1.1268509500006894
12385536 32 190609.993 213120.962 216231.419 3.6658608987808567 3.7193633913870943 4.158618819108819 0.9164652246952142 0.9298408478467736 1.0396547047772047
12385536 64 404626.227 411362.341 411520.652 3.852415669286994 3.853898254629001 3.9180569676715495 0.9631039173217485 0.9634745636572503 0.9795142419178874

13624088 1 11597.307 11971.6 12527.228 2.175116154986562 2.276068027665475 2.3495261443022932 0.5437790387466405 0.5690170069163687 0.5873815360755733
13624088 2 24858.494 24928.824 28049.091 1.94289191047225 2.1860779313135668 2.192262813668439 0.4857229776180625 0.5465194828283917 0.5480657034171097
13624088 4 37786.96 38069.842 50747.786 2.1477331838673708 2.8629670698396907 2.88439990938673 0.5369332959668427 0.7157417674599227 0.7210999773466825
13624088 8 65614.727 66257.062 69467.277 3.137958149705508 3.2899950800716153 3.3222024683574465 0.784489537426377 0.8224987700179038 0.8305506170893616
13624088 16 119558.028 119741.777 119772.233 3.639999063889875 3.640924887894389 3.6465206334784974 0.9099997659724688 0.9102312219735973 0.9116301583696244
13624088 32 230598.25 230862.735 235011.43 3.7102094651311215 3.7768834021653603 3.7812153041057335 0.9275523662827804 0.9442208505413401 0.9453038260264334
13624088 64 449083.009 450319.509 452380.354 3.8549049457616364 3.8725465567160224 3.883209181935449 0.9637262364404091 0.9681366391790056 0.9708022954838622

14986496 1 10984.92 11383.42 13124.872 2.2836788046390093 2.633039279935204 2.728558059594426 0.5709197011597523 0.658259819983801 0.6821395148986065
14986496 2 23418.468 23426.517 23622.445 2.5376705925233396 2.5588944357370753 2.5597739356818727 0.6344176481308349 0.6397236089342688 0.6399434839204682
14986496 4 35266.471 35282.739 35956.21 3.3343883573936184 3.3980346026990706 3.3996020752969582 0.8335970893484046 0.8495086506747677 0.8499005188242396
14986496 8 59767.569 67041.911 69215.633 3.464303158218607 3.576627402521387 4.0119405893855244 0.8660757895546517 0.8941568506303468 1.0029851473463811
14986496 16 117293.003 124997.044 132617.459 3.616174488760187 3.8366337047138495 4.088631544372686 0.9040436221900467 0.9591584261784624 1.0221578860931715
14986496 32 251989.433 252120.209 252917.645 3.792284812710478 3.8042795054164027 3.806253828111912 0.9480712031776195 0.9510698763541007 0.951563457027978
14986496 64 496494.103 498595.853 507530.421 3.7796187354058133 3.84734745878442 3.8636339815701697 0.9449046838514533 0.961836864696105 0.9659084953925424

16485144 1 14023.055 14580.289 16189.17 2.0365644440079387 2.26129180292654 2.3511487332824412 0.5091411110019847 0.565322950731635 0.5877871833206103
16485144 2 29093.048 29843.093 31333.959 2.1044444463592997 2.209575796985922 2.266540652598518 0.5261111115898249 0.5523939492464806 0.5666351631496295
16485144 4 47031.201 47187.315 50783.877 2.5969098814570617 2.794843317531417 2.804120439110198 0.6492274703642654 0.6987108293828542 0.7010301097775495
16485144 8 78896.17 79251.984 79724.062 3.3084403551841093 3.3281476461207586 3.3431572660624718 0.8271100887960273 0.8320369115301897 0.8357893165156179
16485144 16 145210.891 145558.781 145588.404 3.623397149130091 3.6241345549603086 3.6328171004749223 0.9058492872825228 0.9060336387400771 0.9082042751187306
16485144 32 278134.292 278563.577 291990.361 3.613301522648551 3.787462910127694 3.793308651059827 0.9033253806621377 0.9468657275319236 0.9483271627649568
16485144 64 470403.254 515445.367 521201.733 4.048525356687561 4.093738283615226 4.485722439326493 1.0121313391718902 1.0234345709038064 1.1214306098316233

18133656 1 14021.426 14131.181 14163.791 2.560565317576347 2.5664742387773534 2.5865637346729216 0.6401413293940867 0.6416185596943383 0.6466409336682304
18133656 2 28241.164 28359.493 28683.97 2.5287512154001 2.5576840883579974 2.568400650908015 0.632187803850025 0.6394210220894994 0.6421001627270038
18133656 4 42305.968 43746.988 44133.85 3.287029071789568 3.316096824768828 3.4290492537601316 0.821757267947392 0.829024206192207 0.8572623134400329
18133656 8 72478.707 73072.831 74673.091 3.885449123834984 3.9705385986756143 4.003085982204402 0.971362280958746 0.9926346496689036 1.0007714955511005
18133656 16 127923.62 129467.698 159826.159 3.630675952113696 4.482021391930519 4.53612078832666 0.907668988028424 1.1205053479826297 1.134030197081665
18133656 32 263157.926 282411.056 307347.037 3.776037652186639 4.1094495393976365 4.410104615279573 0.9440094130466598 1.0273623848494091 1.1025261538198932

19947016 1 17857.349 18088.586 18161.343 2.1966454793568957 2.205480959097632 2.2340400022422147 0.5491613698392239 0.551370239774408 0.5585100005605537
19947016 2 35440.935 36677.932 37254.922 2.1416784606340076 2.175369756397389 2.2512968125699846 0.5354196151585019 0.5438424390993473 0.5628242031424961
19947016 4 55384.895 56535.283 58754.186 2.7159958951690695 2.82259360053084 2.8812210982795943 0.6789989737922674 0.70564840013271 0.7203052745698986
19947016 8 79548.148 95921.176 102701.136 3.10758252956423 3.327234603545728 4.012063938936706 0.7768956323910575 0.831808650886432 1.0030159847341764
19947016 16 143595.496 175518.65 181275.623 3.52118228273859 3.636676284827852 4.445156914949477 0.8802955706846475 0.909169071206963 1.1112892287373692
19947016 32 278673.836 335724.854 341603.108 3.737111853209486 3.8025454737408273 4.581015004221638 0.9342779633023715 0.9506363684352068 1.1452537510554095

21941712 1 16572.835 20115.925 20220.244 2.170271733615084 2.1815265268686375 2.6479129249763242 0.542567933403771 0.5453816317171594 0.6619782312440811
21941712 2 34564.218 38779.877 40381.858 2.1734227285926266 2.263205940544886 2.539240089273826 0.5433556821481567 0.5658014851362215 0.6348100223184565
21941712 4 51987.4 60520.121 62109.042 2.826218056945718 2.9004187879928396 3.376466143719439 0.7065545142364295 0.7251046969982099 0.8441165359298598
21941712 8 92141.55 105612.474 105862.874 3.3162465625106683 3.3241091577875546 3.8100877617101077 0.8290616406276671 0.8310272894468886 0.9525219404275269
21941712 16 184204.453 193704.316 200316.163 3.505132953250507 3.6247761459274868 3.81171449747743 0.8762832383126268 0.9061940364818717 0.9529286243693575
21941712 32 371356.647 375488.325 380535.102 3.6902497578265456 3.7398488168706705 3.781458011710236 0.9225624394566364 0.9349622042176676 0.945364502927559

24135880 1 18775.457 22076.583 23240.315 2.077069953655964 2.186559396442828 2.5710031984840636 0.519267488413991 0.546639849110707 0.6427507996210159
24135880 2 40403.563 44826.013 49212.634 1.9617629082808288 2.153738723093664 2.3894803535024867 0.4904407270702072 0.538434680773416 0.5973700883756217
24135880 4 57403.284 67018.169 82175.523 2.349690430324368 2.8811148212658573 3.3636932688380683 0.587422607581092 0.7202787053164643 0.8409233172095171
24135880 8 93952.35 115562.662 116378.462 3.318260727659384 3.3416855696868595 4.1103184752696444 0.829565181914846 0.8354213924217149 1.0275796188174111
24135880 16 201757.698 212474.909 229754.626 3.3616218025573072 3.6350087812015484 3.828097602501392 0.8404054506393268 0.9087521953003871 0.957024400625348
24135880 32 396563.604 410384.174 418351.689 3.6923391505657333 3.764025071785541 3.8952044625860314 0.9230847876414333 0.9410062679463852 0.9738011156465078

26549464 1 23614.578 23780.129 24036.996 2.2090500826309576 2.2329116885783082 2.248565610615612 0.5522625206577394 0.5582279221445771 0.562141402653903
26549464 2 47606.166 48836.443 49833.63 2.1310479690120907 2.1745616485623245 2.2307584273852257 0.5327619922530227 0.5436404121405811 0.5576896068463064
26549464 4 73749.606 74022.736 75210.736 2.8240078916392997 2.8693307418412632 2.8799572434325955 0.7060019729098249 0.7173326854603158 0.7199893108581489
26549464 8 127139.31 127330.523 130512.32 3.2547994242995597 3.3361319343673785 3.3411493581332157 0.8136998560748899 0.8340329835918446 0.8352873395333039
26549464 16 237233.955 240382.107 273077.391 3.111143126455313 3.534301527692325 3.5812025643630987 0.7777857816138283 0.8835753819230813 0.8953006410907747
26549464 32 454806.78 465174.67 545112.657 3.1170908878749444 3.652747678630051 3.7360166354600075 0.7792727219687361 0.9131869196575128 0.9340041588650019

29204408 1 24163.439 25823.324 26607.28 2.195219353500245 2.2618628027902217 2.417239367293704 0.5488048383750612 0.5654657006975554 0.604309841823426
29204408 2 51141.215 52451.812 53324.207 2.1907054707817784 2.227141971758764 2.284216986240941 0.5476763676954446 0.556785492939691 0.5710542465602353
29204408 4 75298.858 85906.319 89543.787 2.6091733645350517 2.719651670792692 3.102773006198846 0.6522933411337629 0.679912917698173 0.7756932515497115
29204408 8 141691.742 141987.264 142056.017 3.289339922855926 3.290932685342821 3.2977964799105934 0.8223349807139815 0.8227331713357052 0.8244491199776484
29204408 16 257904.251 264327.341 270155.517 3.459270668901424 3.5355444217932797 3.623596944898749 0.864817667225356 0.8838861054483199 0.9058992362246873
29204408 32 474968.486 497573.689 501560.851 3.7265311043983376 3.756392577261054 3.9351707894152796 0.9316327760995844 0.9390981443152635 0.9837926973538199

32124848 1 28857.468 29244.843 29767.743 2.1583663900887613 2.1969581440392756 2.226449527727103 0.5395915975221903 0.5492395360098189 0.5566123819317758
32124848 2 56829.832 57012.909 59463.978 2.160961918827563 2.2538648571676982 2.2611256707568654 0.5402404797068907 0.5634662142919246 0.5652814176892164
32124848 4 92756.953 95669.119 96483.444 2.6636568238588163 2.686329577258885 2.770668674293344 0.6659142059647041 0.6715823943147212 0.692667168573336
32124848 8 155755.686 157252.547 161612.928 3.1804235859151064 3.26861203717101 3.3000244241484706 0.7951058964787766 0.8171530092927525 0.8250061060371177
32124848 16 284981.381 287239.213 287355.774 3.577429893578544 3.5788816062519984 3.6072361372969834 0.894357473394636 0.8947204015629996 0.9018090343242459
32124848 32 507387.099 507472.874 546799.092 3.760046975352329 4.051428908493738 4.052113812219731 0.9400117438380823 1.0128572271234344 1.0130284530549327

35337328 1 27148.425 31998.117 35604.939 1.9849677596695225 2.208712968953767 2.6032691030879325 0.49624193991738064 0.5521782422384417 0.6508172757719831
35337328 2 55761.527 65227.488 69699.274 2.0279882972669125 2.1670206278678092 2.5348895484874365 0.5069970743167281 0.5417551569669523 0.6337223871218591
35337328 4 83952.337 99944.572 109845.783 2.573595601753779 2.828554050939355 3.367370511674976 0.6433989004384447 0.7071385127348387 0.841842627918744
35337328 8 139222.143 170907.677 177375.696 3.1875688764034504 3.3082027555731157 4.061115824082667 0.7968922191008626 0.8270506888932789 1.0152789560206668
35337328 16 297804.235 313446.877 315408.573 3.5851736217708963 3.6076113018666325 3.797106834293341 0.8962934054427241 0.9019028254666581 0.9492767085733352

38871056 1 30566.67 33511.535 36027.358 2.1578632549186647 2.319861265680608 2.543362165391258 0.5394658137296662 0.579965316420152 0.6358405413478145
38871056 2 61298.468 69963.832 73270.894 2.1220462247942544 2.2223514572500838 2.536510765652414 0.5305115561985636 0.5555878643125209 0.6341276914131035
38871056 4 91668.824 110406.495 111143.149 2.7979092800402836 2.8165774848662664 3.392303232776282 0.6994773200100709 0.7041443712165666 0.8480758081940705
38871056 8 153030.122 171698.007 187935.507 3.3093102305569113 3.6222720744801653 4.064146900438334 0.8273275576392278 0.9055680186200413 1.0160367251095834
38871056 16 291816.78 295685.209 328599.258 3.7853822299257907 4.206750132029771 4.262516336449192 0.9463455574814477 1.0516875330074427 1.065629084112298

42758160 1 37196.034 41972.497 45670.471 1.8724641574202292 2.037437038830451 2.2990709170768047 0.4681160393550573 0.5093592597076128 0.5747677292692012
42758160 2 78959.115 86770.739 94851.164 1.803168593692746 1.9710865894550007 2.1660911472981934 0.4507921484231865 0.4927716473637502 0.5415227868245484
42758160 4 122419.087 126240.054 134018.709 2.552369609828132 2.7096414264841813 2.794215251744199 0.638092402457033 0.6774103566210453 0.6985538129360498
42758160 8 206075.017 212073.716 219168.944 3.121475823691518 3.225909239973897 3.319813192105669 0.7803689559228795 0.8064773099934742 0.8299532980264173
42758160 16 378933.86 379011.941 379477.139 3.6056483497415637 3.6100739105737043 3.6108177822905563 0.9014120874353909 0.9025184776434261 0.9027044455726391

47033976 1 36470.355 40549.227 43027.334 2.186237055728342 2.3198457519301168 2.5792990498721493 0.5465592639320855 0.5799614379825292 0.6448247624680373
47033976 2 79678.359 84328.345 86360.575 2.178492952368601 2.2309924853855487 2.3611920019587753 0.5446232380921503 0.5577481213463872 0.5902980004896938
47033976 4 130277.792 131731.832 133743.247 2.813389209849227 2.8563468850869698 2.888226782351362 0.7033473024623067 0.7140867212717424 0.7220566955878405
47033976 8 196549.429 210607.178 236747.273 3.1786791309735594 3.573209722225137 3.8287753865720973 0.7946697827433898 0.8933024305562842 0.9571938466430243
47033976 16 399250.05 418576.74 435304.406 3.4575511096480835 3.5957259163516824 3.7697859574469685 0.8643877774120209 0.8989314790879206 0.9424464893617421

51737368 1 45312.443 45574.078 46118.654 2.2436633991963424 2.270473491531743 2.2835832532798994 0.5609158497990856 0.5676183728829357 0.5708958133199749
51737368 2 94753.64 99920.969 110946.307 1.865311947697367 2.0711315559800068 2.184079387345964 0.46632798692434174 0.5177828889950017 0.546019846836491
51737368 4 146075.259 154471.265 157323.599 2.6308764014482025 2.6794559104568734 2.833463701063847 0.6577191003620506 0.6698639776142183 0.7083659252659618
51737368 8 249129.054 249772.222 250896.971 3.299353853100124 3.3142111695671264 3.322767355749683 0.824838463275031 0.8285527923917816 0.8306918389374207
51737368 16 461637.702 464553.264 468988.949 3.5301381397794938 3.5638448899155724 3.5863530401162946 0.8825345349448734 0.8909612224788931 0.8965882600290737

56911104 1 43866.802 43886.866 44457.107 2.560270239806652 2.5935369365404215 2.594723180413288 0.640067559951663 0.6483842341351054 0.648680795103322
56911104 2 93805.219 94796.664 112549.965 2.0226076125390176 2.401396909916577 2.4267777254483036 0.5056519031347544 0.6003492274791442 0.6066944313620759
56911104 4 135356.645 160949.819 163023.831 2.7927747078891794 2.8287626219697706 3.3636237954922716 0.6981936769722948 0.7071906554924426 0.8409059488730679
56911104 8 259243.667 274362.635 274438.381 3.317967627858874 3.3188836519229374 3.51243937619506 0.8294919069647185 0.8297209129807344 0.878109844048765
56911104 16 496195.989 502786.51 505092.707 3.6055862671562986 3.6221244838092415 3.6702338760743185 0.9013965667890746 0.9055311209523104 0.9175584690185796

62602208 1 56226.494 57518.795 75907.578 1.649432366291545 2.176756588868039 2.226786824019296 0.4123580915728863 0.5441891472170097 0.556696706004824
62602208 2 113827.408 118289.332 157055.531 1.594396774221215 2.1169181342574497 2.1998992720628414 0.39859919355530377 0.5292295335643624 0.5499748180157104
62602208 4 176445.92 180656.884 231042.156 2.1676462541320816 2.7722035989505946 2.83836352804304 0.5419115635330204 0.6930508997376487 0.70959088201076
62602208 8 302706.244 303217.188 314893.687 3.180868240143538 3.303359333310617 3.308935140432716 0.7952170600358845 0.8258398333276542 0.827233785108179
62602208 16 510526.429 517235.066 560078.442 3.576768012792037 3.8730372081926867 3.923931342641617 0.8941920031980093 0.9682593020481717 0.9809828356604042

68862424 1 52865.013 59980.097 63604.737 2.165323755681908 2.296175813120142 2.6052173296543026 0.541330938920477 0.5740439532800355 0.6513043324135757
68862424 2 108063.216 124691.322 128653.108 2.1410263637004405 2.209052655645114 2.5489681521231056 0.5352565909251101 0.5522631639112785 0.6372420380307764
68862424 4 161146.747 193346.532 194184.21 2.836993759688288 2.8492850960471325 3.41861937802567 0.709248439922072 0.7123212740117831 0.8546548445064175
68862424 8 331064.171 331418.179 331967.146 3.3189994771350055 3.3244971272381534 3.3280520228810873 0.8297498692837514 0.8311242818095383 0.8320130057202718

75748664 1 65900.675 68617.691 75535.798 2.0056361620750995 2.207846486702678 2.298873691354451 0.5014090405187749 0.5519616216756695 0.5747184228386127
75748664 2 134419.287 135958.845 147870.633 2.0490522685461148 2.228576272474218 2.254101050245862 0.5122630671365287 0.5571440681185545 0.5635252625614655
75748664 4 178073.173 200568.454 219820.877 2.7567413990437313 3.0213590418361598 3.4030354027554726 0.6891853497609328 0.7553397604590399 0.8507588506888681
75748664 8 324341.182 337358.748 385727.338 3.142060477963841 3.5925513453707736 3.7367398630248565 0.7855151194909602 0.8981378363426934 0.9341849657562141

83323528 1 73803.237 74189.759 75974.648 2.1934561118335156 2.2462272185032974 2.257991150171367 0.5483640279583789 0.5615568046258244 0.5644977875428417
83323528 2 147108.877 147454.634 149372.536 2.2312944596455133 2.260316294976528 2.2656288240171936 0.5578236149113783 0.565079073744132 0.5664072060042984
83323528 4 227207.583 238668.555 239509.177 2.7831427269277453 2.792945321179826 2.93382912312394 0.6957856817319363 0.6982363302949565 0.733457280780985
83323528 8 398938.878 412799.306 420006.728 3.1741787907740373 3.2295995381348823 3.3418062804097017 0.7935446976935093 0.8073998845337206 0.8354515701024254

91655880 1 71529.841 81954.357 89083.289 2.0577569829061875 2.236754294832671 2.562731266241735 0.5144392457265469 0.5591885737081678 0.6406828165604338
91655880 2 165814.182 167514.157 174894.525 2.096254985683514 2.1886121541357246 2.2110504395818205 0.5240637464208785 0.5471530385339312 0.5527626098954551
91655880 4 255504.633 256750.455 258374.354 2.8379250055135117 2.855874354730939 2.869799390291291 0.7094812513783779 0.7139685886827347 0.7174498475728227
91655880 8 439582.564 441592.63 469843.288 3.121240884896923 3.320920641270666 3.3361061154372806 0.7803102212242308 0.8302301603176665 0.8340265288593202

100821464 1 76528.33 89820.313 92454.621 2.1809935059925234 2.2449590884859196 2.6348795014865733 0.5452483764981308 0.5612397721214799 0.6587198753716433
100821464 2 153765.508 179849.994 180101.492 2.2392144091732455 2.2423456739175647 2.6227328953382707 0.5598036022933114 0.5605864184793912 0.6556832238345677
100821464 4 271848.151 280088.607 290485.526 2.776633049868378 2.8797019651713285 2.9669935551630804 0.6941582624670944 0.7199254912928321 0.7417483887907701
100821464 8 474804.386 484969.638 492514.329 3.2753228261913168 3.3262771472716404 3.397490569937574 0.8188307065478292 0.8315692868179101 0.8493726424843935

110903608 1 98376.416 99014.152 104863.367 2.115202118200153 2.2401567000240528 2.2546787636581516 0.5288005295500382 0.5600391750060132 0.5636696909145379
110903608 2 195428.358 198855.056 200312.842 2.2146080479453234 2.230843112181166 2.269959367923462 0.5536520119863308 0.5577107780452915 0.5674898419808655
110903608 4 291543.674 310467.822 313069.263 2.8339698873600376 2.8577160051066417 3.0432108226776347 0.7084924718400094 0.7144290012766604 0.7608027056694087
110903608 8 532683.974 537121.149 539905.216 3.2866097148429847 3.303645241494671 3.331164094679522 0.8216524287107462 0.8259113103736677 0.8327910236698804

121993968 1 99759.965 109020.391 113463.264 2.15036944468652 2.2380027604193784 2.4457500160510284 0.53759236117163 0.5595006901048446 0.6114375040127571
121993968 2 189690.667 189907.051 217046.177 2.248258314174315 2.5695511010804966 2.572482240256976 0.5620645785435787 0.6423877752701241 0.643120560064244
121993968 4 312515.119 326738.768 344096.182 2.836276003783152 2.986948105282689 3.122894492666129 0.709069000945788 0.7467370263206723 0.7807236231665322
121993968 8 585496.779 595683.099 602985.448 3.2370656613258766 3.276748142219828 3.333756150347669 0.8092664153314691 0.819187035554957 0.8334390375869173

134193360 1 104093.002 121015.85 121043.269 2.2172791780763954 2.2177815550607627 2.578335861617288 0.5543197945190989 0.5544453887651907 0.644583965404322
134193360 2 204286.117 238659.983 238853.18 2.2472945095392913 2.249113710864548 2.6275571139276197 0.5618236273848228 0.562278427716137 0.6568892784819049
134193360 4 339574.559 373613.605 380500.949 2.821403948719192 2.873414847941633 3.161446732527451 0.705350987179798 0.7183537119854082 0.7903616831318627
134193360 8 599141.044 613900.388 619291.056 3.4670188422679242 3.49746278381567 3.583619886338483 0.8667547105669811 0.8743656959539176 0.8959049715846208

147612696 1 112352.415 135941.796 139287.734 2.1195361825614882 2.171704366771791 2.627672863106681 0.5298840456403721 0.5429260916929477 0.6569182157766702
147612696 2 233232.525 277968.04 284489.769 2.075472823066618 2.124167886351251 2.5315971003615383 0.5188682057666545 0.5310419715878127 0.6328992750903846
147612696 4 413692.579 427877.238 512261.804 2.305269607803903 2.759907429336075 2.8545389207960628 0.5763174019509758 0.6899768573340187 0.7136347301990157

162373960 1 125366.318 131607.59 144942.981 2.2405218780480305 2.4675470464887326 2.5903921019679306 0.5601304695120076 0.6168867616221831 0.6475980254919826
162373960 2 267826.967 290879.252 294188.752 2.207752116913022 2.23287097836734 2.425057667923335 0.5519380292282555 0.558217744591835 0.6062644169808338
162373960 4 456731.694 456804.004 463453.95 2.8028495171958294 2.843652132261082 2.844102340749753 0.7007123792989574 0.7109130330652705 0.7110255851874383

178611352 1 139666.714 160468.395 164008.066 2.178080095158247 2.226124988662098 2.557679591430783 0.5445200237895618 0.5565312471655245 0.6394198978576957
178611352 2 277993.487 318967.633 320901.245 2.2263715679881515 2.239868043288267 2.57000772108017 0.5565928919970379 0.5599670108220668 0.6425019302700425
178611352 4 495968.567 497505.462 509307.837 2.8055543468890307 2.8721108111170848 2.8810108363177784 0.7013885867222577 0.7180277027792712 0.7202527090794446

196472480 1 150315.341 152820.979 175824.48 2.234870593673873 2.571276290541235 2.614137435246879 0.5587176484184683 0.6428190726353088 0.6535343588117197
196472480 2 302177.059 351824.813 361010.949 2.1769143627829415 2.2337535357405276 2.6007597088963657 0.5442285906957354 0.5584383839351319 0.6501899272240914
196472480 4 534308.43 548892.383 551346.993 2.850799695936675 2.8635482813759507 2.9417088553141486 0.7126999239841687 0.7158870703439877 0.7354272138285372

216119728 1 168125.615 192890.179 193342.753 2.2356123997055115 2.2408577680878197 2.5709315977818137 0.5589030999263779 0.5602144420219549 0.6427328994454534
216119728 2 330501.167 382201.031 405519.767 2.1317799583367782 2.2618434851893428 2.6156606944749456 0.5329449895841946 0.5654608712973357 0.6539151736187364
216119728 4 570662.997 604315.824 617288.955 2.8008889677930497 2.861016963871527 3.0297352957686163 0.7002222419482624 0.7152542409678817 0.7574338239421541

237731696 1 184122.379 194989.741 225265.251 2.1106823617460644 2.4384020900873957 2.5823226626894717 0.5276705904365161 0.6096005225218489 0.6455806656723679
237731696 2 424563.718 438256.809 439694.82 2.162697263524733 2.169793519397436 2.2397740166765736 0.5406743158811832 0.542448379849359 0.5599435041691434
237731696 4 668057.721 672039.17 675011.599 2.817512426182768 2.8299742826002237 2.8468401879304075 0.704378106545692 0.7074935706500559 0.7117100469826019

261504864 1 234470.543 236783.911 245437.184 2.1309310980360663 2.2088060197637334 2.2305988688736904 0.5327327745090166 0.5522015049409333 0.5576497172184226
261504864 2 468137.125 474402.055 507037.069 2.0630039102722884 2.204921848409784 2.234429615040679 0.5157509775680721 0.551230462102446 0.5586074037601697
261504864 4 734549.547 756206.31 765370.679 2.733366941536573 2.76649227113696 2.848056908542345 0.6833417353841432 0.69162306778424 0.7120142271355863

287655344 1 219528.708 254853.597 255769.681 2.249331061252721 2.257416394244575 2.6206626606666856 0.5623327653131802 0.5643540985611437 0.6551656651666714
287655344 2 475958.698 515045.645 515967.32 2.230027622679669 2.234018260653383 2.417481560553391 0.5575069056699172 0.5585045651633458 0.6043703901383477

316420872 1 250179.956 278807.444 286654.417 2.207681816394268 2.269816526132638 2.5295461479735812 0.551920454098567 0.5674541315331595 0.6323865369933953
316420872 2 510475.836 562597.713 569309.559 2.2231902977761173 2.2497131764913525 2.4794190023129716 0.5557975744440293 0.5624282941228381 0.6198547505782429

348062952 1 306404.24 307498.967 312352.371 2.2286557382975656 2.2638316830508245 2.2719199447109477 0.5571639345743914 0.5659579207627061 0.5679799861777369
348062952 2 590005.35 617053.326 626825.157 2.221116674166924 2.2562909060472354 2.359727429590257 0.555279168541731 0.5640727265118088 0.5899318573975643

382869240 1 300369.284 302415.593 336815.779 2.2734637975496987 2.5320734040324435 2.5493235187123866 0.5683659493874247 0.6330183510081109 0.6373308796780967
382869240 2 655693.482 683407.938 683891.132 2.239357828081912 2.240941134634582 2.335659880785577 0.559839457020478 0.5602352836586455 0.5839149701963943

421156160 1 372457.475 382470.965 388657.123 2.167237573052276 2.202290885008748 2.261499302705631 0.541809393263069 0.550572721252187 0.5653748256764077
421156160 2 744855.951 745594.739 755370.839 2.2301954920978884 2.259437401958385 2.261678432908164 0.5575488730244721 0.5648593504895962 0.565419608227041

463271776 1 356253.786 357848.491 397723.283 2.329618585593341 2.58920625712517 2.6007963659928657 0.5824046463983352 0.6473015642812925 0.6501990914982164
463271776 2 779760.917 803833.607 839129.201 2.2083453916174705 2.305311805655819 2.3764811285098046 0.5520863479043676 0.5763279514139548 0.5941202821274512

509598952 1 449212.803 451724.844 474947.289 2.14591793153703 2.2562361081915614 2.268853196510519 0.5364794828842575 0.5640590270478903 0.5672132991276297
509598952 2 864157.381 907310.479 908247.087 2.24431857495184 2.246635363725365 2.3588247381989325 0.56107964373796 0.5616588409313412 0.5897061845497331

560558840 1 428274.658 497560.569 498852.052 2.2473951455250303 2.253228551155548 2.617753955453512 0.5618487863812576 0.563307137788887 0.654438488863378

616614720 1 504157.875 556351.488 569517.612 2.16539298173627 2.216637263671702 2.446117577752802 0.5413482454340675 0.5541593159179256 0.6115293944382005

678276192 1 572047.134 600379.375 606507.267 2.2366630340803484 2.2594919820488504 2.371399668615419 0.5591657585200871 0.5648729955122126 0.5928499171538547

746103808 1 664328.362 672735.956 672969.587 2.2173477744396193 2.218117825710508 2.2461898382715746 0.5543369436099048 0.554529456427627 0.5615474595678936

820714184 1 640100.271 742492.257 892489.668 1.839156717274177 2.2107009905155146 2.5643300625942085 0.45978917931854424 0.5526752476288787 0.6410825156485521

902785600 1 715152.406 781191.673 804510.79 2.244309489000141 2.311303694605562 2.524736244822198 0.5610773722500353 0.5778259236513905 0.6311840612055495

993064160 1 883996.493 894235.553 898823.521 2.2096977588996585 2.2210348418119765 2.2467604065483546 0.5524244397249146 0.5552587104529941 0.5616901016370887

META_DATA
FLOPS          4
OPENMP_THREADS 1
ERT_VERSION  1.1.0
HOSTNAME  ('raspi', [], ['127.0.1.1'])
UNAME  uname_result(system='Linux', node='raspi', release='6.1.21-v8+', version='#1642 SMP PREEMPT Mon Apr  3 17:24:16 BST 2023', machine='aarch64')
TIMESTAMP_DATA  1765911999.4179275
CONFIG  {'ERT_MPI': ['False'], 'ERT_OPENMP': ['True'], 'ERT_OPENMP_CFLAGS': ['-fopenmp'], 'ERT_OPENMP_LDFLAGS': ['-fopenmp'], 'ERT_PRECISION': ['FP64'], 'ERT_TRIALS_MIN': ['1'], 'ERT_TRIALS': ['3', '#', 'Run', 'each', 'test', '3', 'times', 'to', 'filter', 'out', 'background', 'noise'], 'ERT_RESULTS': ['Results/Raspi'], 'ERT_GNUPLOT': ['gnuplot'], 'ERT_DRIVER': ['driver1'], 'ERT_KERNEL': ['kernel1'], 'ERT_CC': ['g++'], 'ERT_LD': ['g++'], 'ERT_CFLAGS': ['-O3', '-march=native', '-fopenmp', '-fstrict-aliasing', '-funroll-loops', '-Wno-all'], 'ERT_LDFLAGS': ['-O3', '-march=native', '-fopenmp'], 'ERT_LDLIBS': ['-lm'], 'ERT_RUN': ['export', 'OMP_NUM_THREADS=ERT_OPENMP_THREADS;', './ERT_CODE'], 'ERT_WORKING_SET_MIN': ['128'], 'ERT_MEMORY_MAX': ['1073741824'], 'ERT_ALIGN': ['64'], 'ERT_MIN_PROCS': ['1'], 'ERT_MAX_PROCS': ['1'], 'ERT_OPENMP_THREADS': ['1,2,4', '#', 'Logical', 'Threads'], 'ERT_NUM_EXPERIMENTS': ['3'], 'ERT_FLOPS': ['1,2,4'], 'ERT_GPU': [False], 'ERT_HIP': [False], 'ERT_OCL': [False], 'ERT_SYCL': [False], 'ERT_WSS_MULT': [1.1]}
TIMESTAMP_DATA  1765912224.3472924
TIMESTAMP_DATA  1765912445.0877929
