fp64

16384 1 0.825 140.525 369.325 0.0887240235564882 0.23318270770325564 39.718787878787886 0.02218100588912205 0.05829567692581391 9.929696969696971
16384 2 1.1 40.333 79.475 0.8246115130544197 1.6248729328341558 59.57818181818182 0.20615287826360493 0.40621823320853895 14.894545454545455
16384 4 7.333 84.058 545.325 0.24035575115756658 1.5593042898950726 17.874267012136915 0.060088937789391644 0.38982607247376816 4.468566753034229
16384 8 0.917 99.184 132.092 1.9845562183932408 2.6430069366026783 285.8713195201745 0.4961390545983102 0.6607517341506696 71.46782988004362
16384 16 1.008 40.241 117.333 4.468376330614576 13.028702070028082 520.1269841269842 1.117094082653644 3.2571755175070205 130.03174603174605
16384 32 7.608 61.325 155.558 6.740739788374754 17.09867101508357 137.82544689800213 1.6851849470936886 4.274667753770893 34.45636172450053
16384 64 1.467 108.167 115.133 18.215038260099192 19.388094335610678 1429.5514655760055 4.553759565024798 4.847023583902669 357.3878663940014
16384 128 2.017 82.958 176.091 23.81895724369786 50.55936739072784 2079.4764501735253 5.954739310924465 12.63984184768196 519.8691125433813
16384 256 3.117 91.484 148.867 56.34968125911049 91.69481002142453 2691.2441450112287 14.087420314777622 22.923702505356133 672.8110362528072
16384 512 5.408 24.109 125.675 133.4968450368013 695.8901654983616 3102.2958579881656 33.37421125920032 173.9725413745904 775.5739644970414
16384 1024 10.816 127.692 192.409 174.39117712788905 262.77630548507346 3102.2958579881656 43.59779428197226 65.69407637126837 775.5739644970414
16384 2048 82.041 180.95 348.517 192.55549657548985 370.8696546007185 817.9917845955072 48.138874143872464 92.71741365017962 204.4979461488768
16384 4096 56.833 119.533 267.667 501.4354701924407 1122.8508278048741 2361.6161033202543 125.35886754811017 280.71270695121854 590.4040258300636
16384 8192 222.475 308.275 427.075 628.5440636890476 870.7662184737653 1206.5870592201372 157.1360159222619 217.69155461844133 301.6467648050343
16384 16384 179.483 725.725 861.575 623.1273098685547 739.771830927693 2991.2075906910404 155.78182746713867 184.94295773192326 747.8018976727601
16384 32768 490.875 1069.2 1590.875 674.9378951834682 1004.2478713056491 2187.403766743061 168.73447379586705 251.06196782641229 546.8509416857653
16384 65536 767.709 2596.825 7520.7 285.54305423697264 826.9651008443004 2797.26256693617 71.38576355924316 206.7412752110751 699.3156417340425

17920 1 1.284 125.95 180.584 0.1984671953218447 0.2845573640333466 27.91277258566978 0.049616798830461176 0.07113934100833665 6.978193146417445
17920 2 1.009 41.159 45.1 1.589356984478936 1.7415389100804202 71.0406342913776 0.397339246119734 0.43538472752010504 17.7601585728444
17920 4 0.458 36.942 81.583 1.7572288344385474 3.880677819284284 313.01310043668127 0.43930720860963685 0.970169454821071 78.25327510917032
17920 8 0.458 40.15 77.641 3.69289421826097 7.1412204234122045 626.0262008733625 0.9232235545652425 1.7853051058530511 156.50655021834064
17920 16 0.55 40.883 102.758 5.580490083497149 14.026367927989629 1042.618181818182 1.3951225208742872 3.506591981997407 260.6545454545455
17920 32 0.641 41.708 84.517 13.56981435687495 27.49784214059653 1789.204368174727 3.3924535892187375 6.874460535149132 447.30109204368176
17920 64 1.375 39.875 113.392 20.22858755467758 57.5237617554859 1668.189090909091 5.057146888669395 14.380940438871475 417.04727272727274
17920 128 2.383 49.133 124.025 36.988671638782506 93.36942584413734 1925.1028115820397 9.247167909695627 23.342356461034335 481.27570289550994
17920 256 4.767 46.75 48.308 189.92796224227874 196.2575401069519 1924.698972099853 47.481990560569685 49.06438502673797 481.1747430249633
17920 512 8.983 59.95 80.575 227.73912503878373 306.08974145120936 2042.7563174885897 56.93478125969593 76.52243536280234 510.68907937214743
17920 1024 18.059 73.975 104.592 350.8887869053083 496.1157147685029 2032.2365579489451 87.72219672632707 124.02892869212573 508.0591394872363
17920 2048 28.966 102.117 109.175 672.3180215250745 718.7864900065612 2534.0164330594494 168.07950538126863 179.6966225016403 633.5041082648623
17920 4096 72.691 178.841 263.45 557.2239134560639 820.8444372375462 2019.516033621769 139.30597836401597 205.21110930938656 504.8790084054423
17920 8192 159.408 323.217 483.725 606.9590779885266 908.3720225111922 1841.8227441533677 151.73976949713165 227.09300562779805 460.4556860383419
17920 16384 291.134 603.35 653.125 899.0661205741628 973.2370266014751 2016.9494459595924 224.7665301435407 243.30925665036878 504.2373614898981
17920 32768 547.158 624.892 1190.933 986.1219061021906 1879.3729476453532 2146.3729306708483 246.53047652554764 469.8432369113383 536.5932326677121

19712 1 0.916 70.858 139.425 0.28276134122287966 0.5563803663665359 43.03930131004367 0.07069033530571991 0.13909509159163397 10.759825327510917
19712 2 0.366 41.067 44.366 1.7772167876301672 1.9199844157109116 215.43169398907105 0.4443041969075418 0.4799961039277279 53.85792349726776
19712 4 0.367 32.175 41.067 3.839968831421823 4.901196581196582 429.68937329700276 0.9599922078554558 1.2252991452991455 107.42234332425069
19712 8 0.458 32.542 41.434 7.611912921755081 9.69184438571692 688.6288209606987 1.9029782304387703 2.42296109642923 172.15720524017468
19712 16 0.641 26.309 41.892 15.057385658359589 23.975977802272986 984.0624024960999 3.7643464145898973 5.9939944505682465 246.01560062402498
19712 32 0.916 29.792 57.2 22.055384615384614 42.34586466165413 1377.2576419213974 5.513846153846154 10.586466165413533 344.31441048034935
19712 64 1.65 45.742 47.483 53.137670324116 55.160159153513185 1529.1733333333334 13.284417581029 13.790039788378296 382.29333333333335
19712 128 2.933 45.284 61.966 81.43614240067134 111.43609221800195 1720.515513126492 20.359035600167836 27.859023054500486 430.128878281623
19712 256 6.141 46.292 83.967 120.19655340788643 218.01918258014342 1643.4691418335776 30.049138351971607 54.504795645035856 410.8672854583944
19712 512 11.184 57.475 66.917 301.64364810137937 351.1977033492823 1804.8183118741058 75.41091202534484 87.79942583732057 451.20457796852645
19712 1024 24.292 71.958 103.125 391.4683733333333 561.0241529781262 1661.8712333278445 97.86709333333333 140.25603824453154 415.4678083319611
19712 2048 103.675 112.2 140.067 576.4409318397624 719.6109803921569 778.7832360742706 144.1102329599406 179.90274509803922 194.69580901856764
19712 4096 63.433 200.2 228.066 708.043741723887 806.5969230769232 2545.689215392619 177.01093543097176 201.6492307692308 636.4223038481548
19712 8192 196.992 363.55 390.684 826.656346305454 888.354856278366 1639.464587394412 206.6640865763635 222.0887140695915 409.866146848603
19712 16384 377.392 681.083 719.125 898.2065927342256 948.3760657658465 1711.5434773392124 224.5516481835564 237.09401644146163 427.8858693348031
19712 32768 726.733 1305.792 1343.925 961.2483077552691 989.319609861295 1777.6069505581831 240.31207693881728 247.32990246532376 444.4017376395458

21632 1 0.825 24.842 65.083 0.6647511638984066 1.74156670155382 52.441212121212125 0.16618779097460165 0.435391675388455 13.110303030303031
21632 2 0.275 10.816 42.166 2.0520798747806293 7.999999999999999 314.6472727272727 0.5130199686951573 1.9999999999999998 78.66181818181818
21632 4 5.683 11.642 41.158 4.204674668351231 14.864799862566569 30.45152208340665 1.0511686670878078 3.7161999656416422 7.612880520851663
21632 8 0.642 11.184 30.984 11.170668732248902 30.94706723891273 539.1152647975077 2.7926671830622256 7.7367668097281825 134.77881619937693
21632 16 3.3 13.842 60.225 11.493964300539643 50.00895824302846 209.7648484848485 2.8734910751349108 12.502239560757115 52.441212121212125
21632 32 1.283 3.667 121.55 11.38994652406417 377.54240523588766 1079.07092751364 2.8474866310160425 94.38560130897191 269.76773187841
21632 64 1.559 1.834 82.225 33.674624505928854 1509.7579062159214 1776.0718409236688 8.418656126482214 377.43947655398034 444.0179602309172
21632 128 2.567 3.117 40.517 136.67823382777598 1776.641642605069 2157.3011297234125 34.169558456943996 444.1604106512672 539.3252824308531
21632 256 5.683 49.225 80.3 137.9275716064757 224.99916708989332 1948.8974133380257 34.48189290161893 56.24979177247333 487.2243533345064
21632 512 11.0 56.191 58.392 379.3527880531579 394.2120268370379 2013.7425454545455 94.83819701328947 98.55300670925948 503.4356363636364
21632 1024 15.675 24.567 94.784 467.40310600945304 1803.327064761672 2826.3053269537477 116.85077650236326 450.831766190418 706.5763317384369
21632 2048 47.575 109.175 225.959 392.1272089184321 811.5838974124113 1862.4208512874407 98.03180222960802 202.89597435310282 465.60521282186016
21632 4096 86.442 157.025 776.783 228.1323664395333 1128.542232128642 2050.0375280534927 57.03309160988333 282.1355580321605 512.5093820133732
21632 8192 170.683 195.341 341.825 1036.8425012798948 1814.358931304744 2076.4732750186017 259.2106253199737 453.589732826186 519.1183187546504
21632 16384 373.908 567.05 631.767 1121.9917722831358 1250.0438691473416 1895.753436674262 280.49794307078395 312.5109672868354 473.9383591685655
21632 32768 706.383 745.983 1188.092 1193.2365103039156 1900.4116072350173 2006.9491366581585 298.3091275759789 475.1029018087543 501.73728416453963

23680 1 1.375 38.316 164.175 0.28847266636211355 1.2360371646309634 34.443636363636365 0.07211816659052839 0.30900929115774084 8.610909090909091
23680 2 3.667 9.533 77.091 1.228677796370523 9.93601174866254 25.830379056449416 0.3071694490926308 2.484002937165635 6.457594764112354
23680 4 0.55 5.591 44.55 4.2523007856341195 33.88302629225541 344.43636363636364 1.0630751964085299 8.470756573063852 86.10909090909091
23680 8 0.458 5.592 39.142 9.679628021051554 67.75393419170243 827.2489082969432 2.4199070052628886 16.938483547925607 206.8122270742358
23680 16 0.642 1.1 40.517 18.702273119924968 688.8727272727273 1180.3115264797507 4.675568279981242 172.21818181818182 295.07788161993767
23680 32 0.916 1.467 41.433 36.577607221297036 1033.0743012951602 1654.4978165938865 9.144401805324259 258.26857532379006 413.6244541484716
23680 64 1.65 8.159 80.667 37.57472076561667 371.4965069248682 1836.9939393939396 9.393680191404167 92.87412673121705 459.2484848484849
23680 128 3.117 12.375 192.225 31.536376641956043 489.86505050505053 1944.8444016682708 7.884094160489011 122.46626262626263 486.2111004170677
23680 256 6.141 9.35 44.367 273.26977257871846 1296.701604278075 1974.2973457091678 68.31744314467961 324.1754010695187 493.57433642729194
23680 512 11.917 12.558 42.533 570.1060353137564 1930.9061952540214 2034.7671393807168 142.5265088284391 482.72654881350536 508.6917848451792
23680 1024 14.392 28.875 52.067 931.4275836902452 1679.537316017316 3369.6942745969986 232.8568959225613 419.884329004329 842.4235686492497
23680 2048 49.959 56.008 87.725 1105.6515246508977 1731.7754606484787 1941.457595228087 276.41288116272443 432.94386516211966 485.36439880702176
23680 4096 99.917 121.184 196.35 987.9631270690094 1600.760496435173 1941.4770259315233 246.99078176725234 400.19012410879327 485.3692564828808
23680 8192 198.733 219.816 356.309 1088.8670227246575 1764.990355570113 1952.2329960298491 272.2167556811644 441.24758889252826 488.0582490074623
23680 16384 394.9 417.542 655.6 1183.5665649786456 1858.3669187770333 1964.9183084325146 295.8916412446614 464.59172969425833 491.22957710812864
23680 32768 776.966 819.867 1127.316 1376.6259682289617 1892.8588173447647 1997.3750202711572 344.1564920572404 473.2147043361912 499.3437550677893

25984 1 0.642 31.9 56.833 0.9143983249168618 1.6290909090909094 80.94704049844236 0.22859958122921545 0.40727272727272734 20.23676012461059
25984 2 0.366 0.459 90.934 1.1429828227065786 226.4400871459695 283.97814207650276 0.28574570567664465 56.610021786492375 70.99453551912569
25984 4 0.366 7.608 51.15 4.063968719452591 27.322818086225027 567.9562841530055 1.0159921798631477 6.830704521556257 141.98907103825138
25984 8 0.458 0.825 109.908 3.782654583833752 503.9321212121213 907.7379912663756 0.945663645958438 125.98303030303032 226.9344978165939
25984 16 0.641 0.825 48.858 17.018461664415245 1007.8642424242425 1297.1731669266771 4.254615416103811 251.96606060606064 324.2932917316693
25984 32 1.008 7.241 20.167 82.46025685525858 229.66109653362795 1649.777777777778 20.615064213814644 57.41527413340699 412.4444444444445
25984 64 1.833 2.108 21.908 151.81449698740187 1577.776091081594 1814.4855428259684 37.95362424685047 394.4440227703985 453.6213857064921
25984 128 3.484 3.758 27.867 238.70183371012308 1770.064928153273 1909.272101033295 59.67545842753077 442.51623203831826 477.31802525832376
25984 256 6.875 7.425 38.959 341.48227623912317 1791.7586531986533 1935.0993454545455 85.37056905978079 447.9396632996633 483.7748363636364
25984 512 13.291 14.3 33.275 799.6278287002256 1860.6724475524475 2001.9273192385824 199.9069571750564 465.16811188811187 500.4818298096456
25984 1024 26.583 28.784 49.867 1067.1432410211162 1848.7782101167318 2001.8520106835197 266.78581025527905 462.19455252918294 500.4630026708799
25984 2048 52.433 55.55 62.241 1709.9735544094729 1915.9399459945996 2029.837392481834 427.4933886023682 478.9849864986499 507.4593481204585
25984 4096 107.158 109.359 195.984 1086.1138052085885 1946.4417926279502 1986.4212471304054 271.5284513021471 486.61044815698756 496.60531178260135
25984 8192 217.708 228.708 355.85 1196.351991007447 1861.4209209997027 1955.4718062726222 299.08799775186174 465.3552302499257 488.86795156815555
25984 16384 421.392 471.35 761.842 1117.611935283169 1806.393788055585 2020.550252496488 279.40298382079226 451.59844701389625 505.137563124122
25984 32768 851.583 868.633 1388.016 1226.8499959654644 1960.422208228331 1999.6728727557972 306.7124989913661 490.1055520570828 499.9182181889493

28544 1 3.392 3.575 103.217 0.5530871852504917 15.968671328671329 16.830188679245282 0.13827179631262293 3.992167832167832 4.2075471698113205
28544 2 0.55 7.7 48.033 2.3770324568525805 14.828051948051947 207.59272727272727 0.5942581142131451 3.7070129870129866 51.89818181818182
28544 4 0.458 5.683 28.325 8.061853486319505 40.18159422840049 498.585152838428 2.015463371579876 10.045398557100123 124.646288209607
28544 8 0.458 1.008 5.408 84.44970414201183 453.0793650793651 997.170305676856 21.112426035502956 113.26984126984128 249.292576419214
28544 16 0.733 1.375 41.525 21.996580373269115 664.2967272727273 1246.1227830832197 5.499145093317279 166.0741818181818 311.5306957708049
28544 32 1.1 1.284 24.475 74.64008171603676 1422.7538940809968 1660.7418181818182 18.66002042900919 355.6884735202492 415.18545454545455
28544 64 2.2 2.2 6.966 524.4949755957508 1660.7418181818182 1660.7418181818182 131.1237438989377 415.18545454545455 415.18545454545455
28544 128 3.942 10.083 27.317 267.49877365742947 724.711296241198 1853.694571283612 66.87469341435737 181.1778240602995 463.423642820903
28544 256 7.975 10.45 48.217 303.0990729410789 1398.5194258373206 1832.5426959247652 75.77476823526972 349.62985645933014 458.1356739811913
28544 512 15.491 20.808 43.175 676.9902953097858 1404.7028066128412 1886.8411335614226 169.24757382744644 351.1757016532103 471.71028339035564
28544 1024 18.333 34.008 37.491 1559.257208396682 1718.9517760526933 3188.6822669503085 389.8143020991705 429.7379440131733 797.1705667375771
28544 2048 60.225 68.109 131.908 886.3467265063529 1716.6046190664965 1941.3237691988377 221.58668162658822 429.15115476662413 485.3309422997094
28544 4096 123.75 136.675 150.333 1555.4299322171446 1710.8648106822754 1889.5551353535354 388.85748305428615 427.71620267056886 472.38878383838386
28544 8192 203.866 258.041 317.625 1472.3806249508068 1812.3666239086037 2293.9818115821176 368.0951562377017 453.09165597715094 573.4954528955294
28544 16384 468.6 501.966 562.833 1661.8247188775356 1863.332958805975 1996.008945795988 415.4561797193839 465.83323970149377 499.002236448997
28544 32768 908.233 963.141 987.25 1894.8185201316787 1942.2489375906541 2059.6692522733706 473.7046300329197 485.56223439766353 514.9173130683427

31360 1 0.642 1.558 13.475 4.654545454545454 40.25673940949936 97.69470404984422 1.1636363636363636 10.06418485237484 24.423676012461055
31360 2 0.367 5.317 9.716 12.910662824207492 23.592251269512882 341.7983651226158 3.227665706051873 5.898062817378221 85.44959128065395
31360 4 0.458 0.642 14.3 17.54405594405594 390.7788161993769 547.7729257641921 4.386013986013985 97.69470404984422 136.94323144104803
31360 8 0.55 0.642 13.75 36.49163636363636 781.5576323987538 912.2909090909089 9.12290909090909 195.38940809968844 228.07272727272724
31360 16 0.734 0.917 14.666 68.42492840583662 1094.3511450381677 1367.1934604904632 17.106232101459156 273.58778625954193 341.7983651226158
31360 32 1.283 1.559 18.975 105.77285902503293 1287.3893521488133 1564.3335931410757 26.443214756258232 321.8473380372033 391.0833982852689
31360 64 2.017 2.567 20.259 198.13811145663655 1563.7241916634202 1990.1239464551313 49.53452786415914 390.93104791585506 497.53098661378283
31360 128 4.491 4.766 14.209 565.0052783447111 1684.4649601342844 1787.610777109775 141.25131958617777 421.1162400335711 446.90269427744374
31360 256 8.433 11.366 36.208 443.44675209898367 1412.662326236143 1903.9867188426417 110.86168802474592 353.16558155903573 475.99667971066043
31360 512 16.225 17.325 66.642 481.86789111971433 1853.5434343434345 1979.2073959938364 120.46697277992858 463.3858585858586 494.8018489984591
31360 1024 33.825 34.284 79.383 809.0558431906076 1873.3309998833274 1898.751810790835 202.2639607976519 468.33274997083186 474.68795269770874
31360 2048 64.533 72.509 100.65 1276.2102334823644 1771.5119502406594 1990.4631738800301 319.0525583705911 442.87798756016485 497.61579347000753
31360 4096 123.841 136.033 208.633 1231.3541961242947 1888.5205795652528 2074.443197325603 307.8385490310737 472.1301448913132 518.6107993314007
31360 8192 258.958 288.017 390.959 1314.2100322540214 1783.9302541169443 1984.1141806779472 328.55250806350534 445.9825635292361 496.0285451694868
31360 16384 508.291 519.017 819.775 1253.520148821323 1979.9052439515465 2021.6853731425501 313.3800372053307 494.9763109878866 505.42134328563753
31360 32768 1017.225 1143.359 1280.492 1605.0150723315724 1797.5185046866297 2020.4074418147409 401.2537680828931 449.37962617165743 505.1018604536852

34432 1 0.55 2.934 68.658 1.0030003786885722 23.471029311520105 125.20727272727271 0.25075009467214304 5.867757327880026 31.301818181818177
34432 2 0.275 0.825 35.292 3.902527484982432 166.9430303030303 500.82909090909084 0.975631871245608 41.735757575757575 125.20727272727271
34432 4 0.367 0.458 10.633 25.90576507100536 601.4323144104803 750.5613079019073 6.47644126775134 150.35807860262008 187.64032697547682
34432 8 0.55 0.825 7.609 72.40268103561571 667.7721212121212 1001.6581818181817 18.10067025890393 166.9430303030303 250.41454545454542
34432 16 0.641 0.917 41.25 26.71088484848485 1201.5528898582331 1718.9141965678627 6.677721212121212 300.3882224645583 429.7285491419657
34432 32 1.192 1.467 28.875 76.31681385281385 1502.1458759372867 1848.6979865771812 19.079203463203463 375.5364689843217 462.1744966442953
34432 64 2.383 2.566 2.567 1716.9053369692247 1717.5744349181607 1849.4737725556022 429.22633424230617 429.3936087295402 462.36844313890055
34432 128 4.675 4.858 50.875 173.25979361179358 1814.4487443392343 1885.4742245989303 43.314948402948396 453.61218608480857 471.36855614973257
34432 256 9.717 14.116 33.458 526.904895690119 1248.879569283083 1814.2620150252135 131.72622392252975 312.2198923207707 453.56550375630337
34432 512 12.925 19.067 22.184 1589.360259646592 1849.1827765248859 2727.920154738878 397.340064911648 462.29569413122147 681.9800386847195
34432 1024 37.858 39.141 82.592 853.7962030220845 1801.6079303032627 1862.6640604363677 213.4490507555211 450.4019825758157 465.6660151090919
34432 2048 44.55 80.85 96.617 1459.7169442230663 1744.384316635745 3165.7345005611674 364.9292360557666 436.0960791589363 791.4336251402918
34432 4096 141.441 152.625 197.725 1426.561861170818 1848.1044651924649 1994.2374841806832 356.6404652927045 462.0261162981162 498.5593710451708
34432 8192 283.891 306.442 376.383 1498.82935201643 1840.915696934493 1987.1496031927743 374.7073380041075 460.2289242336233 496.7874007981936
34432 16384 585.658 613.708 688.233 1639.3688997766747 1838.4439766142857 1926.4959686369862 409.84222494416866 459.6109941535714 481.62399215924654

37760 1 1.192 1.467 46.658 1.6185863088859358 51.47920927062031 63.355704697986575 0.40464657722148395 12.869802317655077 15.838926174496644
37760 2 0.825 1.283 26.766 5.642979899872973 117.7240841777085 183.0787878787879 1.4107449749682432 29.431021044427126 45.76969696969697
37760 4 0.458 1.1 32.908 9.179530813176125 274.61818181818177 659.5633187772926 2.2948827032940313 68.65454545454544 164.89082969432314
37760 8 0.458 6.141 10.817 55.85282425811223 98.3813711121967 1319.1266375545852 13.963206064528057 24.595342778049176 329.7816593886463
37760 16 0.916 5.958 6.508 185.66687154271665 202.80631084256459 1319.1266375545852 46.41671788567916 50.701577710641146 329.7816593886463
37760 32 1.65 1.833 4.95 488.21010101010097 1318.406983087834 1464.6303030303031 122.05252525252524 329.6017457719585 366.1575757575758
37760 64 2.108 2.475 3.117 1550.6191851138915 1952.8404040404039 2292.827324478178 387.6547962784729 488.21010101010097 573.2068311195445
37760 128 4.858 5.775 11.183 864.3977465796298 1673.8632034632033 1989.8229724166322 216.09943664490746 418.4658008658008 497.45574310415805
37760 256 7.884 10.909 14.85 1301.8936026936026 1772.2174351452927 2452.1968543886346 325.47340067340065 443.0543587863232 613.0492135971587
37760 512 20.992 22.183 26.125 1480.0474641148323 1743.057296127665 1841.951219512195 370.0118660287081 435.76432403191626 460.48780487804873
37760 1024 37.766 42.9 49.316 1568.1012247546435 1802.6219114219114 2047.6746279722502 392.02530618866086 450.65547785547784 511.91865699306254
37760 2048 86.625 87.45 90.933 1700.8672319180055 1768.6101772441395 1785.4540836940835 425.21680797950137 442.1525443110349 446.36352092352087
37760 4096 158.766 168.483 175.267 1764.9067993404346 1835.9711068772515 1948.3385611528918 441.22669983510866 458.9927767193129 487.08464028822294
37760 8192 316.525 377.575 421.025 1469.413550264236 1638.508481758591 1954.5370507858781 367.353387566059 409.62712043964774 488.63426269646953
37760 16384 646.8 672.833 1148.4 1077.4291884360848 1838.9699672875736 1912.986518243661 269.3572971090212 459.7424918218934 478.24662956091527

41472 1 1.283 11.0 52.341 1.5846850461397375 7.540363636363637 64.64848012470772 0.39617126153493437 1.8850909090909092 16.16212003117693
41472 2 2.567 16.042 36.117 4.5930725143284326 10.34085525495574 64.62329567588624 1.1482681285821081 2.585213813738935 16.15582391897156
41472 4 6.325 10.175 89.008 3.727485169872371 32.60697788697789 52.45470355731225 0.9318712924680927 8.151744471744472 13.113675889328062
41472 8 0.642 12.1 27.408 24.210157618213657 54.83900826446281 1033.5700934579438 6.052539404553414 13.709752066115703 258.39252336448595
41472 16 0.917 15.95 73.975 17.939898614396757 83.20401253918496 1447.223555070883 4.484974653599189 20.80100313479624 361.8058887677208
41472 32 1.65 16.866 32.083 82.72942056540847 157.3703308431163 1608.6109090909092 20.68235514135212 39.34258271077908 402.1527272727273
41472 64 2.842 19.067 41.067 129.26232741617358 278.4085592909215 1867.8451794510906 32.315581854043394 69.60213982273038 466.96129486277266
41472 128 5.866 19.8 46.659 227.54092458046676 536.2036363636363 1809.892942379816 56.88523114511669 134.05090909090907 452.473235594954
41472 256 11.366 13.658 57.475 369.4417398869073 1554.6686191243227 1868.1738518388177 92.36043497172683 388.6671547810807 467.0434629597044
41472 512 20.259 31.442 69.575 610.3820050305426 1350.6560651358054 2096.220346512661 152.59550125763565 337.66401628395136 524.0550866281652
41472 1024 40.059 50.417 114.492 741.8392202075254 1684.643195747466 2120.2390474050776 185.45980505188135 421.1607989368665 530.0597618512694
41472 2048 79.933 93.042 147.217 1153.8702187926665 1825.7272199651768 2125.1462099508335 288.4675546981666 456.4318049912942 531.2865524877084
41472 4096 159.958 189.933 276.467 1228.857780494598 1788.728783307798 2123.923930031633 307.2144451236495 447.1821958269495 530.9809825079083
41472 8192 325.05 373.634 516.358 1315.903400354018 1818.5637495517 2090.377628057222 328.9758500885045 454.640937387925 522.5944070143055
41472 16384 672.284 709.408 1076.992 1261.8055621583076 1915.6176643060128 2021.399432382743 315.4513905395769 478.9044160765032 505.34985809568576

45568 1 1.1 11.459 42.808 2.1289478602130445 7.953224539663148 82.85090909090908 0.5322369650532611 1.988306134915787 20.71272727272727
45568 2 0.458 0.55 6.783 26.8718855963438 331.40363636363634 397.9737991266376 6.71797139908595 82.85090909090908 99.4934497816594
45568 4 0.458 0.825 15.216 23.957939011566772 441.8715151515152 795.9475982532751 5.989484752891693 110.4678787878788 198.9868995633188
45568 8 0.642 0.734 14.942 48.79453888368358 993.307901907357 1135.651090342679 12.198634720920895 248.32697547683924 283.91277258566976
45568 16 1.008 1.1 1.192 1223.3020134228188 1325.6145454545454 1446.6031746031747 305.8255033557047 331.40363636363634 361.6507936507937
45568 32 1.833 1.925 9.992 291.86869495596477 1514.9880519480519 1591.026732133115 72.96717373899119 378.74701298701297 397.75668303327876
45568 64 2.934 3.3 4.217 1383.1406212947595 1767.4860606060608 1987.9700068166326 345.7851553236899 441.8715151515152 496.99250170415814
45568 128 6.966 10.358 17.967 649.26854789336 1126.2220505889168 1674.6207292563884 162.31713697334 281.5555126472292 418.6551823140971
45568 256 11.183 12.1 12.558 1857.8448797579235 1928.166611570248 2086.275239202361 464.4612199394809 482.041652892562 521.5688098005902
45568 512 23.1 24.383 26.95 1731.4149165120596 1913.695279498011 2019.9840692640691 432.8537291280149 478.4238198745027 504.9960173160173
45568 1024 46.383 48.675 71.409 1306.8837821563106 1917.27301489471 2012.014401828256 326.72094553907766 479.3182537236775 503.003600457064
45568 2048 92.584 97.441 100.375 1859.4921843088418 1915.4824765755689 2015.9695843774302 464.87304607721046 478.8706191438922 503.99239609435756
45568 4096 184.983 192.775 288.383 1294.4350256429818 1936.4183945013617 2017.9857392300914 323.60875641074546 484.10459862534043 504.49643480752286
45568 8192 375.191 387.383 410.667 1817.9841867011473 1927.2557443150579 1989.8827850348225 454.49604667528683 481.81393607876447 497.47069625870563
45568 16384 699.325 736.267 872.575 1711.225079792568 2028.0308964003545 2135.1620834376004 427.806269948142 507.00772410008864 533.7905208594001

50048 1 0.917 2.567 48.767 2.052535526072959 38.99337748344371 109.15594329334786 0.5131338815182398 9.748344370860927 27.288985823336965
50048 2 0.458 0.458 6.142 32.59394334093129 437.1004366812227 437.1004366812227 8.148485835232822 109.27510917030567 109.27510917030567
50048 4 1.1 4.217 7.517 53.263802048689634 94.94522172160305 363.9854545454545 13.315950512172408 23.736305430400762 90.99636363636363
50048 8 0.733 1.833 13.108 61.090021361000915 436.8619749045281 1092.4529331514325 15.272505340250229 109.21549372613202 273.1132332878581
50048 16 0.916 1.742 7.975 200.81956112852666 919.3662456946039 1748.4017467248907 50.204890282131664 229.84156142365097 437.1004366812227
50048 32 1.559 1.925 10.542 303.8391197116297 1663.9335064935062 2054.5683130211673 75.95977992790742 415.98337662337656 513.6420782552918
50048 64 3.3 3.575 6.692 957.2839210998206 1791.9283916083916 1941.2557575757578 239.32098027495516 447.9820979020979 485.31393939393945
50048 128 6.783 6.967 7.608 1684.0546792849632 1838.9964116549447 1888.8822055137844 421.0136698212408 459.7491029137362 472.2205513784461
50048 256 12.925 13.291 37.491 683.486063321864 1927.9644872470092 1982.559071566731 170.871515830466 481.9911218117523 495.63976789168277
50048 512 26.125 27.867 31.075 1649.208431214803 1839.0624035597662 1961.690028708134 412.3021078037008 459.76560088994154 490.4225071770335
50048 1024 51.975 55.0 59.492 1722.892220802797 1863.6055272727272 1972.0693410293409 430.72305520069926 465.9013818181818 493.0173352573352
50048 2048 104.225 112.2 122.833 1668.9050010990532 1827.0642424242424 1966.8659918445671 417.2262502747633 456.7660606060606 491.7164979611418
50048 4096 205.883 213.309 226.234 1812.2528709212584 1922.0624352465204 1991.389361919148 453.0632177303146 480.5156088116301 497.847340479787
50048 8192 408.833 414.425 477.217 1718.267438083723 1978.6123713579054 2005.6757453532368 429.56685952093073 494.65309283947636 501.4189363383092
50048 16384 808.133 828.667 850.666 1927.8692977032113 1979.0493213799994 2029.3353495031138 481.9673244258028 494.76233034499984 507.33383737577844

55040 1 2.2 8.525 34.925 3.1518969219756627 12.912609970674486 50.03636363636363 0.7879742304939157 3.2281524926686216 12.509090909090908
55040 2 0.458 1.375 27.408 8.032691185055457 160.11636363636364 480.6986899563319 2.0081727962638642 40.02909090909091 120.17467248908298
55040 4 0.55 1.192 28.875 15.24917748917749 369.3959731543624 800.5818181818181 3.8122943722943723 92.3489932885906 200.14545454545453
55040 8 0.733 1.283 30.067 29.28925399940134 686.3912704598598 1201.418826739427 7.322313499850335 171.59781761496495 300.35470668485675
55040 16 1.1 6.234 30.067 58.57850799880268 282.5280718639718 1601.1636363636362 14.64462699970067 70.63201796599294 400.29090909090905
55040 32 1.925 2.2 32.633 107.94471853645082 1601.1636363636362 1829.9012987012986 26.986179634112705 400.29090909090905 457.47532467532466
55040 64 3.483 8.25 37.766 186.54662924323466 853.9539393939393 2022.7160493827162 46.636657310808665 213.48848484848483 505.67901234567904
55040 128 7.058 11.0 49.775 283.0786539427424 1280.9309090909092 1996.3502408614338 70.7696634856856 320.2327272727273 499.08756021535845
55040 256 13.383 15.675 57.75 487.97367965367965 1797.7977671451354 2105.6922961966675 121.99341991341991 449.44944178628384 526.4230740491669
55040 512 27.959 30.8 73.15 770.4847573479152 1829.9012987012986 2015.8431989699202 192.6211893369788 457.47532467532466 503.96079974248005
55040 1024 57.2 57.292 109.175 1032.4883901992214 1967.498429100049 1970.662937062937 258.12209754980535 491.87460727501224 492.6657342657343
55040 2048 106.425 113.758 128.15 1759.2184159188453 1981.7844898820306 2118.3353535353535 439.8046039797113 495.44612247050765 529.5838383838384
55040 4096 220.092 228.342 245.575 1836.0487834673727 1974.6156204290057 2048.6327535757773 459.0121958668432 493.65390510725143 512.1581883939443
55040 8192 440.183 462.917 497.475 1812.704879642193 1948.0281778374958 2048.6374076236475 453.17621991054824 487.00704445937396 512.1593519059119
55040 16384 858.642 879.633 1026.667 1756.7046763945857 2050.3445414167045 2100.468786758626 439.1761690986464 512.5861353541761 525.1171966896565

60544 1 0.641 1.925 3.942 30.71740233384069 62.90285714285714 188.90483619344775 7.679350583460172 15.725714285714284 47.22620904836194
60544 2 0.459 0.55 45.834 5.283763145263341 440.32 527.6165577342048 1.3209407863158353 110.08 131.9041394335512
60544 4 0.641 5.409 63.25 7.657739130434782 89.54557219449066 755.619344773791 1.9144347826086956 22.386393048622665 188.90483619344775
60544 8 0.733 0.916 15.033 64.4385019623495 1057.5371179039303 1321.5607094133698 16.109625490587376 264.38427947598257 330.39017735334244
60544 16 1.1 1.65 30.983 62.53132362908693 1174.1866666666667 1761.28 15.632830907271732 293.5466666666667 440.32
60544 32 2.016 6.6 8.525 454.5238709677419 587.0933333333334 1922.0317460317463 113.63096774193548 146.77333333333334 480.50793650793656
60544 64 4.125 12.742 27.683 279.94191380991947 608.1958876157589 1878.6986666666667 69.98547845247987 152.04897190393973 469.67466666666667
60544 128 7.15 7.975 8.617 1798.6844609492862 1943.4813793103451 2167.729230769231 449.67111523732154 485.8703448275863 541.9323076923077
60544 256 15.675 16.225 16.683 1858.0907510639574 1910.5410169491524 1977.577543859649 464.52268776598936 477.6352542372881 494.39438596491226
60544 512 31.167 32.634 34.833 1779.8368214049897 1899.7688300545444 1989.189078191677 444.9592053512474 474.9422075136361 497.29726954791926
60544 1024 62.15 65.358 85.983 1442.0770617447633 1897.1527892530369 1995.078230088496 360.51926543619084 474.2881973132592 498.769557522124
60544 2048 124.3 130.9 140.067 1770.4971477935558 1894.4860504201679 1995.078230088496 442.62428694838894 473.62151260504197 498.769557522124
60544 4096 247.958 266.2 434.409 1141.7269163392104 1863.172231404959 2000.243783221352 285.4317290848026 465.7930578512397 500.060945805338
60544 8192 525.158 533.317 633.233 1566.4895796649892 1859.968641539647 1888.8656290106978 391.6223949162473 464.99216038491176 472.21640725267446
60544 16384 951.683 984.592 1286.817 1541.7155601767772 2014.952175114159 2084.628801817412 385.4288900441943 503.73804377853975 521.157200454353

66560 1 1.192 9.259 44.734 2.9758125810345595 14.37736256615185 111.67785234899328 0.7439531452586399 3.5943406415379626 27.91946308724832
66560 2 0.458 3.3 16.408 16.226231106777178 80.67878787878789 581.3100436681223 4.056557776694294 20.16969696969697 145.32751091703057
66560 4 0.55 6.233 17.508 30.413525245602013 85.42916733515162 968.1454545454545 7.603381311400503 21.357291833787905 242.03636363636363
66560 8 0.733 1.1 8.525 124.92199413489735 968.1454545454545 1452.8785811732605 31.230498533724337 242.03636363636363 363.2196452933151
66560 16 1.1 1.375 8.066 264.0614926853459 1549.0327272727272 1936.290909090909 66.01537317133648 387.2581818181818 484.07272727272726
66560 32 2.292 10.633 47.209 90.23364189031751 400.62447098655133 1858.5689354275744 22.55841047257938 100.15611774663783 464.6422338568936
66560 64 4.217 7.792 23.1 368.817316017316 1093.388090349076 2020.3177614417834 92.204329004329 273.347022587269 505.07944036044586
66560 128 9.075 12.834 29.517 577.2727580716198 1327.6733676172666 1877.6154269972455 144.31818951790495 331.91834190431666 469.4038567493114
66560 256 15.4 21.359 63.433 537.2396071445462 1595.5203895313448 2212.903896103896 134.30990178613655 398.8800973828362 553.225974025974
66560 512 30.158 33.275 85.8 794.3757575757576 2048.3077385424494 2260.0119371311093 198.5939393939394 512.0769346356124 565.0029842827773
66560 1024 66.459 71.408 187.367 727.528753729312 1908.9580999327804 2051.1124151732643 181.882188432328 477.2395249831951 512.7781037933161
66560 2048 132.733 143.275 222.658 1224.4328072649535 1902.8425056709125 2053.9712053520975 306.10820181623836 475.7106264177281 513.4928013380244
66560 4096 268.859 285.725 354.016 1540.2115158636898 1908.3367573715984 2028.0500931715137 385.05287896592245 477.0841893428996 507.0125232928784
66560 8192 528.733 545.234 629.75 1731.66977371973 2000.093611183455 2062.513669470224 432.9174434299325 500.0234027958638 515.628417367556

73216 1 1.283 10.359 54.266 2.6984115283971546 14.135727386813398 114.13250194855809 0.6746028820992886 3.5339318467033496 28.53312548713952
73216 2 1.283 6.875 9.625 30.42742857142857 42.5984 228.26500389711617 7.606857142857143 10.6496 57.06625097427904
73216 4 0.55 6.508 39.967 14.655290614757174 90.00122925629994 1064.9599999999998 3.6638226536892935 22.500307314074984 266.23999999999995
73216 8 0.733 6.416 39.875 29.378206896551724 182.58354114713217 1598.1664392905866 7.344551724137931 45.64588528678304 399.54160982264665
73216 16 1.375 1.65 45.1 51.94926829268293 1419.9466666666667 1703.936 12.987317073170733 354.9866666666667 425.984
73216 32 2.2 2.567 42.991 108.99546416691865 1825.4086482275027 2129.9199999999996 27.248866041729663 456.35216205687567 532.4799999999999
73216 64 4.584 5.225 39.875 235.0256551724138 1793.6168421052632 2044.4258289703316 58.75641379310345 448.4042105263158 511.1064572425829
73216 128 9.625 10.816 46.2 405.6990476190476 1732.9230769230767 1947.3554285714285 101.4247619047619 433.23076923076917 486.83885714285714
73216 256 19.525 19.892 70.125 534.5681568627451 1884.505932032978 1919.9278873239437 133.64203921568628 471.1264830082445 479.9819718309859
73216 512 39.05 42.991 63.433 1181.9271357180016 1743.9274266706984 1919.9278873239437 295.4817839295004 435.9818566676746 479.9819718309859
73216 1024 78.1 82.775 123.842 1210.787681077502 1811.49342192691 1919.9278873239437 302.6969202693755 452.8733554817275 479.9819718309859
73216 2048 145.933 157.117 204.325 1467.7241453566621 1908.7223915935258 2055.0028848855295 366.93103633916553 477.18059789838145 513.7507212213824
73216 4096 296.816 316.709 420.384 1426.7561848214966 1893.8062132746466 2020.7316047652419 356.68904620537415 473.45155331866164 505.18290119131046
73216 8192 590.792 618.567 655.783 1829.2193362743467 1939.274070553392 2030.44547658059 457.3048340685867 484.818517638348 507.6113691451475

80512 1 1.742 2.567 5.317 30.284747037803275 62.728476821192054 92.43628013777268 7.571186759450819 15.682119205298013 23.10907003444317
80512 2 0.55 4.125 7.058 45.62879002550298 78.07224242424242 585.5418181818181 11.407197506375745 19.518060606060605 146.38545454545454
80512 4 0.55 1.191 9.625 66.91906493506494 540.8026868178001 1171.0836363636363 16.729766233766235 135.20067170445003 292.7709090909091
80512 8 0.825 0.917 1.009 1276.701684836472 1404.7895310796073 1561.4448484848488 319.175421209118 351.1973827699018 390.3612121212122
80512 16 1.375 1.65 10.633 242.30076177936616 1561.4448484848488 1873.7338181818184 60.57519044484154 390.3612121212122 468.4334545454546
80512 32 3.025 3.391 8.25 624.5779393939393 1519.5423179003246 1703.3943801652895 156.14448484848484 379.88557947508116 425.84859504132237
80512 64 5.317 5.684 9.9 1040.9632323232324 1813.0781140042225 1938.2238104194096 260.2408080808081 453.2695285010556 484.5559526048524
80512 128 10.358 11.642 13.017 1583.396481524161 1770.4064593712421 1989.8698590461481 395.8491203810402 442.60161484281053 497.46746476153703
80512 256 20.075 21.634 48.766 845.3050075872535 1905.433299436073 2053.4069240348695 211.32625189681337 476.35832485901824 513.3517310087174
80512 512 41.158 43.45 50.234 1641.2049209698612 1897.4519677790563 2003.116963895233 410.3012302424653 474.3629919447641 500.77924097380827
80512 1024 81.034 86.075 99.183 1662.4681245778006 1915.6384083647981 2034.8073154478366 415.61703114445015 478.90960209119953 508.70182886195914
80512 2048 176.183 187.0 314.875 1047.3271996824137 1763.514181818182 1871.7875845002072 261.83179992060343 440.8785454545455 467.9468961250518
80512 4096 342.283 348.975 412.959 1597.1423410072186 1889.9757976932444 1926.9268529257952 399.28558525180466 472.4939494233111 481.7317132314488
80512 8192 644.05 681.725 755.883 1745.1227346031064 1934.9570691994575 2048.146274357581 436.2806836507766 483.73926729986437 512.0365685893953

88448 1 4.217 32.175 59.858 2.9552607838551244 5.497933177933179 41.94830448185915 0.7388151959637811 1.3744832944832948 10.487076120464787
88448 2 0.642 3.758 41.25 8.576775757575758 94.14369345396489 551.0778816199377 2.1441939393939395 23.53592336349122 137.76947040498442
88448 4 0.825 1.375 11.092 63.79228272628922 514.6065454545455 857.6775757575758 15.948070681572306 128.65163636363638 214.41939393939396
88448 8 0.917 1.466 9.625 147.03044155844157 965.3260572987722 1543.2584514721918 36.75761038961039 241.33151432469305 385.81461286804796
88448 16 1.467 1.925 7.516 376.57477381585954 1470.3044155844154 1929.3360599863668 94.14369345396489 367.57610389610386 482.3340149965917
88448 32 2.933 3.3 17.325 326.7343145743146 1715.3551515151516 1929.9938629389706 81.68357864357866 428.8387878787879 482.49846573474264
88448 64 5.591 6.325 45.283 250.01311750546563 1789.9358102766798 2024.922911822572 62.50327937636641 447.48395256916996 506.230727955643
88448 128 11.458 12.375 35.108 644.9438304659908 1829.712161616162 1976.1466224471988 161.2359576164977 457.4280404040405 494.0366556117997
88448 256 15.767 25.392 30.159 1501.5542955668293 1783.4505356017644 2872.1618570431915 375.3885738917073 445.8626339004411 718.0404642607979
88448 512 47.025 50.692 85.892 1054.4725003492758 1786.6872879349798 1926.012801701223 263.61812508731896 446.67182198374496 481.50320042530575
88448 1024 94.417 101.842 211.108 858.0513481251303 1778.6522652736592 1918.5263670737263 214.51283703128257 444.6630663184148 479.6315917684316
88448 2048 188.65 191.675 315.425 1148.5551494016008 1890.0900378244423 1920.3976040286245 287.1387873504002 472.5225094561106 480.09940100715613
88448 4096 375.008 385.459 390.867 1853.7405716010817 1879.748601018526 1932.134823790426 463.4351429002704 469.9371502546315 483.0337059476065
88448 8192 699.783 744.517 1312.483 1104.1148967262816 1946.4055649501622 2070.8305746209894 276.0287241815704 486.60139123754055 517.7076436552474

97280 1 4.033 8.433 81.767 2.3794440299876483 23.071267639037117 48.24200347136127 0.5948610074969121 5.767816909759279 12.060500867840318
97280 2 1.008 11.275 25.484 15.269188510437921 34.51175166297118 386.0317460317461 3.8172971276094803 8.627937915742795 96.50793650793652
97280 4 1.284 2.2 46.108 16.87863277522339 353.74545454545455 606.1059190031152 4.219658193805848 88.43636363636364 151.5264797507788
97280 8 1.008 1.466 6.234 249.67597048444017 1061.7189631650751 1544.1269841269843 62.41899262111004 265.4297407912688 386.0317460317461
97280 16 1.559 6.325 39.325 79.15982199618564 492.1675889328063 1996.767158434894 19.78995549904641 123.04189723320158 499.1917896087235
97280 32 2.75 3.575 9.625 646.8488311688312 1741.516083916084 2263.970909090909 161.7122077922078 435.379020979021 565.9927272727273
97280 64 6.416 7.333 61.6 202.14025974025972 1698.055366153007 1940.7481296758106 50.53506493506493 424.51384153825177 485.18703241895264
97280 128 12.925 16.225 154.367 161.3277449195748 1534.895531587057 1926.7837524177949 40.3319362298937 383.7238828967642 481.6959381044487
97280 256 26.125 28.692 111.009 448.6785756109865 1735.931967098843 1906.5018181818182 112.16964390274663 433.98299177471074 476.62545454545455
97280 512 52.158 54.542 132.55 751.5256129762353 1826.3855377507243 1909.8646420491582 187.88140324405882 456.5963844376811 477.46616051228955
97280 1024 104.317 110.733 238.7 834.6436531210725 1799.1875953871024 1909.8463337711016 208.66091328026812 449.7968988467756 477.4615834427754
97280 2048 112.75 218.808 248.6 1602.8112630732103 1821.0434719023071 3534.0033702882483 400.70281576830257 455.2608679755768 883.5008425720621
97280 4096 303.416 405.625 436.15 1827.164415911957 1964.666280431433 2626.485617106547 456.7911039779892 491.16657010785826 656.6214042766368
97280 8192 791.634 818.95 6984.634 228.19170195603664 1946.1939312534344 2013.3489971375661 57.04792548900916 486.5484828133586 503.33724928439153

107008 1 4.583 7.425 48.4 4.421818181818182 28.823703703703703 46.69779620336025 1.1054545454545455 7.205925925925926 11.674449050840062
107008 2 0.55 1.192 6.967 61.437060427730735 359.0872483221477 778.24 15.359265106932684 89.77181208053692 194.56
107008 4 0.642 1.1 11.0 77.824 778.24 1333.4330218068535 19.456 194.56 333.3582554517134
107008 8 1.008 1.191 3.85 444.7085714285714 1437.554995801847 1698.5396825396826 111.17714285714285 359.3887489504618 424.63492063492066
107008 16 1.833 2.108 2.109 1623.6396396396397 1624.4098671726756 1868.115657392253 405.9099099099099 406.1024667931689 467.02891434806327
107008 32 3.85 3.85 8.525 803.3445161290322 1778.8342857142857 1778.8342857142857 200.83612903225804 444.7085714285714 444.7085714285714
107008 64 7.15 7.334 18.425 743.3934328358209 1867.6062176165806 1915.6676923076923 185.84835820895523 466.90155440414514 478.91692307692307
107008 128 13.75 14.575 18.791 1457.8281092012135 1879.5230188679247 1992.2944 364.45702730030337 469.8807547169812 498.0736
107008 256 27.5 29.058 32.542 1683.611824718825 1885.473742170831 1992.2944 420.9029561797062 471.36843554270774 498.0736
107008 512 54.541 58.116 72.05 1520.8354198473282 1885.473742170831 2009.0609266423426 380.20885496183206 471.36843554270774 502.26523166058564
107008 1024 113.667 115.958 158.584 1381.9325026484387 1889.9289742837925 1928.021184688608 345.48312566210967 472.4822435709481 482.005296172152
107008 2048 211.658 225.408 250.067 1752.749335178172 1944.4951731970473 2070.815976717157 438.187333794543 486.1237932992618 517.7039941792892
107008 4096 427.167 451.55 466.583 1878.785845176528 1941.3343727161998 2052.147136834072 469.696461294132 485.33359317904996 513.036784208518
107008 8192 825.55 857.725 883.85 1983.6160796515246 2044.0340109009296 2123.6982278481014 495.90401991288115 511.0085027252324 530.9245569620253

117632 1 1.742 41.8 93.5 2.516192513368984 5.628325358851675 135.05396096440873 0.629048128342246 1.4070813397129187 33.76349024110218
117632 2 5.042 13.475 45.1 10.4329933481153 34.91858998144713 93.32169773899246 2.608248337028825 8.729647495361782 23.330424434748114
117632 4 1.1 11.366 42.534 22.124794282221284 82.79570649304945 855.5054545454545 5.531198570555321 20.698926623262363 213.87636363636364
117632 8 6.966 9.259 13.933 135.08304026412114 203.27378766605463 270.18547229399945 33.770760066030284 50.81844691651366 67.54636807349986
117632 16 2.108 6.692 42.991 87.55841920401944 562.4961147638971 1785.685009487666 21.88960480100486 140.62402869097428 446.4212523719165
117632 32 4.308 14.208 82.5 91.25391515151516 529.8738738738739 1747.5506035283195 22.81347878787879 132.46846846846847 436.88765088207987
117632 64 5.225 14.392 49.042 307.0204314669059 1046.1989994441358 2881.7025837320575 76.75510786672648 261.54974986103394 720.4256459330144
117632 128 10.175 16.225 33.55 897.5794932935918 1856.0118335901386 2959.5864373464374 224.39487332339795 464.00295839753466 739.8966093366093
117632 256 31.992 35.2 85.434 704.9603670669758 1711.010909090909 1882.5826456614152 176.24009176674394 427.75272727272727 470.6456614153538
117632 512 38.317 63.892 115.5 1042.9018874458875 1885.2934326676266 3143.648197927813 260.7254718614719 471.32335816690664 785.9120494819532
117632 1024 114.033 127.416 254.375 947.06765995086 1890.7384943806117 2112.637008585234 236.766914987715 472.6846235951529 528.1592521463085
117632 2048 258.592 263.542 443.208 1087.1208822945434 1828.2500398418472 1863.2466278925876 271.78022057363586 457.0625099604618 465.8116569731469
117632 4096 462.275 495.55 834.992 1154.0725468028436 1944.5895348602564 2084.5629636039153 288.5181367007109 486.1473837150641 521.1407409009788
117632 8192 945.175 972.217 2520.284 764.7085360221308 1982.3585557545282 2039.0749734176213 191.1771340055327 495.58963893863205 509.76874335440533

129280 1 2.659 4.4 34.741 7.4425030943265895 58.763636363636365 97.2395637457691 1.8606257735816474 14.690909090909091 24.309890936442276
129280 2 0.55 0.733 13.658 37.86205886659834 705.4843110504776 940.2181818181818 9.465514716649585 176.3710777626194 235.05454545454546
129280 4 0.825 1.558 23.1 44.77229437229437 663.8254172015405 1253.6242424242425 11.193073593073592 165.95635430038513 313.40606060606063
129280 8 1.192 1.467 24.2 85.47438016528926 1410.0068166325834 1735.3020134228188 21.368595041322315 352.50170415814586 433.8255033557047
129280 16 2.2 2.566 42.534 97.2624253538346 1612.221356196415 1880.4363636363637 24.31560633845865 403.05533904910374 470.1090909090909
129280 32 4.492 4.675 48.033 172.25490808402557 1769.8224598930483 1841.9234194122885 43.06372702100639 442.4556149732621 460.4808548530721
129280 64 8.892 8.984 54.175 305.45159206275963 1841.9234194122885 1860.9806567701307 76.36289801568991 460.4808548530721 465.2451641925327
129280 128 17.417 21.817 65.909 502.14204433385424 1516.9675024063804 1900.1940632715161 125.53551108346356 379.2418756015951 475.04851581787904
129280 256 33.642 37.767 58.483 1131.8051399552007 1752.6242486827123 1967.5215504428988 282.9512849888002 438.15606217067807 491.8803876107247
129280 512 61.692 69.116 115.5 1146.170735930736 1915.3701024364839 2145.8652661609285 286.542683982684 478.84252560912097 536.4663165402321
129280 1024 123.659 138.416 210.65 1256.8974127699978 1912.8239509883254 2141.09316750095 314.22435319249945 478.20598774708134 535.2732918752375
129280 2048 247.042 282.15 418.184 1266.2628890631875 1876.770795676059 2143.485237328066 316.56572226579686 469.19269891901473 535.8713093320165
129280 4096 493.166 525.8 830.867 1274.6465559469807 2014.1912514263981 2147.4752111864973 318.6616389867452 503.54781285659953 536.8688027966243
129280 8192 1037.667 1090.008 1187.359 1783.894778243143 1943.2183250031194 2041.2362732938411 445.97369456078576 485.80458125077985 510.3090683234603

142208 1 4.308 6.966 38.225 7.4405755395683455 40.82917025552685 66.02042711234913 1.8601438848920864 10.207292563881712 16.50510677808728
142208 2 0.55 4.766 4.95 114.91555555555556 119.35207721359632 1034.24 28.72888888888889 29.83801930339908 258.56
142208 4 0.916 1.191 10.45 108.86736842105263 955.217464315701 1241.9912663755458 27.216842105263158 238.80436607892526 310.49781659388645
142208 8 1.375 1.65 1.742 1306.158438576349 1378.986666666667 1654.784 326.53960964408725 344.7466666666667 413.696
142208 16 2.567 2.75 7.975 570.6151724137932 1654.784 1772.7526295286325 142.6537931034483 413.696 443.1881573821581
142208 32 4.492 5.134 9.533 954.7164586174342 1772.7526295286325 2026.1157613535172 238.67911465435856 443.1881573821581 506.5289403383793
142208 64 8.8 9.9 22.092 823.9464059388015 1838.648888888889 2068.48 205.98660148470037 459.6622222222222 517.12
142208 128 17.416 19.433 35.109 1036.9206756102424 1873.3725106777133 2090.333486449242 259.2301689025606 468.3431276694283 522.5833716123105
142208 256 34.284 37.675 39.875 1825.968551724138 1932.594452554745 2123.745653949364 456.4921379310345 483.14861313868624 530.936413487341
142208 512 68.842 77.0 85.616 1700.8618949729023 1891.1817142857144 2115.292873536504 425.2154737432256 472.7954285714286 528.823218384126
142208 1024 139.791 154.092 249.608 1166.7974744399219 1890.052591958051 2083.4101193925217 291.69936860998047 472.51314798951273 520.8525298481304
142208 2048 288.566 302.225 469.517 1240.6025085353674 1927.3189444949953 2018.5467726620602 310.15062713384185 481.82973612374883 504.63669316551506
142208 4096 571.083 610.591 723.067 1611.1479793712062 1907.9349941286396 2039.9275341762932 402.78699484280156 476.9837485321599 509.9818835440733

156416 1 1.467 3.3 32.359 9.667542260267622 94.79757575757576 213.24608043626446 2.4168855650669054 23.69939393939394 53.311520109066116
156416 2 0.642 4.308 24.567 25.467659868929864 145.2330547818013 974.5545171339562 6.366914967232466 36.30826369545032 243.63862928348905
156416 4 1.009 8.983 12.1 103.41553719008265 139.2995658465991 1240.1665014866203 25.85388429752066 34.82489146164978 310.0416253716551
156416 8 4.95 5.867 49.5 50.55870707070707 426.5648542696437 505.58707070707067 12.639676767676768 106.64121356741093 126.39676767676767
156416 16 2.108 7.883 47.575 105.20887020493956 634.9501458835467 2374.436432637571 26.30221755123489 158.73753647088668 593.6091081593928
156416 32 5.316 9.809 49.225 203.36463179278817 1020.555000509736 1883.112114371708 50.84115794819704 255.138750127434 470.778028592927
156416 64 9.442 10.267 29.333 682.550301707974 1950.0582448621797 2120.445668290616 170.6375754269935 487.5145612155449 530.111417072654
156416 128 19.25 20.442 51.15 782.8444965786902 1958.8345563056448 2080.129662337662 195.71112414467254 489.7086390764112 520.0324155844155
156416 256 37.675 48.034 140.25 571.0159857397505 1667.2563600782778 2125.6799469144 142.75399643493762 416.81409001956945 531.4199867286
156416 512 75.167 80.3 140.525 1139.7970752535134 1994.6448816936486 2130.85508268256 284.94926881337835 498.66122042341215 532.71377067064
156416 1024 150.058 159.683 237.6 1348.2321885521885 2006.0993844053532 2134.7743405883057 337.05804713804713 501.5248461013383 533.6935851470764
156416 2048 299.75 313.959 407.825 1570.9677827499538 2040.648415875958 2137.3809374478733 392.74194568748845 510.1621039689895 534.3452343619683
156416 4096 600.783 651.292 715.825 1790.0462710858098 1967.4122697653277 2132.81646118482 447.51156777145246 491.8530674413319 533.204115296205

172032 1 2.75 5.867 49.775 6.91238573581115 58.64394068518834 125.11418181818182 1.7280964339527876 14.660985171297085 31.278545454545455
172032 2 0.641 2.933 5.5 125.11418181818182 234.61575178997614 1073.5226209048362 31.278545454545455 58.653937947494036 268.38065522620906
172032 4 1.008 1.467 4.217 326.3590230021342 938.1431492842535 1365.3333333333335 81.58975575053356 234.53578732106337 341.33333333333337
172032 8 1.833 2.384 6.783 405.7956656346749 1154.5771812080536 1501.6432078559737 101.44891640866872 288.6442953020134 375.41080196399344
172032 16 2.2 3.117 3.85 1429.8763636363635 1766.1289701636188 2502.283636363636 357.4690909090909 441.5322425409047 625.570909090909
172032 32 5.592 5.958 12.192 903.0551181102362 1847.9436052366564 1968.892703862661 225.76377952755905 461.9859013091641 492.22317596566523
172032 64 11.0 11.917 16.225 1357.170785824345 1847.7885373835697 2001.826909090909 339.2926964560863 461.94713434589244 500.4567272727273
172032 128 21.908 23.467 26.95 1634.1444155844156 1876.686069800145 2010.23333941939 408.5361038961039 469.1715174500363 502.5583348548475
172032 256 41.433 46.383 49.775 1769.5707483676545 1898.9798848716125 2125.8509883426254 442.3926870919136 474.7449712179031 531.4627470856564
172032 512 92.858 99.825 107.984 1631.3599051711367 1764.695897821187 1897.0984513989101 407.8399762927842 441.17397445529673 474.27461284972753
172032 1024 174.442 187.0 206.433 1706.7113106916047 1884.072385026738 2019.7058965157473 426.6778276729012 471.0180962566845 504.92647412893683
172032 2048 351.267 380.508 423.958 1662.0586756235284 1851.8482449777666 2006.00418485084 415.5146689058821 462.96206124444166 501.50104621271
172032 4096 672.834 692.542 768.9 1832.8601170503316 2034.9468248857108 2094.552510723299 458.2150292625829 508.7367062214277 523.6381276808247

189184 1 1.925 2.933 62.7 6.034577352472089 129.0037504261848 196.5548051948052 1.5086443381180223 32.2509376065462 49.1387012987013
189184 2 1.375 5.225 10.633 71.16862597573592 144.82985645933016 550.3534545454546 17.79215649393398 36.20746411483254 137.58836363636365
189184 4 1.1 2.933 7.426 203.80716401831404 516.0150017047392 1375.8836363636365 50.95179100457851 129.0037504261848 343.9709090909091
189184 8 1.558 2.017 10.633 284.6745039029437 1500.715914724839 1942.8395378690632 71.16862597573592 375.17897868120974 485.7098844672658
189184 16 3.3 3.484 8.342 725.7118197075042 1737.6257175660162 1834.5115151515154 181.42795492687605 434.40642939150405 458.62787878787884
189184 32 5.958 6.966 13.108 923.693622215441 1738.1246052253805 2032.187982544478 230.92340555386025 434.5311513063451 508.0469956361195
189184 64 11.733 14.208 20.991 1153.6159306369398 1704.3603603603603 2063.8840876161253 288.40398265923494 426.0900900900901 515.9710219040313
189184 128 23.008 26.217 31.35 1544.8518022328549 1847.316779189076 2104.9680111265648 386.2129505582137 461.829194797269 526.2420027816412
189184 256 48.4 50.967 56.833 1704.3303714391288 1900.4887083799322 2001.2852892561987 426.0825928597822 475.12217709498304 500.32132231404967
189184 512 97.166 108.717 126.5 1531.4183083003952 1781.914659160941 1993.7469485210877 382.8545770750988 445.47866479023526 498.4367371302719
189184 1024 194.608 208.909 340.725 1137.1306244038449 1854.6296808658317 1990.9193455561951 284.2826561009612 463.6574202164579 497.7298363890488
189184 2048 388.759 396.0 503.342 1539.5052747436139 1956.812282828283 1993.2597418966507 384.87631868590347 489.20307070707076 498.31493547416267
189184 4096 750.934 776.508 1099.083 1410.0803378816704 1995.852364689095 2063.8236223156764 352.5200844704176 498.9630911722738 515.9559055789191

208000 1 3.667 12.833 28.417 14.639124467748177 32.41642640068573 113.44423234251431 3.659781116937044 8.104106600171432 28.361058085628578
208000 2 4.125 4.4 6.691 124.34613660140487 189.09090909090907 201.69696969696966 31.086534150351216 47.272727272727266 50.424242424242415
208000 4 1.192 1.558 8.617 193.10664964604848 1068.0359435173298 1395.9731543624162 48.27666241151212 267.00898587933244 348.99328859060404
208000 8 1.925 2.2 2.934 1134.2876618950238 1512.7272727272725 1728.8311688311685 283.57191547375595 378.18181818181813 432.2077922077921
208000 16 3.484 3.667 10.542 631.3792449250616 1815.107717480229 1910.4477611940297 157.8448112312654 453.77692937005725 477.6119402985074
208000 32 6.692 7.15 12.008 1108.5942704863423 1861.8181818181818 1989.240884638374 277.1485676215856 465.45454545454544 497.3102211595935
208000 64 8.709 13.475 15.125 1760.2644628099172 1975.8070500927645 3057.0674015386385 440.0661157024793 493.9517625231911 764.2668503846596
208000 128 26.859 29.15 31.625 1683.7312252964425 1826.6895368782161 1982.501210022711 420.93280632411063 456.67238421955403 495.6253025056777
208000 256 53.533 55.917 58.392 1823.8114810247976 1904.5370817461594 1989.3523620944088 455.9528702561994 476.13427043653985 497.3380905236022
208000 512 103.491 114.767 116.6 1826.6895368782161 1855.8644906636925 2058.0726826487326 456.67238421955403 463.96612266592314 514.5181706621831
208000 1024 206.8 219.266 233.292 1825.9691716818409 1942.772705298587 2059.8839458413922 456.4922929204602 485.69317632464674 514.9709864603481
208000 2048 433.4 458.516 484.642 1757.9326595713949 1858.0987359219741 1965.777572681126 439.4831648928487 464.52468398049353 491.4443931702815
208000 4096 839.3 897.875 901.908 1889.25699738776 1897.7430043157453 2030.1870606457762 472.31424934694 474.43575107893633 507.54676516144406

228736 1 4.125 39.416 52.067 8.786217757888874 11.6062512685204 110.90230303030302 2.1965544394722185 2.9015628171301 27.725575757575754
228736 2 0.917 15.492 51.975 17.603540163540163 59.05912729150529 997.7579062159214 4.400885040885041 14.764781822876323 249.43947655398034
228736 4 1.558 18.975 55.825 32.77900582176444 96.43678524374177 1174.5109114249037 8.19475145544111 24.10919631093544 293.62772785622593
228736 8 2.658 25.209 54.908 66.65287389815691 145.17735729303027 1376.890895410083 16.663218474539228 36.29433932325757 344.22272385252074
228736 16 4.95 32.45 59.217 123.6055862336829 225.56400616332817 1478.6973737373737 30.901396558420725 56.39100154083204 369.6743434343434
228736 32 7.608 23.467 51.608 283.6595876608278 623.8165935142968 1924.1724500525763 70.91489691520695 155.9541483785742 481.0431125131441
228736 64 16.409 37.858 73.517 398.25085354407827 773.3691161709547 1784.2774087391067 99.56271338601957 193.34227904273868 446.0693521847767
228736 128 28.141 33.092 80.208 730.0570516656693 1769.5036866916475 2080.822145623823 182.51426291641732 442.3759216729119 520.2055364059557
228736 256 56.009 63.8 111.008 1054.9945229172672 1835.624326018809 2090.9645235587136 263.7486307293168 458.90608150470223 522.7411308896784
228736 512 112.108 130.808 232.834 1005.9770652052534 1790.606568405602 2089.2859028793664 251.49426630131336 447.6516421014005 522.3214757198416
228736 1024 223.117 253.55 357.133 1311.6999213178285 1847.5698205482154 2099.5770290923597 327.9249803294571 461.89245513705384 524.8942572730899
228736 2048 452.1 503.616 635.525 1474.2184115495065 1860.351251747363 2072.33500552975 368.55460288737663 465.08781293684075 518.0837513824375
228736 4096 877.433 993.942 1291.033 1451.4000122382622 1885.2260111757023 2135.5537254696374 362.85000305956555 471.3065027939256 533.8884313674093

251520 1 3.117 6.784 2925.359 0.17195838186014092 74.15094339622641 161.38594802694897 0.04298959546503523 18.537735849056602 40.34648700673724
251520 2 1.009 7.15 1318.075 0.7632949566602809 140.71048951048948 997.1060455896927 0.19082373916507023 35.17762237762237 249.27651139742318
251520 4 1.192 7.333 18.333 109.75617738504336 274.3979271785081 1688.0536912751677 27.43904434626084 68.59948179462702 422.0134228187919
251520 8 2.383 2.567 10.909 368.8990741589513 1567.7132839890921 1688.762064624423 92.22476853973782 391.92832099727303 422.19051615610573
251520 16 4.4 4.766 45.009 178.8229020862494 1688.762064624423 1829.2363636363634 44.70572552156235 422.19051615610573 457.30909090909086
251520 32 8.066 9.167 24.842 647.9864745189598 1756.003054434384 1995.695512025787 161.99661862973994 439.000763608596 498.9238780064467
251520 64 15.308 17.784 22.091 1457.3609162102211 1810.310391363023 2103.1199372876927 364.3402290525553 452.57759784075574 525.7799843219232
251520 128 30.984 35.2 68.75 936.569018181818 1829.2363636363634 2078.1409759876065 234.1422545454545 457.30909090909086 519.5352439969016
251520 256 61.967 70.033 143.275 898.8186354911882 1838.8222695015206 2078.174512240386 224.70465887279704 459.70556737538016 519.5436280600965
251520 512 115.683 139.059 152.075 1693.6148610882788 1852.1381571850795 2226.3986929799535 423.4037152720697 463.0345392962699 556.5996732449884
251520 1024 160.142 278.483 300.117 1716.3738142124569 1849.7106107015506 3216.6012663760907 429.0934535531142 462.42765267538766 804.1503165940227
251520 2048 517.366 571.175 880.55 1169.9800352052694 1803.6957499890577 1991.2903437798384 292.49500880131734 450.92393749726443 497.8225859449596
251520 4096 1036.934 1060.217 1665.308 1237.279734439515 1943.4246385409776 1987.061703059211 309.3199336098788 485.8561596352444 496.7654257648027

276608 1 4.858 5.867 52.983 10.441386859936207 94.29282427134822 113.8773157678057 2.610346714984052 23.573206067837056 28.469328941951424
276608 2 1.009 4.217 58.575 18.889150661545028 262.3741996680105 1096.5629335976214 4.722287665386257 65.59354991700262 274.14073339940535
276608 4 1.925 2.109 4.4 502.9236363636364 1049.2479848269322 1149.5397402597403 125.7309090909091 262.31199620673306 287.38493506493506
276608 8 2.842 3.209 8.8 502.9236363636364 1379.1611093798692 1557.2582688247714 125.7309090909091 344.7902773449673 389.31456720619286
276608 16 5.225 5.775 11.55 766.3598268398268 1532.7196536796537 1694.0585645933015 191.5899567099567 383.1799134199134 423.5146411483254
276608 32 10.634 13.2 19.8 894.0864646464647 1341.129696969697 1664.7462854993419 223.52161616161618 335.28242424242427 416.18657137483547
276608 64 15.4 20.442 25.116 1409.6919891702503 1732.0136972898933 2299.0794805194805 352.42299729256257 433.00342432247334 574.7698701298701
276608 128 36.667 40.975 42.533 1664.8637058284157 1728.1671262965224 1931.2092071890256 416.21592645710393 432.0417815741306 482.8023017972564
276608 256 75.9 79.2 93.408 1516.1795135320317 1788.1729292929294 1865.919578392622 379.0448783830079 447.04323232323236 466.4798945981555
276608 512 147.4 162.708 181.408 1561.378726406774 1740.8276913243358 1921.618670284939 390.3446816016935 435.20692283108394 480.40466757123477
276608 1024 289.759 336.141 414.791 1365.731619056344 1685.284401486281 1955.0494859521189 341.432904764086 421.32110037157025 488.7623714880297
276608 2048 628.467 640.017 1049.859 1079.1795545878067 1770.2441778890247 1802.7778196786787 269.7948886469517 442.5610444722562 450.6944549196697

304256 1 4.125 11.458 74.892 8.125193612134806 53.108046779542676 147.51806060606057 2.0312984030337016 13.277011694885669 36.87951515151514
304256 2 1.008 4.4 42.808 28.429826200710146 276.5963636363636 1207.3650793650793 7.107456550177536 69.1490909090909 301.8412698412698
304256 4 1.925 2.2 10.266 237.09799337619324 1106.3854545454544 1264.4405194805192 59.27449834404831 276.5963636363636 316.1101298701298
304256 8 3.117 3.942 45.1 107.940044345898 1234.9304921359712 1561.7888995829321 26.9850110864745 308.7326230339928 390.44722489573303
304256 16 5.775 6.417 86.717 112.27547078427527 1517.2498052049243 1685.9206926406923 28.068867696068818 379.3124513012311 421.4801731601731
304256 32 7.425 12.192 55.825 348.8111777877295 1597.1443569553805 2622.5432996632994 87.20279444693237 399.28608923884514 655.6358249158249
304256 64 21.908 25.85 67.742 574.8984086681821 1506.5674274661508 1777.6505386160304 143.72460216704553 376.6418568665377 444.4126346540076
304256 128 45.741 47.667 93.866 829.7949843393774 1634.0347829735454 1702.8385037493713 207.44874608484434 408.50869574338634 425.7096259373428
304256 256 45.833 91.575 112.566 1383.8909795142404 1701.1091673491671 3398.840835206074 345.9727448785601 425.2772918372918 849.7102088015185
304256 512 172.883 184.341 291.408 1069.1475319826498 1690.1185520312897 1802.1329106968294 267.28688299566244 422.5296380078224 450.53322767420735
304256 1024 192.5 364.192 416.167 1497.2746229278152 1710.9554520692382 3236.96772987013 374.3186557319538 427.73886301730954 809.2419324675325
304256 2048 652.575 731.867 806.117 1545.9698480493525 1702.812909995942 1909.715474849634 386.49246201233814 425.7032274989855 477.4288687124085

334592 1 5.775 34.284 79.933 8.371811392040833 19.518842608797105 115.8760173160173 2.092952848010208 4.879710652199276 28.969004329004324
334592 2 2.567 5.959 52.8 25.347878787878788 224.5960731666387 521.3743669653292 6.336969696969697 56.14901829165967 130.3435917413323
334592 4 2.2 2.659 26.308 101.74608484111296 1006.6701767581798 1216.6981818181816 25.43652121027824 251.66754418954494 304.1745454545454
334592 8 2.841 4.125 4.492 1191.7791629563667 1297.8113939393938 1884.3618444209785 297.9447907390917 324.45284848484846 471.09046110524463
334592 16 7.15 7.241 88.641 120.78997303730777 1478.6554343322746 1497.4746853146853 30.197493259326944 369.66385858306865 374.3686713286713
334592 32 12.742 15.491 69.85 306.5696206156049 1382.3438125363111 1680.5751059488305 76.64240515390122 345.5859531340778 420.1437764872076
334592 64 12.833 27.134 30.158 1420.11327011075 1578.380482052038 3337.3159822333046 355.0283175276875 394.5951205130095 834.3289955583261
334592 128 52.433 60.133 63.892 1340.6303136542915 1424.4350356709294 1633.6191329887665 335.1575784135729 356.10875891773236 408.40478324719163
334592 256 104.042 106.517 175.083 978.4565263332247 1608.2982434728729 1646.5571980546317 244.61413158330618 402.0745608682182 411.63929951365793
334592 512 209.367 224.95 311.392 1100.2922618435925 1523.1038364080907 1636.4671032206604 275.07306546089814 380.7759591020227 409.1167758051651
334592 1024 409.108 451.275 465.85 1470.9550627884512 1518.463056894355 1674.9719291727367 367.7387656971128 379.61576422358877 418.7429822931842
334592 2048 816.75 881.559 915.016 1497.775811570508 1554.6195229133841 1677.9783679216407 374.443952892627 388.65488072834603 419.4945919804102

368000 1 5.866 9.9 45.283 16.253340105558376 74.34343434343434 125.46880327309923 4.063335026389594 18.585858585858585 31.367200818274807
368000 2 1.1 2.75 11.917 123.52102039103802 535.2727272727273 1338.181818181818 30.880255097759505 133.8181818181818 334.5454545454545
368000 4 2.2 2.658 20.258 145.3253035837694 1107.599699021821 1338.181818181818 36.33132589594235 276.89992475545523 334.5454545454545
368000 8 4.125 4.491 29.516 199.48502507114787 1311.0665775996438 1427.3939393939393 49.87125626778697 327.76664439991094 356.8484848484848
368000 16 7.883 8.25 45.192 260.577093290848 1427.3939393939393 1493.847519979703 65.144273322712 356.8484848484848 373.46187999492577
368000 32 15.033 16.683 59.858 393.46453272745504 1411.7364982317329 1566.6866227632543 98.36613318186376 352.9341245579332 391.67165569081357
368000 64 29.608 33.367 84.792 555.5241060477404 1411.6941888692422 1590.9213726019993 138.8810265119351 352.92354721731056 397.73034315049983
368000 128 58.483 64.259 85.525 1101.5258696287635 1466.0670100686286 1610.8612759263376 275.3814674071909 366.51675251715716 402.7153189815844
368000 256 116.325 124.392 158.95 1185.3790500157284 1514.6954788089267 1619.7378035675906 296.3447625039321 378.6738697022317 404.93445089189765
368000 512 245.483 249.7 297.459 1266.8367741436634 1509.1389667601122 1535.0635278206637 316.70919353591586 377.28474169002806 383.7658819551659
368000 1024 448.708 470.708 499.4 1509.1389667601122 1601.1285127934939 1679.6312969681842 377.28474169002806 400.28212819837347 419.90782424204605
368000 2048 896.866 913.733 941.417 1601.1268120291006 1649.6372572731862 1680.6613251031927 400.28170300727515 412.40931431829654 420.16533127579817

404736 1 2.384 13.841 24.475 33.07342185903983 58.4836355754642 339.5436241610738 8.268355464759958 14.62090889386605 84.88590604026845
404736 2 1.283 3.391 16.592 97.57377049180327 477.4237687997641 1261.842556508184 24.39344262295082 119.35594219994103 315.460639127046
404736 4 2.658 2.841 8.983 360.4461761104308 1139.700105596621 1218.1670428893906 90.1115440276077 284.92502639915523 304.54176072234765
404736 8 2.933 4.95 6.508 995.0485556238475 1308.2375757575758 2207.9018070235256 248.76213890596188 327.05939393939394 551.9754517558814
404736 16 7.883 8.708 9.075 1427.1682644628102 1487.3164905833714 1642.9724724089813 356.79206611570254 371.82912264584286 410.7431181022453
404736 32 15.675 16.866 18.333 1412.9222713140239 1535.817858413376 1652.5106220095693 353.23056782850597 383.954464603344 413.1276555023923
404736 64 30.892 34.375 43.633 1187.3171223615154 1507.0896872727271 1677.0104881522723 296.82928059037886 376.7724218181818 419.25262203806807
404736 128 64.442 68.658 103.859 997.6257811070778 1509.1091496985055 1607.8398559945379 249.40644527676946 377.27728742462637 401.95996399863446
404736 256 121.092 128.15 259.142 799.6574542142918 1617.049020678892 1711.3007630561888 199.91436355357294 404.262255169723 427.8251907640472
404736 512 252.267 280.317 374.367 1107.0678345046438 1478.5034942582859 1642.9008312621154 276.76695862616094 369.62587356457146 410.72520781552885
404736 1024 507.833 514.158 783.016 1058.5981997813583 1612.1490436791803 1632.228169496665 264.6495499453396 403.0372609197951 408.05704237416626
404736 2048 490.692 1002.741 1035.834 1600.4481953672114 1653.267051013173 3378.4913061553884 400.11204884180285 413.31676275329323 844.6228265388471

445184 1 3.575 15.675 122.284 7.281148801151417 56.801786283891545 249.05398601398602 1.8202872002878543 14.200446570972886 62.263496503496505
445184 2 1.65 4.675 7.7 231.26441558441556 380.90609625668446 1079.2339393939394 57.81610389610389 95.22652406417112 269.80848484848485
445184 4 3.025 3.117 9.533 373.59404174971155 1142.5960859801091 1177.3461157024794 93.39851043742789 285.6490214950273 294.33652892561986
445184 8 4.766 5.225 8.8 809.4254545454545 1363.242870813397 1494.5329416701638 202.35636363636362 340.81071770334927 373.63323541754096
445184 16 9.167 10.083 12.742 1118.0260555642756 1412.862045026282 1554.0403621686482 279.5065138910689 353.2155112565705 388.51009054216206
445184 32 17.233 19.433 44.642 638.2280363782984 1466.1542736582103 1653.3265246909998 159.5570090945746 366.53856841455257 413.33163117274995
445184 64 33.825 37.217 37.492 1519.8856289341727 1531.116210333987 1684.6578566149296 379.9714072335432 382.77905258349676 421.1644641537324
445184 128 66.458 73.608 75.166 1516.205518452492 1548.297793718074 1714.874115983027 379.051379613123 387.0744484295185 428.71852899575674
445184 256 138.6 148.866 169.125 1347.726285291944 1531.1367807289776 1644.5469552669556 336.931571322986 382.7841951822444 411.1367388167389
445184 512 298.466 314.05 315.334 1445.6684531322344 1451.5790988696067 1527.3713454798872 361.4171132830586 362.8947747174017 381.8428363699718
445184 1024 533.958 568.792 615.725 1480.7533103252263 1602.9353999353013 1707.5066428445684 370.18832758130657 400.73384998382534 426.8766607111421
445184 2048 1069.2 1106.141 1110.725 1641.6967872335638 1648.5002038618943 1705.456101758324 410.42419680839095 412.1250509654736 426.364025439581

489600 1 4.033 9.35 22.55 43.42350332594235 104.72727272727272 242.79692536573268 10.855875831485587 26.18181818181818 60.69923134143317
489600 2 2.75 4.4 41.8 46.85167464114832 445.09090909090907 712.1454545454545 11.71291866028708 111.27272727272727 178.03636363636363
489600 4 3.575 6.783 38.042 102.95988644130172 577.4436090225563 1095.6083916083915 25.73997161032543 144.36090225563908 273.90209790209786
489600 8 5.775 8.067 12.009 652.3107669248063 971.0673112681293 1356.4675324675322 163.07769173120158 242.76682781703232 339.11688311688306
489600 16 10.725 12.008 13.475 1162.6864564007421 1304.73017988008 1460.8111888111887 290.67161410018554 326.18254497002 365.20279720279717
489600 32 20.9 21.634 23.1 1356.4675324675322 1448.3867985578256 1499.2535885167463 339.11688311688306 362.0966996394564 374.81339712918657
489600 64 37.217 41.984 44.917 1395.2133935926263 1492.6829268292681 1683.8756482252734 348.8033483981566 373.17073170731703 420.96891205631835
489600 128 73.792 83.142 88.733 1412.5252160977311 1507.512448581944 1698.5255854293148 353.1313040244328 376.878112145486 424.6313963573287
489600 256 147.033 176.917 187.55 1336.577979205545 1416.908493813483 1704.8907388137357 334.14449480138626 354.2271234533707 426.2226847034339
489600 512 290.308 332.017 397.008 1262.8219078708742 1510.0142462584747 1726.960331785552 315.70547696771854 377.5035615646187 431.740082946388
489600 1024 584.283 633.142 658.625 1522.415334978174 1583.6902306275683 1716.121810834818 380.6038337445435 395.9225576568921 429.0304527087045
489600 2048 1117.508 1223.475 1284.892 1560.754989524411 1639.1030466499112 1794.5299720449425 390.18874738110276 409.7757616624778 448.6324930112356

538496 1 23.558 43.45 89.008 12.099946072263167 24.786927502876864 45.716614313608964 3.0249865180657918 6.196731875719216 11.429153578402241
538496 2 1.65 2.933 13.291 162.06335113986907 734.3961813842483 1305.4448484848485 40.51583778496727 183.59904534606207 326.36121212121213
538496 4 3.3 6.05 33.275 129.46560480841472 712.060826446281 1305.4448484848485 32.36640120210368 178.01520661157025 326.36121212121213
538496 8 6.142 10.083 49.133 175.3594529135204 854.5012397104036 1402.7899706935848 43.8398632283801 213.6253099276009 350.6974926733962
538496 16 10.817 13.108 54.541 315.94345538218954 1314.6072627403112 1593.0361468059534 78.98586384554739 328.6518156850778 398.25903670148836
538496 32 22.092 25.209 65.267 528.0424104064841 1367.1206315204886 1560.0101394169835 132.01060260162103 341.78015788012215 390.0025348542459
538496 64 43.175 45.558 90.017 765.7163424686447 1512.9612362263488 1596.4675854082222 191.42908561716118 378.2403090565872 399.11689635205556
538496 128 84.791 89.742 97.075 1420.0873139325263 1536.1255153662719 1625.8208536283332 355.02182848313157 384.03137884156797 406.4552134070833
538496 256 160.416 180.859 218.533 1261.6398987795894 1524.4469559159343 1718.7185318172749 315.40997469489736 381.11173897898357 429.6796329543187
538496 512 343.2 368.683 374.733 1471.500785892889 1495.6477624409044 1606.701351981352 367.8751964732223 373.9119406102261 401.675337995338
538496 1024 653.675 699.967 748.275 1473.8429160402259 1575.5597163866296 1687.1378100738134 368.46072901005647 393.8899290966574 421.78445251845335

592256 1 12.558 49.408 323.583 3.6606125785347188 23.974093264248705 94.32329988851728 0.9151531446336797 5.993523316062176 23.58082497212932
592256 2 3.666 7.242 41.067 57.686804490223295 327.12289422811375 646.214948172395 14.421701122555824 81.78072355702844 161.55373704309875
592256 4 3.3 3.942 39.6 119.64767676767677 1201.9401319127344 1435.7721212121212 29.911919191919193 300.4850329781836 358.9430303030303
592256 8 6.417 6.692 14.758 642.098929394227 1416.0334728033472 1476.717469222378 160.52473234855674 354.0083682008368 369.1793673055945
592256 16 11.733 12.925 57.017 332.3954610028588 1466.3204642166343 1615.2895252706041 83.0988652507147 366.58011605415857 403.82238131765104
592256 32 22.916 25.666 96.158 394.18856465400694 1476.8325411049636 1654.0576016756852 98.54714116350173 369.2081352762409 413.5144004189213
592256 64 44.734 45.375 88.183 859.6755383690734 1670.716650137741 1694.6565923011578 214.91888459226834 417.67916253443525 423.66414807528946
592256 128 88.55 96.25 195.25 776.5302740076825 1575.2471272727273 1712.225138339921 194.13256850192062 393.8117818181818 428.05628458498023
592256 256 172.517 187.0 361.258 839.3864551096447 1621.5779251336899 1757.7112516447655 209.84661377741116 405.39448128342246 439.4278129111914
592256 512 237.142 372.625 383.442 1581.647665096677 1627.5616075142568 2557.4134653498745 395.41191627416924 406.8904018785642 639.3533663374686
592256 1024 440.55 763.491 779.167 1556.7141421543777 1588.6766026056625 2753.2409215753037 389.1785355385944 397.16915065141563 688.3102303938259

651392 1 7.791 19.525 27.592 47.216004639025805 66.72389244558258 167.21653189577717 11.804001159756451 16.680973111395645 41.80413297394429
651392 2 3.758 7.059 14.942 174.3787980190068 369.11290551069555 693.3390101117616 43.5946995047517 92.27822637767389 173.3347525279404
651392 4 4.584 6.6 14.025 371.5604991087344 789.5660606060607 1136.8097731239093 92.8901247771836 197.39151515151516 284.2024432809773
651392 8 6.783 8.067 12.008 867.944037308461 1291.96380314863 1536.5283797729617 216.98600932711526 322.9909507871575 384.1320949432404
651392 16 13.2 14.3 19.709 1057.6155056065757 1457.6604195804196 1579.1321212121213 264.4038764016439 364.4151048951049 394.78303030303033
651392 32 24.567 27.683 28.6 1457.6604195804196 1505.9454538886682 1696.9547767330157 364.4151048951049 376.48636347216706 424.2386941832539
651392 64 48.95 54.633 60.316 1382.3558591418528 1526.1504219061737 1703.3335240040856 345.5889647854632 381.53760547654343 425.8333810010214
651392 128 97.35 108.625 127.234 1310.6272851596273 1535.1562899884925 1712.9568772470468 327.6568212899068 383.78907249712313 428.2392193117617
651392 256 193.6 210.467 215.233 1549.5426073139342 1584.6318140135982 1722.6895867768596 387.38565182848356 396.15795350339954 430.6723966942149
651392 512 396.0 422.125 444.675 1500.0290279417552 1580.1608717796862 1684.407595959596 375.0072569854388 395.04021794492155 421.101898989899
651392 1024 811.525 850.3 916.942 1454.8911665078053 1568.9178125367519 1643.8813542404732 363.72279162695133 392.22945313418796 410.9703385601183

716416 1 12.192 31.35 61.417 23.329566732337952 45.70437001594896 117.5223097112861 5.832391683084488 11.42609250398724 29.380577427821525
716416 2 6.142 8.067 56.375 50.83217738359202 355.23292425932806 466.5685444480625 12.708044345898005 88.80823106483201 116.64213611201562
716416 4 4.584 5.134 38.225 149.93663832570306 1116.3474873393066 1250.2897033158813 37.484159581425764 279.08687183482664 312.5724258289703
716416 8 8.617 10.267 128.517 89.19174895150057 1116.4562189539301 1330.2374376233026 22.297937237875143 279.11405473848254 332.55935940582566
716416 16 15.95 19.709 90.567 253.1309638168428 1163.19001471409 1437.3236363636365 63.2827409542107 290.7975036785225 359.33090909090913
716416 32 30.617 33.275 46.475 986.5653362022591 1377.9300976709244 1497.554430545122 246.64133405056478 344.4825244177311 374.3886076362805
716416 64 60.134 61.325 84.426 1086.1730746452513 1495.3322136159804 1524.94841520604 271.5432686613128 373.8330534039951 381.23710380151
716416 128 119.259 125.216 131.633 1393.2866074616547 1464.6889854331716 1537.8503593020232 348.3216518654137 366.1722463582929 384.4625898255058
716416 256 234.3 243.741 463.1 792.0643316778232 1504.8965582318936 1565.5356039265898 198.0160829194558 376.2241395579734 391.38390098164746
716416 512 425.608 465.209 694.191 1056.7840608708555 1576.9471011953767 1723.6752692618559 264.19601521771386 394.2367752988442 430.91881731546397
716416 1024 886.692 922.35 1273.892 1151.761662684121 1590.7410072098444 1654.7120849178746 287.9404156710302 397.6852518024611 413.67802122946864

787968 1 3.117 21.359 23.283 67.68612292230382 73.78322955194531 505.59384023099136 16.921530730575956 18.445807387986328 126.39846005774784
787968 2 2.658 7.7 34.833 90.48522952372751 409.3340259740259 1185.8058690744922 22.621307380931878 102.33350649350648 296.45146726862305
787968 4 4.95 16.866 34.65 181.9262337662338 373.75453575240124 1273.4836363636364 45.48155844155845 93.43863393810031 318.3709090909091
787968 8 8.525 10.083 112.2 112.36620320855614 1250.3707229991073 1478.8842228739002 28.091550802139036 312.59268074977683 369.72105571847504
787968 16 16.592 19.25 51.975 485.13662337662333 1309.8688831168831 1519.7068466730955 121.28415584415583 327.4672207792208 379.92671166827387
787968 32 33.458 37.767 102.484 492.0763436243707 1335.2914449122247 1507.2614023551916 123.01908590609267 333.8228612280562 376.8153505887979
787968 64 63.892 67.192 153.908 655.3259349741404 1501.0701273961188 1578.5998873098351 163.8314837435351 375.2675318490297 394.6499718274588
787968 128 118.8 132.55 231.275 872.2075797211112 1521.8393662768765 1697.9781818181818 218.0518949302778 380.4598415692191 424.49454545454546
787968 256 237.509 274.633 423.042 953.6632674769882 1469.0136145328495 1698.628750910492 238.41581686924704 367.2534036332124 424.657187727623
787968 512 464.108 531.3 735.441 1097.136591514479 1518.6885601355168 1738.5591974281847 274.28414787861976 379.6721400338792 434.6397993570462
787968 1024 584.1 982.209 1052.884 1532.7029986209307 1642.9888791489388 2762.811956856702 383.17574965523266 410.7472197872347 690.7029892141755

866688 1 4.033 23.741 56.467 30.697150548107743 73.01192030664252 429.79816513761466 7.674287637026936 18.25298007666063 107.44954128440367
866688 2 4.95 6.692 9.35 370.775614973262 518.0442319187089 700.3539393939394 92.6939037433155 129.51105797967722 175.08848484848485
866688 4 4.308 9.533 12.283 564.4796873727917 727.316060002098 1609.4484679665738 141.11992184319791 181.8290150005245 402.36211699164346
866688 8 9.992 13.108 31.625 438.482466403162 1057.9041806530363 1387.8110488390712 109.6206166007905 264.4760451632591 346.9527622097678
866688 16 17.325 19.067 24.108 1150.4071677451468 1454.5558294435414 1600.8090043290047 287.6017919362867 363.63895736088534 400.20225108225117
866688 32 33.367 37.125 53.533 1036.146526441634 1494.088404040404 1662.3619744058503 259.0366316104085 373.522101010101 415.5904936014626
866688 64 65.359 72.692 77.55 1430.510174081238 1526.1110438562705 1697.3341697394392 357.6275435203095 381.5277609640676 424.3335424348598
866688 128 129.158 139.883 187.092 1185.8985312038997 1586.1264628296503 1717.8349618296972 296.4746328009749 396.5316157074126 429.4587404574243
866688 256 257.583 288.566 291.684 1521.3184679310486 1537.7565478954557 1722.7233784838284 380.32961698276216 384.4391369738639 430.6808446209571
866688 512 527.542 565.767 688.6 1288.8302526866105 1568.6466548950364 1682.3087299210301 322.2075631716526 392.1616637237591 420.57718248025753
866688 1024 1064.433 1082.309 1278.292 1388.5536512784247 1639.9910044174076 1667.5328780674781 347.1384128196062 409.9977511043519 416.88321951686953

953344 1 17.508 24.933 123.108 15.487929297852292 76.4724662094413 108.9038153986749 3.871982324463073 19.118116552360323 27.225953849668723
953344 2 3.941 18.241 82.958 45.96754984449962 209.0552053067266 967.6163410301954 11.491887461124906 52.26380132668165 241.90408525754884
953344 4 5.041 24.842 82.775 92.13835095137419 307.0103856372273 1512.9442570918466 23.034587737843548 76.75259640930682 378.23606427296164
953344 8 12.192 30.708 40.975 372.26367297132396 496.72736746124787 1251.1076115485564 93.06591824283099 124.18184186531197 312.7769028871391
953344 16 18.609 22.825 112.383 271.4557183915717 1336.561139101862 1639.3684776183566 67.86392959789292 334.1402847754655 409.84211940458914
953344 32 20.625 47.392 96.341 633.3130858097799 1287.432815665091 2958.255321212121 158.32827145244497 321.85820391627277 739.5638303030303
953344 64 51.791 89.008 140.8 866.6763636363636 1370.9782491461442 2356.1628854434166 216.6690909090909 342.74456228653605 589.0407213608541
953344 128 102.392 174.166 257.125 949.17283033544 1401.2842001309095 2383.5462145480114 237.29320758386 350.3210500327274 595.8865536370029
953344 256 324.042 358.875 524.241 931.0834673365877 1360.1173890630444 1506.3236494034725 232.77086683414691 340.0293472657611 376.5809123508681
953344 512 621.592 783.383 1034.0 944.1240386847195 1246.1647189178218 1570.5225549878376 236.03100967117987 311.54117972945545 392.6306387469594
953344 1024 710.784 1192.4 1772.283 1101.657304166434 1637.4106943978527 2746.894291374032 275.4143260416085 409.3526735994632 686.723572843508

1048576 1 18.059 26.4 2413.4 0.8689616308941742 79.43757575757577 116.1278033113683 0.21724040772354355 19.859393939393943 29.031950827842074
1048576 2 4.217 9.808 2522.025 1.663069953707834 427.64110929853183 994.6179748636473 0.4157674884269585 106.91027732463296 248.65449371591183
1048576 4 4.767 11.917 2401.941 3.4924288315158454 703.9194428127885 1759.7247744912943 0.8731072078789613 175.97986070319712 439.93119362282357
1048576 8 11.733 16.5 2380.126 7.048877244313957 1016.8009696969697 1429.9169862780193 1.7622193110784892 254.20024242424242 357.4792465695048
1048576 16 21.358 24.566 49.042 684.1978712124302 1365.8891150370432 1571.047476355464 171.04946780310755 341.4722787592608 392.761869088866
1048576 32 40.791 42.35 102.575 654.2419107969779 1584.6248878394333 1645.1880071584421 163.56047769924447 396.1562219598583 411.29700178961053
1048576 64 83.233 105.05 123.658 1085.394620647269 1277.6556687291768 1612.5542513185876 271.34865516181725 319.4139171822942 403.1385628296469
1048576 128 155.1 165.091 266.659 1006.6619015296691 1625.984796263879 1730.7250548033528 251.66547538241727 406.49619906596973 432.6812637008382
1048576 256 298.375 348.242 422.675 1270.1742757437748 1541.6604315389873 1799.3160016757438 317.5435689359437 385.4151078847468 449.82900041893595
1048576 512 598.95 680.075 722.241 1486.680794914717 1578.8579553725692 1792.706943818349 371.6701987286792 394.7144888431423 448.17673595458723
1048576 1024 733.883 1303.317 1344.658 1597.0482070533922 1647.7063124320484 2926.193477706937 399.26205176334804 411.9265781080121 731.5483694267342

1153408 1 3.484 30.067 51.975 44.38318422318422 76.72251970598997 662.1171067738233 11.095796055796056 19.18062992649749 165.5292766934558
1153408 2 6.6 9.442 113.85 40.52377689942908 488.6286803643296 699.0351515151516 10.13094422485727 122.1571700910824 174.7587878787879
1153408 4 6.417 7.883 51.15 180.39616813294236 1170.526956742357 1437.9404706249027 45.09904203323559 292.63173918558925 359.48511765622567
1153408 8 12.466 16.316 105.508 174.91117261250335 1131.069379749939 1480.3888978020218 43.72779315312584 282.7673449374847 370.09722445050545
1153408 16 19.617 25.942 84.517 436.7057041778578 1422.7529103384475 1881.4832033440382 109.17642604446445 355.68822758461187 470.37080083600955
1153408 32 28.967 45.008 83.416 884.9394840318405 1640.1109136153573 2548.351986743536 221.23487100796012 410.0277284038393 637.087996685884
1153408 64 92.491 116.6 191.492 770.9785474066803 1266.1768782161237 1596.222594630829 192.74463685167007 316.5442195540309 399.05564865770725
1153408 128 194.15 215.05 283.342 1042.1061755758062 1373.0409114159497 1520.8470151944373 260.52654389395155 343.26022785398743 380.2117537986093
1153408 256 190.392 390.042 482.35 1224.3078594381673 1514.054630014204 3101.731669397874 306.0769648595418 378.513657503551 775.4329173494685
1153408 512 694.467 730.858 831.141 1421.046238845154 1616.0318310807302 1700.7140612872897 355.2615597112885 404.00795777018254 425.17851532182243

1268736 1 27.133 54.817 74.8 33.92342245989305 46.28987357936406 93.51977297018391 8.480855614973262 11.572468394841016 23.379943242545977
1268736 2 5.408 7.608 14.208 357.18918918918916 667.0536277602523 938.4142011834318 89.29729729729729 166.76340694006308 234.60355029585796
1268736 4 5.225 9.167 52.067 194.93898246490096 1107.2202465364894 1942.5622966507176 48.73474561622524 276.80506163412235 485.6405741626794
1268736 8 13.658 15.4 56.833 357.1829042985589 1318.1672727272726 1486.291990042466 89.29572607463973 329.54181818181814 371.5729975106165
1268736 16 25.667 28.417 74.617 544.1059276036291 1428.706478516381 1581.7801846729262 136.02648190090727 357.1766196290952 395.44504616823156
1268736 32 51.608 54.633 61.966 1310.3815640835296 1486.2647850200426 1573.3821113005736 327.5953910208824 371.56619625501065 393.3455278251434
1268736 64 96.8 107.159 168.758 962.3141302930824 1515.4882744333186 1677.6674380165289 240.5785325732706 378.87206860832964 419.4168595041322
1268736 128 201.025 217.617 230.725 1407.7209491819265 1492.5139855801706 1615.7016092525805 351.9302372954816 373.12849639504265 403.9254023131451
1268736 256 381.058 403.792 474.466 1369.1030168652758 1608.7313072076713 1704.7085535535273 342.27575421631894 402.1828268019178 426.1771383883818
1268736 512 755.517 781.55 1411.483 920.4401781672184 1662.319319301388 1719.59818773105 230.1100445418046 415.579829825347 429.8995469327625

1395584 1 3.85 42.442 76.084 36.685347773513485 65.76429009000519 724.9787012987013 9.171336943378371 16.441072522501297 181.2446753246753
1395584 2 5.775 9.625 14.025 398.02752228163996 579.9829610389611 966.6382683982683 99.50688057040999 144.99574025974027 241.65956709956708
1395584 4 9.166 15.033 27.5 405.9880727272727 742.6775759994679 1218.0528038402792 101.49701818181818 185.66939399986697 304.5132009600698
1395584 8 16.041 17.6 65.816 339.2692354442688 1268.7127272727273 1392.0169565488436 84.8173088610672 317.1781818181818 348.0042391372109
1395584 16 29.7 32.816 35.475 1258.877744890768 1360.881521209166 1503.6595286195286 314.719436222692 340.2203803022915 375.91488215488215
1395584 32 57.108 66.55 68.475 1304.379350127784 1342.1093313298275 1564.0081249562236 326.094837531946 335.52733283245686 391.0020312390559
1395584 64 112.2 124.575 232.834 767.2193579975433 1433.9534577563716 1592.1100891265598 191.80483949938582 358.4883644390929 398.02752228163996
1395584 128 224.491 278.208 341.825 1045.1824881152638 1284.181274442144 1591.4647090529243 261.29562202881596 321.045318610536 397.86617726323107
1395584 256 456.958 463.008 551.741 1295.0623716562664 1543.2541295182805 1563.6863956862555 323.7655929140666 385.8135323795701 390.9215989215639
1395584 512 844.8 873.309 1128.141 1266.7547904029727 1636.3944674794375 1691.6169696969698 316.6886976007432 409.09861686985937 422.90424242424245

1535104 1 5.042 44.55 47.025 65.28884635832004 68.91600448933782 608.9266164220547 16.32221158958001 17.229001122334456 152.23165410551368
1535104 2 5.225 6.692 38.683 158.7368094511801 917.5756126718469 1175.1992344497608 39.68420236279503 229.39390316796172 293.7998086124402
1535104 4 6.6 10.358 35.2 348.8872727272727 1185.6373817339256 1860.7321212121215 87.22181818181818 296.4093454334814 465.18303030303036
1535104 8 16.684 18.058 56.559 434.26623525875635 1360.1541698969986 1472.1687844641572 108.56655881468909 340.03854247424965 368.0421961160393
1535104 16 30.616 36.3 107.066 458.8135168961201 1353.2597245179065 1604.4985628429579 114.70337922403003 338.31493112947663 401.12464071073947
1535104 32 31.9 58.667 69.942 1404.6875411054878 1674.649394037534 3079.8324764890285 351.17188527637194 418.6623485093835 769.9581191222571
1535104 64 114.95 129.25 158.95 1236.195734507707 1520.2577330754352 1709.3807046541974 309.0489336269267 380.0644332688588 427.34517616354935
1535104 128 229.35 269.317 306.442 1282.4176320478261 1459.1972433971864 1713.4799389579246 320.60440801195654 364.7993108492966 428.36998473948114
1535104 256 262.167 518.1 558.434 1407.4595171497438 1517.0300096506464 2997.98696250863 351.86487928743594 379.2575024126616 749.4967406271575
1535104 512 618.841 966.441 1185.708 1325.7450367206764 1626.5312585041404 2540.1460084254277 331.4362591801691 406.6328146260351 635.0365021063569

1688576 1 5.225 48.767 91.942 36.73133062147876 69.2507638362007 646.3448803827752 9.18283265536969 17.312690959050176 161.5862200956938
1688576 2 7.058 8.067 8.8 767.5345454545454 837.2758150489649 956.9713799943327 191.88363636363636 209.31895376224122 239.24284499858317
1688576 4 11.733 15.492 18.517 729.5246530215478 871.973147430932 1151.3345265490495 182.38116325538695 217.993286857733 287.8336316372624
1688576 8 19.25 20.717 26.125 1034.1518086124402 1304.10850991939 1403.4917402597403 258.53795215311004 326.0271274798475 350.87293506493506
1688576 16 38.225 40.425 43.266 1248.8890121573522 1336.6588002473716 1413.5888031393067 312.22225303933806 334.1647000618429 353.3972007848267
1688576 32 69.025 76.817 155.284 695.9433296411736 1406.8352578205347 1565.6481564650487 173.9858324102934 351.7088144551337 391.4120391162622
1688576 64 132.183 150.883 170.867 1264.947169435877 1432.4856213092262 1635.1401314843815 316.23679235896924 358.12140532730655 408.7850328710954
1688576 128 249.608 287.375 302.683 1428.1458027044796 1504.220812527186 1731.8173135476427 357.0364506761199 376.0552031317965 432.9543283869107
1688576 256 520.942 549.267 673.291 1284.067233930054 1574.0084731105271 1659.5914938707188 321.0168084825135 393.5021182776318 414.8978734676797
1688576 512 1055.45 1107.975 1125.85 1535.819002531421 1560.5964250095897 1638.2602908711922 383.9547506328552 390.1491062523974 409.56507271779805

1857408 1 22.825 48.95 108.808 34.141019042717446 75.8900102145046 162.75207009857613 8.535254760679361 18.97250255362615 40.68801752464403
1857408 2 8.342 11.183 55.917 132.8689307366275 664.3684163462399 890.6295852313593 33.217232684156876 166.09210408655997 222.65739630783983
1857408 4 12.833 17.141 25.85 574.8264603481624 866.8843124671841 1157.8948024624017 143.7066150870406 216.72107811679604 289.4737006156004
1857408 8 21.817 21.908 61.691 481.7319868376262 1356.5148804089831 1362.1729843699866 120.43299670940655 339.1287201022458 340.54324609249664
1857408 16 41.159 46.842 88.734 669.8340658597607 1268.8838222108366 1444.0840642386843 167.45851646494017 317.22095555270914 361.02101605967107
1857408 32 79.108 87.633 112.016 1061.2243965147836 1356.499400910616 1502.6812964554786 265.3060991286959 339.124850227654 375.67032411386964
1857408 64 155.833 156.75 277.291 857.3961073385001 1516.7350813397131 1525.660315850943 214.34902683462502 379.1837703349283 381.4150789627358
1857408 128 307.45 317.441 411.309 1156.0565122572082 1497.904958716738 1546.5813888437146 289.01412806430204 374.4762396791845 386.64534721092866
1857408 256 579.975 607.291 791.175 1202.000690112807 1565.959146438857 1639.7136014483383 300.50017252820174 391.48978660971426 409.9284003620846
1857408 512 1163.067 1164.808 1431.741 1328.4426387174776 1632.8749390457483 1635.3191965725105 332.1106596793694 408.2187347614371 408.8297991431276

2043136 1 19.525 43.633 78.559 52.01532606066779 93.65095226090345 209.28409731113956 13.003831515166947 23.412738065225863 52.32102432778489
2043136 2 6.692 8.709 76.358 107.02930930616307 938.4021127569183 1221.2408846383742 26.757327326540768 234.60052818922958 305.31022115959354
2043136 4 13.75 17.509 133.375 122.54986316776008 933.5249300359815 1188.7336727272727 30.63746579194002 233.38123250899537 297.1834181818182
2043136 8 24.2 28.509 94.142 347.2432708036796 1146.6616156301518 1350.8337190082646 86.8108177009199 286.66540390753795 337.70842975206614
2043136 16 45.375 51.975 62.058 1053.5362402913404 1257.9192303992304 1440.8893002754821 263.3840600728351 314.4798075998076 360.22232506887053
2043136 32 87.541 96.708 158.308 825.9892361725246 1352.1187905860943 1493.708136758776 206.49730904313114 338.0296976465236 373.427034189694
2043136 64 176.641 200.658 293.609 890.7131865848801 1303.319120094888 1480.5249517382717 222.67829664622002 325.829780023722 370.13123793456793
2043136 128 322.117 357.867 468.6 1116.1818523260777 1461.556432976497 1623.7665692900405 279.0454630815194 365.38910824412426 405.9416423225101
2043136 256 642.216 689.792 1023.275 1022.2917905743814 1516.523288179625 1628.868841635836 255.57294764359534 379.13082204490627 407.217210408959
2043136 512 1224.85 1288.65 1888.975 1107.5695887981578 1623.5372397470219 1708.1040649875497 276.89239719953946 405.88430993675547 427.0260162468874

2247424 1 4.583 63.892 93.408 48.120589242891405 70.35071683465848 980.7654374863627 12.030147310722851 17.58767920866462 245.19135937159066
2247424 2 9.075 9.9 64.167 140.0984306575031 908.050101010101 990.6001101928376 35.02460766437577 227.01252525252525 247.6500275482094
2247424 4 13.841 15.125 103.033 174.50129570137722 1188.720132231405 1298.9951593092985 43.625323925344304 297.18003305785123 324.74878982732463
2247424 8 24.016 30.8 41.067 875.6126330143425 1167.492987012987 1497.2844770153233 218.90315825358562 291.87324675324675 374.32111925383083
2247424 16 44.641 47.667 71.316 1008.4352459476133 1508.7496171355444 1611.020541654533 252.10881148690333 377.1874042838861 402.75513541363324
2247424 32 91.117 96.25 105.05 1369.2064350309379 1494.3910233766235 1578.5762920201498 342.30160875773447 373.59775584415587 394.64407300503746
2247424 64 168.575 197.267 232.1 1239.4238345540716 1458.2787389679977 1706.4824084235504 309.8559586385179 364.5696847419994 426.6206021058876
2247424 128 344.025 360.892 394.716 1457.6063397480718 1594.21805969653 1672.3800421480998 364.40158493701796 398.5545149241325 418.09501053702496
2247424 256 705.467 717.017 737.917 1559.3638417328777 1604.8170238641483 1631.0913026406622 389.84096043321944 401.20425596603707 407.77282566016555

2472064 1 61.233 84.7 288.658 17.12797843815172 58.372231404958676 80.74286740809694 4.28199460953793 14.593057851239669 20.185716852024235
2472064 2 9.075 19.341 175.542 56.32985838146996 511.25877669200145 1089.6149862258956 14.08246459536749 127.81469417300036 272.4037465564739
2472064 4 15.034 38.775 80.758 244.88610416305505 510.0325467440361 1315.4524411334307 61.22152604076376 127.50813668600902 328.8631102833577
2472064 8 26.4 28.691 72.875 542.751615780446 1378.5864556829667 1498.220606060606 135.6879039451115 344.6466139207417 374.5551515151515
2472064 16 49.225 54.175 102.208 773.971195992486 1460.1947023534842 1607.0299238191974 193.4927989981215 365.04867558837105 401.75748095479935
2472064 32 68.291 105.141 133.467 1185.4023541399745 1504.7611873579287 2316.7342109501983 296.3505885349936 376.1902968394822 579.1835527375496
2472064 64 205.425 209.366 336.6 940.0599881164587 1511.3446882492858 1540.3392576366068 235.01499702911468 377.83617206232145 385.0848144091517
2472064 128 240.625 417.725 458.7 1379.656385437105 1514.9880519480519 2630.0192581818183 344.91409635927624 378.74701298701297 657.5048145454546
2472064 256 812.35 819.683 1305.242 969.7027585689092 1544.1295818017454 1558.0682809133993 242.4256896422273 386.03239545043635 389.51707022834984

2719232 1 10.725 99.825 5026.267 1.082008576146074 54.479979964938636 507.0828904428904 0.2705021440365185 13.619994991234659 126.7707226107226
2719232 2 14.85 27.684 2688.033 4.0464265133649775 392.8958243028464 732.4530639730639 1.0116066283412444 98.2239560757116 183.11326599326597
2719232 4 18.425 60.592 2394.425 9.085210854380486 359.02191708476363 1180.6706105834462 2.2713027135951216 89.75547927119091 295.16765264586155
2719232 8 32.45 74.342 2418.166 17.99202866966122 585.2373086545963 1340.7615408320491 4.498007167415305 146.30932716364907 335.1903852080123
2719232 16 56.833 60.592 2952.675 29.47003107351808 1436.0876683390545 1531.0721587809899 7.36750776837952 359.02191708476363 382.76803969524747
2719232 32 110.183 120.083 2496.267 69.71643978789128 1449.2546655230133 1579.4709528693172 17.42910994697282 362.3136663807533 394.8677382173293
2719232 64 216.884 246.308 2559.975 135.96292776296642 1413.1156763077122 1604.828830158057 33.990731940741604 353.27891907692805 401.20720753951423
2719232 128 435.05 449.716 2757.883 252.41222778486255 1547.9177792206635 1600.09974025974 63.10305694621564 386.9794448051659 400.024935064935
2719232 256 851.675 873.675 3210.075 433.7116061151219 1593.5522751595272 1634.7160407432411 108.42790152878048 398.3880687898818 408.6790101858103

2991104 1 68.75 89.467 572.0 10.458405594405594 66.86496697106196 87.01393454545455 2.6146013986013985 16.71624174276549 21.753483636363637
2991104 2 11.916 12.559 54.266 220.47720487966683 952.6567401863206 1004.0631084256462 55.11930121991671 238.16418504658014 251.01577710641155
2991104 4 17.967 23.65 63.891 374.52586436274277 1011.7899365750529 1331.8212278065344 93.63146609068569 252.94748414376323 332.9553069516336
2991104 8 35.475 36.666 79.567 601.4762904219086 1305.2327496863581 1349.0532487667372 150.36907260547716 326.30818742158954 337.2633121916843
2991104 16 59.217 66.733 182.6 524.1803285870756 1434.3027887252185 1616.3488187513722 131.0450821467689 358.57569718130463 404.08720468784304
2991104 32 116.508 129.067 170.5 1122.7604457478005 1483.1882355675732 1643.068767809936 280.69011143695013 370.7970588918933 410.767191952484
2991104 64 239.067 256.942 260.333 1470.6599317028574 1490.0690116835706 1601.4812249285765 367.66498292571436 372.51725292089264 400.3703062321441
2991104 128 471.442 489.5 521.492 1468.3305285603617 1564.2954525025536 1624.2138460298404 367.0826321400904 391.0738631256384 406.0534615074601
2991104 256 926.017 934.542 1012.917 1511.9158312082825 1638.7120621652105 1653.7982002490235 377.9789578020706 409.6780155413026 413.44955006225587

3290112 1 79.291 88.458 117.975 55.776427209154484 74.38811639422099 82.98828366397196 13.944106802288621 18.597029098555247 20.74707091599299
3290112 2 13.017 17.417 47.667 276.0913839763358 755.6093471895274 1011.020050702927 69.02284599408395 188.90233679738185 252.75501267573176
3290112 4 20.167 21.909 22.917 1148.5314831784265 1201.3736820484733 1305.1468240194376 287.1328707946066 300.3434205121183 326.2867060048594
3290112 8 35.475 38.867 44.091 1193.9350887936314 1354.4084184526719 1483.9123890063424 298.48377219840785 338.60210461316797 370.9780972515856
3290112 16 65.725 74.709 89.1 1181.6339393939395 1409.249006143838 1601.880319513123 295.4084848484849 352.3122515359595 400.4700798782807
3290112 32 136.583 142.358 156.384 1346.475138121547 1479.1382851683782 1541.6791840858673 336.61878453038673 369.78457129209454 385.4197960214668
3290112 64 279.033 300.758 334.217 1260.0625820948665 1400.2431722514448 1509.2635494726428 315.0156455237166 350.0607930628612 377.3158873681607
3290112 128 497.017 542.575 592.717 1421.030056502513 1552.3543694420125 1694.6476116511105 355.25751412562823 388.0885923605031 423.66190291277763
3290112 256 1028.866 1058.842 1201.567 1401.9504064276066 1590.9241832114703 1637.2757424193237 350.48760160690165 397.7310458028676 409.3189356048309

3619072 1 91.392 107.8 112.109 64.56345164081385 67.14419294990724 79.19887955182074 16.140862910203463 16.78604823747681 19.799719887955185
3619072 2 16.591 19.525 35.292 410.1861044996033 741.4232010243278 872.5386052679163 102.54652612490082 185.35580025608195 218.13465131697907
3619072 4 22.367 30.983 52.617 550.2513636277249 934.4665138947165 1294.4326910180175 137.56284090693123 233.61662847367913 323.6081727545044
3619072 8 37.583 39.05 77.275 749.3387512131995 1482.8464020486556 1540.7272437006095 187.3346878032999 370.7116005121639 385.1818109251524
3619072 16 72.966 85.8 138.416 836.6829268292684 1349.7704428904428 1587.1817558863033 209.1707317073171 337.4426107226107 396.79543897157583
3619072 32 155.742 167.2 246.858 938.2746680277729 1385.2907177033494 1487.2070989200088 234.56866700694323 346.32267942583735 371.8017747300022
3619072 64 275.458 306.9 354.2 1307.8521061547149 1509.4207103290976 1681.7126966724509 326.9630265386787 377.3551775822744 420.4281741681127
3619072 128 547.159 571.909 629.658 1471.4057980681575 1619.9822559183367 1693.2599701366514 367.8514495170394 404.9955639795842 423.31499253416285
3619072 256 1081.025 1121.359 1222.741 1515.4189349993171 1652.4278701111778 1714.081417173516 378.8547337498293 413.10696752779444 428.520354293379

3980928 1 93.042 119.625 143.642 55.42846799682544 66.55678996865204 85.57270909911652 13.85711699920636 16.63919749216301 21.39317727477913
3980928 2 17.783 20.533 72.875 218.50719725557462 775.5180441240929 895.4457628071752 54.626799313893656 193.8795110310232 223.8614407017938
3980928 4 24.016 26.491 100.192 317.863941232833 1202.197878524782 1326.0919387075285 79.46598530820825 300.5494696311955 331.5229846768821
3980928 8 47.575 51.791 123.291 516.6220405382387 1229.843949720994 1338.8302259590118 129.15551013455968 307.4609874302485 334.70755648975296
3980928 16 91.025 94.966 154.0 827.2058181818181 1341.424257102542 1399.502290579511 206.80145454545453 335.3560642756355 349.87557264487776
3980928 32 170.683 174.9 282.975 900.3600742115027 1456.7146483704973 1492.7051434530679 225.09001855287568 364.17866209262434 373.17628586326697
3980928 64 334.95 336.875 503.891 1011.248035785517 1512.6049246753246 1521.2980564263323 252.81200894637925 378.15123116883115 380.3245141065831
3980928 128 619.391 647.258 734.616 1387.2792969388088 1574.5152134079453 1645.3541753109103 346.8198242347022 393.62880335198633 411.33854382772756
3980928 256 1224.392 1248.041 1294.058 1575.0724743404082 1633.147577683746 1664.6916477729353 393.76811858510206 408.2868944209365 416.1729119432338

4379008 1 110.458 115.042 182.325 48.03518990813109 76.12885728690392 79.28820003983415 12.008797477032772 19.03221432172598 19.822050009958538
4379008 2 17.142 21.083 55.733 314.28475050688104 830.8130721434333 1021.8196243145492 78.57118762672026 207.70326803585831 255.4549060786373
4379008 4 26.858 30.25 54.633 641.2253399959732 1158.0847603305785 1304.3437337106263 160.3063349989933 289.52119008264464 326.0859334276566
4379008 8 47.483 60.775 118.709 590.217489828067 1152.844557795146 1475.562369690205 147.55437245701674 288.2111394487865 368.89059242255126
4379008 16 88.0 114.034 177.008 791.6492813884119 1228.8287352894752 1592.3665454545455 197.91232034710296 307.2071838223688 398.0916363636364
4379008 32 179.667 193.783 285.175 982.7527377925834 1446.238896084796 1559.866375016002 245.68818444814585 361.559724021199 389.9665937540005
4379008 64 374.917 382.342 466.491 1201.5516355085094 1465.9990898201088 1495.03229781525 300.38790887712736 366.4997724550272 373.7580744538125
4379008 128 700.058 737.366 847.825 1322.2375466635212 1520.3115522006713 1601.3331009716337 330.5593866658803 380.0778880501678 400.3332752429084

4816896 1 109.358 131.541 166.466 57.87243040620907 73.23794102219081 88.09407633643629 14.468107601552267 18.309485255547703 22.023519084109072
4816896 2 21.266 27.042 56.1 343.45069518716576 712.5058797426225 906.0276497695853 85.86267379679144 178.12646993565562 226.50691244239633
4816896 4 31.9 36.483 72.875 528.7844665523156 1056.2499794424803 1207.998996865204 132.1961166380789 264.06249486062006 301.999749216301
4816896 8 59.034 64.717 76.175 1011.7536724647196 1190.8823956611093 1305.5245451773555 252.9384181161799 297.7205989152773 326.3811362943389
4816896 16 105.234 111.65 140.25 1099.0422245989305 1380.5702821316615 1464.742117566566 274.7605561497326 345.1425705329154 366.1855293916415
4816896 32 188.008 207.625 275.459 1119.155097491823 1484.7987670078267 1639.7246074635123 279.78877437295574 371.19969175195666 409.93115186587806
4816896 64 374.825 396.734 537.35 1147.4135814645947 1554.0959131307125 1644.93480424198 286.8533953661487 388.5239782826781 411.233701060495
4816896 128 754.416 800.525 947.925 1300.8680813355488 1540.3958352331283 1634.5429789400011 325.2170203338872 385.0989588082821 408.6357447350003

5298560 1 47.667 132.642 143.183 74.01102086141512 79.89264335579982 222.31564814232067 18.50275521535378 19.973160838949955 55.57891203558017
5298560 2 18.333 28.325 48.4 437.89752066115705 748.2520741394527 1156.0704740086185 109.47438016528926 187.06301853486318 289.0176185021546
5298560 4 35.383 41.616 76.266 555.797865365956 1018.5620915032679 1197.9899951954328 138.949466341489 254.64052287581697 299.4974987988582
5298560 8 61.875 70.858 74.8 1133.381818181818 1196.4345592593636 1370.132686868687 283.3454545454545 299.1086398148409 342.53317171717174
5298560 16 114.308 127.325 150.425 1127.1658301479142 1331.6624386412725 1483.3075550267697 281.79145753697856 332.9156096603181 370.8268887566924
5298560 32 224.4 236.133 302.408 1121.3586942144389 1436.0883061664401 1511.1757575757574 280.3396735536097 359.02207654161003 377.79393939393935
5298560 64 441.742 456.684 553.575 1225.155904800614 1485.0874565344964 1535.3207981129256 306.2889762001535 371.2718641336241 383.8301995282314
5298560 128 474.925 859.742 886.417 1530.240688073446 1577.7190831668106 2856.0959309364634 382.5601720183615 394.42977079170265 714.0239827341159

5828352 1 136.766 143.55 236.409 49.30736139487076 81.20309299895506 85.23100770659374 12.32684034871769 20.300773249738764 21.307751926648436
5828352 2 29.333 54.542 103.033 226.27127231081303 427.4395511715742 794.7843043670952 56.56781807770326 106.85988779289355 198.6960760917738
5828352 4 38.683 41.984 153.083 304.58519887903947 1110.5853658536585 1205.3567717085025 76.14629971975987 277.6463414634146 301.3391929271256
5828352 8 67.742 70.859 99.916 933.3203090596102 1316.0449907562909 1376.5999232381682 233.33007726490254 329.0112476890727 344.14998080954206
5828352 16 125.125 147.583 232.1 803.5642567858682 1263.7449028682167 1490.5675444555445 200.89106419646706 315.9362257170542 372.64188611388613
5828352 32 231.825 283.616 342.375 1089.4911369112815 1315.2097483921923 1609.034953089615 272.3727842278204 328.8024370980481 402.2587382724038
5828352 64 460.717 529.192 728.933 1023.4535355101224 1409.7511980528805 1619.2783335540041 255.8633838775306 352.4377995132201 404.81958338850103
5828352 128 920.975 987.617 1184.334 1259.8288253144806 1510.7659264674467 1620.0853573658353 314.95720632862015 377.69148161686167 405.0213393414588

6411136 1 137.134 158.767 1236.034 10.373721111231568 80.76156883987225 93.50177198944098 2.593430277807892 20.190392209968063 23.375442997360246
6411136 2 33.916 34.925 41.433 618.9400719233461 734.2747029348604 756.11935369737 154.73501798083652 183.5686757337151 189.0298384243425
6411136 4 40.425 49.225 50.967 1006.3195400945709 1041.9317013712543 1268.746765615337 251.57988502364273 260.4829253428136 317.18669140383423
6411136 8 71.042 80.3 104.866 978.1833578090134 1277.436811955168 1443.9088989611778 244.54583945225335 319.359202988792 360.97722474029445
6411136 16 131.175 134.383 156.75 1308.8124529505583 1526.654055944576 1563.9897236516103 327.20311323763957 381.663513986144 390.9974309129026
6411136 32 260.884 272.067 303.783 1350.67697665768 1508.1311000599114 1572.7783382652824 337.66924416442 377.03277501497786 393.1945845663206
6411136 64 520.667 537.075 560.725 1463.5077943733559 1527.9530940743841 1576.1041279743097 365.87694859333897 381.98827351859603 394.0260319935774
6411136 128 1004.759 1066.817 1092.391 1502.4389765203116 1538.4558138837306 1633.4770984882941 375.6097441300779 384.61395347093264 408.36927462207353

7052160 1 137.041 165.0 2938.925 4.799142543617139 85.48072727272728 102.92043986836057 1.1997856359042847 21.37018181818182 25.730109967090144
7052160 2 47.85 51.517 103.125 273.53832727272726 547.559834617699 589.5222570532915 68.38458181818181 136.88995865442476 147.38056426332287
7052160 4 46.933 53.533 89.467 630.5931796081237 1053.8785422076103 1202.0812647817102 157.64829490203093 263.46963555190257 300.52031619542754
7052160 8 86.991 90.475 135.759 831.1387090358651 1247.1352307267202 1297.0831465324 207.78467725896627 311.78380768168006 324.2707866331
7052160 16 143.367 166.283 176.183 1280.8790859504038 1357.138853641082 1574.0659984515266 320.21977148760095 339.2847134102705 393.51649961288166
7052160 32 314.142 327.892 349.341 1291.9704243132069 1376.484452197675 1436.7331970892144 322.9926060783017 344.12111304941874 359.1832992723036
7052160 64 605.917 611.692 667.884 1351.5467955513234 1475.7042433119934 1489.7691928102365 337.88669888783085 368.92606082799836 372.44229820255913
7052160 128 1074.975 1109.9 1223.75 1475.2628886619 1626.5906478061086 1679.4371590036978 368.815722165475 406.64766195152714 419.85928975092446

7757312 1 160.417 174.442 193.966 79.9863068785251 88.93858130496096 96.71433825592051 19.996576719631275 22.23464532624024 24.178584563980127
7757312 2 52.8 57.566 84.15 368.7373499702911 539.0203939825591 587.6751515151516 92.18433749257278 134.75509849563977 146.9187878787879
7757312 4 57.566 58.667 62.884 986.8725908021117 1057.8092624473725 1078.0407879651182 246.71814770052794 264.4523156118431 269.51019699127954
7757312 8 96.892 99.0 110.183 1126.4622673189147 1253.7069898989898 1280.9828675226024 281.61556682972866 313.42674747474746 320.2457168806506
7757312 16 164.633 183.975 202.766 1224.238698795656 1349.2810653621416 1507.802105288733 306.059674698914 337.3202663405354 376.95052632218324
7757312 32 315.333 331.558 360.158 1378.472692540496 1497.3789442571135 1574.4243957974581 344.618173135124 374.3447360642784 393.60609894936454
7757312 64 626.266 665.683 699.691 1419.1063426569729 1491.6047668334627 1585.4859372854346 354.7765856642432 372.9011917083657 396.37148432135865
7757312 128 1239.334 1312.483 1327.884 1495.516078211651 1513.0648336016543 1602.3702020601386 373.8790195529127 378.2662084004136 400.59255051503465

8532992 1 168.117 192.408 212.392 80.35135033334589 88.69685252172468 101.51254186072795 20.087837583336473 22.17421313043117 25.378135465181987
8532992 2 60.133 62.7 164.633 207.32154549816863 544.3695055821371 567.6079357424376 51.83038637454216 136.09237639553427 141.9019839356094
8532992 4 57.108 70.308 80.025 853.0326273039674 970.927006883996 1195.3480423058065 213.25815682599185 242.731751720999 298.83701057645163
8532992 8 100.467 107.25 115.958 1177.3907104296381 1272.9871515151515 1358.9325052007127 294.34767760740954 318.24678787878787 339.7331263001782
8532992 16 181.225 218.717 273.167 999.5927180076657 1248.4431662833706 1506.722273417023 249.89817950191642 312.11079157084265 376.68056835425574
8532992 32 251.258 386.466 420.934 1297.380320905415 1413.0906418675897 2173.5088554394283 324.34508022635373 353.27266046689743 543.3772138598571
8532992 64 729.117 734.892 749.741 1456.8003830656187 1486.2360401256237 1498.0078313905724 364.2000957664047 371.55901003140593 374.5019578476431

9386240 1 176.55 188.467 199.558 94.07029535272954 99.60619100426068 106.32953837439818 23.517573838182386 24.90154775106517 26.582384593599546
9386240 2 67.008 77.0 84.7 443.26989374262104 487.59688311688313 560.3056351480421 110.81747343565526 121.89922077922078 140.07640878701054
9386240 4 70.125 74.067 74.433 1008.8256552873053 1013.8107389255675 1070.800998217469 252.20641382182632 253.45268473139188 267.70024955436725
9386240 8 120.266 121.366 135.666 1106.9821473324193 1237.4127844701152 1248.730647065671 276.74553683310484 309.3531961175288 312.18266176641777
9386240 16 217.25 225.591 241.816 1242.1001091739174 1331.4346760287424 1382.5531875719219 310.52502729347935 332.8586690071856 345.63829689298046
9386240 32 408.742 437.25 461.083 1302.8443035201904 1373.857884505432 1469.6785747488636 325.7110758800476 343.464471126358 367.4196436872159
9386240 64 768.442 798.875 823.534 1458.8817462302711 1503.9132780472542 1563.4735217492016 364.7204365575678 375.97831951181354 390.8683804373004

10324864 1 204.417 217.8 243.375 84.84736723163842 94.81050505050504 101.01766487131695 21.211841807909604 23.70262626262626 25.254416217829238
10324864 2 83.875 98.817 109.909 375.7604563775487 417.9387757167289 492.39291803278684 93.94011409438717 104.48469392918223 123.09822950819671
10324864 4 69.575 78.284 82.775 997.8726910299002 1055.1186960298398 1187.1924110671937 249.46817275747506 263.77967400745996 296.7981027667984
10324864 8 118.342 140.892 213.125 775.1217548387096 1172.5138687789229 1395.9357117506886 193.7804387096774 293.1284671947307 348.98392793767215
10324864 16 225.775 240.991 430.375 767.6924728434504 1370.987497458411 1463.3845554202192 191.9231182108626 342.7468743646028 365.8461388550548
10324864 32 460.991 468.6 572.275 1154.6744065353196 1410.1393427230046 1433.4147434548613 288.6686016338299 352.53483568075114 358.3536858637153
10324864 64 839.758 892.834 929.225 1422.2417519976325 1480.2108701057532 1573.7660040154424 355.5604379994081 370.0527175264383 393.4415010038606

11357312 1 208.908 215.691 236.317 96.11929738444547 105.31094946010728 108.73027361326517 24.02982434611137 26.32773736502682 27.182568403316292
11357312 2 30.984 112.108 139.058 326.69280444131226 405.22753059549717 1466.2163697392202 81.67320111032807 101.30688264887429 366.55409243480506
11357312 4 82.317 84.15 91.483 993.1735513701998 1079.720689245395 1103.7634510489936 248.29338784254995 269.93017231134877 275.9408627622484
11357312 8 131.541 140.617 158.4 1147.2032323232322 1292.283237446397 1381.4475486730373 286.80080808080805 323.07080936159923 345.36188716825933
11357312 16 255.017 269.683 311.575 1166.4414153895532 1347.6340147506517 1425.136300717207 291.6103538473883 336.9085036876629 356.28407517930174
11357312 32 490.875 494.908 515.808 1409.183199950369 1468.6931065975896 1480.7598023936848 352.29579998759226 367.1732766493974 370.1899505984212
11357312 64 919.784 948.384 1048.3 1386.7556386530573 1532.855822114249 1580.5188348568795 346.6889096632643 383.2139555285622 395.1297087142199

12492928 1 235.583 247.408 281.142 88.8727262379865 100.99049343594386 106.05967323618427 22.218181559496625 25.247623358985965 26.514918309046067
12492928 2 130.991 172.609 204.325 244.56973938578247 289.5081484742974 381.489659594934 61.14243484644562 72.37703711857435 95.3724148987335
12492928 4 50.142 92.858 219.908 454.47834548993217 1076.3038618105065 1993.207769933389 113.61958637248304 269.07596545262663 498.30194248334726
12492928 8 151.709 195.067 272.617 733.2149058936163 1024.7086795818873 1317.5675009392983 183.30372647340408 256.1771698954718 329.39187523482457
12492928 16 147.675 291.958 473.367 844.5322466500621 1369.2849519451427 2707.1183070932793 211.13306166251553 342.32123798628567 676.7795767733198
12492928 32 543.4 591.709 913.458 875.2973776572103 1351.2510237295699 1471.379079867501 218.82434441430257 337.81275593239246 367.8447699668753
12492928 64 616.0 1093.583 1628.0 982.2449533169532 1462.252781910472 2595.933090909091 245.5612383292383 365.563195477618 648.9832727272727

13742208 1 87.083 255.659 315.058 87.23605177459389 107.50419895251098 315.6117267434517 21.809012943648472 26.876049738127744 78.90293168586292
13742208 2 157.575 178.291 209.641 262.2045878430269 308.30962864081755 348.84234174202766 65.55114696075672 77.07740716020439 87.21058543550691
13742208 4 101.017 112.659 131.908 833.4419747096462 975.8444864591378 1088.3085421265728 208.36049367741154 243.96112161478445 272.0771355316432
13742208 8 160.967 189.291 274.908 799.8142214850059 1161.5730700350255 1365.965247535209 199.95355537125147 290.39326750875637 341.49131188380227
13742208 16 300.025 323.4 359.333 1223.7970239304489 1359.7732096474954 1465.7133772185653 305.9492559826122 339.94330241187384 366.4283443046413
13742208 32 581.442 614.717 620.675 1417.0077931284488 1430.7418080189748 1512.6208839402725 354.2519482821122 357.6854520047437 378.1552209850681
13742208 64 1109.534 1162.333 1206.15 1458.3614177341128 1513.3379367186512 1585.3526110961898 364.5903544335282 378.3344841796628 396.33815277404744

15116416 1 237.875 283.066 299.017 101.10740192029216 106.80488649290274 127.095457698371 25.27685048007304 26.701221623225685 31.77386442459275
15116416 2 203.317 206.434 249.609 242.24152174000133 292.9055485046068 297.3960072202521 60.56038043500033 73.2263871261517 74.34900180506303
15116416 4 127.05 146.85 315.608 383.1694000152088 823.5024038134151 951.8404407713499 95.7923500038022 205.87560095335377 237.96011019283748
15116416 8 177.191 189.383 226.966 1065.633865865372 1277.108589472128 1364.9827361434836 266.408466466343 319.277147368032 341.2456840358709
15116416 16 318.083 349.25 513.883 941.3140967885686 1385.0402634216177 1520.7518540758228 235.32852419714214 346.26006585540443 380.1879635189557
15116416 32 609.675 661.558 908.234 1065.1997436783913 1462.3821705731016 1586.8300717595441 266.29993591959783 365.5955426432754 396.70751793988603
15116416 64 1247.95 1329.992 1467.216 1318.7569165003654 1454.8217192283864 1550.463758964702 329.68922912509134 363.7054298070966 387.6159397411755

16627968 1 316.434 328.717 395.175 84.15495919529323 101.16889604127563 105.09596313923281 21.038739798823308 25.292224010318908 26.273990784808202
16627968 2 233.475 280.684 405.716 163.9370199844226 236.9635319433954 284.87791840668166 40.98425499610565 59.24088298584885 71.21947960167041
16627968 4 161.608 180.308 198.825 669.0493851376839 737.7584133815473 823.125983862185 167.26234628442097 184.43960334538681 205.78149596554624
16627968 8 207.808 217.433 236.683 1124.066739056037 1223.583761434557 1280.256236526024 281.01668476400926 305.8959403586392 320.064059131506
16627968 16 371.434 396.092 490.417 1084.9847701038098 1343.362087595811 1432.5424597640495 271.24619252595244 335.8405218989528 358.13561494101236
16627968 32 712.983 761.75 842.966 1262.4352014197489 1397.0330843452577 1492.5881150041446 315.6088003549372 349.25827108631444 373.14702875103615
16627968 64 1329.992 1386.458 1589.592 1338.9472921353404 1535.120359938779 1600.2952679414614 334.7368230338351 383.78008998469477 400.07381698536534

18290688 1 326.608 356.033 531.025 68.88823690033426 102.74714984285164 112.00391907118014 17.222059225083566 25.68678746071291 28.000979767795034
18290688 2 294.342 299.292 559.075 130.8639305996512 244.45274848642796 248.5637523696924 32.7159826499128 61.11318712160699 62.1409380924231
18290688 4 196.717 209.916 359.792 406.69471250055585 697.0669410621391 743.8376144410498 101.67367812513896 174.26673526553478 185.95940361026246
18290688 8 235.216 262.625 281.141 1040.9403395449258 1114.3303493574488 1244.179851710768 260.23508488623145 278.5825873393622 311.044962927692
18290688 16 425.058 453.292 489.684 1195.264733991717 1291.2251175842503 1376.993295032678 298.8161834979293 322.80627939606256 344.2483237581695
18290688 32 797.867 819.867 865.333 1352.7786782660548 1427.79747446842 1467.1668736769411 338.1946695665137 356.949368617105 366.7917184192353

20119680 1 357.775 406.542 494.542 81.3669213130533 98.97958882477089 112.47113409265602 20.341730328263324 24.74489720619272 28.117783523164004
20119680 2 334.492 359.333 503.892 159.71422447667356 223.9669610083126 240.59983497363163 39.92855611916839 55.99174025207815 60.14995874340791
20119680 4 220.825 268.033 371.616 433.1283905967451 600.5135188577525 728.8913845805503 108.28209764918627 150.12837971443813 182.22284614513757
20119680 8 250.525 264.367 410.758 783.7093373713964 1217.6817832785484 1284.9611016864583 195.9273343428491 304.4204458196371 321.24027542161457
20119680 16 422.217 485.65 785.4 819.7475935828877 1325.7073200864822 1524.8788182380154 204.93689839572193 331.42683002162056 381.21970455950384
20119680 32 842.326 912.542 1389.209 926.901222206306 1411.0687727249815 1528.6949708307711 231.7253055515765 352.7671931812454 382.1737427076928

22131584 1 419.558 457.416 520.025 85.11738474111822 96.76786120293124 105.4995209244014 21.279346185279554 24.19196530073281 26.37488023110035
22131584 2 410.3 423.5 520.85 169.96512623596044 209.0350318772137 215.76001949792834 42.49128155899011 52.258757969303424 53.940004874482085
22131584 4 257.859 295.808 389.033 455.1096487958605 598.5391605365643 686.6259157136265 113.77741219896512 149.63479013414107 171.6564789284066
22131584 8 273.991 276.925 334.767 1057.7665779482447 1278.7048623273447 1292.3977210930288 264.4416444870612 319.6762155818362 323.0994302732572
22131584 16 474.191 478.042 539.825 1311.9264354188856 1481.482145920233 1493.5135588823912 327.9816088547214 370.37053648005826 373.3783897205978
22131584 32 938.116 953.425 997.241 1420.3400943202294 1485.6138406272125 1509.8573907704376 355.08502358005734 371.40346015680313 377.4643476926094

24344704 1 263.084 493.717 543.584 89.57108376994174 98.61805042159781 185.07171853856562 22.392770942485434 24.654512605399454 46.267929634641405
24344704 2 511.775 539.825 663.667 146.72842856432518 180.3896003334414 190.27661765424259 36.682107141081296 45.09740008336035 47.569154413560646
24344704 4 377.208 412.225 434.5 448.2339056386652 472.45468372854634 516.3136306759136 112.0584764096663 118.11367093213659 129.0784076689784
24344704 8 365.658 374.0 581.35 670.0185155242109 1041.4846631016044 1065.2447478244699 167.50462888105272 260.3711657754011 266.31118695611747
24344704 16 595.375 650.008 773.208 1007.5303514707557 1198.4937539230286 1308.470338862062 251.88258786768893 299.62343848075716 327.1175847155155
24344704 32 1060.767 1216.875 1416.25 1100.1313722859666 1280.3788852593734 1468.8061148206912 275.03284307149164 320.09472131484335 367.2015287051728

26779136 1 533.867 605.0 702.625 76.22596975627113 88.5260694214876 100.32137592321683 19.05649243906778 22.1315173553719 25.08034398080421
26779136 2 620.4 641.392 806.483 132.8193452310836 167.00636116446725 172.65722759509993 33.2048363077709 41.75159029111681 43.16430689877498
26779136 4 502.608 543.859 594.917 360.1058433361292 393.91292228316524 426.24289306974816 90.0264608340323 98.47823057079131 106.56072326743704
26779136 8 414.792 443.575 553.391 774.2557721394096 965.9385132164797 1032.9663445775232 193.5639430348524 241.48462830411992 258.2415861443808
26779136 16 602.434 673.017 988.717 866.7114573735456 1273.2699946658106 1422.450180434703 216.6778643433864 318.31749866645265 355.61254510867576
26779136 32 1092.667 1179.109 1511.675 1133.7520988307672 1453.5252499980916 1568.515113936817 283.4380247076918 363.3813124995229 392.12877848420425

29457024 1 547.067 628.284 710.233 82.95031067269474 93.76977290524667 107.6907362352326 20.737577668173685 23.442443226311667 26.92268405880815
29457024 2 747.175 800.617 848.1 138.93184294304916 147.1716138927852 157.6981242680764 34.73296073576229 36.7929034731963 39.4245310670191
29457024 4 553.3 656.792 682.916 345.07346730783865 358.798816063533 425.9103415868426 86.26836682695966 89.69970401588326 106.47758539671065
29457024 8 253.275 520.116 533.867 882.82734089202 906.1678241007776 1860.8721113414272 220.706835223005 226.5419560251944 465.2180278353568
29457024 16 667.242 737.55 1210.825 778.4979398344103 1278.0486312792355 1412.7179763863785 194.62448495860258 319.51215781980886 353.1794940965946
29457024 32 1270.133 1297.816 1900.709 991.8664750890325 1452.6323731561329 1484.2930118341935 247.96661877225813 363.1580932890332 371.0732529585484

32402688 1 690.8 727.191 803.917 80.61202338052311 89.11740656856313 93.81206716850029 20.153005845130778 22.27935164214078 23.453016792125073
32402688 2 874.317 899.066 1101.283 117.69068622688265 144.16155432415417 148.24228740834275 29.422671556720662 36.04038858103854 37.06057185208569
32402688 4 755.425 767.434 944.809 274.3639232903158 337.776934563754 343.14657841612336 68.59098082257896 84.4442336409385 85.78664460403084
32402688 8 625.167 631.491 775.408 668.6067309081154 820.9824178016789 829.287227252878 167.15168272702886 205.24560445041973 207.3218068132195
32402688 16 789.525 806.85 1196.525 866.5811545935103 1285.1038185536345 1313.3035888667237 216.64528864837757 321.2759546384086 328.3258972166809
32402688 32 1415.975 1441.917 2085.142 994.5471493068578 1438.2048564515158 1464.5541284274088 248.63678732671445 359.55121411287894 366.1385321068522

35642880 1 785.125 806.391 881.192 80.89696683583146 88.40098661815423 90.79542747970069 20.224241708957866 22.10024665453856 22.698856869925173
35642880 2 975.517 983.675 1132.817 125.85573839375647 144.93762675680483 146.1497031830301 31.463934598439117 36.23440668920121 36.53742579575753
35642880 4 902.733 915.475 987.8 288.66474994938244 311.47004560474073 315.86641897438113 72.16618748734561 77.86751140118518 78.96660474359528
35642880 8 660.183 727.925 772.841 737.9086772052725 783.4407116117733 863.8303015981934 184.47716930131813 195.86017790294332 215.95757539954835
35642880 16 846.267 960.575 1110.633 1026.9568435297708 1187.3848059755876 1347.7686829334004 256.7392108824427 296.8462014938969 336.9421707333501

39207168 1 976.433 999.166 1062.142 73.82660322254463 78.47978814331151 80.30692940529458 18.45665080563616 19.619947035827877 20.076732351323646
39207168 2 1257.759 1348.05 1495.175 104.88984366378519 116.33742962056304 124.68896823636325 26.222460915946296 29.08435740514076 31.172242059090813
39207168 4 1077.084 1106.05 1237.317 253.49796697208558 283.5833316757832 291.2097329456198 63.374491743021395 70.8958329189458 72.80243323640495
39207168 8 837.1 908.234 975.608 642.9987125976827 690.6972079882497 749.3903810775296 160.74967814942067 172.67430199706243 187.3475952693824
39207168 16 974.875 1058.75 1442.559 869.7248265062296 1185.0100363636363 1286.9643554301833 217.4312066265574 296.2525090909091 321.74108885754583

43127808 1 1098.075 1127.408 1155.0 74.680187012987 76.50789776194598 78.5516617717369 18.67004675324675 19.126974440486496 19.637915442934226
43127808 2 1501.225 1524.233 1654.125 104.29153298571751 113.17904283662666 114.91364185914836 26.072883246429377 28.294760709156666 28.72841046478709
43127808 4 1238.6 1415.058 1456.583 236.87113195746483 243.8221359124502 278.5584240271274 59.217782989366206 60.95553397811255 69.63960600678185
43127808 8 968.367 1065.35 1177.733 585.9094786339517 647.7166452339607 712.5861661952545 146.47736965848793 161.92916130849017 178.14654154881362
43127808 16 1065.075 1156.65 1292.316 1067.9198090869415 1193.1784515627023 1295.7677684670093 266.9799522717354 298.2946128906756 323.94194211675233

47440512 1 1200.467 1256.934 1392.05 68.15920692503862 75.4860828014836 79.0367615269724 17.039801731259654 18.8715207003709 19.7591903817431
47440512 2 1711.783 1745.608 1775.675 106.86755628141411 108.7082827301433 110.856369060798 26.716889070353528 27.177070682535824 27.7140922651995
47440512 4 1426.608 1679.883 1690.15 224.55054048457237 225.92293391861216 266.0325022711214 56.13763512114309 56.48073347965304 66.50812556778035
47440512 8 1190.475 1400.208 1428.808 531.2457601021271 542.0967399129272 637.601118881119 132.81144002553177 135.5241849782318 159.40027972027974
47440512 16 1164.809 1241.717 1406.717 1079.1768237676802 1222.5784007144944 1303.3006990845709 269.79420594192004 305.6446001786236 325.8251747711427

52184448 1 1382.975 1461.075 1481.792 70.4342417829223 71.43294902725732 75.46694336484754 17.608560445730575 17.85823725681433 18.866735841211884
52184448 2 1924.633 2056.542 2109.892 98.93292737258591 101.49940628491908 108.45589366907873 24.733231843146477 25.37485157122977 27.113973417269683
52184448 4 1960.017 2053.241 2161.867 193.10881936770394 203.3251742002035 212.99589952536127 48.277204841925986 50.83129355005087 53.24897488134032
52184448 8 1630.016 1765.592 2042.058 408.8773031911925 472.90153557560296 512.2349522949468 102.21932579779812 118.22538389390074 128.0587380737367
52184448 16 1435.5 1616.083 1708.484 977.4176029743329 1033.3023341004143 1163.2896802507837 244.35440074358323 258.3255835251036 290.8224200626959

57402880 1 718.759 1663.2 1789.15 64.16776681664479 69.02703222703222 159.72775297422362 16.041941704161196 17.256758056758056 39.931938243555905
57402880 2 2329.984 2458.959 2586.833 88.76163246719058 93.37753089823785 98.54639345162887 22.190408116797645 23.344382724559463 24.63659836290722
57402880 4 812.167 2448.692 2536.05 181.078070227322 187.53809789062896 565.4293267271387 45.2695175568305 46.88452447265724 141.35733168178467
57402880 8 1657.975 2061.4 2144.909 428.1981566583944 445.5448142039391 553.9565313107859 107.0495391645986 111.38620355098477 138.48913282769647
57402880 16 1121.725 1596.375 2107.05 871.7838494577727 1150.664574426435 1637.560150660813 217.94596236444318 287.6661436066087 409.39003766520324

63143168 1 1863.95 1914.826 2129.692 59.29793416137169 65.95185985567356 67.75199763942166 14.824483540342923 16.48796496391839 16.937999409855415
63143168 2 2711.041 2764.942 2806.559 89.99371543587716 91.34827131997706 93.16446044157945 22.49842885896929 22.837067829994265 23.291115110394863
63143168 4 2557.408 2803.809 2878.791 175.47135029948333 180.16396409313188 197.5223914213141 43.86783757487083 45.04099102328297 49.380597855328524
63143168 8 1952.041 2177.359 2468.308 409.30495221828073 463.9982143505045 517.5560800208602 102.32623805457018 115.99955358762612 129.38902000521506
63143168 16 1547.7 1649.175 4247.283 475.7350466168607 1225.2073770218444 1305.5381378820184 118.93376165421517 306.3018442554611 326.3845344705046

69457408 1 2251.7 2344.65 5049.367 27.51133280666666 59.247570426289634 61.69330550250922 6.877833201666665 14.811892606572409 15.423326375627305
69457408 2 2948.184 3306.692 3520.459 78.91858192355032 84.02041435972869 94.23754826700096 19.72964548088758 21.005103589932173 23.55938706675024
69457408 4 1728.467 3089.442 3865.767 143.73842603550602 179.85748364915088 321.47519391460753 35.934606508876506 44.96437091228772 80.36879847865188
69457408 8 1004.483 2699.767 3041.133 365.4291107952201 411.63497738878954 1106.3587218499467 91.35727769880502 102.90874434719738 276.5896804624867

76403072 1 2000.442 2589.125 2625.15 58.20853817877074 59.018449862405255 76.38619065186595 14.552134544692684 14.754612465601314 19.096547662966486
76403072 2 3233.725 3471.325 3848.167 79.41762610614353 88.03908824440236 94.50781621813853 19.854406526535882 22.00977206110059 23.626954054534632
76403072 4 2390.575 3214.384 3603.875 169.602046685859 190.15294252335752 255.68098721019004 42.40051167146475 47.53823563083938 63.92024680254751
76403072 8 1192.308 2098.25 2808.942 435.1991433073378 582.6041472655785 1025.279669347182 108.79978582683445 145.65103681639462 256.3199173367955

84043264 1 2835.984 2883.1 3037.192 55.342740267984375 58.300623634282545 59.2692088530824 13.835685066996094 14.575155908570636 14.8173022132706
84043264 2 2814.625 3723.042 4069.175 82.61454864929622 90.295262852259 119.43795567793225 20.653637162324056 22.57381571306475 29.859488919483063
84043264 4 1697.025 2746.15 3494.15 192.42050627477354 244.83226043733956 396.19104727390584 48.105126568693386 61.20806510933489 99.04776181847646
84043264 8 1453.65 1591.517 2292.492 586.5635404616461 844.912259184162 925.0453850651808 146.64088511541152 211.2280647960405 231.2613462662952

92447488 1 3133.167 3152.6 3170.292 58.32111868559741 58.648409566706846 59.01216756080987 14.580279671399353 14.662102391676711 14.753041890202468
92447488 2 3450.15 4103.642 4739.625 78.02093034786508 90.1126248342326 107.18083329710302 19.50523258696627 22.52815620855815 26.795208324275755
92447488 4 1943.884 3159.384 4166.983 177.48570224548553 234.08990613360072 380.46504009498506 44.37142556137138 58.52247653340018 95.11626002374626
92447488 8 1998.883 2125.933 2482.7 595.7867676320135 695.769719930026 739.9931901967249 148.94669190800337 173.9424299825065 184.99829754918122

101692160 1 2955.609 3443.275 3513.217 57.891192032829174 59.067114883359594 68.81299928373475 14.472798008207294 14.766778720839898 17.20324982093369
101692160 2 2710.859 4380.383 4650.8 87.46207964221209 92.86143243638742 150.05156668052453 21.865519910553022 23.215358109096854 37.51289167013113
101692160 4 2054.892 2788.683 3889.508 209.16200198071326 291.7281311644242 395.90269464283284 52.290500495178314 72.93203279110605 98.97567366070821
101692160 8 2931.958 3360.225 3517.708 462.5382663939133 484.2159557767709 554.9447024820955 115.63456659847833 121.05398894419272 138.73617562052388

111861376 1 3570.601 3781.525 3819.842 58.568587915416394 59.16204494218602 62.656889414415105 14.642146978854099 14.790511235546505 15.664222353603776
111861376 2 3922.876 5077.784 5689.751 78.64061256810712 88.11826261219463 114.06057800450485 19.66015314202678 22.029565653048657 28.515144501126212
111861376 4 3510.833 4094.2 4455.825 200.83621057828796 218.57530360021494 254.89421114590183 50.20905264457199 54.643825900053734 63.72355278647546
111861376 8 4656.85 4724.5 5089.7 351.6478409336503 378.8299324796274 384.3331900318885 87.91196023341257 94.70748311990685 96.08329750797212

123047424 1 4094.475 4169.642 4197.967 58.622387455642226 59.02061807704355 60.10412763541113 14.655596863910556 14.755154519260888 15.026031908852783
123047424 2 4504.134 5957.05 6089.967 80.81976404798253 82.62305940020647 109.27510060757518 20.204941011995633 20.655764850051618 27.318775151893796
123047424 4 4678.392 5576.359 5812.034 169.36917299520272 176.5272630402741 210.4097715625369 42.34229324880068 44.13181576006853 52.60244289063422
123047424 8 6528.683 6790.851 7296.758 269.81281056600756 289.91341203039207 301.5552729394274 67.45320264150189 72.47835300759802 75.38881823485686

135352064 1 4543.825 4629.992 6165.316 43.90758365021355 58.4675152786441 59.576266251451145 10.976895912553388 14.616878819661025 14.894066562862786
135352064 2 4112.717 6116.092 6529.783 82.91366742202612 88.52192805471206 131.64247770999077 20.72841685550653 22.130482013678016 32.91061942749769
135352064 4 6451.042 6565.808 7189.692 150.6068009589284 164.9174803771295 167.8514125314949 37.6517002397321 41.22937009428237 41.962853132873725

148887168 1 4613.767 5099.417 5169.267 57.604750538132386 58.39379991869658 64.54039313211959 14.401187634533096 14.598449979674145 16.135098283029897
148887168 2 5982.717 6899.75 7643.075 77.92003506442106 86.31452907714048 99.54485094314172 19.480008766105264 21.57863226928512 24.88621273578543
148887168 4 7072.359 7843.825 8183.817 145.54300810978543 151.85159587318685 168.41584879953066 36.38575202744636 37.96289896829671 42.103962199882666

163775872 1 4067.708 5568.017 5613.941 58.346132244710084 58.82736062048661 80.52489116721259 14.586533061177521 14.706840155121652 20.131222791803147
163775872 2 7394.2 8134.959 8330.667 78.63757943991759 80.5294148378621 88.59693922263395 19.659394859979397 20.132353709465526 22.149234805658487
163775872 4 8988.925 9473.291 9588.333 136.64596087766245 138.30536568548354 145.7579161023148 34.16149021941561 34.576341421370884 36.4394790255787

180153344 1 5896.458 6015.534 6130.209 58.77559606858428 59.89604380924454 61.10561425181016 14.69389901714607 14.974010952311135 15.27640356295254
180153344 2 8775.25 9233.95 9402.708 76.63891891569959 78.03955793566132 82.11884288196917 19.159729728924898 19.50988948391533 20.529710720492293
180153344 4 10736.733 11073.425 11856.9 121.55173375840228 130.15185021797683 134.23326741942824 30.38793343960057 32.53796255449421 33.55831685485706

198168576 1 6607.333 6635.842 6713.942 59.0319594658399 59.72673128745381 59.98443729111277 14.757989866459974 14.931682821863452 14.996109322778192
198168576 2 9870.483 10055.558 10826.475 73.21628729572645 78.82946963261512 80.3075496913373 18.30407182393161 19.70736740815378 20.076887422834325
198168576 4 12418.634 12645.509 13167.183 120.40150182464997 125.36850893072001 127.65885587738556 30.100375456162492 31.342127232680003 31.91471396934639

217985408 1 7003.7 7270.175 7358.451 59.2476345904865 59.967031880250474 62.248642289075775 14.811908647621625 14.991757970062618 15.562160572268944
217985408 2 10950.592 11197.359 11446.05 76.17838747864984 77.87029352189208 79.6250679415323 19.04459686966246 19.46757338047302 19.906266985383073
217985408 4 10060.417 14503.5 16013.159 108.9031379754613 120.23878815458336 173.34105176753607 27.225784493865326 30.05969703864584 43.33526294188402

239783936 1 7404.559 7839.883 9732.251 49.27615122133615 61.17028430143664 64.76656773212288 12.319037805334037 15.29257107535916 16.19164193303072
239783936 2 11804.741 12023.458 12514.242 76.64353494202845 79.77203762844266 81.25004555373134 19.160883735507113 19.943009407110665 20.312511388432835
239783936 4 16390.642 16400.542 16633.283 115.32729215272776 116.96390814401134 117.03455471725879 28.83182303818194 29.240977036002835 29.258638679314696

263762304 1 8228.092 8567.075 8753.8 60.26235554844754 61.57581298167694 64.11262878441319 15.065588887111884 15.393953245419235 16.028157196103297
263762304 2 13572.075 13667.409 14019.775 75.2543615000954 77.19453014100917 77.73676582247003 18.81359037502385 19.298632535252292 19.43419145561751
263762304 4 18923.575 19047.508 19200.042 109.90071959217589 110.78081353214289 111.50633175813766 27.475179898043972 27.69520338303572 27.876582939534416

290138496 1 8743.901 9489.334 9775.883 59.3580131840776 61.15044448851732 66.3636278590071 14.8395032960194 15.28761112212933 16.590906964751774
290138496 2 15145.075 15664.184 16110.784 72.03584778990272 74.0896547180498 76.62913415747363 18.00896194747568 18.52241367951245 19.157283539368407

319152256 1 9644.892 10377.95 10745.534 59.40184191869851 61.50583805086747 66.18057641288259 14.850460479674627 15.376459512716867 16.545144103220647
319152256 2 17245.983 17755.284 18368.259 69.50081790549666 71.90023116498729 74.02355806566666 17.375204476374165 17.975057791246822 18.505889516416666

351067392 1 10650.842 11697.4 11874.867 59.12780193664484 60.02485885752389 65.92293679692177 14.78195048416121 15.006214714380972 16.480734199230444
351067392 2 19651.225 20005.884 20110.109 69.82903812207084 70.19282767009946 71.45964528928859 17.45725953051771 17.548206917524865 17.864911322322147

386174080 1 12570.342 12983.85 13043.8 59.21189837317346 59.48529596383199 61.442096006616204 14.802974593293365 14.871323990957997 15.360524001654051
386174080 2 22414.975 23221.642 26313.192 58.70425450473663 66.51968538658893 68.91358656433924 14.676063626184158 16.629921346647233 17.22839664108481

424791424 1 14058.551 14214.659 14418.433 58.923382866917635 59.76807801017245 60.43175061213634 14.730845716729409 14.942019502543113 15.107937653034085
424791424 2 25779.142 26284.409 26599.1 63.880570996763055 64.6453833525418 65.91242237619855 15.970142749190764 16.16134583813545 16.478105594049637

467270528 1 15648.509 15728.167 15862.55 58.91493208847254 59.4183070411193 59.72077314202905 14.728733022118135 14.854576760279825 14.930193285507263
467270528 2 28633.275 29666.45 29900.567 62.509922035926614 63.00322795615923 65.2765746146747 15.627480508981654 15.750806989039807 16.319143653668675

513997568 1 16702.492 17237.917 17288.976 59.459573314232145 59.63569357016859 61.54741076960252 14.864893328558036 14.908923392542148 15.38685269240063
513997568 2 31611.709 33181.684 34756.334 59.15440540996067 61.961601225543575 65.03888391481776 14.788601352490167 15.490400306385894 16.25972097870444

565397248 1 16949.442 18925.867 19658.009 57.52334816816902 59.748623193854215 66.71573589266244 14.380837042042256 14.937155798463554 16.67893397316561

621936896 1 20817.317 20912.742 21002.851 59.224044964181296 59.47923003114561 59.75187830401008 14.806011241045324 14.869807507786403 14.93796957600252

684130560 1 22968.0 23060.309 23159.4 59.08016269851551 59.33403234102371 59.572497387669806 14.770040674628877 14.833508085255927 14.893124346917451

752543616 1 25256.276 25386.625 29879.118 50.37254553497864 59.286621675784 59.59260312169537 12.59313638374466 14.821655418946 14.898150780423842

827797888 1 27865.567 27905.442 28103.534 58.91059024818729 59.328778092817885 59.413676240644946 14.727647562046823 14.832194523204471 14.853419060161237

910577664 1 30711.175 30775.342 30851.884 59.02898273570586 59.175794959484115 59.29943507534309 14.757245683926465 14.793948739871029 14.824858768835773

1001635328 1 33820.234 33903.376 34002.926 58.9146550505683 59.08764531296235 59.23290347429295 14.728663762642075 14.771911328240588 14.808225868573237

META_DATA
FLOPS          4
OPENMP_THREADS 16
ERT_VERSION  1.1.0
HOSTNAME  ('DESKTOP-1DMF7BU.localdomain', ['DESKTOP-1DMF7BU'], ['127.0.1.1'])
UNAME  uname_result(system='Linux', node='DESKTOP-1DMF7BU', release='6.6.87.2-microsoft-standard-WSL2', version='#1 SMP PREEMPT_DYNAMIC Thu Jun  5 18:30:46 UTC 2025', machine='x86_64')
TIMESTAMP_DATA  1765959751.7131426
CONFIG  {'ERT_MPI': ['False'], 'ERT_OPENMP': ['True'], 'ERT_OPENMP_CFLAGS': ['-fopenmp'], 'ERT_OPENMP_LDFLAGS': ['-fopenmp'], 'ERT_PRECISION': ['FP64'], 'ERT_TRIALS_MIN': ['1'], 'ERT_TRIALS': ['3', '#', 'Run', 'each', 'test', '3', 'times', 'to', 'filter', 'out', 'background', 'noise'], 'ERT_RESULTS': ['Results/7800X3D'], 'ERT_GNUPLOT': ['gnuplot'], 'ERT_DRIVER': ['driver1'], 'ERT_KERNEL': ['kernel1'], 'ERT_CC': ['g++'], 'ERT_LD': ['g++'], 'ERT_CFLAGS': ['-O3', '-march=native', '-fopenmp', '-fstrict-aliasing', '-funroll-loops', '-Wno-all'], 'ERT_LDFLAGS': ['-O3', '-march=native', '-fopenmp'], 'ERT_LDLIBS': ['-lm'], 'ERT_RUN': ['export', 'OMP_NUM_THREADS=ERT_OPENMP_THREADS;', './ERT_CODE'], 'ERT_WORKING_SET_MIN': ['128'], 'ERT_MEMORY_MAX': ['1073741824'], 'ERT_ALIGN': ['64'], 'ERT_MIN_PROCS': ['1'], 'ERT_MAX_PROCS': ['1'], 'ERT_OPENMP_THREADS': ['1,2,4,8,16', '#', 'Logical', 'Threads'], 'ERT_NUM_EXPERIMENTS': ['5'], 'ERT_FLOPS': ['1,2,4,8,16', '#', '16', 'for', 'AVX-51'], 'ERT_GPU': [False], 'ERT_HIP': [False], 'ERT_OCL': [False], 'ERT_SYCL': [False], 'ERT_WSS_MULT': [1.1]}
TIMESTAMP_DATA  1765959757.0529768
TIMESTAMP_DATA  1765959762.4679093
TIMESTAMP_DATA  1765959770.8059702
TIMESTAMP_DATA  1765959776.2019608
