fp64

12288 1 1.222 2.274 859.507 0.028593135367134884 10.807387862796833 20.111292962356792 0.0035741419208918605 1.3509234828496042 2.513911620294599
12288 2 0.481 0.491 1999.903 0.0245771919938117 100.10590631364562 102.18711018711018 0.0030721489992264627 12.513238289205702 12.773388773388772
12288 4 0.51 0.561 1999.712 0.049159078907362666 175.22994652406416 192.75294117647059 0.006144884863420333 21.90374331550802 24.094117647058823
12288 8 0.531 0.681 1999.933 0.09830729329432535 288.70484581497794 370.2598870056497 0.012288411661790668 36.08810572687224 46.282485875706215
12288 16 0.591 0.661 1999.703 0.1966372006242927 594.8804841149773 665.3401015228427 0.02457965007803659 74.36006051437217 83.16751269035534
12288 32 0.821 0.872 1999.562 0.3933021331671636 901.8715596330276 957.8952496954934 0.04916276664589545 112.73394495412845 119.73690621193667
12288 64 1.332 1.532 1999.753 0.786529136348339 1026.6736292428197 1180.8288288288288 0.09831614204354237 128.33420365535247 147.6036036036036
12288 128 2.324 2.495 2003.029 1.5704854997106883 1260.8128256513025 1353.5834767641998 0.19631068746383604 157.60160320641282 169.19793459552497
12288 256 4.408 4.618 2004.612 3.1384906405828157 1362.3767864876568 1427.2813067150635 0.39231133007285196 170.2970983109571 178.41016333938293
12288 512 8.596 9.147 2006.495 6.271090633168784 1375.6326664480157 1463.8101442531408 0.783886329146098 171.95408330600196 182.9762680316426
12288 1024 17.051 17.552 2011.655 12.510009917207475 1433.7866909753873 1475.9148437041815 1.5637512396509343 179.2233363719234 184.4893554630227
12288 2048 33.802 34.303 2027.293 24.82702204368091 1467.2666530624144 1489.0139045026922 3.1033777554601136 183.4083316328018 186.12673806283652
12288 4096 67.475 78.826 2044.966 49.224924032966804 1277.0316393068279 1491.8606298629122 6.1531155041208505 159.62895491335348 186.48257873286403
12288 8192 134.629 152.01 2084.168 96.59806311199482 1324.4299190842708 1495.417718322204 12.074757888999352 165.55373988553384 186.9272147902755
12288 16384 272.864 285.587 2180.376 184.67144382436788 1409.9142608031877 1475.6552128532896 23.083930478045986 176.23928260039847 184.4569016066612
12288 32768 537.893 575.764 2360.81 341.1144344525819 1398.6744013172063 1497.1497453954596 42.63930430657274 174.83430016465078 187.14371817443245
12288 65536 1082.359 1126.42 2706.918 594.9987166216339 1429.8509756573922 1488.0577848939215 74.37483957770424 178.73137195717402 186.0072231117402

13440 1 0.642 3.346 69.378 0.38744270518031654 8.03347280334728 41.86915887850467 0.04843033814753957 1.00418410041841 5.233644859813084
13440 2 0.48 0.551 0.601 89.45091514143095 97.56805807622504 112.00000000000001 11.18136439267887 12.19600725952813 14.000000000000002
13440 4 0.511 0.661 0.781 137.6696542893726 162.6626323751891 210.41095890410958 17.208706786171575 20.332829046898638 26.301369863013697
13440 8 0.551 0.561 0.692 310.75144508670525 383.3155080213904 390.2722323049002 38.843930635838156 47.9144385026738 48.78402903811252
13440 16 0.561 0.611 0.962 447.06860706860704 703.8952536824878 766.6310160427807 55.88357588357588 87.98690671031098 95.8288770053476
13440 32 0.951 0.972 1.503 572.2954091816368 884.9382716049383 904.4794952681389 71.5369261477046 110.61728395061729 113.05993690851736
13440 64 1.503 1.513 2.605 660.3915547024952 1137.025776602776 1144.5908183632737 82.5489443378119 142.128222075347 143.0738522954092
13440 128 2.475 2.635 4.919 699.4592396828624 1305.7457305502849 1390.1575757575758 87.4324049603578 163.2182163187856 173.76969696969698
13440 256 4.719 4.989 9.267 742.5574619618 1379.2904389657247 1458.2072472981563 92.819682745225 172.41130487071558 182.27590591226954
13440 512 9.347 9.618 18.183 756.8916020458671 1430.9170305676855 1472.403979886595 94.61145025573339 178.8646288209607 184.05049748582437
13440 1024 18.394 18.464 35.937 765.9270389848903 1490.7452339688043 1496.4183973034687 95.74087987311128 186.34315424610054 187.0522996629336
13440 2048 36.698 36.818 71.272 772.3964530250308 1495.199087402901 1500.088288190092 96.54955662812885 186.8998859253626 187.5110360237615
13440 4096 73.255 73.265 150.879 729.7269997812817 1502.7704906845015 1502.9756330625898 91.21587497266022 187.8463113355627 187.87195413282373
13440 8192 153.123 162.681 284.064 775.1808043257857 1353.5751562874582 1438.065868615427 96.89760054072322 169.19689453593227 179.75823357692838
13440 16384 292.41 301.888 383.158 1149.4002996153022 1458.8255246979013 1506.1110085154407 143.67503745191277 182.35319058723766 188.2638760644301
13440 32768 584.329 628.641 5730.482 153.70501818171664 1401.1237574386653 1507.376563545537 19.21312727271458 175.14046967983316 188.42207044319213
13440 65536 1172.946 1178.206 2718.179 648.0837649029 1495.16101598532 1501.865968254293 81.0104706128625 186.895126998165 187.73324603178662

14784 1 1.092 2.184 1721.94 0.017171330011498655 13.538461538461537 27.076923076923073 0.002146416251437332 1.692307692307692 3.384615384615384
14784 2 0.491 0.591 0.792 74.66666666666666 100.06091370558376 120.43991853360487 9.333333333333332 12.50761421319797 15.054989816700608
14784 4 0.521 0.531 0.661 178.928895612708 222.73446327683615 227.00959692898272 22.3661119515885 27.84180790960452 28.37619961612284
14784 8 0.561 0.591 0.681 347.34801762114535 400.24365482233503 421.6470588235294 43.41850220264317 50.03045685279188 52.705882352941174
14784 16 0.701 0.741 0.841 562.5303210463734 638.4453441295547 674.8758915834522 70.31629013079667 79.80566801619433 84.35948644793153
14784 32 0.922 0.981 1.002 944.2874251497004 964.5015290519877 1026.2212581344902 118.03592814371255 120.56269113149847 128.27765726681127
14784 64 1.553 1.593 1.733 1091.951529140219 1187.9171374764594 1218.5138441725692 136.49394114252738 148.48964218455743 152.31423052157115
14784 128 2.735 2.805 2.905 1302.8240963855421 1349.2705882352939 1383.8040219378427 162.85301204819277 168.65882352941173 172.97550274223033
14784 256 5.24 5.36 5.661 1337.1149973502916 1412.2029850746267 1444.5435114503816 167.13937466878644 176.52537313432833 180.5679389312977
14784 512 10.188 10.259 10.46 1447.3055449330782 1475.6619553562725 1485.9458186101292 180.91319311663477 184.45774441953407 185.74322732626615
14784 1024 20.198 20.318 24.485 1236.5788033489891 1490.1876168914262 1499.0410931775423 154.57235041862364 186.27345211142827 187.38013664719278
14784 2048 40.235 40.615 41.888 1445.6470588235295 1490.9581189215805 1505.0394929787499 180.7058823529412 186.36976486519757 188.12993662234373
14784 4096 80.279 81.651 99.764 1213.9702497895032 1483.270602931991 1508.6202867499596 151.7462812236879 185.4088253664989 188.57753584374495
14784 8192 160.236 160.356 160.616 1508.0755092892364 1510.520691461498 1511.6519134276941 188.50943866115455 188.81508643268725 188.95648917846177
14784 16384 320.492 320.692 331.572 1461.0465057363108 1510.6148952889375 1511.557580220411 182.63081321703885 188.8268619111172 188.94469752755137
14784 32768 640.052 643.528 5721.365 169.34494198499834 1505.5820787906664 1513.758607113172 21.168117748124793 188.1977598488333 189.2198258891465
14784 65536 1286.696 1289.091 2644.233 732.8281766395019 1503.2053190969452 1506.0033201315618 91.60352207993773 187.90066488711815 188.25041501644523

16224 1 2.886 3.387 3890.935 0.008339383721393444 9.58015943312666 11.243243243243242 0.0010424229651741805 1.1975199291408325 1.4054054054054053
16224 2 0.561 0.601 1623.087 0.03998306929942757 107.98003327787022 115.67914438502673 0.004997883662428446 13.497504159733777 14.459893048128341
16224 4 0.521 0.601 118.619 1.0941923300651666 215.96006655574044 249.12092130518235 0.13677404125814582 26.995008319467555 31.140115163147794
16224 8 0.571 0.582 17.302 15.003121026470929 446.02061855670104 454.6129597197899 1.875390128308866 55.75257731958763 56.82661996497374
16224 16 0.641 0.751 185.483 2.799005838810025 691.3022636484687 809.9344773790951 0.34987572985125315 86.41278295605859 101.24180967238689
16224 32 1.002 1.062 48.349 21.47585265465677 977.7175141242938 1036.263473053892 2.684481581832096 122.21468926553672 129.5329341317365
16224 64 1.643 1.743 35.566 58.389248158353475 1191.4354561101547 1263.9513085818623 7.298656019794184 148.92943201376934 157.9939135727328
16224 128 3.005 3.206 49.522 83.86866443196963 1295.4909544603868 1382.1444259567386 10.483583053996204 161.93636930754835 172.76805324459232
16224 256 3.727 5.89 7.063 1176.0849497380716 1410.3035653650254 2228.786691709149 147.01061871725895 176.28794567062818 278.59833646364365
16224 512 11.171 11.211 5353.086 3.1035137488917606 1481.8817233074658 1487.1878972339093 0.38793921861147007 185.23521541343322 185.89848715423867
16224 1024 22.171 23.273 2009.541 16.534498176449247 1427.6952691960641 1498.6582472599341 2.066812272056156 178.46190864950802 187.33228090749176
16224 2048 44.191 44.242 6008.646 11.059647048602963 1502.0456579720628 1503.7791405489804 1.3824558810753704 187.75570724650785 187.97239256862255
16224 4096 88.123 88.193 2247.1 59.146013973565935 1507.001780186636 1508.1988584138078 7.393251746695742 188.3752225233295 188.52485730172597
16224 8192 93.412 176.115 208.345 1275.8358299935203 1509.32070522102 2845.6088725217314 159.47947874919004 188.6650881526275 355.70110906521643
16224 16384 352.04 360.585 2177.822 244.1099557264092 1474.3487166687466 1510.135302806499 30.51374446580115 184.29358958359333 188.7669128508124
16224 32768 705.663 736.34 2349.859 452.47653752842194 1443.9743379417116 1506.7476458309418 56.55956719105274 180.49679224271395 188.34345572886772
16224 65536 1413.48 1415.514 2702.911 786.7488526259281 1502.2897180812058 1504.4515154087783 98.34360657824101 187.78621476015073 188.05643942609728

17760 1 1.292 2.815 2158.075 0.01645911286679101 12.61811722912966 27.492260061919502 0.002057389108348876 1.5772646536412076 3.436532507739938
17760 2 0.501 0.581 1999.512 0.03552866899523484 122.27194492254735 141.7964071856287 0.004441083624404355 15.283993115318419 17.72455089820359
17760 4 0.53 0.541 2000.103 0.07103634162840614 262.62476894639553 268.0754716981132 0.008879542703550767 32.82809611829944 33.50943396226415
17760 8 0.521 0.561 2001.165 0.14199728658056682 506.524064171123 545.4126679462572 0.017749660822570852 63.31550802139037 68.17658349328215
17760 16 0.661 0.781 485.286 1.171103225726685 727.6824583866837 859.7881996974281 0.1463879032158356 90.96030729833547 107.47352496217852
17760 32 0.982 1.152 117.638 9.662183988167088 986.6666666666666 1157.4745417515273 1.207772998520886 123.33333333333333 144.68431771894092
17760 64 1.593 1.863 1.934 1175.4291623578076 1220.2254428341384 1427.0433145009415 146.92864529472595 152.5281803542673 178.3804143126177
17760 128 3.286 3.546 11.541 393.9485313231089 1282.165820642978 1383.6153377967132 49.243566415388614 160.27072758037224 172.95191722458915
17760 256 6.222 6.262 6.652 1366.9753457606735 1452.111146598531 1461.4464802314367 170.87191822008418 181.51389332481637 182.68081002892959
17760 512 12.342 12.463 12.793 1421.5774251543812 1459.2184867206934 1473.5245503159942 177.69717814429765 182.40231084008667 184.19056878949928
17760 1024 24.255 24.335 25.116 1448.179646440516 1494.6570782823094 1499.5868893011752 181.0224558050645 186.83213478528867 187.4483611626469
17760 2048 48.369 49.772 51.845 1403.1239270903657 1461.5639315277667 1503.9583204118342 175.3904908862957 182.69549144097084 187.99479005147927
17760 4096 96.237 99.644 121.073 1201.6710579567698 1460.0971458391873 1511.7877739331027 150.20888224459623 182.5121432298984 188.97347174163784
17760 8192 192.255 192.265 213.574 1362.4310075196418 1513.4311497152369 1513.5098697042988 170.30387593995522 189.1788937144046 189.18873371303735
17760 16384 384.33 397.294 408.084 1426.0781603787455 1464.8086303845516 1514.2187182889704 178.25977004734318 183.10107879806895 189.2773397861213
17760 32768 770.783 774.57 794.518 1464.937685489819 1502.6651690615438 1510.0480420559352 183.11721068622737 187.83314613269297 188.7560052569919

19488 1 0.711 3.947 42.057 0.9267422783365433 9.874841651887511 54.81856540084389 0.11584278479206792 1.2343552064859389 6.852320675105486
19488 2 0.491 0.581 1.132 68.86219081272085 134.1686746987952 158.76171079429733 8.607773851590107 16.7710843373494 19.845213849287166
19488 4 0.481 0.621 5.25 29.696 251.0531400966184 324.12474012474013 3.712 31.3816425120773 40.515592515592516
19488 8 0.661 0.692 2.775 112.36324324324325 450.58959537572264 471.7216338880484 14.045405405405406 56.32369942196533 58.96520423600605
19488 16 0.741 0.882 20.658 30.187627069416205 707.047619047619 841.587044534413 3.7734533836770257 88.38095238095238 105.19838056680163
19488 32 1.092 1.222 24.105 51.74163036714375 1020.6481178396073 1142.1538461538462 6.467703795892969 127.58101472995091 142.76923076923077
19488 64 2.043 2.144 8.155 305.88154506437775 1163.4626865671642 1220.9809104258443 38.23519313304722 145.43283582089552 152.62261380323054
19488 128 3.667 3.987 50.012 99.75461889146605 1251.298720842739 1360.4930460867195 12.469327361433256 156.41234010534237 170.06163076083993
19488 256 7.043 7.113 16.391 608.739918247819 1402.7633909742724 1416.7053812295896 76.09248978097737 175.34542387178405 177.0881726536987
19488 512 13.435 14.016 14.297 1395.7971602434077 1423.7808219178082 1485.352586527726 174.47464503042596 177.97260273972603 185.66907331596576
19488 1024 26.819 27.35 32.22 1238.71582867784 1459.2842413162705 1488.1771878146092 154.83947858473 182.4105301645338 186.02214847682615
19488 2048 52.717 54.791 56.795 1405.4555506646711 1456.8605792922197 1514.1766033727263 175.6819438330839 182.10757241152746 189.27207542159078
19488 4096 106.517 110.154 129.069 1236.9019361736746 1449.2954953973529 1498.781377620474 154.61274202170932 181.1619369246691 187.34767220255924
19488 8192 210.199 216.94 226.107 1412.125197362311 1471.7958513874805 1518.995770674456 176.51564967028887 183.97448142343507 189.874471334307
19488 16384 420.026 432.158 438.129 1457.5222913799362 1477.6604482619782 1520.3410836472028 182.19028642249202 184.70755603274728 190.04263545590035
19488 32768 846.443 861.561 1288.66 991.0803221951484 1482.3855397354337 1508.861870202719 123.88504027439355 185.2981924669292 188.60773377533988

21408 1 2.394 4.138 705.653 0.0606757145509195 10.34702754954084 17.88471177944862 0.007584464318864938 1.293378443692605 2.2355889724310773
21408 2 0.541 0.671 2105.599 0.04066871232366656 127.61847988077496 158.28465804066542 0.00508358904045832 15.95230998509687 19.785582255083177
21408 4 0.561 0.652 0.671 255.2369597615499 262.6748466257668 305.283422459893 31.90461997019374 32.83435582822085 38.16042780748663
21408 8 0.581 0.701 0.762 449.51181102362204 488.6276747503567 589.5490533562823 56.188976377952756 61.078459343794584 73.69363166953529
21408 16 0.701 0.821 1.072 639.044776119403 834.4165651644337 977.2553495007134 79.88059701492537 104.30207064555421 122.15691868758917
21408 32 1.163 1.312 1.392 984.2758620689655 1044.2926829268292 1178.08426483233 123.03448275862068 130.53658536585365 147.26053310404126
21408 64 2.134 2.174 2.274 1205.023746701847 1260.4526218951241 1284.078725398313 150.62796833773086 157.55657773689052 160.50984067478913
21408 128 3.897 4.027 4.248 1290.1242937853108 1360.925751179538 1406.3248652809853 161.26553672316385 170.11571889744226 175.79060816012316
21408 256 7.414 7.724 8.075 1357.3865015479876 1419.0699119627134 1478.4051793903425 169.67331269349845 177.38373899533917 184.8006474237928
21408 512 14.567 14.717 15.168 1445.26582278481 1489.5557518516002 1504.8940756504428 180.65822784810126 186.19446898145003 188.11175945630535
21408 1024 28.973 29.043 30.116 1455.8236153539644 1509.6093378783182 1513.2566182307667 181.97795191924556 188.70116723478978 189.15707727884583
21408 2048 57.766 59.119 60.241 1455.6061154363306 1483.2315837547997 1517.9719558217637 181.95076442954132 185.40394796934996 189.74649447772046
21408 4096 115.373 118.809 121.885 1438.8508512122082 1476.103123500745 1520.0639317691312 179.85635640152603 184.51289043759311 190.0079914711414
21408 8192 230.265 239.402 249.361 1406.5899318658492 1465.1033491783694 1523.2391896293402 175.82374148323115 183.13791864729617 190.40489870366753
21408 16384 463.807 470.088 478.244 1466.8189125216416 1492.2681370296625 1512.476836270259 183.3523640652052 186.5335171287078 189.05960453378236
21408 32768 928.475 936.599 964.251 1455.009834576267 1497.9673136529077 1511.074275559385 181.87622932203337 187.24591420661346 188.8842844449231

23520 1 1.102 2.365 4.057 11.594774463889571 19.890063424947144 42.686025408348456 1.4493468079861964 2.486257928118393 5.335753176043557
23520 2 0.51 0.581 36.677 2.5650952913269895 161.92771084337352 184.47058823529412 0.3206369114158737 20.24096385542169 23.058823529411764
23520 4 0.541 0.591 0.641 293.5413416536661 318.3756345177665 347.80036968576707 36.692667706708264 39.796954314720814 43.47504621072088
23520 8 0.672 0.691 1.022 368.2191780821917 544.602026049204 559.9999999999999 46.027397260273965 68.0752532561505 69.99999999999999
23520 16 0.811 0.912 31.147 24.164124955854497 825.2631578947368 928.0394574599259 3.020515619481812 103.1578947368421 116.00493218249073
23520 32 1.322 1.403 2.214 679.8915989159891 1072.9009265858874 1138.6384266263237 84.98644986449864 134.11261582323593 142.32980332829047
23520 64 2.365 2.435 4.207 715.6073211314476 1236.3696098562627 1272.9640591966172 89.45091514143095 154.54620123203284 159.12050739957715
23520 128 4.338 4.408 8.155 738.3347639484979 1365.9528130671506 1387.9944674965423 92.29184549356223 170.74410163339383 173.49930843706778
23520 256 8.385 8.565 15.969 754.1010708247229 1405.9824868651488 1436.16457960644 94.26263385309036 175.7478108581436 179.520572450805
23520 512 15.989 16.461 31.839 756.4458682747573 1463.1237470384547 1506.3155919694786 94.55573353434467 182.89046837980683 188.28944899618483
23520 1024 31.708 31.949 35.125 1371.3582918149466 1507.6828695733823 1519.1421723224423 171.41978647686832 188.46035869667278 189.8927715403053
23520 2048 63.247 63.407 66.022 1459.179061524946 1519.3577996120302 1523.2014166679842 182.39738269061826 189.91972495150378 190.40017708349802
23520 4096 128.838 132.926 149.296 1290.562640660165 1449.4970133758634 1495.4892190192336 161.32033008252063 181.18712667198292 186.9361523774042
23520 8192 252.687 264.739 266.622 1445.3108895740036 1455.5909027381683 1525.0158496479833 180.66386119675045 181.94886284227104 190.6269812059979
23520 16384 510.222 514.651 531.671 1449.5869814227217 1497.5262070801377 1510.5255359431776 181.1983726778402 187.19077588501722 188.8156919928972
23520 32768 1015.325 1041.814 1395.867 1104.2647472860954 1479.5411848948083 1518.1412060177772 138.03309341076192 184.94264811185104 189.76765075222215

25824 1 1.362 3.767 2103.945 0.024548170223080923 13.71064507565702 37.920704845814974 0.0030685212778851154 1.7138306344571275 4.740088105726872
25824 2 0.521 0.611 4977.872 0.020751035783965515 169.06055646481178 198.2648752399232 0.0025938794729956894 21.132569558101473 24.7831094049904
25824 4 0.581 0.632 4005.206 0.051580867500947515 326.88607594936707 355.58003442340794 0.006447608437618439 40.860759493670884 44.44750430292599
25824 8 0.651 0.701 3992.142 0.10349932442282865 589.4208273894437 634.6912442396313 0.012937415552853581 73.67760342368047 79.33640552995391
25824 16 0.882 0.941 3998.023 0.20669415858788207 878.1806588735387 936.9251700680272 0.025836769823485258 109.77258235919234 117.1156462585034
25824 32 1.383 1.493 3998.844 0.413303444695517 1106.9899531145343 1195.0368763557483 0.051662930586939625 138.37374413931678 149.37960954446854
25824 64 2.495 2.634 3998.795 0.8266170183767859 1254.9248291571753 1324.8384769539077 0.10332712729709824 156.8656036446469 165.60480961923847
25824 128 4.578 4.799 3998.594 1.6533171409750524 1377.5669931235673 1444.0681520314547 0.20666464262188156 172.1958741404459 180.50851900393184
25824 256 8.876 9.057 3998.884 3.3063944840610526 1459.8529314342497 1489.622352410996 0.4132993105076316 182.48161642928122 186.2027940513745
25824 512 17.633 18.284 3998.865 6.612820387785034 1446.2795887114416 1499.675381387172 0.8266025484731292 180.7849485889302 187.4594226733965
25824 1024 34.914 36.157 3999.425 13.2237889196572 1462.719584036286 1514.7949819556625 1.65297361495715 182.83994800453576 189.3493727444578
25824 2048 69.258 69.479 3999.165 26.449297290809458 1522.403949394781 1527.2618903231396 3.3061621613511822 190.30049367434762 190.90773629039245
25824 4096 138.446 143.626 2405.662 87.9384585199417 1472.924178073608 1528.034092714849 10.992307314992713 184.115522259201 191.00426158935613
25824 8192 279.637 288.873 4999.512 84.62834292626961 1464.6589193174855 1513.0344553832288 10.578542865783701 183.08236491468568 189.1293069229036
25824 16384 554.704 569.311 3997.652 211.6744609085533 1486.3595328388171 1525.499783668407 26.459307613569162 185.79494160485214 190.68747295855087
25824 32768 1121.992 1152.197 4047.464 418.13878122201953 1468.8474835466504 1508.3901346890173 52.26734765275244 183.6059354433313 188.54876683612716

28320 1 2.224 3.927 2188.071 0.025885814491394477 14.42322383498854 25.467625899280574 0.0032357268114243097 1.8029029793735676 3.1834532374100717
28320 2 0.511 0.541 4001.47 0.028309596223387905 209.39001848428836 221.68297455968687 0.003538699527923488 26.173752310536045 27.71037181996086
28320 4 0.581 0.601 1995.675 0.11352549889135254 376.9717138103162 389.948364888124 0.014190687361419067 47.121464226289525 48.7435456110155
28320 8 0.682 0.762 1995.886 0.22702699452774355 594.6456692913385 664.398826979472 0.028378374315967944 74.33070866141732 83.049853372434
28320 16 0.942 1.042 1997.749 0.4536305611966268 869.7120921305183 962.0382165605096 0.05670382014957835 108.71401151631478 120.2547770700637
28320 32 1.493 1.643 1003.823 1.8055772780659538 1103.1527693244066 1213.985264567984 0.22569715975824423 137.89409616555082 151.748158070998
28320 64 2.715 2.836 1001.85 3.6182662075160947 1278.194640338505 1335.1602209944751 0.45228327593951184 159.77433004231312 166.8950276243094
28320 128 5.079 5.37 2007.226 3.611910168560989 1350.0782122905027 1427.4305965741287 0.45148877107012364 168.75977653631284 178.42882457176609
28320 256 9.878 10.149 2009.25 7.216543486375513 1428.6964232929354 1467.8922858878316 0.9020679357969391 178.58705291161692 183.48653573597895
28320 512 19.125 19.957 2003.43 14.475015348677019 1453.108182592574 1516.323137254902 1.8093769185846273 181.63852282407174 189.54039215686274
28320 1024 38.321 39.583 1022.248 56.737073586839976 1465.2593284996085 1513.5137392030479 7.092134198354997 183.15741606245106 189.18921740038098
28320 2048 75.8 76.011 1043.096 111.20617853006817 1526.0780676481036 1530.3261213720316 13.900772316258521 190.75975845601295 191.29076517150395
28320 4096 151.44 154.755 2485.751 93.33092493978681 1499.1272656780072 1531.94294770206 11.666365617473351 187.3909082097509 191.4928684627575
28320 8192 302.579 313.399 2184.965 212.35803777177208 1480.5244432815675 1533.4668962485828 26.54475472147151 185.06555541019594 191.68336203107285
28320 16384 607.582 623.271 2353.506 394.3009960458992 1488.9025159200412 1527.3489998057876 49.2876245057374 186.11281449000515 190.91862497572345
28320 32768 1222.097 1255.829 2710.455 684.7483245432962 1477.8919104432211 1518.6842942908788 85.59354056791203 184.73648880540264 189.83553678635985

31104 1 2.615 3.166 28.934 2.1499965438584363 19.648768161718255 23.788910133843206 0.26874956798230454 2.456096020214782 2.973613766730401
31104 2 0.521 0.561 2991.504 0.041589782263369866 221.7754010695187 238.80230326295586 0.005198722782921233 27.721925133689837 29.850287907869482
31104 4 0.571 0.692 991.551 0.2509522959484686 359.58381502890177 435.78283712784594 0.03136903699355857 44.94797687861272 54.47285464098074
31104 8 0.762 0.841 266.402 1.8680940833777524 591.7526753864447 653.1023622047244 0.23351176042221905 73.96908442330559 81.63779527559055
31104 16 1.001 1.072 1.212 821.2277227722772 928.4776119402984 994.3336663336664 102.65346534653465 116.0597014925373 124.2917082917083
31104 32 1.593 1.714 1.753 1135.5710211066742 1161.4095682613768 1249.6271186440677 141.94637763833427 145.1761960326721 156.20338983050846
31104 64 2.925 2.985 3.106 1281.8132646490662 1333.772864321608 1361.1323076923077 160.22665808113328 166.721608040201 170.14153846153846
31104 128 5.5 5.63 5.901 1349.3685815963395 1414.320426287744 1447.7498181818182 168.67107269954244 176.790053285968 180.96872727272728
31104 256 10.76 11.051 24.065 661.7597340536048 1441.0685005881821 1480.0416356877322 82.7199667567006 180.13356257352277 185.00520446096652
31104 512 20.909 21.229 3326.543 9.574653326290987 1500.3295492015639 1523.2912143096275 1.1968316657863733 187.54119365019548 190.41140178870344
31104 1024 22.291 42.629 43.09 1478.3242515664886 1494.3111966032513 2857.700058319501 184.79053144581107 186.78889957540642 357.2125072899376
31104 2048 83.054 85.889 453.127 281.16175818258455 1483.3329529974735 1533.965660895321 35.14521977282307 185.4166191246842 191.74570761191512
31104 4096 165.646 171.587 515.352 494.42704792064455 1484.9841071876076 1538.2440143438419 61.80338099008057 185.62301339845095 192.28050179298023
31104 8192 330.771 346.86 1882.456 270.7143943869073 1469.2035288012455 1540.6669145723174 33.839299298363414 183.6504411001557 192.58336432153968
31104 16384 664.728 679.445 1686.865 604.2071369078142 1500.0711934004958 1533.2825937827201 75.52589211347677 187.50889917506197 191.66032422284002
31104 32768 1331.569 1345.995 1371.883 1485.86413272852 1514.4422854468257 1530.8495046069713 185.733016591065 189.30528568085322 191.35618807587142

34176 1 2.875 3.386 30.416 2.247238295633877 20.186650915534553 23.774608695652173 0.2809047869542346 2.523331364441819 2.9718260869565216
34176 2 0.531 0.551 0.611 223.7381342062193 248.1016333938294 257.44632768361583 27.967266775777414 31.012704174228674 32.18079096045198
34176 4 0.631 0.641 0.881 310.3382519863791 426.5335413416537 433.2931854199683 38.792281498297385 53.31669266770671 54.16164817749604
34176 8 0.731 0.811 1.052 519.787072243346 674.2490752157829 748.0383036935705 64.97338403041825 84.28113440197286 93.50478796169631
34176 16 1.062 1.182 1.784 613.0224215246636 925.2385786802031 1029.7853107344633 76.62780269058295 115.65482233502539 128.72316384180792
34176 32 1.823 1.914 3.206 682.2407985028073 1142.7711598746082 1199.815688425672 85.2800998128509 142.84639498432603 149.976961053209
34176 64 3.186 3.236 6.092 718.0774786605384 1351.831891223733 1373.0470809792844 89.7596848325673 168.97898640296663 171.63088512241055
34176 128 6.161 6.382 11.762 743.8408433939805 1370.8956439987464 1420.0707677325108 92.98010542424757 171.3619554998433 177.50884596656385
34176 256 11.652 11.762 23.042 759.4007464629806 1487.681686787961 1501.7260556127703 94.92509330787257 185.96021084849514 187.7157569515963
34176 512 23.674 23.965 45.725 765.3630180426462 1460.3056123513459 1478.2556390977443 95.67037725533078 182.53820154391823 184.78195488721803
34176 1024 45.924 47.397 91.199 767.4694678669723 1476.727387809355 1524.093023255814 95.93368348337154 184.59092347616937 190.51162790697674
34176 2048 91.068 94.504 181.796 770.0108693260578 1481.2589520020315 1537.1469231782844 96.25135866575722 185.15736900025394 192.14336539728555
34176 4096 181.776 188.288 363.17 770.9056144505328 1486.9231815091773 1540.1911803538421 96.3632018063166 185.86539768864716 192.52389754423027
34176 8192 363.171 374.602 736.14 760.6427907734941 1494.7586611924123 1541.8069834871178 95.08034884668676 186.84483264905154 192.72587293588973
34176 16384 731.842 739.776 800.398 1399.1528814414828 1513.8084609395278 1530.2198671297901 174.89411018018535 189.22605761744097 191.27748339122377

37536 1 2.865 3.947 4.419 16.988458927359133 19.0200152014188 26.203141361256545 2.1235573659198916 2.37750190017735 3.275392670157068
37536 2 0.551 0.561 0.702 213.88034188034192 267.6363636363636 272.49364791288565 26.73504273504274 33.45454545454545 34.061705989110706
37536 4 0.602 0.761 0.792 379.1515151515152 394.5965834428384 498.8172757475083 47.3939393939394 49.3245729303548 62.352159468438536
37536 8 0.782 0.841 0.922 651.3839479392625 714.1212841854936 768.0 81.42299349240781 89.2651605231867 96.0
37536 16 1.132 1.152 1.293 928.9651972157774 1042.6666666666667 1061.0883392226149 116.12064965197217 130.33333333333334 132.63604240282686
37536 32 2.004 2.053 2.094 1147.2320916905446 1170.1432050657575 1198.754491017964 143.40401146131808 146.26790063321968 149.8443113772455
37536 64 3.466 3.546 3.797 1265.3695022386094 1354.937394247039 1386.211194460473 158.17118777982617 169.36717428087988 173.27639930755913
37536 128 6.613 6.702 6.873 1398.1108686163248 1433.7833482542524 1453.0796915167095 174.7638585770406 179.22291853178154 181.6349614395887
37536 256 12.824 12.924 13.195 1456.4935202728307 1487.0343546889508 1498.630068621335 182.06169003410383 185.87929433611885 187.3287585776669
37536 512 25.207 25.598 26.018 1477.3181643477592 1501.5573091647786 1524.8488118379814 184.6647705434699 187.69466364559733 190.60610147974768
37536 1024 51.324 51.565 69.959 1098.8397204076673 1490.8121400174539 1497.8124853869535 137.3549650509584 186.35151750218174 187.2265606733692
37536 2048 100.055 103.552 110.314 1393.7256921152348 1484.7367119901112 1536.6294138223977 174.21571151440435 185.5920889987639 192.07867672779972
37536 4096 202.614 205.51 225.947 1360.9161086449478 1496.2527954844047 1517.639018034292 170.11451358061848 187.0315994355506 189.7048772542865
37536 8192 411.711 414.685 417.131 1474.33258137132 1483.0288628718185 1493.7415420039786 184.291572671415 185.37860785897732 186.71769275049732
37536 16384 802.021 818.592 952.94 1290.7209771863916 1502.5551776709278 1533.6003022364753 161.34012214829895 187.81939720886598 191.7000377795594

41280 1 3.336 4.007 5.72 14.433566433566433 20.60394309957574 24.74820143884892 1.8041958041958042 2.5754928874469676 3.093525179856115
41280 2 0.521 0.561 0.841 196.33769322235435 294.331550802139 316.9289827255278 24.542211652794293 36.79144385026738 39.61612284069098
41280 4 0.621 0.691 0.701 471.09843081312414 477.91606367583216 531.7874396135265 58.88730385164052 59.73950795947902 66.47342995169082
41280 8 0.801 0.912 0.961 687.2840790842872 724.2105263157895 824.5692883895131 85.9105098855359 90.52631578947368 103.07116104868913
41280 16 1.212 1.252 1.423 928.2923401264933 1055.0798722044728 1089.9009900990097 116.03654251581166 131.8849840255591 136.23762376237622
41280 32 2.093 2.224 2.445 1080.5398773006134 1187.913669064748 1262.264691829909 135.06748466257667 148.4892086330935 157.78308647873862
41280 64 3.868 3.887 3.948 1338.3586626139816 1359.3619758168252 1366.039296794209 167.2948328267477 169.92024697710315 170.7549120992761
41280 128 7.303 7.353 7.544 1400.8059384941675 1437.1929824561403 1447.0327262768724 175.10074231177094 179.64912280701753 180.87909078460905
41280 256 14.126 14.437 14.557 1451.9035515559524 1463.9717392810142 1496.2027467081975 181.48794394449405 182.99646741012677 187.0253433385247
41280 512 27.611 28.452 48.659 868.7132904498654 1485.6853648249682 1530.9376697692946 108.58916130623318 185.71067060312103 191.36720872116183
41280 1024 55.022 55.101 56.986 1483.5475379917873 1534.2995589916698 1536.5024899131256 185.4434422489734 191.78744487395872 192.0628112391407
41280 2048 109.653 111.236 112.628 1501.2508434847462 1520.0373979646877 1541.9813411397772 187.65635543559327 190.00467474558596 192.74766764247215
41280 4096 219.005 224.294 238.731 1416.5138168063636 1507.6897286597055 1544.1006369717586 177.06422710079545 188.46121608246318 193.01257962146983
41280 8192 437.749 449.1 454.188 1489.10037253296 1505.9708750835002 1545.0212793175997 186.13754656662 188.24635938543753 193.12765991469996
41280 16384 889.843 901.405 902.857 1498.2029712346473 1500.6163045467908 1520.114267348285 187.2753714043309 187.57703806834886 190.01428341853563

45408 1 3.106 5.38 379.651 0.2392091684204704 16.880297397769517 29.238892466194464 0.0299011460525588 2.1100371747211897 3.654861558274308
45408 2 0.581 0.681 1995.354 0.09102745678210483 266.7136563876652 312.61962134251297 0.011378432097763104 33.33920704845815 39.07745266781412
45408 4 0.662 0.682 2000.394 0.18159622554356794 532.6451612903226 548.7371601208459 0.022699528192945993 66.58064516129032 68.59214501510574
45408 8 0.892 0.992 1282.088 0.5666756104105178 732.3870967741937 814.493273542601 0.07083445130131473 91.5483870967742 101.81165919282512
45408 16 1.312 1.333 6.041 240.5323621916901 1090.0645161290324 1107.5121951219512 30.066545273961264 136.25806451612905 138.4390243902439
45408 32 2.124 2.334 2.424 1198.891089108911 1245.120822622108 1368.225988700565 149.86138613861388 155.6401028277635 171.02824858757063
45408 64 4.178 4.248 4.508 1289.3132209405503 1368.225988700565 1391.1498324557206 161.1641526175688 171.02824858757063 173.89372905696507
45408 128 7.925 8.055 8.255 1408.1705632949727 1443.1344506517692 1466.8073186119875 176.02132041187159 180.39180633147114 183.35091482649844
45408 256 15.498 15.789 42.448 547.7029777610253 1472.474254227627 1500.122338366241 68.46287222012816 184.05928177845337 187.5152922957801
45408 512 30.366 30.556 31.107 1494.7694088147364 1521.7237858358424 1531.2452084568267 186.84617610184205 190.2154732294803 191.40565105710334
45408 1024 60.713 61.603 62.285 1493.0654892831344 1509.5950521890168 1531.7244082815873 186.6331861603918 188.6993815236271 191.46555103519842
45408 2048 120.863 123.558 126.674 1468.2663214234965 1505.2944204341281 1538.859435890223 183.53329017793706 188.16180255426602 192.35742948627788
45408 4096 241.396 247.076 259.93 1431.0865848497672 1505.538117826094 1540.9631311206485 178.8858231062209 188.19226472826176 192.62039139008107
45408 8192 485.707 492.53 501.476 1483.5499046813804 1510.496156579295 1531.7149474889184 185.44373808517255 188.81201957241188 191.4643684361148
45408 16384 980.801 984.858 1217.629 1221.9890820602993 1510.805967966956 1517.0552884835965 152.74863525753742 188.8507459958695 189.63191106044957

49920 1 3.146 5.01 5.881 16.976704642067677 19.928143712574855 31.735537190082646 2.1220880802584596 2.491017964071857 3.9669421487603307
49920 2 0.591 0.601 0.621 321.5458937198068 332.2462562396007 337.8680203045686 40.19323671497585 41.53078202995009 42.23350253807107
49920 4 0.691 0.781 0.791 504.87989886219975 511.3444302176697 577.9450072358901 63.10998735777497 63.91805377720871 72.24312590448626
49920 8 0.922 1.002 1.022 781.5264187866927 797.1257485029939 866.2906724511931 97.69080234833659 99.64071856287424 108.28633405639914
49920 16 1.412 1.523 1.593 1002.7871939736347 1048.8772160210112 1131.331444759207 125.34839924670433 131.1096520026264 141.41643059490087
49920 32 2.444 2.474 2.625 1217.097142857143 1291.3823767178658 1307.2340425531918 152.13714285714286 161.42279708973322 163.40425531914897
49920 64 4.539 4.559 4.789 1334.2576738358741 1401.5705198508447 1407.746199603437 166.78220922948427 175.19631498135558 175.96827495042962
49920 128 8.786 8.816 9.026 1415.8564148016842 1449.5825771324864 1454.5322103346234 176.98205185021052 181.1978221415608 181.81652629182793
49920 256 16.872 16.991 17.352 1472.9737206085756 1504.2693190512625 1514.879089615932 184.12171507607195 188.03366488140782 189.3598862019915
49920 512 33.552 33.883 34.423 1484.9978212241817 1508.6645220316973 1523.5479256080116 185.62472765302272 188.58306525396216 190.44349070100145
49920 1024 66.923 67.084 88.464 1155.6809549647314 1524.0021465625189 1527.668514561511 144.46011937059143 190.50026832031486 190.95856432018888
49920 2048 133.737 135.24 140.821 1452.0016190767005 1511.921916592724 1528.9136140335138 181.50020238458757 188.9902395740905 191.11420175418922
49920 4096 266.993 267.845 281.62 1452.115048647113 1526.7958707461405 1531.6680212589845 181.51438108088914 190.84948384326756 191.45850265737306
49920 8192 540.849 543.964 554.414 1475.2320107356597 1503.5724422939752 1512.2322126878296 184.40400134195747 187.9465552867469 189.0290265859787
49920 16384 1070.747 1076.899 1083.731 1509.3953757897489 1518.9711941416979 1527.6984759238176 188.6744219737186 189.87139926771223 190.9623094904772

54912 1 3.276 5.5 6.321 17.374466065495966 19.968 33.523809523809526 2.1718082581869957 2.496 4.190476190476191
54912 2 0.621 0.702 0.711 308.92827004219413 312.8888888888889 353.7004830917875 38.616033755274266 39.111111111111114 44.212560386473434
54912 4 0.721 0.791 0.921 476.9771986970684 555.3678887484197 609.2871012482664 59.62214983713355 69.42098609355246 76.1608876560333
54912 8 0.962 1.002 1.092 804.5714285714284 876.8383233532933 913.2972972972972 100.57142857142856 109.60479041916166 114.16216216216215
54912 16 1.513 1.633 1.713 1025.7933450087564 1076.0465401102265 1161.3906146728355 128.22416812609455 134.5058175137783 145.17382683410443
54912 32 2.765 2.795 2.855 1230.9520140105078 1257.3767441860466 1271.0191681735985 153.86900175131348 157.17209302325583 158.8773960216998
54912 64 5.019 5.03 5.11 1375.4864970645792 1397.3630218687872 1400.4255827854154 171.9358121330724 174.6703777335984 175.05319784817692
54912 128 9.548 9.728 9.888 1421.6699029126214 1445.0526315789475 1472.2949308755758 177.70873786407768 180.63157894736844 184.03686635944698
54912 256 18.525 18.844 18.955 1483.246847797415 1491.9838675440458 1517.6757894736843 185.40585597467688 186.49798344300572 189.70947368421054
54912 512 36.928 37.389 38.131 1474.6502320946213 1503.9152691968225 1522.6897746967072 184.33127901182766 187.9894086496028 190.3362218370884
54912 1024 73.426 74.418 75.088 1497.7063711911358 1511.190518422962 1531.6070056928063 187.21329639889197 188.89881480287025 191.4508757116008
54912 2048 146.791 149.536 164.574 1366.6773123336613 1504.1164134389044 1532.2434754174303 170.83466404170767 188.01455167986305 191.5304344271788
54912 4096 293.051 300.174 307.387 1463.4291755994886 1498.5944951927881 1535.0198566119889 182.92864694993608 187.32431189909852 191.8774820764986
54912 8192 587.475 592.074 601.721 1495.1750196519647 1519.5367606076268 1531.432329886378 186.8968774564956 189.94209507595335 191.42904123579726
54912 16384 1174.689 1188.745 1194.917 1505.842176485898 1513.6605546185262 1531.7725934268558 188.23027206073726 189.20756932731578 191.47157417835697

60384 1 4.108 5.39 7.203 16.76634735526864 22.405936920222636 29.398247322297962 2.09579341940858 2.8007421150278295 3.6747809152872453
60384 2 0.622 0.722 0.791 305.35524652338813 334.5373961218837 388.3215434083601 38.16940581542352 41.817174515235465 48.540192926045016
60384 4 0.781 0.872 1.032 468.093023255814 553.9816513761468 618.5300896286813 58.51162790697675 69.24770642201835 77.31626120358516
60384 8 0.952 1.062 1.183 816.6897717666948 909.7401129943504 1014.857142857143 102.08622147083685 113.7175141242938 126.85714285714288
60384 16 1.703 1.824 1.904 1014.857142857143 1059.3684210526317 1134.637698179683 126.85714285714288 132.42105263157896 141.82971227246037
60384 32 2.925 2.956 3.136 1232.3265306122448 1307.3667117726657 1321.222564102564 154.0408163265306 163.4208389715832 165.1528205128205
60384 64 5.46 5.62 5.671 1362.9257626520896 1375.2939501779358 1415.5956043956044 170.3657203315112 171.91174377224198 176.94945054945055
60384 128 10.429 10.559 28.592 540.6513710128708 1463.9931811724596 1482.2422092242787 67.58142137660884 182.99914764655745 185.28027615303483
60384 256 20.448 20.748 20.848 1482.95318495779 1490.1006362058993 1511.9624413145539 185.36914811972375 186.2625795257374 188.99530516431923
60384 512 40.485 41.226 63.117 979.6602500118828 1499.859700189201 1527.3117450907746 122.45753125148535 187.48246252365013 190.91396813634682
60384 1024 81.14 81.961 82.853 1492.6005334749498 1508.8448408389356 1524.111806753759 186.57506668436872 188.60560510486695 190.51397584421989
60384 2048 160.977 163.441 164.143 1506.8133517725398 1513.2853078480919 1536.4484615814683 188.35166897156748 189.16066348101148 192.05605769768354
60384 4096 321.614 322.976 337.513 1465.6197776085664 1531.5866442088577 1538.0727455894337 183.2024722010708 191.4483305261072 192.2590931986792
60384 8192 643.108 653.527 654.89 1510.6834063735896 1513.8340971375324 1538.3597405101477 188.8354257966987 189.22926214219154 192.29496756376847
60384 16384 1293.469 1296.544 1299.871 1522.1994428677922 1526.1054865858773 1529.7335398065204 190.27493035847402 190.76318582323466 191.21669247581505

66336 1 4.128 5.561 6.943 19.108742618464643 23.85757957201942 32.13953488372093 2.3885928273080803 2.9821974465024277 4.017441860465116
66336 2 0.671 0.782 0.972 272.98765432098764 339.3145780051151 395.44560357675107 34.123456790123456 42.41432225063939 49.430700447093884
66336 4 0.861 0.892 1.031 514.7313288069835 594.9417040358744 616.3623693379791 64.34141610087293 74.3677130044843 77.04529616724739
66336 8 1.112 1.173 1.252 847.7444089456868 904.8388746803068 954.4748201438847 105.96805111821085 113.10485933503836 119.30935251798559
66336 16 1.803 1.864 1.964 1080.8309572301423 1138.8154506437768 1177.3444259567389 135.1038696537678 142.3519313304721 147.16805324459236
66336 32 3.166 3.266 3.296 1288.0776699029127 1299.9093692590322 1340.967782691093 161.0097087378641 162.48867115737903 167.6209728363866
66336 64 5.951 6.122 6.322 1343.0888959190129 1386.9663508657302 1426.8203663249874 167.8861119898766 173.37079385821627 178.35254579062342
66336 128 11.551 11.631 11.782 1441.352571719572 1460.064998710343 1470.1771275214267 180.1690714649465 182.50812483879287 183.77214094017833
66336 256 22.382 22.571 24.295 1397.984441243054 1504.7641664082228 1517.4708247699043 174.74805515538176 188.09552080102785 189.68385309623804
66336 512 44.482 44.702 46.245 1468.8736944534544 1519.5754999776295 1527.0910480643856 183.6092118066818 189.9469374972037 190.8863810080482
66336 1024 88.543 89.976 92.26 1472.5355300238455 1509.9151773806348 1534.3519871700753 184.06694125298068 188.73939717257934 191.7939983962594
66336 2048 176.696 178.87 197.695 1374.4012544576242 1519.0487840330966 1537.7385792547652 171.80015680720302 189.88109800413707 192.21732240684565
66336 4096 352.881 354.445 369.973 1468.8220816113608 1533.1702013006247 1539.9653480918496 183.6027602014201 191.6462751625781 192.4956685114812
66336 8192 709.09 713.187 720.04 1509.4286761846565 1523.9327469513605 1532.7377681253436 188.67858452308207 190.49159336892006 191.59222101566795

72960 1 4.458 6.832 7.755 18.816247582205033 21.358313817330213 32.732166890982505 2.352030947775629 2.6697892271662766 4.091520861372813
72960 2 0.651 0.761 1.122 260.10695187165777 383.4954007884363 448.2949308755761 32.51336898395722 47.93692509855454 56.03686635944701
72960 4 0.821 0.892 1.002 582.5149700598803 654.3497757847534 710.937880633374 72.81437125748504 81.79372197309418 88.86723507917175
72960 8 1.212 1.312 1.393 838.0186647523332 889.7560975609756 963.1683168316832 104.75233309404165 111.21951219512195 120.3960396039604
72960 16 1.974 2.043 2.094 1114.9570200573069 1142.7900146842878 1182.7355623100304 139.36962750716336 142.84875183553598 147.8419452887538
72960 32 3.466 3.657 3.747 1246.1809447558048 1276.8498769483185 1347.2129255626082 155.7726180944756 159.60623461853982 168.40161569532603
72960 64 6.442 6.582 6.753 1382.9231452687695 1418.851412944394 1449.6864327848496 172.8653931585962 177.35642661804926 181.2108040981062
72960 128 12.623 12.703 12.854 1453.0698615217054 1470.3424387939858 1479.6609363859623 181.63373269021318 183.79280484924823 184.95761704824528
72960 256 24.515 24.846 36.107 1034.5783366106295 1503.482250664091 1523.782174179074 129.3222920763287 187.93528133301137 190.47277177238425
72960 512 48.75 48.931 50.122 1490.5837755875666 1526.8651774948398 1532.534153846154 186.32297194844583 190.85814718685498 191.56676923076924
72960 1024 99.123 99.984 109.402 1365.8075720736367 1494.459913586174 1507.441058079356 170.7259465092046 186.80748919827175 188.4301322599195
72960 2048 193.828 193.908 214.316 1394.4090035275015 1541.164676031933 1541.8007718183133 174.30112544093768 192.6455845039916 192.72509647728916
72960 4096 387.185 396.452 400.479 1492.4336107511258 1507.593151251602 1543.6763304363549 186.55420134389072 188.44914390645025 192.95954130454436
72960 8192 774.4 781.403 785.761 1521.298002827832 1529.7825065939087 1543.61652892562 190.162250353479 191.2228133242386 192.9520661157025

80256 1 3.898 6.452 9.507 16.88355948248659 24.87786732796032 41.17804002052335 2.1104449353108237 3.10973341599504 5.1472550025654185
80256 2 0.681 0.762 0.842 381.2636579572447 421.29133858267716 471.4008810572687 47.657957244655584 52.661417322834644 58.925110132158586
80256 4 0.882 0.961 1.163 552.0619088564058 668.1040582726326 727.9455782312925 69.00773860705073 83.51300728407908 90.99319727891157
80256 8 1.323 1.403 1.483 865.8772757923128 915.2501781895937 970.5941043083901 108.2346594740391 114.40627227369922 121.32426303854876
80256 16 2.194 2.284 2.534 1013.4932912391477 1124.427320490368 1170.5524156791248 126.68666140489346 140.553415061296 146.3190519598906
80256 32 3.716 3.857 3.947 1301.3387382822398 1331.7044334975367 1382.2346609257265 162.66734228527997 166.46305418719209 172.77933261571582
80256 64 7.113 7.213 7.233 1420.2637909581085 1424.2018577568278 1444.2243778996203 177.53297386976357 178.02523221960348 180.52804723745254
80256 128 13.966 14.026 14.277 1439.0653498634167 1464.8179095964638 1471.1109838178434 179.8831687329271 183.10223869955797 183.88887297723042
80256 256 27.0 27.06 37.079 1108.2033496048975 1518.5170731707317 1521.8915555555557 138.5254187006122 189.81463414634146 190.23644444444446
80256 512 53.689 54.571 57.135 1438.385297978472 1505.9673452932877 1530.7072957216562 179.798162247309 188.24591816166097 191.33841196520703
80256 1024 106.747 109.152 128.647 1277.637939477796 1505.829375549692 1539.75557158515 159.7047424347245 188.2286719437115 192.46944644814374
80256 2048 212.883 217.251 231.848 1417.8624616127806 1513.1280224256734 1544.1748566113781 177.23280770159758 189.14100280320918 193.02185707642226
80256 4096 425.565 433.551 436.797 1505.1778102871585 1516.4470892697743 1544.9041908991576 188.14722628589482 189.5558861587218 193.1130238623947
80256 8192 853.666 856.752 871.479 1508.8307394670437 1534.7665415429437 1540.3147179341802 188.60384243338046 191.84581769286797 192.53933974177252

88224 1 3.346 7.063 2048.283 0.08614434626465192 24.98201897210817 52.73401075911536 0.01076804328308149 3.122752371513521 6.59175134488942
88224 2 0.692 0.711 0.812 434.6009852216749 496.3375527426161 509.96531791907523 54.32512315270936 62.04219409282701 63.745664739884404
88224 4 0.922 1.022 1.212 582.3366336633663 690.5988258317025 765.5010845986985 72.79207920792079 86.32485322896281 95.68763557483732
88224 8 1.213 1.483 1.522 927.4533508541393 951.8435603506406 1163.7131079967023 115.93166885676742 118.98044504383007 145.4641384995878
88224 16 2.314 2.454 2.505 1127.0131736526948 1150.4352078239608 1220.0380293863439 140.87664670658685 143.8044009779951 152.50475367329298
88224 32 4.148 4.248 4.688 1204.4232081911264 1329.175141242938 1361.218900675024 150.5529010238908 166.14689265536725 170.152362584378
88224 64 7.884 7.954 8.115 1391.580036968577 1419.7475484033191 1432.353120243531 173.9475046210721 177.4684435504149 179.04414003044138
88224 128 15.048 15.228 15.559 1451.5935471431328 1483.1457840819542 1500.8867623604465 181.4491933928916 185.39322301024427 187.6108452950558
88224 256 29.625 29.955 30.567 1477.7599371871627 1507.9515272909366 1524.7489620253166 184.71999214839533 188.49394091136708 190.59362025316457
88224 512 58.818 60.522 60.802 1485.829018782277 1492.7030831763657 1535.9477710904825 185.72862734778462 186.5878853970457 191.99347138631032
88224 1024 117.266 121.044 121.594 1485.9512146980937 1492.7030831763657 1540.7940238432282 185.74390183726172 186.5878853970457 192.59925298040352
88224 2048 234.293 241.576 255.963 1411.788047491239 1495.866741729311 1542.3657727717004 176.47350593640488 186.98334271616386 192.79572159646256
88224 4096 468.105 480.036 483.673 1494.2554329061163 1505.5766817488689 1543.9506264620118 186.78192911326454 188.1970852186086 192.99382830775147
88224 8192 944.775 949.083 966.755 1495.1689062895975 1523.009068753734 1529.9537096134 186.8961132861997 190.37613359421675 191.244213701675

96960 1 5.631 8.697 10.61 18.277097078228085 22.297343911693687 34.43793287160362 2.2846371347785106 2.787167988961711 4.304741608950453
96960 2 0.731 0.732 0.862 449.93039443155453 529.8360655737705 530.5608755129958 56.24129930394432 66.22950819672131 66.32010943912448
96960 4 1.021 1.052 1.092 710.3296703296702 737.338403041825 759.7257590597454 88.79120879120877 92.16730038022813 94.96571988246818
96960 8 1.552 1.553 1.693 916.3378617838156 998.9439793947198 999.5876288659792 114.54223272297695 124.86799742433998 124.9484536082474
96960 16 2.515 2.615 2.695 1151.2875695732837 1186.5086042065006 1233.6858846918487 143.91094619666046 148.31357552581258 154.2107355864811
96960 32 4.609 4.659 32.701 189.76300418947432 1331.9253058596264 1346.3744847038402 23.72037552368429 166.4906632324533 168.29681058798002
96960 64 8.395 8.656 8.917 1391.822361780868 1433.789279112754 1478.365693865396 173.9777952226085 179.22365988909425 184.7957117331745
96960 128 16.631 16.77 16.821 1475.641162832174 1480.128801431127 1492.4995490349347 184.45514535402174 185.01610017889087 186.56244362936684
96960 256 32.5 33.222 36.428 1362.7846711320963 1494.2965504785984 1527.492923076923 170.34808389151203 186.7870688098248 190.93661538461538
96960 512 64.599 65.081 68.126 1457.4030472947184 1525.5918009864627 1536.9748757720704 182.1753809118398 190.69897512330783 192.1218594715088
96960 1024 129.649 131.634 148.725 1335.1761976802823 1508.5318382788641 1531.6283195396802 166.89702471003528 188.56647978485802 191.45353994246003
96960 2048 257.015 259.359 277.743 1429.912401032609 1531.2680878627696 1545.2333910472153 178.73905012907613 191.4085109828462 193.1541738809019
96960 4096 514.25 525.049 527.965 1504.4488176299562 1512.80417637211 1544.572328633933 188.05610220374453 189.10052204651376 193.07154107924163
96960 8192 1032.807 1037.356 1046.793 1517.5804958573472 1531.386177936986 1538.1311706833899 189.6975619821684 191.42327224212326 192.26639633542374

106656 1 6.022 9.037 11.131 19.16377683945737 23.6042934602191 35.422118897376286 2.395472104932171 2.9505366825273875 4.427764862172036
106656 2 0.861 0.912 0.951 448.6056782334385 467.7894736842105 495.49825783972125 56.07570977917981 58.473684210526315 61.937282229965156
106656 4 1.132 1.142 1.213 703.4196207749382 747.1523642732051 753.7526501766786 87.92745259686727 93.39404553415064 94.21908127208482
106656 8 1.553 1.774 1.904 896.2689075630253 961.9481397970687 1098.8383773341918 112.03361344537817 120.24351747463359 137.35479716677398
106656 16 2.755 2.865 2.906 1174.4638678596007 1191.2712041884818 1238.8355716878405 146.80798348245008 148.90890052356022 154.85444646098006
106656 32 4.999 5.049 5.09 1341.057760314342 1351.9477124183006 1365.4698939787959 167.63222003929275 168.99346405228758 170.68373674734949
106656 64 9.377 9.608 26.569 513.8307049569047 1420.895920066611 1455.8993281433295 64.22883811961309 177.6119900083264 181.9874160179162
106656 128 18.213 18.354 18.524 1473.9762470308788 1487.6286368094147 1499.1454455608632 184.24703087885985 185.95357960117684 187.3931806951079
106656 256 35.856 36.337 36.718 1487.2234871180347 1502.8172936676115 1522.9772423025433 185.90293588975433 187.85216170845143 190.37215528781792
106656 512 71.262 72.423 72.935 1497.439418660451 1508.0256824489456 1532.594426201903 187.1799273325564 188.5032103061182 191.57430327523787
106656 1024 141.993 142.063 144.837 1508.1193893825475 1537.5677551508838 1538.3257484523886 188.51492367281844 192.19596939386048 192.29071855654857
106656 2048 285.888 288.502 299.473 1458.7724970197646 1514.2459185724883 1528.091336467428 182.34656212747058 189.28073982156104 191.0114170584285
106656 4096 568.239 576.174 578.729 1509.7324516310741 1516.4272459361237 1537.602931161008 188.71655645388427 189.55340574201546 192.200366395126
106656 8192 1139.043 1144.172 1152.989 1515.5841937780845 1527.2632995738404 1534.1404178771127 189.44802422226056 190.90791244673005 191.76755223463908

117312 1 5.931 8.446 57.456 4.083542188805347 27.779303812455602 39.55892766818412 0.5104427736006684 3.4724129765569502 4.944865958523015
117312 2 0.751 0.811 0.851 551.4077555816687 578.6041923551171 624.8308921438083 68.92596944770858 72.32552404438964 78.10386151797604
117312 4 1.212 1.232 1.262 743.6576862123613 761.7662337662338 774.3366336633663 92.95721077654517 95.22077922077922 96.79207920792079
117312 8 1.784 1.874 1.944 965.530864197531 1001.5965848452507 1052.1255605381166 120.69135802469137 125.19957310565634 131.51569506726457
117312 16 2.946 3.046 3.186 1178.2749529190207 1232.4307288246882 1274.264765784114 147.2843691148776 154.05384110308603 159.28309572301424
117312 32 5.49 5.51 5.721 1312.3523859465129 1362.6076225045374 1367.5715846994535 164.0440482433141 170.32595281306718 170.9464480874317
117312 64 10.299 10.379 10.479 1432.9550529630692 1446.7613450236054 1457.999417419167 179.11938162038365 180.84516812795067 182.24992717739588
117312 128 19.977 20.257 20.437 1469.4853452072223 1482.5429234338746 1503.3224207839016 183.68566815090279 185.31786542923433 187.9153025979877
117312 256 39.814 40.064 57.987 1035.8139583009986 1499.1948881789137 1508.608630130105 129.47674478762482 187.39936102236422 188.57607876626312
117312 512 79.026 79.828 80.629 1489.8794230363765 1504.8289823119705 1520.1008275757347 186.23492787954706 188.10362278899632 190.01260344696684
117312 1024 156.008 157.891 159.374 1507.4916611241483 1521.6508604036965 1540.0170247679605 188.43645764051854 190.20635755046206 192.50212809599506
117312 2048 311.445 320.813 325.161 1477.7601003810419 1497.788281646941 1542.8404758464578 184.72001254763023 187.22353520586762 192.85505948080723
117312 4096 622.319 628.47 856.271 1122.3314861766896 1529.1420497398444 1544.2560873121342 140.2914357720862 191.14275621748055 193.03201091401678
117312 8192 1250.57 1264.455 1274.042 1508.6157348030913 1520.053942607685 1536.9310058613273 188.5769668503864 190.00674282596063 192.11637573266592

129024 1 6.181 9.988 30.796 8.379270035069489 25.835802963556265 41.74858437146093 1.047408754383686 3.229475370444533 5.218573046432616
129024 2 0.831 0.912 0.932 553.7510729613733 565.8947368421052 621.0541516245487 69.21888412017167 70.73684210526315 77.63176895306859
129024 4 1.282 1.353 1.402 736.2282453637661 762.8913525498891 805.1419656786271 92.02853067047076 95.36141906873614 100.64274570982839
129024 8 1.903 2.033 2.044 1009.9726027397259 1015.437284800787 1084.8050446663162 126.24657534246573 126.92966060009837 135.60063058328953
129024 16 3.336 3.356 3.437 1201.2708757637474 1230.264600715137 1237.6402877697842 150.15885947046843 153.78307508939213 154.70503597122303
129024 32 5.781 6.002 6.061 1362.4048836825605 1375.797400866378 1428.3923196678775 170.30061046032006 171.97467510829725 178.54903995848468
129024 64 11.271 11.301 11.692 1412.510434485118 1461.3814706663125 1465.271227042853 176.56380431063974 182.67268383328906 183.15890338035663
129024 128 22.111 22.141 22.602 1461.3814706663125 1491.809042048688 1493.8331147392698 182.67268383328906 186.476130256086 186.72913934240873
129024 256 43.27 43.71 44.543 1483.0677772040501 1511.3312285518186 1526.6995146752945 185.38347215050626 188.91640356897733 190.8374393344118
129024 512 85.949 87.933 103.531 1276.1450773198364 1502.5141414486025 1537.1973612258432 159.51813466497956 187.8142676810753 192.1496701532304
129024 1024 171.476 174.512 177.087 1492.1544325670434 1514.171816264784 1540.980382094287 186.51930407088042 189.271477033098 192.62254776178588
129024 2048 346.711 358.492 359.163 1471.4274688651112 1474.1815828526157 1524.2732535166174 183.9284336081389 184.27269785657697 190.53415668957717
129024 4096 683.823 690.384 701.886 1505.8921363298314 1530.9807411527495 1545.669870712158 188.23651704122892 191.3725926440937 193.20873383901974
129024 8192 1375.62 1378.676 1397.681 1512.4547131999361 1533.3038480397136 1536.710149605269 189.05683914999202 191.6629810049642 192.08876870065862

141888 1 7.905 11.741 12.673 22.39217233488519 24.16966186866536 35.89829222011385 2.7990215418606486 3.02120773358317 4.4872865275142315
141888 2 0.872 0.972 1.062 534.4180790960453 583.9012345679013 650.862385321101 66.80225988700566 72.98765432098766 81.35779816513762
141888 4 1.343 1.423 1.493 760.2839919624915 797.6837666900914 845.2002978406554 95.03549899531144 99.71047083626142 105.65003723008192
141888 8 2.124 2.244 2.284 993.9614711033277 1011.6791443850268 1068.8361581920906 124.24518388791596 126.45989304812835 133.60451977401132
141888 16 3.357 3.597 3.717 1221.5270379338176 1262.278565471226 1352.5218945487043 152.6908797417272 157.78482068390326 169.06523681858803
141888 32 6.452 6.482 6.902 1315.6812518110694 1400.930576982413 1407.4445133292002 164.46015647638367 175.11632212280162 175.93056416615002
141888 64 12.363 12.422 12.563 1445.6470588235295 1462.0563516341974 1469.033729677263 180.7058823529412 182.75704395427468 183.62921620965787
141888 128 24.174 24.395 24.586 1477.398844871065 1488.966099610576 1502.578307272276 184.67485560888312 186.120762451322 187.8222884090345
141888 256 47.467 47.498 68.226 1064.7943012927624 1529.4676828498043 1530.46655571239 133.0992876615953 191.18346035622554 191.30831946404874
141888 512 94.394 96.808 99.294 1463.2637621608558 1500.839930584249 1539.2218996970146 182.90797027010697 187.60499132303113 192.40273746212682
141888 1024 188.237 191.414 209.136 1389.4624741794814 1518.105384141181 1543.7274499699847 173.68280927243518 189.76317301764763 192.9659312462481
141888 2048 375.984 379.601 438.891 1324.1858411313972 1531.0108455984048 1545.7393080556621 165.52323014142465 191.3763556998006 193.21741350695777
141888 4096 756.547 760.845 770.613 1508.3401084591098 1527.7047177808884 1536.3837223596156 188.54251355738873 190.96308972261104 192.04796529495195

156000 1 2.174 12.793 14.747 21.156845460093578 24.388337372000315 143.51425942962283 2.6446056825116973 3.0485421715000394 17.939282428702853
156000 2 0.911 1.022 1.102 566.2431941923775 610.5675146771036 684.9615806805707 70.78039927404718 76.32093933463796 85.62019758507134
156000 4 1.483 1.513 1.583 788.376500315856 824.8512888301389 841.5374241402562 98.547062539482 103.10641110376736 105.19217801753203
156000 8 2.254 2.315 2.434 1025.4724732949876 1078.185745140389 1107.3646850044365 128.18405916187345 134.77321814254861 138.42058562555457
156000 16 3.917 3.977 4.028 1239.3247269116189 1255.2175006286145 1274.4447281082462 154.91559086395236 156.90218757857681 159.30559101353077
156000 32 7.123 7.183 7.203 1386.0891295293627 1389.9484894890716 1401.6566053629087 173.26114119117034 173.74356118613395 175.2070756703636
156000 64 13.635 13.795 14.006 1425.6747108382121 1447.4809713664372 1464.4664466446645 178.20933885477652 180.93512142080465 183.05830583058307
156000 128 26.468 27.09 27.26 1465.0036683785765 1474.1971207087486 1508.8408644400786 183.12545854732207 184.27464008859357 188.60510805500982
156000 256 52.387 53.198 75.77 1054.1375214464827 1501.4098274371215 1524.6530627827515 131.76719018081033 187.6762284296402 190.58163284784393
156000 512 105.144 106.737 150.067 1064.484530243158 1496.613170690576 1519.287833827893 133.06056628039474 187.076646336322 189.91097922848664
156000 1024 207.733 211.28 227.46 1404.5898179899762 1512.1544869367663 1537.974226531172 175.57372724874702 189.01931086709578 192.2467783163965
156000 2048 419.745 422.811 427.71 1493.9468331346006 1511.2568026848876 1522.2956795197083 186.74335414182508 188.90710033561095 190.28695993996354
156000 4096 836.545 840.943 849.559 1504.2533832258855 1519.6654232213123 1527.6548183301556 188.0316729032357 189.95817790266403 190.95685229126946

171552 1 12.543 13.375 15.689 21.86908024730703 25.65263551401869 27.354221478115285 2.7336350309133786 3.2065794392523363 3.4192776847644106
171552 2 0.982 1.072 1.122 611.5935828877006 640.1194029850745 698.7861507128309 76.44919786096257 80.01492537313432 87.34826883910387
171552 4 1.563 1.643 1.743 787.3872633390705 835.3110164333536 878.0652591170826 98.42340791738381 104.4138770541692 109.75815738963533
171552 8 2.514 2.625 2.735 1003.5948811700183 1045.6502857142857 1091.81861575179 125.44936014625229 130.7062857142857 136.47732696897376
171552 16 4.248 4.268 4.298 1277.2601209865054 1286.2380506091847 1292.2937853107346 159.65751512331317 160.7797563261481 161.53672316384183
171552 32 7.895 7.974 8.215 1336.4976262933658 1376.8908954100827 1390.6685243825207 167.06220328667072 172.11136192626034 173.83356554781508
171552 64 14.977 15.128 15.389 1426.9059717980379 1451.5240613432047 1466.1585097148961 178.36324647475473 181.4405076679006 183.26981371436202
171552 128 29.164 29.474 29.775 1474.972695214106 1490.0356924747234 1505.8740913454944 184.37158690176324 186.25446155934043 188.2342614181868
171552 256 58.228 58.758 77.693 1130.5345912759192 1494.8538752169916 1508.4602596688878 141.3168239094899 186.85673440212395 188.55753245861098
171552 512 114.321 114.923 134.228 1308.7377298328215 1528.5821637096144 1536.6314850289973 163.5922162291027 191.0727704637018 192.07893562862466
171552 1024 228.121 228.342 246.015 1428.1181879153712 1538.6503402790552 1540.1409602798512 178.5147734894214 192.3312925348819 192.5176200349814
171552 2048 458.617 462.084 466.792 1505.3321222300297 1520.6693847871813 1532.1651661408102 188.1665152787537 190.08367309839767 191.52064576760128
171552 4096 915.711 920.891 935.478 1502.2843765433286 1526.0807022763825 1534.7134456176675 187.78554706791607 190.7600877845478 191.83918070220844

188640 1 12.062 15.238 17.181 21.959140911471977 24.759154744717158 31.27839495937656 2.744892613933997 3.0948943430896447 3.90979936992207
188640 2 1.032 1.102 1.112 678.5611510791366 684.7186932849365 731.1627906976744 84.82014388489208 85.58983666061707 91.3953488372093
188640 4 1.753 1.853 1.944 776.2962962962964 814.4198596869942 860.8784940102681 97.03703703703705 101.80248246087427 107.60981175128352
188640 8 2.695 2.785 2.865 1053.4869109947645 1083.7486535008977 1119.9406307977738 131.68586387434556 135.46858168761221 139.99257884972172
188640 16 4.698 4.779 4.879 1237.2371387579424 1263.126177024482 1284.904214559387 154.6546423447428 157.89077212806026 160.61302681992336
188640 32 8.576 8.606 8.746 1380.3978961811113 1402.853822914246 1407.7611940298507 172.5497370226389 175.35672786428074 175.97014925373134
188640 64 16.36 16.741 16.841 1433.758090374681 1442.3224419090855 1475.911980440098 179.21976129683512 180.29030523863568 184.48899755501225
188640 128 31.999 32.52 32.831 1470.9219944564586 1484.988929889299 1509.1671614737963 183.86524930705733 185.62361623616238 188.64589518422454
188640 256 63.116 63.557 64.439 1498.8389019072301 1519.6387494689807 1530.256670257938 187.35486273840377 189.95484368362258 191.28208378224224
188640 512 125.602 128.567 147.723 1307.6322576714526 1502.4645515567759 1537.9321985318707 163.45403220893158 187.80806894459698 192.24152481648383
188640 1024 250.462 252.806 267.674 1443.3031224549268 1528.1865145605723 1542.4883615079334 180.41289030686585 191.02331432007153 192.81104518849168
188640 2048 503.289 511.665 522.014 1480.1699571275867 1510.1080589839055 1535.2400708141845 185.02124464094834 188.7635073729882 191.90500885177306
188640 4096 1005.918 1013.021 1020.454 1514.364077165654 1525.4756614127448 1536.247368075728 189.29550964570674 190.6844576765931 192.030921009466

207456 1 12.423 16.25 17.453 23.7731049103306 25.533046153846154 33.39869596715769 2.971638113791325 3.1916307692307693 4.174836995894712
207456 2 1.112 1.202 1.232 673.5584415584415 690.369384359401 746.2446043165467 84.19480519480518 86.29617304492513 93.28057553956833
207456 4 1.853 1.934 2.114 785.0747398297067 858.142709410548 895.6546141392337 98.13434247871334 107.2678386763185 111.95682676740421
207456 8 3.015 3.156 3.317 1000.6921917395235 1051.7414448669201 1100.9273631840795 125.08652396744044 131.46768060836501 137.61592039800993
207456 16 5.17 5.25 6.141 1081.0278456277479 1264.4937142857143 1284.0603481624757 135.12848070346848 158.0617142857143 160.50754352030947
207456 32 9.457 9.558 9.668 1373.3123707074885 1389.1173885750154 1403.9530506503118 171.66404633843607 173.63967357187693 175.49413133128897
207456 64 18.163 18.333 18.615 1426.5037872683322 1448.4464081165113 1462.0034135330068 178.31297340854152 181.0558010145639 182.75042669162585
207456 128 35.596 35.917 36.337 1461.5608333103996 1478.6517804939162 1491.9860658500957 182.69510416379995 184.83147256173953 186.49825823126196
207456 256 70.229 70.33 88.644 1198.2477325030459 1510.2726005971847 1512.444602657022 149.78096656288074 188.7840750746481 189.05557533212775
207456 512 139.878 139.969 141.351 1502.8895727656682 1517.7285256020975 1518.7159095783468 187.86119659570852 189.7160657002622 189.83948869729335
207456 1024 278.434 283.393 299.563 1418.2989488020885 1499.225062016352 1525.9267474518194 177.28736860026106 187.403132752044 190.74084343147743
207456 2048 564.993 566.596 610.798 1391.1960680945256 1499.7278060558137 1503.9828387254352 173.8995085118157 187.46597575697672 187.9978548406794
207456 4096 1120.208 1123.034 1131.078 1502.5308175033022 1513.293054350981 1517.110708011369 187.81635218791277 189.16163179387263 189.63883850142113

228192 1 11.892 16.54 18.885 24.166481334392373 27.59274486094317 38.377396569122105 3.0208101667990466 3.4490931076178963 4.797174571140263
228192 2 1.182 1.222 7.614 119.88022064617809 746.9459901800328 772.2233502538072 14.985027580772261 93.3682487725041 96.5279187817259
228192 4 2.103 2.224 2.374 768.9705139005897 820.8345323741006 868.0627674750357 96.12131423757371 102.60431654676258 108.50784593437946
228192 8 3.336 3.426 3.517 1038.1211259596248 1065.69527145359 1094.4460431654677 129.7651407449531 133.21190893169876 136.80575539568346
228192 16 5.761 5.8 5.831 1252.2970330989538 1258.9903448275863 1267.5132789446275 156.53712913736922 157.3737931034483 158.43915986807843
228192 32 10.559 10.66 10.669 1368.8525635017338 1370.0082551594746 1383.1127947722323 171.10657043771673 171.25103189493433 172.88909934652904
228192 64 20.278 20.337 20.618 1416.654185663013 1436.2283522643459 1440.4071407436631 177.08177320787664 179.52854403304323 180.0508925929579
228192 128 39.573 39.744 39.934 1462.8424901086794 1469.8357487922706 1476.1870972632855 182.85531126358492 183.72946859903382 184.5233871579107
228192 256 78.395 78.465 79.096 1477.1202589258621 1488.9989676926018 1490.3285158492251 184.64003236573276 186.12487096157523 186.29106448115314
228192 512 156.098 156.749 172.809 1352.1784629272781 1490.7183331313117 1496.9353098694407 169.02230786590977 186.33979164141397 187.1169137336801
228192 1024 311.275 312.207 328.677 1421.87380315629 1496.8825682960344 1501.364439804032 177.73422539453625 187.1103210370043 187.670554975504
228192 2048 625.114 625.836 632.317 1478.1738147163528 1493.4814104653615 1495.2063655589218 184.7717268395441 186.68517630817018 186.90079569486522
228192 4096 1247.534 1248.906 1252.853 1492.0735824554035 1496.7890810036945 1498.4352041707882 186.50919780692544 187.0986351254618 187.30440052134853

250944 1 14.146 18.494 19.656 25.533577533577535 27.137882556504813 35.47914604835289 3.191697191697192 3.3922353195631016 4.434893256044111
250944 2 1.342 1.453 17.191 58.38962247687744 690.8300068823124 747.9701937406855 7.29870280960968 86.35375086028905 93.4962742175857
250944 4 2.314 2.344 2.354 852.8258283772302 856.4641638225257 867.5678478824545 106.60322854715378 107.05802047781572 108.44598098530682
250944 8 3.666 3.717 3.827 1049.1518160438986 1080.2001614205005 1095.227495908347 131.14397700548733 135.02502017756257 136.90343698854338
250944 16 6.272 6.502 6.702 1198.1808415398389 1235.0366041218088 1280.3265306122448 149.77260519247986 154.3795755152261 160.0408163265306
250944 32 11.671 11.782 11.942 1344.8681962820299 1363.1315566117808 1376.0959643560966 168.10852453525374 170.3914445764726 172.01199554451208
250944 64 22.311 22.512 22.762 1411.1603549775944 1426.8315565031983 1439.685894850074 176.3950443721993 178.35394456289978 179.96073685625925
250944 128 43.881 44.081 46.386 1384.936489458026 1457.3549601869288 1463.9972653312368 173.11706118225325 182.1693700233661 182.9996581664046
250944 256 86.72 87.131 108.46 1184.614862622165 1474.599488127073 1481.5881918819189 148.07685782777062 184.32493601588413 185.19852398523986
250944 512 173.1 175.624 190.943 1345.77678155261 1463.1636678358313 1484.498301559792 168.22209769407624 182.89545847947892 185.562287694974
250944 1024 343.804 344.887 356.669 1440.9250930134103 1490.1498519805039 1494.8438994310713 180.1156366266763 186.26873149756298 186.85548742888392
250944 2048 688.652 693.491 700.383 1467.5779166541736 1482.1628889199717 1492.5777083345436 183.4472395817717 185.27036111499646 186.57221354181794
250944 4096 1381.942 1383.525 1385.068 1484.2110625615494 1485.8663544207732 1487.5683986737506 185.52638282019367 185.73329430259665 185.94604983421883

276000 1 10.339 19.205 22.512 24.520255863539443 28.74251497005988 53.3900764097108 3.0650319829424304 3.592814371257485 6.67375955121385
276000 2 1.412 1.483 1.563 706.3339731285988 744.4369521240727 781.8696883852691 88.29174664107485 93.05461901550909 97.73371104815864
276000 4 2.555 2.605 2.785 792.818671454219 847.6007677543186 864.1878669275928 99.10233393177738 105.95009596928982 108.0234833659491
276000 8 4.068 4.098 4.358 1013.3088572739789 1077.5988286969255 1085.5457227138643 126.66360715924736 134.69985358711568 135.69321533923303
276000 16 6.983 7.032 7.073 1248.6922098119608 1255.9726962457337 1264.785908635257 156.0865262264951 156.9965870307167 158.09823857940714
276000 32 12.844 12.904 12.944 1364.647713226205 1368.8778673279603 1375.2725007785737 170.58096415327563 171.10973341599504 171.9090625973217
276000 64 24.596 24.705 24.896 1419.0231362467866 1429.993928354584 1436.3311107497154 177.37789203084833 178.749241044323 179.54138884371443
276000 128 48.369 48.46 48.56 1455.0247116968696 1458.027238959967 1460.7703281027104 181.8780889621087 182.25340486999588 182.5962910128388
276000 256 95.467 95.656 116.135 1216.7908038059154 1477.293635527306 1480.218295327181 152.09885047573943 184.66170444091324 185.02728691589763
276000 512 190.081 190.312 191.093 1478.9866714113025 1485.0561183740383 1486.860864578785 184.8733339264128 185.6320147967548 185.8576080723481
276000 1024 379.39 382.877 391.884 1442.38601218728 1476.3174596541448 1489.88639658399 180.29825152341 184.5396824567681 186.23579957299876
276000 2048 758.972 760.013 763.46 1480.7534120975558 1487.469293288404 1489.5094944214015 185.09417651219448 185.9336616610505 186.1886868026752

303552 1 19.576 21.99 22.321 27.198781416603197 27.60818553888131 31.012668573763793 3.3998476770753996 3.451023192360164 3.876583571720474
303552 2 1.503 1.593 1.803 673.4376039933445 762.2146892655368 807.8562874251498 84.17970049916806 95.2768361581921 100.98203592814373
303552 4 2.725 2.905 2.945 824.5894736842106 835.9435456110156 891.1618348623853 103.07368421052632 104.49294320137695 111.39522935779816
303552 8 4.378 4.488 5.44 892.8 1082.1818181818182 1109.372316126085 111.6 135.27272727272728 138.67153951576063
303552 16 7.634 7.675 8.095 1199.9584928968497 1265.6239739413681 1272.4212732512444 149.99481161210622 158.20299674267102 159.05265915640555
303552 32 14.076 14.226 16.24 1196.2640394088673 1365.6212568536482 1380.1739130434783 149.53300492610842 170.70265710670603 172.52173913043478
303552 64 27.03 27.14 27.23 1426.906206390011 1431.638025055269 1437.4641509433964 178.36327579875137 178.95475313190863 179.68301886792455
303552 128 53.048 53.349 53.438 1454.195740858565 1456.6217173705227 1464.8867440808324 181.77446760732062 182.07771467131533 183.11084301010405
303552 256 104.753 105.215 125.071 1242.6431706790543 1477.1527253718577 1483.667522648516 155.33039633488178 184.64409067148222 185.4584403310645
303552 512 209.076 209.197 209.677 1482.45753229968 1485.859013274569 1486.718934741434 185.30719153746 185.73237665932112 185.83986684267924
303552 1024 416.759 422.931 424.194 1465.5428789657562 1469.9194336664848 1491.688232287725 183.19285987071953 183.7399292083106 186.46102903596562
303552 2048 835.002 835.944 841.194 1478.07639141506 1487.3591915247914 1489.0371424260063 184.7595489268825 185.91989894059893 186.1296428032508

333888 1 22.001 24.816 51.405 12.99048730668223 26.909090909090914 30.352074905686106 1.6238109133352787 3.363636363636364 3.794009363210763
333888 2 1.513 1.854 2.314 577.161624891962 720.3624595469255 882.7177792465301 72.14520311149525 90.04530744336569 110.33972240581626
333888 4 2.975 3.015 3.106 859.9819703799099 885.9383084577115 897.8500840336135 107.49774629748873 110.74228855721394 112.23126050420169
333888 8 4.738 4.829 4.889 1092.6995295561464 1106.2762476703251 1127.5238497256225 136.5874411945183 138.28453095879064 140.94048121570282
333888 16 8.345 8.396 8.526 1253.1569317382127 1272.5602667937112 1280.3374475733972 156.6446164672766 159.0700333492139 160.04218094667465
333888 32 15.469 15.498 15.549 1374.2897935558558 1378.8122338366243 1381.3971168142737 171.78622419448197 172.35152922957803 172.6746396017842
333888 64 29.725 29.795 30.125 1418.677643153527 1434.3904681993622 1437.7683431455005 177.33470539419088 179.29880852492028 179.72104289318756
333888 128 58.148 58.528 61.905 1380.749987884662 1460.4177145981412 1469.9616151888283 172.59374848558275 182.55221432476765 183.74520189860354
333888 256 115.173 115.414 116.996 1461.1666723648673 1481.195140970766 1484.2945482014013 182.6458340456084 185.14939262134575 185.53681852517516
333888 512 229.063 229.153 244.001 1401.2291425035144 1492.021976583331 1492.6081994909698 175.1536428129393 186.50274707291638 186.57602493637123
333888 1024 457.575 467.884 471.671 1449.7448942165197 1461.4789648716348 1494.4055597443044 181.21811177706496 182.68487060895436 186.80069496803804
333888 2048 918.647 921.111 922.794 1482.0265931508009 1484.734465227318 1488.7168281178733 185.2533241438501 185.59180815341475 186.08960351473416

367200 1 24.435 26.058 36.497 20.12220182480752 28.18328344462353 30.055248618784532 2.51527522810094 3.5229104305779413 3.7569060773480665
367200 2 1.653 1.953 2.034 722.1238938053098 752.0737327188939 888.5662431941922 90.26548672566372 94.00921658986174 111.07078039927403
367200 4 3.276 3.326 3.666 801.3093289689034 883.2230907997595 896.7032967032967 100.16366612111293 110.40288634996993 112.08791208791209
367200 8 5.269 5.309 5.31 1106.4406779661017 1106.6490864569598 1115.0502941734674 138.3050847457627 138.33113580711998 139.38128677168342
367200 16 9.107 9.217 9.278 1266.4798447941366 1274.8616686557448 1290.260239376304 158.30998059926708 159.3577085819681 161.282529922038
367200 32 17.032 17.122 17.482 1344.2855508523053 1372.5499357551687 1379.8027242837013 168.03569385653816 171.5687419693961 172.47534053546266
367200 64 32.71 32.81 33.121 1419.0875879351468 1432.5388601036268 1436.918373586059 177.38594849189334 179.06735751295335 179.61479669825738
367200 128 64.158 64.289 64.389 1459.9263849415272 1462.1972654730978 1465.1828298887121 182.4907981176909 182.77465818413722 183.14785373608902
367200 256 126.714 127.255 127.385 1475.8911959806883 1477.3989234214764 1483.7066148965387 184.48639949758604 184.67486542768455 185.46332686206733
367200 512 252.867 261.353 280.838 1338.8957334833603 1438.716219060045 1486.998303455967 167.36196668542004 179.83952738250562 185.87478793199588
367200 1024 505.574 508.289 520.491 1444.8388156567548 1479.5236568172832 1487.4688967391517 180.60485195709435 184.9404571021604 185.93361209239396
367200 2048 1010.466 1012.399 1016.006 1480.3566120672515 1485.6308629305245 1488.4728432228299 185.04457650840644 185.70385786631556 186.05910540285373

403872 1 23.684 27.971 30.155 26.786403581495605 28.87790926316542 34.10504982266509 3.3483004476869507 3.6097386578956776 4.263131227833136
403872 2 1.733 2.234 2.334 692.1542416452442 723.1369740376007 932.1915753029427 86.51928020565552 90.39212175470009 116.52394691286784
403872 4 3.517 3.616 3.646 886.1700493691717 893.5221238938053 918.6738697753767 110.77125617114646 111.69026548672566 114.83423372192209
403872 8 5.681 5.811 5.841 1106.3091936312273 1112.0206504904493 1137.4673472980107 138.28864920390342 139.00258131130616 142.18341841225134
403872 16 10.079 10.109 10.129 1275.9308914996545 1278.455237906816 1282.2605417204086 159.49136143745682 159.806904738352 160.28256771505107
403872 32 18.584 18.694 18.734 1379.7271271485 1382.6793623622555 1390.8635385277657 172.4658908935625 172.83492029528193 173.85794231597072
403872 64 35.817 35.987 37.759 1369.0938849016127 1436.508072359463 1443.326241728788 171.13673561270159 179.56350904493289 180.4157802160985
403872 128 70.31 70.359 70.47 1467.1666240953598 1469.4812603931268 1470.5053619684256 183.39582801191997 183.68515754914085 183.8131702460532
403872 256 139.428 139.818 142.974 1446.2941793612827 1478.9402222889755 1483.0770290042171 180.78677242016033 184.86752778612194 185.38462862552714
403872 512 277.132 277.623 293.782 1407.727253541742 1489.663781459029 1492.3030469234875 175.96590669271774 186.20797268237862 186.53788086543594
403872 1024 552.931 557.62 588.587 1405.2805379663498 1483.3217172985187 1495.9006747677377 175.66006724579373 185.41521466231484 186.9875843459672
403872 2048 1110.671 1112.384 1112.965 1486.3537595521873 1487.1300845751107 1489.4237015281751 185.7942199440234 185.89126057188884 186.1779626910219

444192 1 25.788 29.585 31.688 28.035344609946982 30.02818996112895 34.44951140065147 3.5044180762433728 3.7535237451411185 4.306188925081433
444192 2 2.124 2.425 2.785 637.9777378815081 732.6878350515465 836.5197740112994 79.74721723518851 91.58597938144331 104.56497175141243
444192 4 3.877 3.997 4.398 807.9890859481583 889.0507880910683 916.5684807841116 100.99863574351978 111.13134851138354 114.57106009801394
444192 8 6.332 6.362 7.374 963.8014646053701 1117.1128575919522 1122.4055590650664 120.47518307567127 139.63910719899403 140.3006948831333
444192 16 10.951 11.101 13.245 1073.1705549263872 1280.438158724439 1297.9768057711624 134.1463193657984 160.05476984055488 162.2471007213953
444192 32 20.488 20.598 25.336 1122.051152510262 1380.1479755316052 1387.557985162046 140.25639406378275 172.51849694145065 173.44474814525574
444192 64 39.442 39.723 48.89 1162.9489875230108 1431.3263348689677 1441.5236549870697 145.36862344037635 178.91579185862096 180.1904568733837
444192 128 77.443 78.094 96.498 1178.3990549026921 1456.1061285117937 1468.3464225301188 147.29988186283651 182.0132660639742 183.54330281626486
444192 256 153.754 153.884 208.625 1090.1200910724986 1477.9074107769488 1479.1569910376318 136.26501138406232 184.7384263471186 184.89462387970397
444192 512 306.246 306.626 434.271 1047.3934662917854 1483.4117393828312 1485.2524049293706 130.92418328647318 185.4264674228539 185.65655061617133
444192 1024 613.343 619.304 812.35 1119.8439293408014 1468.9154534768063 1483.1916496968256 139.98049116760018 183.6144316846008 185.3989562121032
444192 2048 1220.895 1223.77 1230.362 1478.7602608012926 1486.725799782639 1490.2267860872555 184.84503260016157 185.84072497282986 186.27834826090694

488544 1 31.639 35.065 38.0 25.71284210526316 27.865050620276634 30.882391984576 3.214105263157895 3.483131327534579 3.860298998072
488544 2 2.585 2.755 2.785 701.6789946140036 709.3197822141561 755.96750483559 87.70987432675045 88.66497277676952 94.49593810444875
488544 4 4.238 4.268 4.338 900.957123098202 915.7338331771323 922.2161396885323 112.61964038727525 114.46672914714154 115.27701746106654
488544 8 6.792 6.873 7.013 1114.6020248110653 1137.3059799214318 1150.8692579505303 139.32525310138317 142.16324749017897 143.85865724381628
488544 16 12.132 12.212 33.953 460.4426118457868 1280.1677038978057 1288.6092977250248 57.55532648072335 160.02096298722572 161.0761622156281
488544 32 22.462 22.542 22.792 1371.8329238329238 1387.0471120574928 1391.9871783456506 171.47911547911548 173.3808890071866 173.99839729320632
488544 64 43.35 43.57 43.891 1424.7483994440777 1435.2451686940558 1442.5289965397924 178.0935499305097 179.40564608675697 180.31612456747405
488544 128 84.757 85.298 85.648 1460.2473379413416 1466.239114633403 1475.598050898451 182.5309172426677 183.27988932917538 184.44975636230637
488544 256 168.631 169.674 188.468 1327.198930322389 1474.2065843912444 1483.3247030498544 165.89986629029863 184.27582304890555 185.4155878812318
488544 512 336.021 336.711 351.49 1423.2810492474894 1485.7520425528126 1488.8029498156366 177.91013115593617 185.71900531910157 186.10036872695457
488544 1024 671.51 674.927 676.89 1478.1398927447592 1482.439007477846 1489.9824455332016 184.7674865930949 185.30487593473075 186.2478056916502
488544 2048 1344.663 1346.957 1348.5 1483.9274927697443 1485.6273986474698 1488.161884427548 185.49093659621803 185.70342483093373 186.0202355534435

537312 1 35.185 37.879 39.203 27.41177971073642 28.369914728477518 30.542106011084265 3.4264724638420523 3.5462393410596897 3.817763251385533
537312 2 2.264 2.625 2.835 758.1121693121693 818.7611428571429 949.3144876325089 94.76402116402116 102.34514285714286 118.66431095406361
537312 4 4.318 4.618 4.729 908.9651089025164 930.8133391078387 995.4830940250115 113.62063861281455 116.35166738847984 124.43538675312644
537312 8 7.474 7.534 7.574 1135.0662793768154 1141.0926466684364 1150.2531442333423 141.88328492210192 142.63658083355455 143.78164302916778
537312 16 13.154 13.194 13.315 1291.324371010139 1303.1668940427464 1307.1296943895393 161.41554637626737 162.8958617553433 163.3912117986924
537312 32 24.595 24.746 24.996 1375.7388382141141 1389.63743635335 1398.169058751779 171.96735477676427 173.70467954416876 174.77113234397237
537312 64 47.437 47.488 68.326 1006.585135965811 1448.2803234501348 1449.8373843202562 125.82314199572637 181.03504043126685 181.22967304003203
537312 128 93.533 96.869 107.028 1285.195201255746 1419.9782386522004 1470.6239722878556 160.64940015696826 177.49727983152505 183.82799653598195
537312 256 184.911 185.803 202.795 1356.5607830567815 1480.6205712501949 1487.7629994970553 169.57009788209768 185.07757140627436 185.9703749371319
537312 512 368.321 371.757 377.016 1459.3743713794638 1480.0191738151534 1493.8260050336526 182.42179642243298 185.00239672689418 186.72825062920657
537312 1024 735.989 741.439 749.764 1467.6817985392736 1484.1611730702052 1495.1513894908753 183.4602248174092 185.52014663377565 186.89392368635941

590976 1 39.733 40.916 66.162 17.864514373809737 28.88728125916512 29.74736365237964 2.233064296726217 3.61091015739564 3.718420456547455
590976 2 2.645 2.996 3.386 698.1405788541051 789.0200267022697 893.7255198487712 87.26757235676314 98.62750333778371 111.7156899810964
590976 4 4.99 5.039 5.35 883.7024299065421 938.2433022425085 947.456513026052 110.46280373831776 117.28041278031357 118.4320641282565
590976 8 8.115 8.265 8.356 1131.5959789372907 1144.055172413793 1165.2022181146026 141.44949736716134 143.0068965517241 145.65027726432533
590976 16 14.437 14.687 14.838 1274.5135463000406 1287.6170763260027 1309.9142481124888 159.31419328750508 160.95213454075034 163.7392810140611
590976 32 27.261 27.331 27.371 1381.8444338898835 1383.866817899089 1387.4202707164081 172.73055423623543 172.98335223738613 173.42753383955102
590976 64 52.256 52.507 52.847 1431.394932541109 1440.6636829375132 1447.5835884874464 178.92436656763863 180.08296036718914 180.9479485609308
590976 128 102.86 103.271 103.431 1462.7128810511356 1464.979093840478 1470.8327435349017 182.83911013139195 183.12238673005976 183.85409294186272
590976 256 204.368 218.043 224.935 1345.1873296730166 1387.7066083295497 1480.563062710405 168.14841620912708 173.4633260411937 185.0703828388006
590976 512 405.519 407.452 417.742 1448.6439572750644 1485.2287484169915 1492.3084343766875 181.08049465938305 185.65359355212394 186.53855429708594
590976 1024 814.515 817.32 825.124 1466.8326796942035 1480.838408456908 1485.9380711220788 183.35408496177544 185.1048010571135 185.74225889025985

650016 1 42.047 46.636 48.65 26.722137718396713 27.876147182434167 30.918543534616028 3.340267214799589 3.484518397804271 3.8648179418270034
650016 2 3.145 3.486 4.048 642.3083003952569 745.8588640275387 826.7294117647059 80.28853754940711 93.23235800344234 103.34117647058824
650016 4 5.5 5.58 5.721 908.954378605139 931.9225806451614 945.4778181818182 113.61929732564238 116.49032258064517 118.18472727272727
650016 8 8.906 9.027 26.398 393.97893779831804 1152.1276171485545 1167.7808219178082 49.247367224789755 144.0159521435693 145.97260273972603
650016 16 15.969 16.069 16.31 1275.3226241569591 1294.4496857302884 1302.5557016719895 159.4153280196199 161.80621071628605 162.81946270899869
650016 32 29.815 29.996 30.126 1380.9010157339173 1386.8857180957461 1395.3051819553916 172.61262696673967 173.36071476196827 174.41314774442395
650016 64 57.636 57.716 57.866 1437.8399751149207 1441.576824450759 1443.577763897564 179.72999688936508 180.19710305634487 180.4472204871955
650016 128 113.449 113.57 137.163 1213.1850134511492 1465.2117284494145 1466.7744625338257 151.64812668139365 183.15146605617682 183.34680781672822
650016 256 224.114 224.414 234.402 1419.8180561599304 1483.0099369914535 1484.9951007076756 177.4772570199913 185.3762421239317 185.62438758845946
650016 512 446.835 450.222 462.424 1439.407089597426 1478.418167037595 1489.624545973346 179.92588619967825 184.80227087969936 186.20306824666824
650016 1024 896.175 898.359 910.471 1462.1363755682498 1481.8494254524082 1485.4607280944012 182.76704694603123 185.23117818155103 185.68259101180016

715008 1 23.524 50.243 52.236 27.376062485642088 28.461994705730152 60.7896616221731 3.422007810705261 3.557749338216269 7.598707702771637
715008 2 3.646 3.707 4.178 684.5457156534228 771.5219854329647 784.4300603400989 85.56821445667785 96.44024817912059 98.05375754251236
715008 4 6.021 6.162 6.351 900.6556447803497 928.2804284323273 950.0189337319383 112.58195559754371 116.03505355404091 118.75236671649229
715008 8 9.798 9.988 10.019 1141.843297734305 1145.3872647176613 1167.5982853643602 142.73041221678812 143.17340808970766 145.94978567054503
715008 16 17.312 17.512 17.763 1288.0851207566288 1306.5472818638648 1321.641404805915 161.0106400945786 163.3184102329831 165.20517560073938
715008 32 32.82 33.071 52.717 868.0408976231578 1383.7051192888032 1394.2873857404022 108.50511220289472 172.9631399111004 174.28592321755028
715008 64 63.467 63.588 82.762 1105.8338851163578 1439.2813738441216 1442.0253675138263 138.22923563954473 179.9101717305152 180.25317093922828
715008 128 124.159 124.82 124.931 1465.145144119554 1466.4480692196767 1474.255172802616 183.14314301494426 183.30600865245958 184.281896600327
715008 256 246.786 249.491 262.275 1395.8024821275383 1467.3238553695323 1483.407065230605 174.47531026594228 183.41548192119154 185.42588315382562
715008 512 491.177 496.857 499.963 1464.4447529117156 1473.5994300170873 1490.6402213458693 183.05559411396445 184.19992875213592 186.33002766823367
715008 1024 985.53 987.002 989.357 1480.0889709174749 1483.6204830385352 1485.836437246964 185.01112136468436 185.4525603798169 185.7295546558705

786432 1 48.73 54.922 68.076 23.10453023091839 28.638141364116382 32.27711881797661 2.8880662788647986 3.579767670514548 4.034639852247076
786432 2 3.967 4.018 4.258 738.7806481916393 782.9089099054257 792.9740357953112 92.34758102395492 97.86361373817822 99.1217544744139
786432 4 6.582 6.682 6.853 918.058660440683 941.5528284944627 955.8577939835916 114.75733255508537 117.69410356180784 119.48222424794895
786432 8 10.86 10.9 12.524 1004.7039284573619 1154.395596330275 1158.6475138121548 125.58799105717024 144.2994495412844 144.83093922651935
786432 16 19.025 19.295 22.141 1136.6164129894767 1304.2665975641357 1322.7765571616296 142.07705162368458 163.03332469551697 165.3470696452037
786432 32 35.966 36.207 39.323 1279.9544287058463 1390.1082111193969 1399.423010621142 159.9943035882308 173.7635263899246 174.92787632764276
786432 64 69.629 69.809 70.46 1428.6587567414135 1441.9816356057243 1445.7093452440793 178.5823445926767 180.24770445071553 180.7136681555099
786432 128 136.743 137.043 159.434 1262.7582071578208 1469.0760710142072 1472.299071981747 157.8447758947276 183.6345088767759 184.03738399771836
786432 256 272.142 274.096 283.784 1418.8720435260623 1469.0224738777656 1479.5701655753246 177.35900544075778 183.6278092347207 184.94627069691558
786432 512 543.163 545.086 546.599 1473.3037711375248 1477.3932333613413 1482.623757509256 184.1629713921906 184.67415417016767 185.327969688657
786432 1024 1083.42 1086.847 1093.168 1473.344203269763 1481.913034677374 1486.6005205737385 184.16802540872038 185.23912933467176 185.82506507171732

865056 1 60.411 64.79 66.934 25.84802940209759 26.703380151257907 28.639022694542383 3.231003675262199 3.3379225189072383 3.579877836817798
865056 2 4.468 4.519 4.658 742.8561614426792 765.7056870989156 774.4458370635631 92.8570201803349 95.71321088736445 96.80572963294539
865056 4 7.243 7.283 7.374 938.493083807974 950.2194150762048 955.4670716553915 117.31163547599675 118.7774268845256 119.43338395692393
865056 8 11.892 11.912 12.142 1139.9189589853402 1161.92881128274 1163.8829465186682 142.48986987316752 145.2411014103425 145.48536831483352
865056 16 21.099 21.169 21.43 1291.7308446103593 1307.6570456800039 1311.995450021328 161.46635557629492 163.45713071000048 163.999431252666
865056 32 39.523 39.714 39.884 1388.115133888276 1394.0571083245204 1400.7940692761176 173.5143917360345 174.25713854056505 175.0992586595147
865056 64 76.812 76.912 96.308 1149.71931719068 1439.6604951112959 1441.5347601937199 143.714914648835 179.95756188891198 180.19184502421498
865056 128 150.708 151.009 171.096 1294.327956235096 1466.4975994808258 1469.426546699578 161.790994529387 183.31219993510322 183.67831833744725
865056 256 298.331 299.132 314.631 1407.7083059202687 1480.6462431301231 1484.6216853092703 175.96353824003359 185.0807803912654 185.5777106636588
865056 512 595.169 600.429 605.759 1462.3263443052435 1475.3073952124232 1488.3459051126656 182.79079303815544 184.4134244015529 186.0432381390832
865056 1024 1192.532 1195.217 1196.53 1480.643768229798 1482.2703224602728 1485.6076717438193 185.08047102872476 185.2837903075341 185.7009589679774

951552 1 63.998 66.643 71.552 26.597495527728082 28.55669762765782 29.736929279039973 3.3246869409660103 3.5695872034572274 3.7171161598799967
951552 2 4.739 4.899 5.259 723.7512835139761 776.9357011635028 803.1669128508124 90.46891043924701 97.11696264543785 100.39586410635155
951552 4 7.864 8.145 8.526 892.8472906403942 934.6121546961327 968.0081383519838 111.60591133004928 116.82651933701659 121.00101729399798
951552 8 12.974 13.045 14.728 1033.7338403041824 1167.1009582215408 1173.4878988746725 129.2167300380228 145.8876197776926 146.68598735933406
951552 16 23.152 23.363 23.513 1295.013992259601 1303.3285108932928 1315.2066344160332 161.87674903245014 162.9160638616616 164.40082930200415
951552 32 43.42 43.701 43.761 1391.6347432645505 1393.5454108601634 1402.563979732842 173.9543429080688 174.19317635752043 175.32049746660525
951552 64 84.345 84.445 84.626 1439.258100347411 1442.3430161643676 1444.053067757425 179.90726254342638 180.29287702054594 180.50663346967812
951552 128 165.936 166.387 184.771 1318.3741604472564 1464.0405320127174 1468.0196702343071 164.79677005590705 183.00506650158968 183.5024587792884
951552 256 328.887 341.941 345.819 1408.8139286736703 1424.7914815713825 1481.3435131215283 176.10174108420878 178.09893519642281 185.16793914019104
951552 512 654.789 657.915 660.19 1475.9224586861358 1481.0260413579265 1488.0965440775578 184.49030733576697 185.1282551697408 186.01206800969473
951552 1024 1309.949 1314.928 1319.837 1476.5296744976843 1482.0419794848083 1487.6750896408944 184.56620931221053 185.25524743560104 185.9593862051118

1046688 1 74.859 76.852 82.342 25.422943333900076 27.239056888565035 27.96425279525508 3.1778679167375095 3.4048821110706293 3.495531599406885
1046688 2 4.989 5.099 5.981 700.0086941982946 821.0927632869191 839.1966325917018 87.50108677478683 102.63659541086489 104.89957907396273
1046688 4 8.346 8.646 8.796 951.9672578444748 968.4829979181122 1003.295470884256 118.99590723055935 121.06037473976403 125.411933860532
1046688 8 14.266 14.406 14.597 1147.2910872097007 1162.5022907122031 1173.910556568064 143.41138590121258 145.3127863390254 146.738819571008
1046688 16 25.577 25.768 25.878 1294.3046603292373 1299.8298665010866 1309.5365367322204 161.78808254115467 162.47873331263582 163.69206709152755
1046688 32 47.828 47.899 70.591 948.9599524018645 1398.5267333347251 1400.602826796019 118.61999405023306 174.81584166684064 175.07535334950236
1046688 64 92.41 92.751 92.951 1441.3622661402246 1444.4702914254294 1449.8004977816256 180.17028326752808 180.55878642817868 181.2250622227032
1046688 128 182.016 185.001 201.321 1330.969585885228 1448.3820519889082 1472.1350210970465 166.3711982356535 181.04775649861352 184.01687763713082
1046688 256 360.365 360.796 365.565 1465.9616101103773 1485.3386844643512 1487.1151637922662 183.24520126379716 185.6673355580439 185.88939547403328
1046688 512 718.467 722.434 724.238 1479.9120068264851 1483.6075157038567 1491.7992225112637 184.98900085331064 185.4509394629821 186.47490281390796
1046688 1024 1436.453 1438.917 1442.214 1486.3376891362864 1489.7433444736564 1492.2987553369305 185.7922111420358 186.21791805920705 186.53734441711632

1151328 1 75.93 84.045 87.501 26.315767819796346 27.397893985364984 30.32603713947056 3.289470977474543 3.424736748170623 3.79075464243382
1151328 2 5.981 6.071 6.141 749.9286761113825 758.5755229780926 769.9903026249791 93.74108451392281 94.82194037226158 96.24878782812239
1151328 4 9.298 9.577 9.658 953.6781942431146 961.7441787616165 990.6027102602711 119.20977428038933 120.21802234520206 123.82533878253389
1151328 8 15.689 15.719 15.829 1163.7657464148083 1171.909663464597 1174.1505513417044 145.47071830185104 146.48870793307464 146.76881891771305
1151328 16 28.012 28.292 37.178 990.9757383398786 1302.2231019369433 1315.2397543909753 123.87196729248483 162.7778877421179 164.40496929887192
1151328 32 52.497 52.998 72.734 1013.0749305689225 1390.335333408808 1403.60386307789 126.63436632111531 173.791916676101 175.45048288473626
1151328 64 101.878 101.989 102.459 1438.3312739730038 1444.9595936816715 1446.533932743085 179.79140924662548 180.61994921020894 180.81674159288562
1151328 128 200.209 200.66 219.015 1345.7524279158963 1468.852626333101 1472.1614313042871 168.21905348948704 183.60657829163762 184.0201789130359
1151328 256 399.397 406.391 409.166 1440.6865086541893 1450.5240913307628 1475.9247966309213 180.08581358177366 181.31551141634534 184.49059957886516
1151328 512 794.057 797.813 833.509 1414.453679564348 1477.7396106606436 1484.7295244547936 176.8067099455435 184.71745133258045 185.5911905568492

1266432 1 87.422 91.279 96.538 26.2369636826949 27.748594967078958 28.972844364118878 3.2796204603368624 3.4685743708848698 3.6216055455148597
1266432 2 6.271 6.652 6.843 740.2788250767208 761.5345760673482 807.8022643916441 92.5348531345901 95.19182200841853 100.97528304895552
1266432 4 10.41 10.539 10.58 957.6045368620038 961.3299174494734 973.24265129683 119.70056710775047 120.16623968118418 121.65533141210375
1266432 8 17.212 17.392 17.572 1153.136353289324 1165.0708371665135 1177.2549384150593 144.1420441611655 145.63385464581418 147.15686730188241
1266432 16 30.897 30.998 54.181 747.9711337922889 1307.3689915478417 1311.6426837557046 93.49639172403612 163.4211239434802 163.95533546946308
1266432 32 58.068 58.138 58.518 1385.0720803855224 1394.1251505039734 1395.8057449886342 173.1340100481903 174.26564381299667 174.47571812357927
1266432 64 112.047 113.38 132.415 1224.2064418683685 1429.7344857999647 1446.7437414656351 153.02580523354607 178.71681072499558 180.8429676832044
1266432 128 220.627 221.439 234.012 1385.4272088610842 1464.0898486716433 1469.478314077606 173.17840110763552 183.0112310839554 183.68478925970075
1266432 256 438.189 441.756 449.159 1443.616144839578 1467.808437236846 1479.75687203467 180.45201810494726 183.47605465460575 184.96960900433376
1266432 512 875.367 876.518 879.324 1474.7992412353128 1479.5205209704764 1481.465908584628 184.3499051544141 184.94006512130954 185.1832385730785

1393056 1 94.334 102.99 106.386 26.188709040663245 27.052257500728224 29.534547459028555 3.2735886300829056 3.381532187591028 3.6918184323785694
1393056 2 7.114 7.283 7.794 714.9376443418013 765.1000961142386 783.2757942086027 89.36720554272516 95.63751201427982 97.90947427607534
1393056 4 11.461 11.591 11.842 941.0950852896469 961.4742472608058 972.3800715469853 117.63688566120587 120.18428090760072 121.54750894337316
1393056 8 18.805 18.995 19.265 1156.9631975084349 1173.4085812055803 1185.264344589205 144.62039968855436 146.67607265069753 148.15804307365062
1393056 16 33.742 33.743 52.958 841.7574681823331 1321.0974720682805 1321.1366249777725 105.21968352279164 165.13718400853506 165.14207812222156
1393056 32 63.417 63.708 66.583 1339.0142228496763 1399.4409493313242 1405.8625289748804 167.37677785620954 174.93011866641552 175.73281612186005
1393056 64 123.027 123.218 143.736 1240.5463349474035 1447.1194792968558 1449.3661391401886 155.06829186842543 180.88993491210698 181.17076739252357
1393056 128 241.647 241.996 245.313 1453.744139120226 1473.6703747169372 1475.7987312070914 181.71801739002825 184.20879683961715 184.47484140088642
1393056 256 478.995 483.824 490.165 1455.1113849418052 1474.1820827408312 1489.044086055178 181.88892311772565 184.2727603426039 186.13051075689725
1393056 512 960.844 961.184 963.339 1480.7760757116653 1484.0960149149382 1484.621170554221 185.09700946395816 185.51200186436728 185.57764631927762

1532352 1 105.735 109.112 116.986 26.19718598806695 28.087689713322092 28.98476379628316 3.2746482485083686 3.5109612141652615 3.623095474535395
1532352 2 7.934 7.965 8.205 747.0332723948812 769.5427495291904 772.5495336526342 93.37915904936015 96.1928436911488 96.56869170657927
1532352 4 12.423 12.573 12.683 966.5549160293306 975.0112145072776 986.7838686307656 120.81936450366632 121.8764018134097 123.3479835788457
1532352 8 20.788 20.969 21.299 1151.11657824311 1169.2322952930515 1179.412738118145 143.88957228038876 146.15403691163144 147.42659226476812
1532352 16 37.269 37.389 37.459 1309.0382551589737 1311.4890475808393 1315.7118248410209 163.6297818948717 163.9361309476049 164.4639781051276
1532352 32 69.98 70.009 70.23 1396.4193079880392 1400.8274364724537 1401.4079451271791 174.5524134985049 175.1034295590567 175.1759931408974
1532352 64 135.169 136.071 161.549 1214.1273297884852 1441.4611195625812 1451.0801737084687 151.76591622356065 180.18263994532265 181.3850217135586
1532352 128 267.244 268.145 283.433 1384.0382453701582 1462.947703667792 1467.879959886845 173.00478067126977 182.868462958474 183.48499498585562
1532352 256 528.706 532.583 539.286 1454.820306850169 1473.130430374233 1483.9328927608162 181.8525383562711 184.1413037967791 185.49161159510203
1532352 512 1057.833 1059.647 1062.031 1477.4789511793913 1480.8029919397688 1483.3423120662715 184.6848688974239 185.1003739924711 185.41778900828393

1685568 1 98.241 121.515 153.644 21.94121475618963 27.742550302431795 34.31496014902128 2.742651844523704 3.4678187878039743 4.28937001862766
1685568 2 8.426 8.826 9.357 720.5591535748638 763.9102651257648 800.1746973652978 90.06989419685797 95.4887831407206 100.02183717066222
1685568 4 13.725 13.906 13.986 964.14586014586 969.6925068315834 982.48043715847 120.5182325182325 121.21156335394792 122.81005464480874
1685568 8 22.682 22.742 22.952 1175.0212617636805 1185.8714273150997 1189.0083766863593 146.87765772046006 148.23392841438746 148.6260470857949
1685568 16 40.785 40.996 41.376 1303.6102088167054 1315.693628646697 1322.5003310040456 162.95127610208817 164.46170358083714 165.3125413755057
1685568 32 76.431 76.932 77.804 1386.5142152074443 1402.2299173295896 1411.4214389449307 173.31427690093054 175.2787396661987 176.42767986811634
1685568 64 148.545 148.604 149.165 1446.4030033855126 1451.8633684153856 1452.4400282742604 180.80037542318908 181.4829210519232 181.55500353428255
1685568 128 291.879 296.818 309.691 1393.341776157525 1453.7710246683155 1478.3708591573902 174.16772201969061 181.72137808353943 184.79635739467378
1685568 256 579.2 588.506 594.708 1451.1505074759377 1466.4435298875458 1490.0048618784526 181.39381343449222 183.30544123594322 186.25060773480658
1685568 512 1158.219 1161.275 1169.149 1476.3059558704665 1486.316016447439 1490.237711520878 184.5382444838083 185.7895020559299 186.27971394010976

1854048 1 131.903 133.627 141.12 26.276190476190475 27.74960150269032 28.11229464075874 3.2845238095238094 3.46870018783629 3.5140368300948426
1854048 2 9.558 9.768 10.95 677.2778082191782 759.2334152334153 775.9146264908976 84.65972602739727 94.90417690417691 96.9893283113622
1854048 4 15.258 15.319 15.348 966.4050039093042 968.234480057445 972.1053873377901 120.80062548866303 121.02931000718063 121.51317341722377
1854048 8 24.986 25.227 25.497 1163.4611130721262 1175.9134260910928 1187.2555831265508 145.43263913401577 146.9891782613866 148.40694789081886
1854048 16 44.933 45.033 45.544 1302.6861057438962 1317.4679901405636 1320.4000623150025 162.83576321798702 164.68349876757046 165.05000778937531
1854048 32 84.556 84.646 85.207 1392.5976973722816 1401.8272806748105 1403.3193623160982 174.0747121715352 175.2284100843513 175.41492028951228
1854048 64 163.682 167.049 177.267 1338.7609876626784 1420.6498931451251 1449.8731931428015 167.3451234578348 177.58123664314064 181.23414914285019
1854048 128 322.145 322.946 339.517 1397.9750292327042 1469.7079016306132 1473.3622685436685 174.74687865408802 183.71348770382664 184.17028356795856
1854048 256 640.393 647.816 649.179 1462.2663025144068 1465.3428998357558 1482.3281578655606 182.78328781430085 183.16786247946948 185.29101973319507
1854048 512 1278.952 1281.937 1285.734 1476.6235877716542 1480.9972346534971 1484.453796545922 184.57794847145678 185.12465433168714 185.55672456824024

2039424 1 148.754 150.979 153.433 26.58390307169905 27.01599560203737 27.42008954381059 3.3229878839623814 3.3769994502546714 3.427511192976324
2039424 2 10.078 10.519 10.55 773.2413270142181 775.5201064739995 809.4558444135743 96.65516587677726 96.94001330924993 101.18198055169678
2039424 4 16.52 16.681 16.871 967.067275205975 978.0823691625202 987.6145278450364 120.88340940074687 122.26029614531502 123.45181598062955
2039424 8 27.37 27.541 27.712 1177.496535796767 1184.8075233288553 1192.2098648154915 147.18706697459587 148.1009404161069 149.02623310193644
2039424 16 49.091 49.482 49.632 1314.9090909090912 1318.8951133745607 1329.3998492595385 164.3636363636364 164.86188917182008 166.17498115744232
2039424 32 92.812 93.593 111.967 1165.7286164673521 1394.5822443986194 1406.317458949274 145.71607705841902 174.32278054982743 175.78968236865924
2039424 64 179.722 183.729 200.34 1303.0162324049118 1420.8223633721404 1452.5003727979881 162.87702905061397 177.60279542151756 181.56254659974852
2039424 128 354.144 355.276 372.157 1402.8825038894877 1469.5407063803916 1474.2380048793711 175.36031298618596 183.69258829754895 184.2797506099214
2039424 256 704.17 709.18 712.615 1465.2864281554557 1472.3837220451792 1482.859377707088 183.16080351943197 184.0479652556474 185.357422213386
2039424 512 1401.989 1404.563 1406.888 1484.3897851143802 1486.846923918685 1489.576719931469 185.54872313929752 185.85586548983562 186.19708999143361

2243328 1 161.007 163.001 189.671 23.654939342334888 27.525328065471996 27.866216996776537 2.956867417791861 3.4406660081839995 3.483277124597067
2243328 2 11.852 12.032 12.804 700.8209934395502 745.7872340425533 757.113736078299 87.60262417994377 93.22340425531917 94.63921700978737
2243328 4 18.394 18.424 20.708 866.6517288004637 974.0894485453757 975.678155920409 108.33146610005797 121.76118106817196 121.95976949005113
2243328 8 30.196 30.436 30.887 1162.0826885097292 1179.3024050466554 1188.6755861703537 145.26033606371615 147.41280063083192 148.5844482712942
2243328 16 54.16 54.461 54.601 1314.7469093972638 1318.1266594443732 1325.4522895125556 164.34336367465798 164.76583243054665 165.68153618906945
2243328 32 101.818 102.389 103.331 1389.4474262322053 1402.2306302434833 1410.0944037400068 173.68092827902566 175.27882878043542 176.26180046750085
2243328 64 198.176 198.908 201.873 1422.409059160958 1443.612041747944 1448.944291942516 177.80113239511974 180.451505218493 181.1180364928145
2243328 128 389.53 399.848 405.148 1417.4868640595535 1436.275704767812 1474.3202526121224 177.18585800744418 179.5344630959765 184.2900315765153
2243328 256 775.301 778.367 780.251 1472.069803178721 1475.6328775500504 1481.4684051742486 184.00872539734013 184.4541096937563 185.18355064678107

2467584 1 141.862 178.089 187.807 26.277870366919235 27.711807017839394 34.788512780025656 3.2847337958649043 3.4639758772299243 4.348564097503207
2467584 2 13.254 13.465 15.308 644.7828586360074 733.0364649090234 744.7062019013129 80.59785732950093 91.62955811362792 93.0882752376641
2467584 4 19.927 20.027 20.207 976.9224526154303 985.7029010835373 990.6494705675716 122.11530657692879 123.21286263544216 123.83118382094645
2467584 8 33.101 33.452 33.522 1177.7741184893505 1180.2386703336124 1192.7538140841666 147.2217648111688 147.52983379170155 149.09422676052083
2467584 16 59.55 59.971 60.141 1312.9593455379859 1316.6811959113572 1325.9897229219146 164.11991819224824 164.58514948891965 165.74871536523932
2467584 32 112.567 113.259 115.503 1367.2837588634063 1394.3737451328373 1402.945587960948 170.9104698579258 174.29671814160466 175.3681984951185
2467584 64 217.722 218.694 233.561 1352.3265956217006 1444.2588822738621 1450.7066442527628 169.04082445271257 180.53236028423277 181.33833053159535
2467584 128 432.94 439.081 442.337 1428.100077542688 1438.6901368995698 1459.0971127638934 178.512509692836 179.83626711244622 182.38713909548667
2467584 256 854.338 857.954 859.908 1469.23043860506 1472.5766276513662 1478.8093330742636 183.6538048256325 184.07207845642077 184.85116663428295

2714304 1 192.325 204.999 249.06 21.79638641291255 26.48114381045761 28.22622124008839 2.724548301614069 3.3101429763072012 3.5282776550110486
2714304 2 14.798 17.322 18.154 598.0619147295362 626.7876688604088 733.6948236248141 74.75773934119202 78.3484586075511 91.71185295310177
2714304 4 22.001 22.221 22.271 975.0092945983565 977.2031861752396 986.9747738739147 121.87616182479456 122.15039827190495 123.37184673423934
2714304 8 36.387 36.798 37.179 1168.1019930605985 1180.1963150171202 1193.5269189545716 146.0127491325748 147.52453937714003 149.19086486932144
2714304 16 65.752 66.042 66.112 1313.7967086156825 1315.1892432088669 1320.989901447865 164.22458857696031 164.39865540110836 165.1237376809831
2714304 32 124.009 124.33 142.463 1219.3724405635148 1397.212708115499 1400.8294236708623 152.42155507043935 174.65158851443738 175.1036779588578
2714304 64 240.524 255.432 257.125 1351.2140476421973 1360.1698769144039 1444.4750295188837 168.90175595527467 170.02123461430048 180.55937868986047
2714304 128 472.723 475.098 484.465 1434.2869433292396 1462.565247591023 1469.9132980625016 179.28586791615496 182.82065594887789 183.7391622578127
2714304 256 941.459 943.372 949.824 1463.1380634728118 1473.1448972409612 1476.1382577467525 182.89225793410148 184.14311215512015 184.51728221834406

2985696 1 212.732 215.908 480.908 12.41691134271004 27.657113214887826 28.07002237557114 1.552113917838755 3.457139151860978 3.5087527969463923
2985696 2 18.885 26.018 1520.458 7.854727983278722 459.0200630332846 632.3952343129466 0.9818409979098403 57.377507879160575 79.04940428911833
2985696 4 24.255 24.405 24.676 967.9675798346572 978.7161647203442 984.7688311688313 120.99594747933214 122.33952059004302 123.09610389610391
2985696 8 40.215 40.365 68.897 693.3703354282479 1183.4791527313264 1187.8934725848565 86.67129192853099 147.9348940914158 148.48668407310706
2985696 16 72.373 72.464 76.151 1254.6423815839582 1318.4791344667697 1320.136957152529 156.83029769799478 164.8098918083462 165.01711964406613
2985696 32 136.262 136.422 140.269 1362.2720914813679 1400.687161894709 1402.3318606801602 170.28401143517098 175.08589523683864 175.29148258502002
2985696 64 265.26 267.764 280.689 1361.53924093926 1427.2609013907768 1440.733951594662 170.1924051174075 178.4076126738471 180.09174394933274
2985696 128 520.641 523.277 528.025 1447.5416429146346 1460.6760396501277 1468.071427336687 180.94270536432933 182.58450495626596 183.50892841708588
2985696 256 1040.071 1041.463 1043.196 1465.3778887188985 1467.8162853601134 1469.780766889953 183.1722360898623 183.47703567001417 183.72259586124412

3284256 1 231.117 239.723 249.33 26.344651666466127 27.40042465679138 28.420721971988215 3.293081458308266 3.4250530820989225 3.552590246498527
3284256 2 24.265 25.587 28.002 469.1459181487037 513.425724000469 541.3980630537812 58.64323976858796 64.17821550005863 67.67475788172266
3284256 4 26.95 27.551 30.506 861.2747656198782 953.6513375195094 974.9182931354361 107.65934570248477 119.20641718993868 121.86478664192951
3284256 8 44.783 45.033 45.183 1163.0059093021712 1166.879754846446 1173.3938324810754 145.3757386627714 145.85996935580576 146.67422906013442
3284256 16 80.338 80.799 81.731 1285.8791890469959 1300.7115434596963 1308.17535910777 160.73489863087448 162.58894293246203 163.52191988847125
3284256 32 153.132 165.406 170.104 1235.6698490335323 1270.7663809051667 1372.6222082908864 154.45873112919153 158.84579761314583 171.5777760363608
3284256 64 293.462 296.648 308.339 1363.3850015729442 1417.1164747444782 1432.501543641085 170.42312519661803 177.13955934305977 179.06269295513562
3284256 128 583.848 588.036 589.308 1426.7064692826164 1429.7926249413304 1440.0486702018334 178.33830866032704 178.7240781176663 180.00608377522917
3284256 256 1153.25 1160.113 1167.256 1440.59150006511 1449.4614507379883 1458.0872074571862 180.07393750813875 181.18268134224854 182.26090093214827

3612672 1 264.889 270.83 332.835 21.708486186849342 26.678521581804084 27.27687446439829 2.7135607733561677 3.3348151977255105 3.4096093080497862
3612672 2 32.501 34.774 39.523 365.6273056195127 415.56013113245524 444.6228731423648 45.70341320243909 51.945016391556905 55.5778591427956
3612672 4 29.745 30.496 31.087 929.6933123170456 947.7103882476391 971.6381240544629 116.2116640396307 118.46379853095489 121.45476550680786
3612672 8 49.481 50.163 53.098 1088.605069870805 1152.2985467376354 1168.1807562498736 136.07563373385062 144.03731834220443 146.0225945312342
3612672 16 89.255 91.619 99.775 1158.6620295665248 1261.8070924153285 1295.2272029578176 144.8327536958156 157.72588655191606 161.9034003697272
3612672 32 168.411 172.669 177.999 1298.945544637891 1339.0417967324763 1372.8973048078806 162.3681930797364 167.38022459155954 171.61216310098507
3612672 64 328.647 333.867 341.852 1352.69653534278 1385.0485852150707 1407.0477320651032 169.0870669178475 173.13107315188384 175.8809665081379
3612672 128 647.386 654.369 659.608 1402.11160568095 1413.337172145991 1428.582070047854 175.26395071011876 176.66714651824887 178.57275875598174
3612672 256 1288.029 1289.191 1290.763 1433.0191243473823 1434.7665039548056 1436.0608837223385 179.1273905434228 179.3458129943507 179.50761046529232

3973920 1 248.569 301.386 320.141 24.82606101686444 26.3709661364496 31.974381358898334 3.103257627108055 3.2963707670562 3.996797669862292
3973920 2 39.012 42.238 45.153 352.0403959869776 376.3360007576116 407.45616733312823 44.0050494983722 47.04200009470145 50.93202091664103
3973920 4 33.642 34.834 42.669 745.0692540251705 912.6531549635412 944.9901908328874 93.13365675314631 114.08164437044265 118.12377385411092
3973920 8 56.425 61.463 68.386 929.7622320357968 1034.4877405919008 1126.8536996012406 116.2202790044746 129.3109675739876 140.85671245015507
3973920 16 102.549 117.627 178.831 711.0928194776073 1081.090565941493 1240.0456367200068 88.88660243470092 135.13632074268662 155.00570459000085
3973920 32 189.089 214.376 260.141 977.66549678828 1186.3775795798035 1345.0326565797056 122.208187098535 148.29719744747544 168.1290820724632
3973920 64 367.419 417.421 548.212 927.8559389433285 1218.5821029607996 1384.4187698513142 115.98199236791606 152.32276287009995 173.05234623141428
3973920 128 723.406 760.815 963.409 1055.962234108255 1337.1496618757515 1406.2967683430882 131.99527926353187 167.14370773446893 175.78709604288602
3973920 256 1437.444 1483.449 1770.289 1149.330442656538 1371.5652105330214 1415.4617779892642 143.66630533206725 171.44565131662767 176.93272224865802

4371264 1 317.256 335.469 354.435 24.666096745524566 26.06061364835499 27.556698691277706 3.0832620931905708 3.257576706044374 3.4445873364097133
4371264 2 42.899 50.824 54.2 322.6025092250922 344.03148118998894 407.58656378936564 40.325313653136526 43.00393514874862 50.948320473670705
4371264 4 36.527 38.521 50.093 698.1037669933922 907.8194231717764 957.3770635420374 87.26297087417403 113.47742789647205 119.67213294275467
4371264 8 61.363 64.79 82.863 844.046486369067 1079.491032566754 1139.7784332578262 105.50581079613337 134.93637907084425 142.47230415722828
4371264 16 111.106 123.398 148.624 941.169986004952 1133.5714355175935 1258.9819451694777 117.646248250619 141.6964294396992 157.37274314618472
4371264 32 210.128 223.293 285.086 981.3210610131679 1252.886996009727 1331.3832330769817 122.66513262664598 156.61087450121587 166.4229041346227
4371264 64 408.544 437.849 514.991 1086.4690683914864 1277.8875639775356 1369.5508733453435 135.8086335489358 159.73594549719195 171.19385916816793
4371264 128 792.503 820.415 839.871 1332.39936133049 1363.9969820151996 1412.0370320364716 166.54992016631124 170.49962275189995 176.50462900455895

4808352 1 347.942 349.876 379.431 25.34506669196771 27.486035052418572 27.638813365445966 3.1681333364959636 3.4357543815523215 3.4548516706807457
4808352 2 46.235 54.972 58.889 326.60442527466927 349.87644619078804 415.9923867200173 40.82555315933366 43.734555773848506 51.99904834000216
4808352 4 41.035 58.969 61.634 624.1168186390629 652.3226780172632 937.414792250518 78.01460232988286 81.5403347521579 117.17684903131475
4808352 8 66.333 97.4 102.579 749.9939753750768 789.8730184804928 1159.8093256750033 93.7492469218846 98.7341273100616 144.9761657093754
4808352 16 120.563 174.903 184.972 831.8408407759011 879.7291298605513 1276.2395096339674 103.98010509698764 109.96614123256892 159.52993870424592
4808352 32 227.66 283.023 334.909 918.8601321553019 1087.3127908332538 1351.7285777035931 114.85751651941274 135.91409885415672 168.96607221294914
4808352 64 437.758 477.812 615.908 999.2873221325264 1288.0987836220104 1405.9573006090122 124.9109152665658 161.0123479527513 175.74466257612653
4808352 128 853.176 879.083 925.379 1330.1988828361136 1400.2524357768266 1442.771611015781 166.2748603545142 175.03155447210332 180.34645137697262

5289120 1 394.459 403.665 427.199 24.76185571595439 26.205492177919805 26.817083651279344 3.0952319644942987 3.2756865222399756 3.352135456409918
5289120 2 48.75 56.023 62.505 338.4766018718502 377.63918390660973 433.9790769230769 42.30957523398128 47.204897988326216 54.24738461538461
5289120 4 54.19 69.449 71.281 593.6078337845988 609.2666561073594 780.8259826536262 74.20097922307485 76.15833201341992 97.60324783170327
5289120 8 93.874 99.614 118.519 714.0282992600341 849.5384182946171 901.4841170079043 89.25353740750427 106.19230228682714 112.68551462598803
5289120 16 168.14 212.201 216.52 781.6914834657305 797.601519314235 1006.6125847508029 97.71143543321631 99.70018991427938 125.82657309385036
5289120 32 299.944 321.244 403.675 838.5549761565616 1053.7276338235108 1128.5562638359158 104.8193720195702 131.71595422793885 141.06953297948948
5289120 64 477.142 478.323 648.217 1044.4146944618853 1415.3769733004685 1418.880249485478 130.55183680773567 176.92212166255857 177.36003118568476
5289120 128 937.161 941.749 1067.401 1268.5155063560926 1437.7660289525127 1444.8048094190858 158.56443829451158 179.72075361906408 180.60060117738573

5817984 1 413.323 428.712 480.518 24.21546747468357 27.141689525835528 28.152239289853213 3.0269334343354464 3.392711190729441 3.5190299112316517
5817984 2 54.3 58.368 67.625 344.1321404805915 398.7105263157895 428.58077348066297 43.016517560073936 49.838815789473685 53.57259668508287
5817984 4 59.009 67.284 75.209 618.860402345464 691.7524522917781 788.7588672914301 77.357550293183 86.46905653647227 98.59485841142876
5817984 8 95.927 111.095 126.674 734.8606975385635 837.9111931230029 970.4019097855661 91.85758719232044 104.73889914037537 121.30023872319576
5817984 16 171.146 199.598 235.374 790.9772872109919 932.7522720668543 1087.8167646337047 98.87216090137399 116.59403400835679 135.97709557921308
5817984 32 323.327 406.15 449.48 828.4038800391563 916.7819180105872 1151.623514275022 103.55048500489454 114.5977397513234 143.95293928437775
5817984 64 607.933 668.935 722.785 1030.3229203705114 1113.2650436888487 1224.973725723065 128.79036504631392 139.15813046110608 153.12171571538312
5817984 128 1033.107 1088.58 1189.035 1252.6156959214823 1368.2080361571957 1441.6743899712228 156.57696199018528 171.02600451964946 180.20929874640285

6399744 1 457.565 475.748 478.944 26.724393666065343 26.903923926112142 27.97304863789844 3.340549208258168 3.362990490764018 3.496631079737305
6399744 2 59.92 60.451 69.518 368.2352196553411 423.4665431506509 427.2192256341789 46.02940245691764 52.933317893831365 53.40240320427236
6399744 4 63.006 69.228 73.776 693.9648666232922 739.5555555555555 812.5885153794876 86.74560832791153 92.44444444444444 101.57356442243595
6399744 8 110.594 120.152 142.303 719.5625109800917 852.2197216858646 925.8721449626562 89.94531387251146 106.52746521073307 115.73401812033202
6399744 16 204.457 254.039 263.236 777.9779665395312 806.143182739658 1001.637547259326 97.2472458174414 100.76789784245724 125.20469340741575
6399744 32 399.598 468.746 488.722 838.0707559716975 873.78583710581 1024.9891540998703 104.75884449646219 109.22322963822624 128.1236442624838
6399744 64 664.156 729.718 801.219 1022.401156238182 1122.5805475539867 1233.395816645487 127.80014452977275 140.32256844424833 154.17447708068588
6399744 128 1149.473 1193.704 1323.283 1238.083209714022 1372.4796633001147 1425.2918198165594 154.76040121425274 171.55995791251434 178.16147747706992

7039680 1 495.615 542.562 556.077 25.319083508219187 25.949771639001625 28.407856905057354 3.1648854385273983 3.243721454875203 3.5509821131321693
7039680 2 72.554 77.073 83.975 335.32265555224774 365.35129033513687 388.10706508255925 41.91533194403097 45.66891129189211 48.513383135319906
7039680 4 72.714 90.137 96.889 581.2573150718864 624.7982515504177 774.5061473718955 72.6571643839858 78.09978144380221 96.81326842148694
7039680 8 122.216 149.947 161.428 697.7406645687241 751.164611496062 921.6050271650194 87.21758307109052 93.89557643700775 115.20062839562742
7039680 16 219.134 269.738 290.296 776.0002204646293 835.1428423136525 1028.0000365073427 97.00002755807866 104.39285528920657 128.50000456341783
7039680 32 398.165 483.473 511.023 881.6423526925403 931.8814494294407 1131.539738550601 110.20529408656753 116.4851811786801 141.44246731882512
7039680 64 694.803 718.517 797.202 1130.302031354663 1254.0817266675667 1296.884210344515 141.28775391933289 156.76021583344584 162.11052629306437
7039680 128 1297.266 1400.085 1434.439 1256.3504478057275 1287.1776213587032 1389.1970343784544 157.04380597571594 160.8972026698379 173.6496292973068

7743648 1 557.409 582.355 595.499 26.00725777877041 26.594252646581552 27.784438356754194 3.250907222346301 3.324281580822694 3.4730547945942742
7743648 2 73.015 87.862 93.853 330.033051687213 352.53684186565295 424.22231048414704 41.254131460901625 44.06710523320662 53.02778881051838
7743648 4 74.137 106.197 107.999 573.6088667487662 583.3421283087092 835.6041382845273 71.70110834359578 72.91776603858865 104.45051728556591
7743648 8 140.159 173.761 182.808 677.7513456741499 713.0389903373024 883.9843891580276 84.71891820926874 89.1298737921628 110.49804864475345
7743648 16 258.648 277.563 320.993 771.9692828192515 892.7585304957794 958.0462095202745 96.49616035240643 111.59481631197242 119.75577619003431
7743648 32 366.447 447.867 526.652 941.0264690915442 1106.5639397410391 1352.428787791959 117.62830863644302 138.3204924676299 169.05359847399487
7743648 64 703.309 770.684 874.405 1133.5558968670125 1286.1133019499562 1409.3192949329527 141.69448710837656 160.76416274374452 176.1649118666191
7743648 128 1370.19 1480.013 1669.874 1187.139800967019 1339.4300509522552 1446.7875900422569 148.39247512087738 167.4287563690319 180.8484487552821

8517984 1 618.732 638.049 664.016 25.65596009734705 26.70009356648157 27.53367855549737 3.2069950121683815 3.3375116958101962 3.4417098194371714
8517984 2 74.868 80.078 95.266 357.65053639283684 425.4843527560628 455.0934444622536 44.706317049104605 53.18554409450785 56.8866805577817
8517984 4 88.684 90.317 117.807 578.4365275408082 754.496628541692 768.3896982544766 72.30456594260103 94.3120785677115 96.04871228180957
8517984 8 148.745 154.045 195.28 697.909381401065 884.7268265766497 916.2509260815488 87.23867267513313 110.59085332208122 114.5313657601936
8517984 16 247.738 256.374 355.817 766.0552699842896 1063.1947389360853 1100.257078042125 95.7569087480362 132.89934236701066 137.53213475526562
8517984 32 410.679 473.104 619.845 879.4956416523485 1152.285704623085 1327.4381597305926 109.93695520654356 144.03571307788562 165.92976996632407
8517984 64 772.015 830.474 873.193 1248.6379895395405 1312.8670518282327 1412.2807872904023 156.07974869244256 164.10838147852908 176.53509841130028

9369696 1 671.189 714.689 719.338 26.05088567544048 26.220344793329687 27.919694750658905 3.25636070943006 3.277543099166211 3.489961843832363
9369696 2 110.484 135.691 184.721 202.89400771975033 276.2068523336109 339.22363419137616 25.361750964968792 34.525856541701366 42.40295427392202
9369696 4 97.44 99.173 167.058 448.6918794670115 755.8263640305324 769.2689655172414 56.08648493337644 94.47829550381655 96.15862068965518
9369696 8 163.232 166.016 278.494 538.306520068655 903.0161912104858 918.4175651832975 67.28831500858188 112.87702390131072 114.80219564791219
9369696 16 263.397 295.726 501.797 597.5130819833519 1013.8786308948148 1138.3207553616783 74.68913524791898 126.73482886185185 142.29009442020978
9369696 32 450.592 609.386 642.186 933.7801571507321 984.0405654215884 1330.828208223848 116.72251964384151 123.00507067769855 166.353526027981
9369696 64 865.558 878.232 1093.659 1096.6133758328692 1365.6085043587573 1385.6045325674306 137.07667197910865 170.70106304484466 173.20056657092883

10306656 1 752.48 774.701 789.477 26.110085537640742 26.60808750730927 27.393833723155435 3.263760692205093 3.326010938413659 3.4242292153944294
10306656 2 189.98 206.151 246.044 167.55793272747965 199.98265349185792 217.0050742183388 20.944741590934957 24.99783168648224 27.12563427729235
10306656 4 159.725 173.27 189.74 434.55912301043537 475.86568938650663 516.2200532164659 54.31989037630442 59.48321117331333 64.52750665205824
10306656 8 240.655 250.493 262.235 628.8500619673193 658.3277616540183 685.2402651098046 78.60625774591492 82.29097020675229 85.65503313872557
10306656 16 383.378 409.937 424.674 776.6262874581445 804.545557000222 860.2814767670551 97.07828593226806 100.56819462502774 107.53518459588189
10306656 32 650.522 687.89 730.619 902.8316865561941 958.912012094957 1013.9948902573625 112.85396081952426 119.86400151186963 126.74936128217031
10306656 64 1258.764 1290.223 1299.48 1015.2152922707545 1022.4991865747239 1048.053461967454 126.90191153384431 127.81239832184049 131.00668274593176

11337312 1 838.389 852.725 912.726 24.842750179133716 26.590781318713535 27.04546934656824 3.1053437723917146 3.323847664839192 3.38068366832103
11337312 2 524.709 572.437 578.679 78.36684586791641 79.2213780730456 86.4274254872701 9.795855733489551 9.9026722591307 10.803428185908762
11337312 4 258.186 313.269 415.107 218.49425810694592 289.52272966683586 351.2913016197625 27.31178226336824 36.19034120835448 43.911412702470315
11337312 8 435.284 444.812 471.871 384.42072515581594 407.8059764574697 416.73250567445626 48.05259064447699 50.97574705718371 52.09156320930703
11337312 16 647.445 678.363 718.267 505.0962719991312 534.8080364052873 560.3471862474804 63.1370339998914 66.85100455066092 70.04339828093505
11337312 32 1080.986 1152.418 1196.99 606.1771343118991 629.62220999672 671.2279048942354 75.77214178898738 78.70277624959 83.90348811177942
11337312 64 2138.99 2387.048 2512.931 577.4833992656385 607.93747591167 678.4397944824427 72.18542490820481 75.99218448895876 84.80497431030534

12470976 1 918.116 923.515 946.408 26.354333437587172 27.007630628630828 27.16644955539387 3.2942916796983965 3.3759538285788535 3.395806194424234
12470976 2 1389.346 1411.066 1424.811 35.01089197093509 35.35192825849393 35.90459396003587 4.376361496366886 4.418991032311741 4.4880742450044835
12470976 4 838.118 922.604 1154.532 86.41406907734043 108.1371942892075 119.03790158426379 10.801758634667554 13.517149286150937 14.879737698032974
12470976 8 597.844 671.339 689.684 289.3145498518162 297.2203551409943 333.7586661403309 36.164318731477024 37.152544392624286 41.71983326754136
12470976 16 985.86 1017.338 1062.562 375.57453776814907 392.2700538070926 404.79503377761546 46.946817221018634 49.033756725886576 50.59937922220193
12470976 32 1477.197 1699.579 1712.503 466.0677756476923 469.6118650559933 540.3087496115954 58.25847195596154 58.70148313199916 67.53859370144943
12470976 64 2953.083 3098.502 3246.495 491.6948672337398 515.1795699986639 540.5486158025359 61.46185840421747 64.39744624983298 67.56857697531699

13718016 1 1015.685 1030.883 1067.501 25.701176860724253 26.61410848757812 27.012343393867194 3.2126471075905316 3.326763560947265 3.3765429242333993
13718016 2 1835.329 1858.592 1875.193 29.26208875566408 29.52345861813674 29.89767175258496 3.65776109445801 3.6904323272670925 3.73720896907312
13718016 4 2598.829 2613.597 2635.526 41.64031316708695 41.989690070810454 42.22829897619274 5.205039145885869 5.248711258851307 5.2785373720240925
13718016 8 3615.246 4132.671 4220.273 52.00807056794667 53.11050794994327 60.711845335006245 6.501008820993333 6.638813493742909 7.588980666875781
13718016 16 1457.952 1715.598 2582.248 169.99781275849568 255.87376063623296 301.09119641798907 21.24972659481196 31.98422007952912 37.63639955224863
13718016 32 2306.509 2420.249 2512.73 349.40205433930424 362.75318118094464 380.64149066836507 43.67525679241303 45.34414764761808 47.58018633354563
13718016 64 3737.482 3897.186 4062.262 432.2483503033531 450.5574145036957 469.8099008904926 54.03104378791914 56.319676812961966 58.726237611311575

15089760 1 1102.336 1145.505 1158.219 26.05683381122223 26.346039519687825 27.37778680910358 3.2571042264027787 3.293254939960978 3.4222233511379474
15089760 2 2139.601 2163.675 2183.753 27.64004903484964 27.896537141668684 28.21041867151866 3.455006129356205 3.4870671427085855 3.5263023339398325
15089760 4 3147.833 3203.405 3227.339 37.40483413734969 37.6843015478842 38.34958207757527 4.675604267168711 4.710537693485525 4.793697759696909
15089760 8 5194.122 5252.499 5280.01 45.72645885140369 45.9659602029434 46.48257395571378 5.7158073564254614 5.745745025367925 5.810321744464223
15089760 16 7129.405 9113.5 9372.728 51.518866225500204 52.98428924123553 67.72968010654466 6.4398582781875255 6.623036155154441 8.466210013318083
15089760 32 5694.726 12740.937 17636.227 54.75914094324144 75.79855704490181 169.58579569938925 6.84489261790518 9.474819630612727 21.198224462423656
15089760 64 9374.461 11096.12 24316.122 79.43245555356238 174.06888894496453 206.03736897513363 9.929056944195297 21.758611118120566 25.754671121891704

16598688 1 1181.903 1246.662 1290.734 25.71976565272163 26.62901091073603 28.08807152532822 3.214970706590204 3.328626363842004 3.5110089406660276
16598688 2 2438.964 2457.999 2481.252 26.75856865808068 27.01170830419378 27.222522349653378 3.344821082260085 3.3764635380242227 3.4028152937066722
16598688 4 3679.745 3705.022 3727.213 35.627023194005815 35.840409044804595 36.08660491419922 4.453377899250727 4.480051130600574 4.510825614274903
16598688 8 6101.437 6113.479 6175.684 43.00398271673227 43.44155071114172 43.527288407632504 5.375497839591533 5.430193838892715 5.440911050954063
16598688 16 8712.548 10994.392 11040.277 48.11093199926053 48.311722558191484 60.96471617717343 6.013866499907566 6.0389653197739355 7.620589522146679
16598688 32 15111.085 20616.781 20829.684 51.000103122063685 51.52676511430179 70.30044712209613 6.375012890257961 6.440845639287724 8.787555890262016
16598688 64 21208.143 27769.37 40189.915 52.864806108696676 76.50991232426232 100.1800140634661 6.6081007635870845 9.56373904053279 12.522501757933263

18258528 1 1332.261 1382.934 1420.473 25.707673429906798 26.405494405372924 27.409836360893248 3.2134591787383497 3.3006868006716155 3.426229545111656
18258528 2 2721.025 2765.688 2788.239 26.19363404643576 26.40721296111492 26.840661882930142 3.27420425580447 3.300901620139365 3.3550827353662678
18258528 4 4073.813 4109.929 4145.666 35.2339585485179 35.540327825614504 35.8554072069582 4.404244818564737 4.442540978201813 4.481925900869775
18258528 8 6736.77 6816.528 6871.549 42.51391469376119 42.85707445197907 43.36446813532301 5.314239336720148 5.357134306497383 5.420558516915376
18258528 16 12136.782 12243.369 12283.834 47.56437574783247 47.72157859491125 48.140676498926986 5.945546968479059 5.965197324363906 6.017584562365873
18258528 32 22940.282 23025.008 23131.945 50.516538579008376 50.75115682913117 50.93859752901032 6.314567322376047 6.343894603641396 6.36732469112629

20084352 1 1489.851 1511.592 1522.882 26.376767208490215 26.573773875490208 26.961557900756514 3.297095901061277 3.321721734436276 3.3701947375945642
20084352 2 3009.217 3018.284 3041.497 26.413771902454616 26.616914776740693 26.697113568080997 3.301721487806827 3.3271143470925866 3.3371391960101247
20084352 4 4457.391 4524.234 4541.776 35.377089490983266 35.51425854630861 36.04683008513276 4.422136186372908 4.439282318288576 4.505853760641595
20084352 8 7410.684 7433.847 7536.126 42.641223355341985 43.22790501338002 43.36301912212152 5.330152919417748 5.403488126672502 5.42037739026519
20084352 16 13343.73 13368.707 13395.196 47.979832769897506 48.07490088607671 48.1648882284039 5.997479096237188 6.009362610759589 6.020611028550488
20084352 32 25126.689 25190.738 25297.595 50.81109599548889 51.02663240751422 51.15670146591937 6.351386999436111 6.378329050939278 6.394587683239921

22092768 1 1657.521 1691.183 1703.285 25.941363893887395 26.12699867489207 26.657602528112765 3.2426704867359244 3.265874834361509 3.3322003160140956
22092768 2 3334.407 3342.983 3449.389 25.619340700628427 26.434795510476718 26.502785052934446 3.2024175875785534 3.3043494388095898 3.3128481316168057
22092768 4 4735.254 4954.038 4982.271 35.47421326539644 35.676380358810334 37.32474414255286 4.434276658174555 4.459547544851292 4.665593017819107
22092768 8 8174.485 8196.566 8357.513 42.295391942555156 43.12590028555861 43.242392395361904 5.2869239928193945 5.390737535694826 5.405299049420238
22092768 16 14709.293 14733.937 14759.214 47.90015078038709 47.98232651598823 48.06271627059166 5.987518847548386 5.997790814498528 6.007839533823957
22092768 32 27729.316 27767.185 27843.276 50.78199677365551 50.921155745532 50.99069706587785 6.347749596706938 6.3651444681915 6.373837133234732

24302016 1 1830.31 1843.033 1869.012 26.005200608663827 26.371764368842012 26.555081926012534 3.2506500760829784 3.2964705461052515 3.3193852407515667
24302016 2 3629.893 3665.469 3688.842 26.35191856956736 26.519952562687063 26.779870370834622 3.29398982119592 3.314994070335883 3.347483796354328
24302016 4 5447.029 5459.622 5484.718 35.44687766991849 35.60981474541644 35.69214116539493 4.430859708739812 4.451226843177055 4.461517645674366
24302016 8 9024.495 9066.022 9090.817 42.77198144017199 42.88896011944378 43.08631740612632 5.346497680021499 5.3611200149304725 5.38578967576579
24302016 16 16225.201 16267.52 16344.242 47.58033514188054 47.80473680069242 47.92942238435136 5.947541892735067 5.975592100086552 5.99117779804392
24302016 32 30152.961 30518.947 30627.277 50.782478115831196 50.962735509845736 51.581303209326606 6.3478097644788996 6.370341938730717 6.447662901165826

26732160 1 1970.799 2018.407 2058.852 25.968024899312823 26.488374247612107 27.128245955066955 3.246003112414103 3.3110467809515134 3.3910307443833694
26732160 2 4012.52 4041.312 4072.16 26.258457427998902 26.45889255766444 26.648749414333135 3.2823071784998628 3.307361569708055 3.331093676791642
26732160 4 5964.374 5988.097 6019.786 35.52572799099503 35.71373008820666 35.85577966774049 4.440715998874379 4.4642162610258325 4.4819724584675615
26732160 8 9937.12 9948.942 9991.481 42.807924070515675 42.990959239686 43.04210475469754 5.350990508814459 5.37386990496075 5.3802630943371925
26732160 16 17764.965 17825.226 17868.767 47.87286778097224 47.98980501004588 48.15259247625875 5.98410847262153 5.998725626255735 6.019074059532343
26732160 32 32426.529 33575.02 33635.512 50.86464091880035 50.956283570344866 52.761066101154405 6.358080114850043 6.369535446293108 6.595133262644301

29405376 1 2174.396 2224.748 2236.36 26.297533491924376 26.434792614714116 27.04693717243777 3.287191686490547 3.3043490768392645 3.380867146554721
29405376 2 4384.657 4415.975 4439.698 26.493131740041775 26.635455137313958 26.825702443771544 3.311641467505222 3.3294318921642447 3.353212805471443
29405376 4 6556.838 6582.606 6646.814 35.39184457395679 35.737063406195055 35.87750803054765 4.423980571744599 4.467132925774382 4.4846885038184565
29405376 8 10926.697 10964.747 10970.979 42.88459726338006 42.908971451872084 43.0583932180054 5.360574657922507 5.3636214314840105 5.382299152250675
29405376 16 19597.869 19741.185 19834.627 47.44087357932166 47.66542798722569 48.0139974402319 5.930109197415208 5.958178498403211 6.001749680028987
29405376 32 36075.508 37001.948 37151.194 50.65635478633607 50.86067533525532 52.166807020430596 6.332044348292008 6.357584416906915 6.5208508775538245

32345856 1 2374.054 2435.277 2470.352 26.1872445708142 26.564416286114476 27.249469472893203 3.273405571351775 3.3205520357643095 3.4061836841116504
32345856 2 4880.111 4887.265 4914.776 26.325395908175672 26.473584714559166 26.512393673012767 3.290674488521959 3.309198089319896 3.314049209126596
32345856 4 7239.739 7256.55 7318.835 35.35628935479485 35.65976228372987 35.74256585769184 4.419536169349357 4.457470285466234 4.46782073221148
32345856 8 11965.616 12056.384 12122.896 42.69059934193941 42.926112506038294 43.251738648474095 5.336324917742426 5.365764063254787 5.406467331059262
32345856 16 21490.184 21632.878 21681.848 47.73889162953268 47.84695739512791 48.16465936261876 5.967361453691585 5.980869674390989 6.020582420327345
32345856 32 40626.381 40734.241 40967.05 50.531702526786766 50.82050710113881 50.95543174273878 6.316462815848346 6.352563387642351 6.369428967842348

35580384 1 2667.425 2686.2 2700.577 26.350208862772657 26.49123966942149 26.677701528627793 3.293776107846582 3.311404958677686 3.334712691078474
35580384 2 5364.225 5368.083 5412.174 26.29655587569801 26.51254386342387 26.531611929029822 3.2870694844622514 3.3140679829279835 3.3164514911287277
35580384 4 7957.965 7984.314 8015.241 35.512727814422554 35.65028529689588 35.76832418840746 4.439090976802819 4.456285662111985 4.471040523550933
35580384 8 13133.983 13224.159 13230.211 43.029256600669484 43.04894882162261 43.344516587237855 5.3786570750836855 5.381118602702826 5.418064573404732
35580384 16 23632.339 23673.726 23728.146 47.98403920812017 48.09434256356604 48.17856954404725 5.998004901015022 6.011792820445755 6.022321193005906

39138336 1 2853.719 2939.247 2969.875 26.356891114945917 26.631539302413174 27.42970558769101 3.2946113893682396 3.3289424128016467 3.4287131984613763
39138336 2 5848.39 5921.855 5949.327 26.314462795539733 26.43653787537858 26.7686224755873 3.2893078494424666 3.3045672344223225 3.3460778094484125
39138336 4 8787.547 8817.523 8892.19 35.21142575675958 35.50959696957978 35.63072698217148 4.401428219594948 4.438699621197473 4.453840872771435
39138336 8 14603.007 14636.939 14643.711 42.763297909935545 42.783082992967316 42.88249509159313 5.345412238741943 5.3478853741209145 5.360311886449141
39138336 16 26037.771 26213.345 26495.196 47.2699561082696 47.778211899320745 48.10038278622237 5.9087445135337 5.972276487415093 6.012547848277796

43052160 1 3231.387 3246.064 3276.28 26.281123713479918 26.52576166089147 26.646242000726 3.2851404641849897 3.3157202076114336 3.33078025009075
43052160 2 6436.626 6484.735 6501.306 26.488314809362922 26.55600267397203 26.754489075487687 3.3110393511703653 3.319500334246504 3.344311134435961
43052160 4 9653.486 9692.929 9725.92 35.41230855281557 35.532838422730634 35.678021390407565 4.426538569101946 4.441604802841329 4.459752673800946
43052160 8 15907.625 15953.5 16031.494 42.96758368246902 43.17764503087097 43.302162327814486 5.370947960308627 5.397205628858871 5.412770290976811
43052160 16 28594.583 28643.443 28736.886 47.940793584941666 48.097189992138865 48.179374394094154 5.992599198117708 6.012148749017358 6.022421799261769

47357376 1 3504.681 3562.709 3595.65 26.341482624838346 26.585037397104283 27.02521342170657 3.292685328104793 3.3231296746380354 3.3781516777133214
47357376 2 7101.333 7178.586 7189.667 26.347465605847948 26.38813604796265 26.675203655426383 3.2934332007309934 3.2985170059953313 3.334400456928298
47357376 4 10599.473 10644.537 10661.237 35.536120996090794 35.591872901564436 35.74319289270325 4.442015124511349 4.4489841126955545 4.467899111587906
47357376 8 17552.041 17597.185 17702.72 42.80234992136801 43.05904700098339 43.16979523919753 5.350293740171002 5.382380875122924 5.396224404899692
47357376 16 31625.871 31710.687 31731.856 47.75756047802561 47.789441837069 47.917606190197894 5.969695059753201 5.973680229633625 5.989700773774737

52093056 1 3881.638 3924.237 3946.768 26.397830325978116 26.549393423485892 26.84075949380133 3.2997287907472646 3.3186741779357365 3.355094936725166
52093056 2 7857.66 7862.94 7914.145 26.329088486501064 26.500548649741702 26.518355846397014 3.291136060812633 3.312568581217713 3.314794480799627
52093056 4 11664.37 11713.731 11752.231 35.46087955554992 35.57743028246082 35.727985994957294 4.43260994444374 4.447178785307602 4.465998249369662
52093056 8 19329.805 19362.485 19408.991 42.94344286109463 43.04658704706549 43.11936390460224 5.367930357636829 5.380823380883187 5.38992048807528
52093056 16 34591.588 34642.381 34729.723 47.998591638637606 48.11960794496198 48.19026498581099 5.999823954829701 6.014950993120247 6.023783123226374

57302304 1 4291.575 4307.674 4373.246 26.205845269166197 26.60475421306255 26.704556718687197 3.2757306586457746 3.3255942766328186 3.3380695898358996
57302304 2 8597.717 8663.798 8708.972 26.318745312305513 26.4559741582156 26.65931153584143 3.289843164038189 3.30699676977695 3.3324139419801786
57302304 4 12814.062 12884.333 12924.105 35.47003308933191 35.579523751831 35.77463820605831 4.433754136166489 4.447440468978875 4.471829775757289
57302304 8 21311.745 21326.972 21428.981 42.78490255789578 42.98954694552981 43.02026248906413 5.348112819736972 5.373693368191226 5.377532811133016
57302304 16 38252.287 38296.229 38310.765 47.86314572418484 47.88131301387403 47.93631627829207 5.982893215523105 5.9851641267342535 5.9920395347865085

63032448 1 4687.226 4748.438 4821.253 26.147745409751373 26.548708438438076 26.895416606752054 3.2684681762189216 3.3185885548047596 3.3619270758440067
63032448 2 9496.396 9527.954 9540.177 26.428209036373225 26.46211264244139 26.55005035594556 3.303526129546653 3.3077640803051738 3.318756294493195
63032448 4 14092.303 14173.443 14195.654 35.522110076788294 35.57777626791176 35.78262431626683 4.440263759598537 4.44722203348897 4.472828039533354
63032448 8 23272.836 23440.135 23606.392 42.72229182672219 43.02531397536747 43.33460554613972 5.340286478340274 5.378164246920933 5.416825693267465
63032448 16 41737.714 41888.091 41968.629 48.06062013605448 48.15302602355405 48.326516780483 6.00757751700681 6.019128252944256 6.040814597560375

69335616 1 5198.139 5212.235 5255.345 26.38670382248929 26.604946246667698 26.677091936171774 3.2983379778111614 3.3256182808334622 3.3346364920214717
69335616 2 10461.358 10483.749 10502.905 26.40626226743934 26.454512026184524 26.511134022944248 3.3007827834299177 3.3068140032730655 3.313891752868031
69335616 4 15548.201 15585.27 15626.316 35.49684570566728 35.59033164006784 35.67518377206469 4.43710571320841 4.44879145500848 4.4593979715080865
69335616 8 25668.249 25769.767 25794.052 43.008746977791624 43.04927770592571 43.21953772538205 5.376093372223953 5.381159713240714 5.402442215672756

76269120 1 5701.659 5763.663 5801.263 26.293970812907464 26.465502927565336 26.75330811611147 3.286746351613433 3.308187865945667 3.3441635145139337
76269120 2 11472.706 11489.416 11540.29 26.435772411265223 26.552827402193465 26.59150160389362 3.304471551408153 3.319103425274183 3.3239377004867023
76269120 4 17049.053 17116.537 17192.268 35.489963278841394 35.646986303362645 35.78808512120878 4.436245409855174 4.455873287920331 4.473510640151098
76269120 8 28234.668 28239.808 28338.29 43.06208737365592 43.212259800066626 43.22012640630306 5.38276092170699 5.401532475008328 5.402515800787882

83896032 1 5725.764 6325.811 6342.572 26.454893062309736 26.524988495546264 29.30474675519284 3.306861632788717 3.315623561943283 3.663093344399105
83896032 2 12608.263 12658.565 15873.392 21.141299099776532 26.51044000643043 26.616206213338025 2.6426623874720665 3.3138050008038036 3.327025776667253
83896032 4 18810.345 18838.497 19176.452 34.99960555789986 35.62748429452732 35.68080521649124 4.374950694737483 4.453435536815915 4.460100652061405
83896032 8 31048.745 31130.336 31138.371 43.108758386879 43.11988511784775 43.23319709057483 5.388594798359875 5.389985639730969 5.404149636321854

92285568 1 6885.645 6932.622 7021.656 26.285983819201622 26.623568398796298 26.805206483924163 3.2857479774002027 3.3279460498495372 3.3506508104905204
92285568 2 13882.836 13930.153 13949.099 26.463520833854574 26.499513106568173 26.589831645349697 3.3079401042318217 3.3124391383210217 3.323728955668712
92285568 4 20707.498 20725.472 20756.299 35.56918042084478 35.62208590472632 35.65300568905041 4.446147552605598 4.45276073809079 4.456625711131301
92285568 8 34242.623 34300.329 34760.95 42.47781168236196 43.04824854595418 43.12079387142743 5.309726460295245 5.381031068244273 5.390099233928429

101514048 1 7623.498 7677.006 8962.42 22.653267309498993 26.44625990913645 26.631881585067642 2.831658413687374 3.3057824886420564 3.3289851981334553
101514048 2 15191.873 15273.013 15323.757 26.49847501497185 26.586515182040372 26.728514120674916 3.312309376871481 3.3233143977550466 3.3410642650843645
101514048 4 22749.449 22791.688 22870.873 35.50858701370953 35.631954245775916 35.69811224878457 4.438573376713691 4.453994280721989 4.462264031098071
101514048 8 37686.963 37702.251 37787.819 42.98276034401456 43.08031284392011 43.09778869684988 5.37284504300182 5.385039105490014 5.387223587106235

111665376 1 8415.57 8472.195 8502.19 26.2674383894032 26.36043575484275 26.537804569387458 3.2834297986754 3.295054469355344 3.317225571173432
111665376 2 16813.858 16872.397 16933.981 26.37663901949577 26.472913362576755 26.565081256187604 3.297079877436971 3.3091141703220943 3.3206351570234505
111665376 4 25054.796 25106.963 25661.006 34.812470251556 35.58068763633419 35.65477076724153 4.3515587814445 4.447585954541774 4.456846345905191
111665376 8 41384.692 41455.592 41532.624 43.01789398136751 43.097829021474354 43.17166395729126 5.377236747670938 5.387228627684294 5.396457994661407

122831904 1 9261.202 9287.951 9360.035 26.24603519110773 26.449731270115446 26.526125658418856 3.280754398888466 3.306216408764431 3.315765707302357
122831904 2 18541.659 18557.589 18615.255 26.393816039586888 26.475832393960232 26.498579010648402 3.299227004948361 3.309479049245029 3.3123223763310503
122831904 4 27594.025 27656.991 27679.002 35.501830304430776 35.53008467190086 35.61115973476142 4.437728788053847 4.441260583987607 4.451394966845178
122831904 8 45709.117 45813.489 45861.658 42.853018179150865 42.89807449504665 42.99602777275265 5.356627272393858 5.362259311880831 5.374503471594081

135115008 1 10190.788 10226.885 10259.285 26.340043774980423 26.42349219728197 26.51708739304556 3.292505471872553 3.3029365246602462 3.314635924130695
135115008 2 20395.612 20434.775 20490.368 26.376296999643934 26.448053966828603 26.498838671769203 3.2970371249554917 3.3060067458535753 3.3123548339711504
135115008 4 30347.099 30435.763 30491.806 35.44952581687028 35.514800926791295 35.61856321093493 4.431190727108785 4.439350115848912 4.452320401366866

148626432 1 11185.225 11254.443 11318.781 26.261914953562574 26.412045802710985 26.57549258061416 3.2827393691953217 3.301505725338873 3.32193657257677
148626432 2 22321.359 22455.045 23254.241 25.565475476064773 26.4753745984477 26.633939627063032 3.1956844345080966 3.3094218248059626 3.329242453382879
148626432 4 33284.303 33409.865 33542.32 35.448098283004875 35.58863395586903 35.72288883441543 4.431012285375609 4.4485792444836285 4.465361104301929

163489056 1 12335.959 12352.64 12380.411 26.41092545312106 26.470302056888244 26.506095877912692 3.3013656816401324 3.3087877571110305 3.3132619847390865
163489056 2 24639.019 24761.675 24775.15 26.395651449133503 26.41001563908742 26.54148787336054 3.299456431141688 3.3012519548859274 3.3176859841700677
163489056 4 36697.275 36773.376 36859.165 35.48404984214916 35.566830959441965 35.64058770031289 4.435506230268645 4.445853869930246 4.4550734625391115

179837952 1 13558.097 13604.121 14092.143 25.523151730719736 26.438746318119343 26.52849467001158 3.190393966339967 3.304843289764918 3.3160618337514474
179837952 2 26936.201 27126.762 27242.356 26.40563863125495 26.518159742028924 26.70576329601936 3.3007048289068686 3.3147699677536155 3.33822041200242
179837952 4 40347.386 40398.44 40467.398 35.552165128086564 35.61285079324845 35.65791389806517 4.4440206410108205 4.451606349156056 4.457239237258146

197821728 1 14848.409 14942.372 15006.461 26.364874169865903 26.477955173382114 26.645511717787407 3.295609271233238 3.309744396672764 3.330688964723426
197821728 2 29869.287 29931.392 30297.548 26.117193114109433 26.436689346088546 26.491657199584306 3.264649139263679 3.304586168261068 3.3114571499480383
197821728 4 44413.434 44491.849 44986.853 35.17858481899145 35.56997201891969 35.63277327305968 4.397323102373932 4.4462465023649616 4.45409665913246

217603872 1 16410.433 16444.106 16457.681 26.444050288737518 26.46588048021583 26.52018651793039 3.3055062860921898 3.3082350600269788 3.315023314741299
217603872 2 32787.615 32870.96 32898.1 26.457925776868574 26.479770837237492 26.54708151233324 3.307240722108572 3.3099713546546865 3.318385189041655
217603872 4 48853.964 48969.638 48981.339 35.54069797887722 35.54919021455703 35.63336182914451 4.442587247359652 4.443648776819629 4.454170228643064

239364192 1 18013.464 18079.075 18207.402 26.293063886874144 26.479694564019454 26.576142378833968 3.286632985859268 3.3099618205024317 3.322017797354246
239364192 2 36131.651 36152.5 36217.029 26.436645811007853 26.483832874628312 26.49911480657222 3.3045807263759817 3.310479109328539 3.3123893508215274
239364192 4 53800.308 53842.636 53943.302 35.49863402874373 35.56500346676935 35.59298463495785 4.437329253592966 4.445625433346168 4.449123079369731

263300544 1 19720.846 19891.803 19965.027 26.37617710208957 26.47327082416813 26.70276356298305 3.2970221377611963 3.309158853021016 3.3378454453728814
263300544 2 39725.437 39766.253 39847.021 26.43113963274695 26.48482309862084 26.512034996619427 3.303892454093369 3.310602887327605 3.3140043745774284
263300544 4 59117.066 59217.552 59372.789 35.47760493447596 35.570608389890886 35.63107059474163 4.434700616809495 4.446326048736361 4.453883824342704

289630560 1 21848.134 21888.529 21916.15 26.43078825432386 26.46414110331489 26.513070635689072 3.3038485317904827 3.3080176379143613 3.314133829461134
289630560 2 43654.713 43791.656 43846.978 26.421940412860376 26.455319250772334 26.53830847542165 3.302742551607547 3.3069149063465417 3.3172885594277064

318593568 1 23959.844 24022.01 24107.186 26.43141907977148 26.525138237807745 26.593960127620196 3.303927384971435 3.315642279725968 3.3242450159525245
318593568 2 48054.268 48130.347 48171.504 26.454940497602067 26.477562524118095 26.519481516189156 3.3068675622002583 3.309695315514762 3.3149351895236445

350452896 1 26382.629 26457.767 26496.99 26.45227974951117 26.49149461479497 26.566942665190798 3.3065349686888963 3.3114368268493712 3.3208678331488497
350452896 2 52772.761 52847.829 52878.366 26.510115384427724 26.525433693785228 26.563165493653063 3.3137644230534655 3.3156792117231535 3.320395686706633

385498176 1 29041.178 29095.548 29132.406 26.465248081466395 26.49877403924477 26.54838422876648 3.3081560101832994 3.312346754905596 3.31854802859581
385498176 2 58183.042 58232.843 58434.165 26.388546905735712 26.479777125083867 26.50244213769366 3.298568363216964 3.3099721406354834 3.3128052672117074

424047936 1 31994.771 32005.351 32086.311 26.431703912612456 26.49856494309342 26.50732746297825 3.303962989076557 3.3123206178866775 3.313415932872281
424047936 2 63917.921 64042.912 64056.878 26.479463204560176 26.485237648156915 26.53702932546883 3.309932900570022 3.3106547060196143 3.3171286656836036

466452672 1 35171.889 35278.095 35602.303 26.203511160499925 26.444323141598208 26.524175144530904 3.2754388950624906 3.305540392699776 3.315521893066363
466452672 2 67269.841 70477.374 70518.701 26.458381415732543 26.473896260663743 27.73621373655395 3.307297676966568 3.309237032582968 3.4670267170692437

513097920 1 38699.002 38779.802 38846.835 26.416459410399845 26.462121699332037 26.51737220510234 3.3020574262999807 3.3077652124165047 3.3146715256377925
513097920 2 77392.955 77588.846 77791.801 26.38313618680714 26.452148547228038 26.51910215858795 3.2978920233508924 3.3065185684035048 3.3148877698234935

564407712 1 42568.247 42613.461 43680.11 25.842778875785797 26.489644293384192 26.517780353980747 3.2303473594732246 3.311205536673024 3.3147225442475934

620848416 1 46769.245 46943.627 47289.304 26.257456273833085 26.450807305536912 26.549430763742283 3.2821820342291357 3.306350913192114 3.3186788454677854

682933248 1 47992.874 51505.851 51693.307 26.42250177571344 26.51866670448761 28.459777091073978 3.30281272196418 3.3148333380609514 3.557472136384247

751226496 1 56555.305 56688.682 56731.371 26.4836362230696 26.50357953285984 26.566084154262807 3.3104545278837 3.31294744160748 3.320760519282851

826349088 1 61733.658 62512.667 62819.183 26.308813599183548 26.437812611642368 26.77142792996326 3.2886016998979435 3.304726576455296 3.3464284912454074

908983968 1 67500.326 68548.222 68719.038 26.45508419369899 26.521007882596873 26.932728236008817 3.306885524212374 3.315125985324609 3.366591029501102

999882336 1 71176.675 75568.285 75733.249 26.40537278415191 26.463015165687562 28.095786604249213 3.300671598018989 3.3078768957109452 3.5119733255311516

META_DATA
FLOPS          2
OPENMP_THREADS 12
ERT_VERSION  1.1.0
HOSTNAME  ('cachyos-laptop', [], ['127.0.1.1'])
UNAME  uname_result(system='Linux', node='cachyos-laptop', release='6.18.0-2-cachyos', version='#1 SMP PREEMPT_DYNAMIC Sat, 06 Dec 2025 07:42:36 +0000', machine='x86_64')
TIMESTAMP_DATA  1765907932.1813526
CONFIG  {'ERT_MPI': ['False'], 'ERT_OPENMP': ['True'], 'ERT_OPENMP_CFLAGS': ['-fopenmp'], 'ERT_OPENMP_LDFLAGS': ['-fopenmp'], 'ERT_PRECISION': ['FP64'], 'ERT_TRIALS_MIN': ['1'], 'ERT_TRIALS': ['3', '#', 'Run', 'each', 'test', '3', 'times', 'to', 'filter', 'out', 'background', 'noise'], 'ERT_RESULTS': ['Results/5500U'], 'ERT_GNUPLOT': ['gnuplot'], 'ERT_DRIVER': ['driver1'], 'ERT_KERNEL': ['kernel1'], 'ERT_CC': ['g++'], 'ERT_LD': ['g++'], 'ERT_CFLAGS': ['-O3', '-march=native', '-fopenmp', '-fstrict-aliasing', '-funroll-loops', '-Wno-all'], 'ERT_LDFLAGS': ['-O3', '-march=native', '-fopenmp'], 'ERT_LDLIBS': ['-lm'], 'ERT_RUN': ['export', 'OMP_NUM_THREADS=ERT_OPENMP_THREADS;', './ERT_CODE'], 'ERT_WORKING_SET_MIN': ['128'], 'ERT_MEMORY_MAX': ['1073741824'], 'ERT_ALIGN': ['64'], 'ERT_MIN_PROCS': ['1'], 'ERT_MAX_PROCS': ['1'], 'ERT_OPENMP_THREADS': ['1,2,4,8,12', '#', 'Logical', 'Threads'], 'ERT_NUM_EXPERIMENTS': ['5'], 'ERT_FLOPS': ['1,2,4,8'], 'ERT_GPU': [False], 'ERT_HIP': [False], 'ERT_OCL': [False], 'ERT_SYCL': [False], 'ERT_WSS_MULT': [1.1]}
TIMESTAMP_DATA  1765907945.9729056
TIMESTAMP_DATA  1765907959.7618344
TIMESTAMP_DATA  1765907973.5511527
TIMESTAMP_DATA  1765907987.6513917
