fp64

16384 1 1.009 156.567 565.766 0.05791793780467543 0.2092905912484751 32.47571853320119 0.007239742225584429 0.026161323906059387 4.059464816650149
16384 2 23.1 50.417 74.616 0.8783102819770559 1.299879009064403 2.837056277056277 0.10978878524713198 0.16248487613305038 0.35463203463203463
16384 4 1.192 55.458 92.95 1.4101344809037115 2.3634462115474775 109.95973154362417 0.17626681011296394 0.2954307764434347 13.744966442953022
16384 8 7.334 37.95 79.567 3.294632196764991 6.907615283267457 35.74365966730298 0.41182902459562387 0.8634519104084322 4.467957458412872
16384 16 9.35 77.825 146.851 3.570203812027157 6.73675554127851 56.07358288770054 0.4462754765033946 0.8420944426598137 7.009197860962567
16384 32 11.0 76.633 98.633 10.631086958725783 13.683086920778257 95.32509090909092 1.3288858698407229 1.710385865097282 11.915636363636365
16384 64 9.35 73.7 149.875 13.992673894912429 28.45525101763908 224.29433155080216 1.7490842368640536 3.556906377204885 28.03679144385027
16384 128 3.116 67.191 82.409 50.8961885230982 62.423598398595054 1346.053915275995 6.362023565387275 7.802949799824382 168.25673940949937
16384 256 11.733 45.284 65.359 128.34663933046713 185.24441303771752 714.9584931390096 16.04332991630839 23.15555162971469 89.3698116423762
16384 512 4.4 48.583 88.917 188.68400868225424 345.33100055575 3813.0036363636364 23.58550108528178 43.16637506946875 476.62545454545455
16384 1024 11.184 21.267 30.066 1116.02580988492 1577.7698782150753 3000.217453505007 139.503226235615 197.22123477688442 375.0271816881259
16384 2048 26.125 28.875 109.083 615.2091893328934 2324.1165021645024 2568.7603444976075 76.90114866661168 290.5145627705628 321.09504306220094
16384 4096 37.95 101.383 135.941 987.3233829381866 1323.868183028713 3536.699025032938 123.41542286727332 165.48352287858913 442.08737812911727
16384 8192 75.35 174.166 451.917 593.9928261163002 1541.2621062664357 3562.5143463835443 74.24910326453752 192.65776328330446 445.31429329794304
16384 16384 155.558 363.825 474.009 1132.617549455812 1475.6295251838112 3451.2587716478743 141.5771936819765 184.4536906479764 431.4073464559843
16384 32768 313.867 380.691 619.575 1733.029615462212 2820.5075087144173 3421.0089751391515 216.6287019327765 352.56343858930217 427.62612189239394
16384 65536 466.95 1281.958 7516.758 285.6928010719515 1675.1591300183 4598.9584495127965 35.71160013399394 209.3948912522875 574.8698061890996

17920 1 1.1 89.1 1045.183 0.0342906457529447 0.4022446689113356 32.581818181818186 0.004286330719118088 0.05028058361391695 4.072727272727273
17920 2 13.016 29.334 77.092 0.9297981632335393 2.443580827708461 5.507068223724647 0.1162247704041924 0.30544760346355765 0.6883835279655809
17920 4 18.15 69.3 84.7 1.6925619834710746 2.068686868686869 7.898622589531682 0.21157024793388432 0.25858585858585864 0.9873278236914602
17920 8 30.892 41.8 220.275 1.301645670184996 6.859330143540671 9.281367344296259 0.1627057087731245 0.8574162679425839 1.1601709180370323
17920 16 1.192 22.733 40.884 14.026024850797377 25.22500329916861 481.07382550335575 1.7532531063496721 3.153125412396076 60.13422818791947
17920 32 0.917 37.675 85.891 13.35273777229279 30.441406768414076 1250.6870229007634 1.6690922215365986 3.8051758460517595 156.33587786259542
17920 64 2.384 25.392 81.675 28.08399142944598 90.33396345305609 962.1476510067115 3.5104989286807475 11.29174543163201 120.26845637583894
17920 128 1.925 42.716 80.941 56.67733287209202 107.39582357898679 2383.1272727272726 7.084666609011503 13.424477947373349 297.8909090909091
17920 256 2.75 23.467 84.7 108.32396694214877 390.97626454169693 3336.378181818182 13.540495867768596 48.87203306771212 417.04727272727274
17920 512 4.675 23.833 101.017 181.65338507379948 769.9441950237068 3925.1508021390378 22.706673134224935 96.24302437796335 490.6438502673797
17920 1024 9.259 63.525 91.3 401.97327491785325 577.7278236914601 3963.728264391403 50.246659364731656 72.21597796143251 495.4660330489254
17920 2048 17.325 87.908 122.1 601.149221949222 834.9674659871685 4236.670707070708 75.14365274365275 104.37093324839606 529.5838383838385
17920 4096 112.383 134.75 218.992 670.3470446409002 1089.4296103896104 1306.2530809819991 83.79338058011253 136.1787012987013 163.2816351227499
17920 8192 138.783 237.875 270.691 1084.636282698723 1234.2670730425646 2115.542105301082 135.5795353373404 154.28338413032057 264.44276316263523
17920 16384 399.025 447.058 621.867 944.2574698448383 1313.481830098108 1471.5934089342775 118.03218373060479 164.1852287622635 183.94917611678468
17920 32768 774.95 1606.734 5387.159 218.0008275233755 730.9269113618061 1515.4592167236597 27.250103440421938 91.36586392022576 189.43240209045746

19712 1 5.408 129.159 2825.259 0.013954118896710001 0.3052361817604658 7.289940828402366 0.0017442648620887501 0.038154522720058225 0.9112426035502957
19712 2 8.8 34.008 1411.025 0.05587994542974079 2.318513290990355 8.959999999999999 0.006984993178717599 0.2898141613737944 1.1199999999999999
19712 4 21.816 40.333 72.234 2.1831270592795637 3.909850494632187 7.2284561789512285 0.27289088240994547 0.48873131182902335 0.9035570223689036
19712 8 1.008 31.441 40.517 7.784189352617419 10.031233103272797 312.8888888888889 0.9730236690771774 1.2539041379090996 39.111111111111114
19712 16 34.1 36.484 40.883 15.429004720788592 17.28933231005372 18.49806451612903 1.928625590098574 2.161166538756715 2.312258064516129
19712 32 1.375 41.067 51.425 24.532192513368987 30.719750651374586 917.504 3.0665240641711233 3.839968831421823 114.688
19712 64 28.691 41.984 63.159 39.94895422663437 60.09756097560975 87.94172388553902 4.993619278329296 7.512195121951219 10.992715485692377
19712 128 25.025 36.3 56.925 88.64772946859904 139.0157575757576 201.6492307692308 11.08096618357488 17.3769696969697 25.20615384615385
19712 256 15.858 46.567 48.491 208.13231321276112 216.73167693860458 636.4323369907933 26.01653915159514 27.091459617325572 79.55404212384916
19712 512 26.858 52.342 60.041 336.18840459019674 385.6384547781896 751.548439943406 42.02355057377459 48.2048068472737 93.94355499292575
19712 1024 42.35 62.792 68.291 591.1492876074446 642.9190979742642 953.2509090909091 73.89366095093058 80.36488724678303 119.15636363636364
19712 2048 22.0 68.108 114.033 708.043741723887 1185.4753039290538 3670.016 88.50546771548588 148.18441299113172 458.752
19712 4096 125.125 152.992 167.108 966.325394355746 1055.484626647145 1290.555076923077 120.79067429446825 131.93557833089312 161.31938461538462
19712 8192 205.883 243.008 295.167 1094.1650252230095 1329.015538583092 1568.6647659107355 136.77062815287618 166.1269423228865 196.08309573884193
19712 16384 152.441 433.858 485.925 1329.2644255800792 1488.7885344974623 4237.198758864085 166.1580531975099 186.09856681218278 529.6498448580106
19712 32768 834.991 938.208 3714.7 347.76580396801893 1376.9288174903647 1547.1371930954945 43.470725496002366 172.1161021862956 193.3921491369368

21632 1 49.775 72.325 2533.209 0.017078732943077338 0.5981887314206706 0.8691913611250628 0.002134841617884667 0.07477359142758383 0.10864892014063285
21632 2 3.483 26.675 2923.067 0.029601784700795428 3.2437863167760073 24.84295147861039 0.0037002230875994285 0.4054732895970009 3.105368934826299
21632 4 0.55 18.975 2880.9 0.06007011697733347 9.120210803689064 314.6472727272727 0.007508764622166684 1.140026350461133 39.33090909090909
21632 8 2.75 22.917 2957.167 0.11704174975576286 15.102849413099445 125.8589090909091 0.014630218719470357 1.8878561766374307 15.732363636363637
21632 16 6.691 38.5 2897.033 0.23894239382154087 17.979844155844155 103.45598565236885 0.029867799227692608 2.2474805194805194 12.931998206546107
21632 32 6.141 19.342 2658.425 0.5207775280476221 71.57729293764864 225.4434131248982 0.06509719100595276 8.94716161720608 28.180426640612275
21632 64 1.375 18.975 88.0 31.464727272727274 145.92337285902502 2013.7425454545455 3.933090909090909 18.240421607378128 251.7178181818182
21632 128 2.108 34.1 80.942 68.41679227100887 162.39859237536655 2627.0360531309298 8.55209903387611 20.29982404692082 328.3795066413662
21632 256 4.034 45.375 54.908 201.71166314562538 244.09000550964186 2745.558750619732 25.213957893203172 30.511250688705232 343.1948438274665
21632 512 5.775 9.809 75.9 291.84674571805004 2258.249362830054 3835.700086580086 36.480843214756256 282.28117035375675 479.46251082251075
21632 1024 10.45 37.675 65.725 674.0560821605172 1175.9080557398806 4239.457990430622 84.25701027006465 146.98850696748508 529.9322488038277
21632 2048 33.184 54.267 87.083 1017.4738123399516 1632.7541968415426 2670.102217936355 127.18422654249395 204.09427460519282 333.76277724204436
21632 4096 105.142 131.634 217.617 814.3175579113764 1346.227752708267 1685.4286964295904 101.78969473892205 168.27846908853337 210.6785870536988
21632 8192 127.233 243.558 274.266 1292.2443467290877 1455.1716141535076 2785.587764180676 161.53054334113597 181.89645176918845 348.1984705225845
21632 16384 182.417 413.325 445.408 1591.4338673755299 1714.9637113651486 3885.807660470241 198.92923342194123 214.37046392064357 485.7259575587801
21632 32768 332.933 829.584 3500.475 404.9949655403909 1708.8983779822177 4258.1382800743695 50.624370692548865 213.6122972477772 532.2672850092962

23680 1 2.2 30.066 68.658 0.6897957994698359 1.5752012239739241 21.527272727272727 0.08622447493372949 0.19690015299674052 2.690909090909091
23680 2 0.367 0.917 61.875 1.5308282828282829 103.29334787350054 258.0926430517711 0.19135353535353536 12.911668484187567 32.26158038147139
23680 4 0.275 0.458 39.783 4.761832943719679 413.6244541484716 688.8727272727273 0.5952291179649599 51.70305676855895 86.10909090909091
23680 8 0.458 0.459 70.583 5.367864783304762 825.4466230936819 827.2489082969432 0.6709830979130953 103.18082788671023 103.4061135371179
23680 16 0.367 0.733 41.066 18.4522476014221 1033.7789904502047 2064.741144414169 2.3065309501777627 129.22237380627558 258.0926430517711
23680 32 0.734 0.825 40.517 37.404546239849935 1836.9939393939396 2064.741144414169 4.675568279981242 229.62424242424245 258.0926430517711
23680 64 1.283 1.558 26.216 115.617943240769 1945.4685494223363 2362.4629773967267 14.452242905096124 243.18356867779204 295.30787217459084
23680 128 2.292 3.025 46.658 129.92584337091174 2003.9933884297523 2644.886561954625 16.240730421363967 250.49917355371903 330.6108202443281
23680 256 4.583 8.708 108.259 111.99216693300326 1392.301332108406 2645.463670085097 13.999020866625408 174.03766651355076 330.6829587606371
23680 512 6.325 10.633 73.792 328.6036426712923 2280.477757923446 3833.7264822134384 41.075455333911535 285.05971974043075 479.2158102766798
23680 1024 16.775 18.975 69.483 697.9641063281666 2555.817654808959 2891.0068554396425 87.24551329102083 319.4772068511199 361.3758569299553
23680 2048 34.558 46.291 82.134 1180.915089974919 2095.294549696486 2806.6809421841544 147.61438624686488 261.9118187120607 350.8351177730193
23680 4096 66.825 74.342 165.916 1169.1853709105812 2609.380430981141 2902.904002992892 146.14817136382266 326.17255387264265 362.8630003741115
23680 8192 141.992 164.908 241.542 1606.234609301902 2352.664030853567 2732.3590061411915 200.77932616273776 294.0830038566959 341.54487576764893
23680 16384 243.558 294.892 391.05 1984.2634957166604 2631.289556854713 3185.8786818745434 248.03293696458255 328.9111946068391 398.2348352343179
23680 32768 543.675 575.85 870.1 1783.5794506378577 2694.9595901710513 2854.448852715317 222.9474313297322 336.8699487713814 356.80610658941464

25984 1 2.933 19.067 99.734 0.5210660356548419 2.7255467561755915 17.71837708830549 0.06513325445685524 0.34069334452194894 2.2147971360381864
25984 2 0.367 3.85 5.408 19.218934911242602 26.996363636363633 283.20435967302456 2.4023668639053253 3.374545454545454 35.40054495912807
25984 4 0.275 4.584 7.15 29.07300699300699 45.34729493891798 755.8981818181818 3.634125874125874 5.668411867364748 94.48727272727272
25984 8 0.367 0.916 5.5 75.58981818181819 453.8689956331878 1132.8174386920982 9.448727272727274 56.733624454148476 141.60217983651228
25984 16 0.55 0.641 3.85 215.97090909090906 1297.1731669266771 1511.7963636363636 26.996363636363633 162.14664586583464 188.97454545454545
25984 32 0.734 0.916 1.1 1511.7963636363636 1815.4759825327512 2265.6348773841964 188.97454545454545 226.9344978165939 283.20435967302456
25984 64 1.375 1.466 7.7 431.9418181818181 2268.725784447476 2418.874181818182 53.992727272727265 283.5907230559345 302.35927272727275
25984 128 2.566 2.658 8.525 780.2819941348973 2502.597441685478 2592.3242400623544 97.53524926686217 312.82468021068473 324.0405300077943
25984 256 4.858 4.859 9.075 1465.98435261708 2737.972422309117 2738.5360230547553 183.248044077135 342.24655278863963 342.3170028818444
25984 512 9.533 11.0 14.025 1897.1562210338682 2418.874181818182 2791.1062624567294 237.14452762923352 302.35927272727275 348.8882828070912
25984 1024 18.7 20.442 22.458 2369.544572090124 2603.230212307993 2845.734331550802 296.1930715112655 325.40377653849913 355.71679144385024
25984 2048 37.95 42.259 66.642 1597.0478677110534 2518.527745568991 2804.4918050065876 199.63098346388168 314.8159681961239 350.56147562582345
25984 4096 74.525 74.892 89.1 2389.0115375982045 2842.2385301500826 2856.235196242871 298.62644219977557 355.2798162687603 357.0293995303589
25984 8192 148.684 160.967 170.317 2499.585220500596 2644.777227630508 2863.266094536063 312.4481525625745 330.5971534538135 357.9082618170079
25984 16384 295.625 318.45 373.084 2282.17696818947 2673.7123944104255 2880.1478630021143 285.2721210236837 334.2140493013032 360.0184828752643
25984 32768 594.366 632.866 672.008 2534.028499660718 2690.7551108765524 2865.0485121961888 316.75356245758974 336.34438885956905 358.1310640245236

28544 1 4.217 31.809 1551.0 0.03680722114764668 1.7947121883743595 13.537585961584066 0.004600902643455835 0.22433902354679494 1.6921982451980082
28544 2 2.108 5.959 40.883 2.792750042805078 19.160261788890754 54.16318785578748 0.34909375535063475 2.3950327236113442 6.770398481973435
28544 4 0.458 0.916 3.025 75.48826446280992 249.292576419214 498.585152838428 9.43603305785124 31.16157205240175 62.3231441048035
28544 8 0.459 0.642 43.542 10.488815396628542 711.3769470404984 994.9978213507625 1.3111019245785678 88.9221183800623 124.37472766884531
28544 16 0.55 0.825 39.233 23.281625162490762 1107.1612121212122 1660.7418181818182 2.9102031453113453 138.39515151515153 207.59272727272727
28544 32 0.825 1.1 39.508 46.23914143970841 1660.7418181818182 2214.3224242424244 5.7798926799635515 207.59272727272727 276.79030303030305
28544 64 1.466 1.742 5.867 622.7427987046191 2097.3777267508613 2492.2455661664394 77.84284983807738 262.17221584385766 311.5306957708049
28544 128 3.208 7.791 45.925 159.11298856831792 937.9109228597099 2277.8254364089776 19.88912357103974 117.23886535746374 284.7281795511222
28544 256 5.775 9.992 49.133 297.4483137606089 1462.622898318655 2530.6541991341987 37.181039220076116 182.82786228983187 316.33177489177484
28544 512 10.542 12.375 57.291 510.18582325321603 2361.943919191919 2772.629102637071 63.773227906652004 295.2429898989899 346.57863782963386
28544 1024 21.267 22.641 77.733 752.0372557343727 2581.958040722583 2748.770959702826 94.00465696679659 322.7447550903229 343.59636996285326
28544 2048 44.55 45.65 100.192 1166.9217502395402 2561.1440087623223 2624.382132435466 145.86521877994252 320.1430010952903 328.0477665544332
28544 4096 84.425 99.458 178.933 1306.8156684345538 2351.067264573991 2769.70622445958 163.35195855431922 293.8834080717489 346.2132780574475
28544 8192 172.333 195.709 304.7 1534.8372038070233 2389.593202152175 2713.7280497641195 191.85465047587792 298.69915026902186 339.21600622051494
28544 16384 341.55 378.033 388.942 2404.805323158723 2474.2014374406467 2738.4857034109205 300.60066539484035 309.27517968008084 342.31071292636506
28544 32768 673.2 703.541 2579.683 725.1509522681662 2658.9204950386684 2778.757551990493 90.64386903352077 332.36506187983355 347.34469399881164

31360 1 3.667 6.875 596.292 0.10518336653854152 9.12290909090909 17.103899645486774 0.01314792081731769 1.1403636363636362 2.1379874556858467
31360 2 2.658 8.067 32.725 3.833155080213903 15.549770670633443 47.1933784800602 0.4791443850267379 1.9437213338291803 5.899172310007525
31360 4 0.458 3.391 5.866 42.76849642004773 73.98407549395459 547.7729257641921 5.3460620525059666 9.248009436744324 68.47161572052401
31360 8 0.458 1.284 5.591 89.74423180110891 390.7788161993769 1095.5458515283842 11.218028975138614 48.84735202492211 136.94323144104803
31360 16 0.55 0.917 6.6 152.04848484848486 1094.3511450381677 1824.5818181818179 19.006060606060608 136.79389312977096 228.07272727272724
31360 32 1.008 1.008 1.558 1288.2156611039795 1991.111111111111 1991.111111111111 161.02695763799744 248.88888888888889 248.88888888888889
31360 64 1.466 1.742 9.441 425.1752992267768 2304.2939150401835 2738.1173260572987 53.1469124033471 288.03673938002294 342.26466575716233
31360 128 2.933 3.483 12.191 658.5317037158559 2304.9554981337924 2737.183770883055 82.31646296448199 288.11943726672405 342.14797136038186
31360 256 5.775 10.084 11.55 1390.1575757575756 1592.2570408568026 2780.3151515151512 173.76969696969695 199.03213010710033 347.5393939393939
31360 512 9.991 12.192 12.283 2614.39713425059 2633.9107611548557 3214.15674106696 326.79964178132377 329.23884514435696 401.76959263337
31360 1024 21.542 24.108 29.058 2210.24433890839 2664.0650406504064 2981.3981988673286 276.28054236354876 333.0081300813008 372.6747748584161
31360 2048 43.267 47.483 53.991 2379.1105925061584 2705.1904892277234 2968.7882219705543 297.3888240632698 338.14881115346543 371.0985277463193
31360 4096 86.167 94.234 106.516 2411.854744827068 2726.2041301441095 2981.432799099423 301.4818431033835 340.7755162680137 372.67909988742787
31360 8192 165.183 191.675 196.167 2619.2083275984237 2680.590791704708 3110.5031389428696 327.40104094980296 335.0738489630885 388.8128923678587
31360 16384 339.808 361.808 398.475 2578.843039086517 2840.192809445894 3024.0738299274885 322.3553798858146 355.02410118073675 378.00922874093607
31360 32768 676.5 720.317 842.234 2440.187596321212 2853.2006880304084 3038.002897265336 305.0234495401515 356.65008600380105 379.750362158167

34432 1 1.925 5.133 155.467 0.4429493075700952 13.415936099746737 35.77350649350649 0.0553686634462619 1.6769920124683422 4.471688311688311
34432 2 3.116 5.042 158.125 0.8710071146245059 27.316144387147954 44.2002567394095 0.10887588932806323 3.4145180483934943 5.525032092426187
34432 4 0.458 6.417 6.692 41.16198445905558 42.925977871279414 601.4323144104803 5.145248057381948 5.365747233909927 75.17903930131004
34432 8 0.366 1.1 6.691 82.33627260499178 500.82909090909084 1505.224043715847 10.292034075623972 62.603636363636355 188.15300546448088
34432 16 0.641 5.867 26.583 41.44844449460181 187.80023862280552 1718.9141965678627 5.181055561825226 23.47502982785069 214.86427457098284
34432 32 0.917 1.1 25.666 85.85864567910853 2003.3163636363633 2403.1057797164663 10.732330709888567 250.41454545454542 300.3882224645583
34432 64 1.833 1.834 1.925 2289.5044155844153 2403.1057797164663 2404.416803055101 286.1880519480519 300.3882224645583 300.5521003818876
34432 128 3.3 3.3 4.125 2136.8707878787877 2671.0884848484848 2671.0884848484848 267.10884848484847 333.8860606060606 333.8860606060606
34432 256 6.417 6.875 22.367 788.1782983860151 2564.2449454545454 2747.2625837618825 98.52228729825188 320.53061818181817 343.4078229702353
34432 512 12.191 13.108 18.425 1913.6156309362277 2689.8358254501068 2892.1637273398405 239.20195386702846 336.22947818126335 361.52046591748007
34432 1024 24.108 27.133 48.034 1468.05879168922 2598.928832049534 2925.0346772855482 183.5073489611525 324.86610400619173 365.62933466069353
34432 2048 48.125 50.234 54.359 2594.482459206387 2807.5301986702234 2930.565651948052 324.31030740079837 350.9412748337779 366.3207064935065
34432 4096 94.692 100.925 108.717 2594.506323758014 2794.817379242011 2978.783255185232 324.31329046975173 349.3521724052514 372.347906898154
34432 8192 188.925 214.684 222.934 2530.497313106121 2627.7407165881013 2986.0203149397908 316.31216413826513 328.46758957351267 373.25253936747384
34432 16384 384.908 399.942 405.166 2784.7049752447147 2821.078496381975 2931.2661103432506 348.08812190558933 352.6348120477469 366.4082637929063

37760 1 1.192 5.408 3133.717 0.024099176792288516 13.964497041420117 63.355704697986575 0.0030123970990360645 1.7455621301775146 7.919463087248322
37760 2 0.459 11.092 708.4 0.2132128740824393 13.617021276595745 329.0631808278867 0.026651609260304913 1.702127659574468 41.13289760348584
37760 4 0.458 1.1 5.133 58.85057471264368 274.61818181818177 659.5633187772926 7.35632183908046 34.32727272727272 82.44541484716157
37760 8 0.458 0.641 6.234 96.91369906961822 942.5273010920437 1319.1266375545852 12.114212383702277 117.81591263650546 164.89082969432314
37760 16 0.642 0.825 5.592 216.08011444921314 1464.6303030303031 1882.118380062305 27.010014306151643 183.0787878787879 235.26479750778813
37760 32 1.1 1.192 7.242 333.69787351560336 2027.3825503355704 2196.945454545454 41.71223418945042 253.4228187919463 274.61818181818177
37760 64 1.925 2.108 2.383 2028.233319345363 2292.827324478178 2510.7948051948047 253.52916491817038 286.60341555977226 313.8493506493506
37760 128 3.575 3.85 4.033 2396.86585668237 2510.7948051948047 2703.9328671328667 299.60823208529627 313.8493506493506 337.99160839160834
37760 256 6.508 7.608 13.016 1485.3349723417332 2541.156677181914 2970.6699446834664 185.66687154271665 317.64458464773924 371.3337430854333
37760 512 14.759 15.584 19.067 2027.9141973042429 2481.1498973305956 2619.8414526729453 253.48927466303036 310.14373716632446 327.48018158411816
37760 1024 29.15 31.442 53.441 1447.0627420894068 2459.5280198460655 2652.915265866209 180.88284276117585 307.4410024807582 331.61440823327615
37760 2048 50.325 63.708 68.475 2258.706973347937 2427.716456332015 3073.3226030799797 282.33837166849213 303.46455704150185 384.16532538499746
37760 4096 103.95 123.108 159.775 1936.0345485839462 2512.6711505344897 2975.756806156806 242.00431857299327 314.0838938168112 371.96960076960073
37760 8192 201.483 246.675 274.084 2257.190642284847 2507.9957028478766 3070.5312110699165 282.14883028560587 313.4994628559846 383.81640138373956
37760 16384 402.967 504.9 784.666 1576.874338890687 2450.6232521291345 3070.5235912618155 197.1092923613359 306.3279065161418 383.81544890772693

41472 1 8.433 43.175 389.4 0.21300462249614793 1.9211117544875507 9.83564567769477 0.02662557781201849 0.24013896931094383 1.2294557097118461
41472 2 6.05 23.375 2948.459 0.056262610400890777 7.096812834224599 27.419504132231406 0.007032826300111347 0.8871016042780748 3.4274380165289258
41472 4 1.008 14.117 4352.059 0.07623426061089704 23.50187716937026 329.14285714285717 0.00952928257636213 2.9377346461712825 41.142857142857146
41472 8 5.408 20.808 93.042 7.131746952988972 31.889273356401382 122.698224852071 0.8914683691236215 3.986159169550173 15.337278106508874
41472 16 1.1 5.408 32.266 41.1301059939255 245.396449704142 1206.4581818181816 5.141263249240687 30.67455621301775 150.8072727272727
41472 32 1.009 8.8 23.925 110.93868338557992 301.6145454545454 2630.533201189296 13.86733542319749 37.701818181818176 328.816650148662
41472 64 1.925 5.683 17.6 301.6145454545454 934.0869259194088 2757.618701298701 37.701818181818176 116.7608657399261 344.70233766233764
41472 128 3.759 9.533 22.183 478.60217283505386 1113.6926465960348 2824.3766959297686 59.82527160438173 139.21158082450435 353.0470869912211
41472 256 7.242 8.525 56.1 378.4966844919786 2490.7523753665687 2932.016570008285 47.31208556149733 311.3440469208211 366.5020712510356
41472 512 14.391 19.8 103.491 410.34803026350113 2144.814545454545 2950.9643527204503 51.29350378293764 268.10181818181815 368.8705440900563
41472 1024 28.325 39.875 68.291 1243.71668301826 2130.022721003135 2998.5756751985878 155.4645853772825 266.25284012539186 374.82195939982347
41472 2048 34.375 66.0 105.05 1617.032955735364 2573.7774545454545 4941.652712727272 202.1291194669205 321.7221818181818 617.706589090909
41472 4096 113.025 142.084 211.567 1605.8204918536444 2391.11106106247 3005.8714797611146 200.72756148170555 298.88888263280876 375.73393497013933
41472 8192 225.683 296.175 352.367 1928.3225954757395 2294.1748898455303 3010.759552115135 241.04032443446744 286.7718612306913 376.3449440143919
41472 16384 451.275 501.875 603.625 2251.3224203768896 2707.7549110834366 3011.3666744224697 281.4153025471112 338.4693638854296 376.4208343028087

45568 1 1.466 36.575 2816.642 0.032356259687954664 2.491756664388243 62.16643929058663 0.004044532460994333 0.3114695830485304 7.770804911323329
45568 2 0.733 1.192 549.45 0.3317353717353717 152.91275167785236 248.66575716234652 0.041466921466921464 19.114093959731544 31.083219645293315
45568 4 0.458 0.55 31.625 11.52708300395257 662.8072727272727 795.9475982532751 1.4408853754940711 82.85090909090908 99.4934497816594
45568 8 0.459 0.641 41.341 17.635954621320238 1137.4227769110764 1588.4270152505446 2.2044943276650297 142.17784711388455 198.55337690631808
45568 16 0.642 6.05 14.391 101.32555069140436 241.020826446281 2271.302180685358 12.665693836425545 30.127603305785126 283.91277258566976
45568 32 1.1 1.559 11.55 252.49800865800864 1870.6555484284797 2651.2290909090907 31.56225108225108 233.83194355355997 331.40363636363634
45568 64 2.108 2.842 41.708 139.84616860074806 2052.3237156931737 2766.9373814041746 17.480771075093507 256.5404644616467 345.86717267552183
45568 128 3.758 6.783 20.625 565.5955393939394 1719.8006781660033 3104.1532730175627 70.69944242424242 214.9750847707504 388.01915912719534
45568 256 5.866 7.517 13.108 1779.891364052487 3103.740321936943 3977.2956017729293 222.48642050656088 387.9675402421179 497.16195022161617
45568 512 14.85 17.416 102.942 453.280798896466 2679.2393201653654 3142.197441077441 56.66009986205825 334.90491502067067 392.7746801346801
45568 1024 29.425 32.633 58.667 1590.7284163158165 2859.7819385284834 3171.563772302464 198.84105203947706 357.4727423160604 396.445471537808
45568 2048 40.334 64.35 69.3 2693.312092352093 2900.489945609946 4627.523379778846 336.6640115440116 362.56124320124326 578.4404224723557
45568 4096 117.242 133.925 263.725 1415.4632894113186 2787.329146910584 3183.953327305914 176.93291117641482 348.416143363823 397.99416591323927
45568 8192 233.75 258.592 409.108 1824.9120330083988 2887.1199109021163 3193.9512812834228 228.11400412604985 360.88998886276454 399.24391016042784
45568 16384 469.058 512.234 526.35 2836.8428308159973 2915.0197448822214 3183.3424096806793 354.60535385199967 364.3774681102777 397.9178012100849

50048 1 1.283 19.25 2527.616 0.039600952043348354 5.199792207792208 78.01714731098987 0.004950119005418544 0.649974025974026 9.752143413873734
50048 2 1.1 6.783 2894.375 0.06916588209889873 29.51378446115288 181.99272727272725 0.008645735262362342 3.68922305764411 22.749090909090906
50048 4 0.55 6.783 2852.392 0.14036780358379913 59.02756892230576 727.970909090909 0.01754597544797489 7.37844611528822 90.99636363636363
50048 8 0.55 6.325 2885.942 0.27747196582606304 126.60363636363635 1455.941818181818 0.03468399572825788 15.825454545454544 181.99272727272725
50048 16 0.642 4.584 2893.367 0.5535198265550135 349.3752181500873 2494.604361370716 0.06918997831937669 43.67190226876091 311.8255451713395
50048 32 1.284 9.259 2921.05 1.0965481590523956 345.9414623609461 2494.604361370716 0.13706851988154944 43.24268279511826 311.8255451713395
50048 64 2.2 4.675 2910.325 2.20117821892744 1370.2981818181818 2911.883636363636 0.27514727736593 171.28727272727272 363.9854545454545
50048 128 4.583 4.675 2915.0 4.395296054888507 2740.5963636363635 2795.611608116954 0.5494120068610634 342.57454545454544 349.45145101461924
50048 256 8.617 8.891 2939.475 8.717398855237755 2882.080305927342 2973.723569687826 1.0896748569047194 360.26003824091777 371.71544621097826
50048 512 16.958 17.6 2921.417 17.54256650111915 2911.883636363636 3022.1224200967094 2.192820812639894 363.9854545454545 377.7653025120887
50048 1024 34.1 36.3 2905.558 35.27663326631236 2823.6447382920114 3005.8153665689147 4.409579158289045 352.9555922865014 375.72692082111433
50048 2048 68.017 70.95 3180.375 64.45674110757379 2889.3108949964762 3013.902524368908 8.057092638446724 361.16386187455953 376.7378155461135
50048 4096 136.216 225.133 3183.767 128.7761371984822 1821.1155894515687 3009.8756093263637 16.097017149810274 227.63944868144608 376.23445116579546
50048 8192 274.817 312.95 3358.391 244.16050185937252 2620.1835181338874 2983.7543965620757 30.520062732421565 327.52293976673593 372.96929957025947
50048 16384 543.675 628.375 3992.175 410.7968373129935 2609.8633204694647 3016.458111923484 51.349604664124186 326.2329150586831 377.0572639904355

55040 1 0.825 6.692 728.2 0.15116726174127987 16.449491930663477 133.43030303030304 0.018895907717659984 2.0561864913329346 16.67878787878788
55040 2 0.458 2.841 10.267 21.443459627934157 77.4938401971137 480.6986899563319 2.6804324534917696 9.686730024639212 60.08733624454149
55040 4 0.458 0.55 12.283 35.84791988927787 800.5818181818181 961.3973799126638 4.4809899861597335 100.07272727272726 120.17467248908298
55040 8 0.55 0.642 15.859 55.52935241818526 1371.7133956386292 1601.1636363636362 6.941169052273158 171.46417445482865 200.14545454545453
55040 16 0.733 1.008 39.692 44.37367731532803 1747.3015873015875 2402.837653478854 5.546709664416004 218.41269841269843 300.35470668485675
55040 32 1.283 1.558 11.0 320.2327272727273 2260.949935815148 2745.5650818394392 40.02909090909091 282.6187419768935 343.1956352299299
55040 64 2.475 2.842 16.225 434.2138674884437 2478.930330752991 2846.5131313131315 54.276733436055466 309.86629134412385 355.81414141414143
55040 128 4.675 5.316 24.016 586.7021985343105 2650.5342362678707 3013.955080213904 73.33777481678881 331.31677953348384 376.744385026738
55040 256 8.8 11.734 38.408 733.7138096229952 2401.6089994886656 3202.3272727272724 91.7142262028744 300.2011249360832 400.29090909090905
55040 512 17.692 25.025 63.342 889.7881342553123 2252.186213786214 3185.6748813022837 111.22351678191404 281.52327672327675 398.20936016278546
55040 1024 35.2 41.525 57.108 1973.8376409609864 2714.555568934377 3202.3272727272724 246.7297051201233 339.3194461167971 400.29090909090905
55040 2048 69.85 80.575 83.875 2687.8550223546945 2797.9378219050573 3227.5424481030786 335.9818777943368 349.74222773813216 403.44280601288483
55040 4096 139.883 160.417 187.0 2411.1640641711233 2810.7225543427444 3223.320060336138 301.3955080213904 351.34031929284305 402.91500754201724
55040 8192 283.159 321.2 375.833 2399.4044163232074 2807.519800747198 3184.6960894762306 299.92555204040093 350.93997509339977 398.0870111845288
55040 16384 600.417 627.917 664.858 2712.685596022008 2872.275667006945 3003.830204674418 339.085699502751 359.0344583758681 375.47877558430224

60544 1 1.467 37.675 352.733 0.34328514768961227 3.2140145985401465 82.5412406271302 0.042910643461201534 0.4017518248175183 10.317655078391274
60544 2 0.916 8.709 34.009 7.120938575083066 27.807555402457233 264.38427947598257 0.8901173218853833 3.475944425307154 33.04803493449782
60544 4 0.458 1.65 34.192 14.165652784277023 293.5466666666667 1057.5371179039303 1.770706598034628 36.693333333333335 132.19213973799128
60544 8 0.458 0.733 34.192 28.331305568554047 1321.5607094133698 2115.0742358078605 3.541413196069256 165.19508867667122 264.38427947598257
60544 16 0.825 1.009 11.642 166.4153925442364 1920.1268582755204 2348.3733333333334 20.80192406802955 240.01585728444005 293.5466666666667
60544 32 1.467 1.742 6.325 612.6191304347826 2224.349024110218 2641.319700068166 76.57739130434783 278.04362801377727 330.1649625085208
60544 64 2.842 3.025 16.775 461.9750819672132 2561.8618181818183 2726.82336382829 57.74688524590165 320.2327272727273 340.85292047853625
60544 128 5.133 5.958 15.308 1012.494382022472 2601.4206109432694 3019.5332164426263 126.561797752809 325.17757636790867 377.4416520553283
60544 256 10.175 11.183 26.217 1182.3827287637794 2771.93311276044 3046.5383783783786 147.79784109547242 346.491639095055 380.81729729729733
60544 512 21.725 23.375 87.175 711.179305993691 2652.2804705882354 2853.7194936708856 88.89741324921137 331.5350588235294 356.7149367088607
60544 1024 43.542 44.825 75.625 1639.5915636363638 2766.1820858895703 2847.6898626613383 204.94894545454548 345.7727607361963 355.9612328326673
60544 2048 78.1 90.475 149.325 1660.7281031307552 2740.958541033435 3175.2653521126763 207.5910128913444 342.61981762917935 396.90816901408454
60544 4096 158.95 167.658 194.517 2549.7845843807995 2958.2629400326855 3120.3299653979243 318.72307304759994 369.7828675040857 390.04124567474054
60544 8192 299.841 340.908 352.733 2812.1919298733037 2909.737806094313 3308.263032740686 351.52399123416296 363.7172257617891 413.53287909258574
60544 16384 634.792 663.3 698.408 2840.6114935682294 2990.963051409619 3125.2848051015135 355.0764366960287 373.87038142620236 390.6606006376892

66560 1 1.467 49.225 353.925 0.3761248852157943 2.704316912138141 90.7430129516019 0.047015610651974286 0.3380396140172676 11.342876618950237
66560 2 1.009 13.017 19.25 13.83064935064935 20.453253437812094 263.8652130822597 1.7288311688311688 2.556656679726512 32.98315163528246
66560 4 0.459 1.834 32.358 16.455899622968047 290.33805888767716 1160.0871459694988 2.056987452871006 36.292257360959645 145.01089324618735
66560 8 0.642 3.392 40.425 26.344094001236858 313.9622641509434 1658.816199376947 3.2930117501546072 39.24528301886792 207.35202492211837
66560 16 0.916 7.609 15.034 141.6735399760543 279.92114601130237 2325.240174672489 17.709192497006786 34.990143251412796 290.65502183406113
66560 32 2.017 7.058 40.975 103.96192800488103 603.5477472371776 2111.9682697074863 12.995241000610129 75.4434684046472 263.9960337134358
66560 64 3.025 8.525 51.609 165.08128427212307 999.3759530791788 2816.4231404958678 20.635160534015384 124.92199413489735 352.05289256198347
66560 128 5.866 9.9 35.567 479.077796834144 1721.1474747474747 2904.7664507330383 59.884724604268 215.14343434343434 363.0958063416298
66560 256 11.367 15.583 57.75 590.1077056277056 2186.9165115831356 2998.039940177707 73.7634632034632 273.36456394789195 374.7549925222134
66560 512 21.45 24.75 56.009 1216.9015693906338 2753.8359595959596 3177.5030303030303 152.11269617382922 344.22949494949495 397.1878787878788
66560 1024 42.258 52.8 85.8 1588.7515151515152 2581.7212121212124 3225.776894315869 198.5939393939394 322.71515151515155 403.2221117894836
66560 2048 84.608 97.259 148.133 1840.4390648943854 2803.131432566652 3222.269288956127 230.05488311179818 350.3914290708315 402.7836611195159
66560 4096 168.942 187.55 274.725 1984.7466375466374 2907.275499866702 3227.4953534349065 248.09332969332968 363.40943748333774 403.4369191793633
66560 8192 337.609 377.208 451.366 2416.0416158948615 2891.0283981251723 3230.1243154062836 302.0052019868577 361.37854976564654 403.76553942578545

73216 1 1.375 20.35 47.758 3.066125047112525 7.195675675675676 106.496 0.3832656308890656 0.8994594594594595 13.312
73216 2 0.917 3.942 231.55 1.2647980997624702 74.29325215626584 319.3718647764449 0.15809976247030877 9.28665651953323 39.921483097055614
73216 4 0.825 5.775 21.541 27.191309595654797 101.4247619047619 709.9733333333334 3.3989136994568496 12.678095238095237 88.74666666666667
73216 8 0.916 5.867 12.375 94.66311111111112 199.66865519004602 1278.882096069869 11.83288888888889 24.958581898755753 159.86026200873363
73216 16 1.1 1.558 12.283 190.74428071318084 1503.7946084724006 2129.9199999999996 23.843035089147605 187.97432605905007 266.23999999999995
73216 32 1.741 2.017 4.4 1064.9599999999998 2323.165096678235 2691.455485353245 133.11999999999998 290.39563708477937 336.4319356691556
73216 64 3.208 3.483 9.441 992.654167990679 2690.682744760264 2921.3366583541147 124.08177099883487 336.335343095033 365.16708229426433
73216 128 6.142 6.967 9.808 1911.021207177814 2690.296540835367 3051.660045587756 238.87765089722674 336.2870676044209 381.4575056984695
73216 256 12.1 17.05 21.358 1755.1546024908698 2198.6270967741934 3098.0654545454545 219.39432531135873 274.8283870967742 387.2581818181818
73216 512 23.741 30.708 35.292 2124.367675393857 2441.4870392080243 3157.9623436249526 265.54595942423214 305.18587990100303 394.7452929531191
73216 1024 50.05 60.591 66.825 2243.8663374485595 2474.73004241554 2995.9314285714286 280.48329218106994 309.3412553019425 374.49142857142857
73216 2048 93.591 103.216 119.166 2516.5964788614206 2905.486901255619 3204.290327061363 314.57455985767757 363.1858626569524 400.53629088267036
73216 4096 194.333 201.208 230.817 2598.532482442801 2980.922587571071 3086.379935471587 324.81656030535015 372.61532344638385 385.7974919339484
73216 8192 398.566 436.792 554.583 2163.014271984536 2746.320775105771 3009.7171961481913 270.376783998067 343.2900968882214 376.2146495185239

80512 1 2.2 4.308 2241.708 0.07183094319153074 37.37790157845868 73.19272727272727 0.008978867898941343 4.672237697307335 9.149090909090908
80512 2 0.459 7.517 108.534 2.967254500893729 42.842623386989494 701.6296296296297 0.37090681261171615 5.355327923373687 87.70370370370371
80512 4 0.55 13.933 23.558 27.340860854062317 46.22809158113831 1171.0836363636363 3.4176076067577896 5.7785114476422885 146.38545454545454
80512 8 0.642 0.733 23.742 54.25793951646871 1757.424283765348 2006.5295950155762 6.782242439558589 219.6780354706685 250.81619937694703
80512 16 1.1 1.283 27.5 93.68669090909091 2008.0935307872178 2342.1672727272726 11.710836363636364 251.01169134840222 292.7709090909091
80512 32 1.925 2.108 34.833 147.92776964372868 2444.3870967741937 2676.7625974025973 18.490971205466085 305.5483870967742 334.59532467532466
80512 64 3.484 3.758 36.391 283.1891401720206 2742.2927088877063 2957.960964408726 35.39864252150257 342.7865886109633 369.74512055109074
80512 128 6.875 7.609 48.125 428.2820155844156 2708.7753975555265 2997.974109090909 53.53525194805195 338.5969246944408 374.74676363636365
80512 256 14.025 16.225 60.408 682.3954443120117 2540.6560246533127 2939.1903030303033 85.29943053900146 317.5820030816641 367.3987878787879
80512 512 26.492 29.15 57.017 1445.959766385464 2828.2774614065183 3112.0446927374305 180.744970798183 353.5346826758148 389.0055865921788
80512 1024 55.825 58.208 153.909 1071.338102385176 2832.747663551402 2953.6690729959696 133.917262798147 354.0934579439253 369.2086341244962
80512 2048 108.808 116.325 205.883 1601.7697041523584 2834.9636965398668 3030.817145798103 200.2212130190448 354.37046206748334 378.85214322476287
80512 4096 214.5 249.975 365.475 1804.6495765784252 2638.481064106411 3074.84524009324 225.58119707230315 329.81013301330137 384.355655011655
80512 8192 440.825 492.983 769.266 1714.7626542704345 2675.7689575502604 2992.363427664039 214.3453317838043 334.47111969378255 374.0454284580049

88448 1 2.2 3.117 1535.875 0.11517603971677384 56.75200513314084 80.40727272727273 0.01439700496459673 7.094000641642605 10.05090909090909
88448 2 1.467 5.041 10.817 32.707035222335215 70.18290021821066 241.16700749829585 4.088379402791902 8.772862527276333 30.14587593728698
88448 4 1.191 5.316 15.767 44.87752901629987 133.104589917231 594.1091519731318 5.609691127037483 16.638073739653876 74.26364399664148
88448 8 0.825 1.1 19.617 72.139878676658 1286.5163636363636 1715.3551515151516 9.01748483458225 160.81454545454545 214.41939393939396
88448 16 1.1 1.375 13.2 214.41939393939396 2058.426181818182 2573.0327272727272 26.802424242424244 257.30327272727277 321.6290909090909
88448 32 2.016 2.109 15.4 367.57610389610386 2684.055002370792 2807.8730158730164 45.94701298701298 335.506875296349 350.98412698412704
88448 64 4.034 4.492 25.942 436.4098373294272 2520.3348174532503 2806.48091224591 54.5512296661784 315.0418521816563 350.81011403073876
88448 128 7.791 14.025 27.5 823.3704727272727 1614.451907308378 2906.262097291747 102.92130909090909 201.80648841354724 363.2827621614684
88448 256 15.309 15.675 35.292 1283.1626430919189 2889.019202551834 2958.088444705729 160.39533038648986 361.12740031897926 369.76105558821615
88448 512 30.708 32.816 75.9 1193.2905401844532 2759.9570941004386 2949.418783378924 149.16131752305665 344.9946367625548 368.6773479223655
88448 1024 45.467 61.417 68.841 2631.3026248892374 2949.3707605386135 3984.021466118284 328.9128281111547 368.6713450673267 498.0026832647855
88448 2048 121.642 126.5 250.159 1448.2109698231925 2863.8972964426875 2978.2723730290527 181.02637122789906 357.98716205533594 372.2840466286316
88448 4096 231.458 263.633 415.158 1745.277740041141 2748.3889194448348 3130.4427412316704 218.15971750514262 343.54861493060434 391.3053426539588
88448 8192 464.842 511.866 830.041 1745.8559661510697 2831.07694591944 3117.4722421812144 218.2319957688837 353.88461823993 389.6840302726518

97280 1 2.017 5.316 1433.3 0.13574269169050443 36.598946576373216 96.4600892414477 0.016967836461313054 4.574868322046652 12.057511155180963
97280 2 0.459 4.858 11.092 35.081139560043276 80.09880609304241 847.7559912854031 4.3851424450054095 10.012350761630302 105.96949891067538
97280 4 0.367 0.641 23.1 33.690043290043285 1214.1029641185648 2120.5449591280653 4.211255411255411 151.7628705148206 265.06811989100817
97280 8 0.733 1.008 23.559 66.06732034466658 1544.1269841269843 2123.4379263301503 8.258415043083323 193.01587301587304 265.4297407912688
97280 16 1.192 1.375 12.559 247.86686838124055 2263.970909090909 2611.543624161074 30.98335854765507 282.99636363636364 326.44295302013427
97280 32 2.2 2.384 16.317 381.5603358460502 2611.543624161074 2829.9636363636364 47.69504198075627 326.44295302013427 353.74545454545455
97280 64 3.941 4.217 30.708 405.4917285397942 2952.772112876453 3159.563562547577 50.68646606747428 369.0965141095566 394.9454453184471
97280 128 7.975 8.158 42.259 589.3106793819068 3052.6697720029424 3122.718495297806 73.66383492273835 381.5837215003678 390.33981191222574
97280 256 15.675 19.525 50.416 987.9276420184069 2550.953137003841 3177.5030303030303 123.49095525230086 318.86914212548015 397.1878787878788
97280 512 31.167 31.716 139.884 712.1237596865976 3140.8349098246945 3196.1600410690794 89.0154699608247 392.6043637280868 399.5200051336349
97280 1024 62.425 68.017 114.216 1744.321636198081 2929.1124277754093 3191.5008410092114 218.04020452476013 366.13905347192616 398.9376051261514
97280 2048 125.034 135.3 255.109 1561.9162005260498 2945.0028085735403 3186.8042292496443 195.23952506575623 368.12535107169253 398.35052865620554
97280 4096 246.95 269.408 452.375 1761.6308593534127 2958.033020548759 3227.0409394614294 220.2038574191766 369.75412756859487 403.3801174326787
97280 8192 502.334 544.042 876.7 1817.9942055435156 2929.6185220993966 3172.8601289182097 227.24927569293945 366.2023152624246 396.6075161147762

107008 1 1.283 33.275 1743.592 0.12274431174265538 6.431735537190083 166.80904130943105 0.015343038967831922 0.8039669421487604 20.85113016367888
107008 2 1.925 30.25 2911.425 0.1470180409936715 14.149818181818182 222.3542857142857 0.018377255124208937 1.7687272727272727 27.794285714285714
107008 4 0.733 9.992 2859.175 0.29940944503222083 85.67493995196158 1167.8908594815825 0.037426180629027604 10.709367493995197 145.98635743519782
107008 8 0.917 11.642 2916.283 0.5870925421161115 147.0647655042089 1867.0970556161394 0.07338656776451394 18.383095688026113 233.38713195201743
107008 16 1.467 13.016 2893.184 1.1835597044640092 263.080516287646 2334.1895023858215 0.14794496305800114 32.88506453595575 291.7736877982277
107008 32 2.659 34.742 5722.2 1.1968319876970397 197.12486327787693 2575.5968409176385 0.14960399846212996 24.640607909734616 321.9496051147048
107008 64 5.134 38.133 2819.85 4.857359079383655 359.1908320876931 2667.904947409427 0.6071698849229569 44.898854010961635 333.4881184261784
107008 128 9.9 45.009 2646.691 10.350300809576941 608.6348952431736 2767.0755555555556 1.2937876011971177 76.0793619053967 345.88444444444445
107008 256 22.733 63.8 2665.483 20.55465969957415 858.7475862068967 2410.0688866405667 2.5693324624467686 107.34344827586209 301.25861083007084
107008 512 36.942 66.184 2735.609 40.05550208381388 1655.6296385833434 2966.1683720426618 5.006937760476735 206.95370482291793 370.7710465053327
107008 1024 73.15 130.9 2768.608 79.15616223026156 1674.1969747899159 2995.9314285714286 9.894520278782695 209.27462184873949 374.49142857142857
107008 2048 143.641 278.85 2847.258 153.93925243163775 1571.8299013806704 3051.3903968922527 19.24240655395472 196.4787376725838 381.4237996115316
107008 4096 287.1 341.55 3418.525 256.42917223071356 2566.5628341384863 3053.324750957854 32.053646528839195 320.8203542673108 381.66559386973177
107008 8192 547.8 744.425 2203.667 795.5916533668654 2355.1319098633176 3200.472931726908 99.44895667085818 294.3914887329147 400.0591164658635

117632 1 2.475 7.7 2916.284 0.08067252709269743 30.553766233766233 95.05616161616162 0.010084065886587178 3.819220779220779 11.882020202020202
117632 2 0.55 3.484 6.325 74.39177865612648 135.05396096440873 855.5054545454545 9.29897233201581 16.88174512055109 106.93818181818182
117632 4 0.55 3.667 6.325 148.78355731225295 256.62830651758935 1711.010909090909 18.59794466403162 32.07853831469867 213.87636363636364
117632 8 0.917 1.467 12.1 155.54644628099174 1282.9665985003408 2052.4667393675027 19.443305785123968 160.3708248125426 256.55834242093783
117632 16 1.559 1.742 8.342 451.23759290338046 2160.8633754305397 2414.511866581142 56.40469911292256 270.10792192881746 301.81398332264274
117632 32 2.75 6.325 2929.116 2.570211626989167 1190.2684584980236 2737.6174545454546 0.32127645337364585 148.78355731225295 342.2021818181818
117632 64 4.95 5.775 2861.742 5.261444253185647 2607.2547186147185 3041.7971717171718 0.6576805316482058 325.9068398268398 380.22464646464647
117632 128 9.808 15.033 2905.375 10.364855483371338 2003.1791392270338 3070.3295269168025 1.2956069354214172 250.39739240337923 383.7911908646003
117632 256 22.275 23.375 2865.409 21.018843732256023 2576.5811336898396 2703.8197081930416 2.627355466532003 322.07264171122995 337.9774635241302
117632 512 38.958 48.4 2927.101 41.15169514137025 2488.743140495868 3091.923815390934 5.143961892671281 311.0928925619835 386.49047692386677
117632 1024 77.092 90.75 3051.217 78.95549087462477 2654.659349862259 3124.971929642505 9.869436359328096 331.8324187327824 390.62149120531313
117632 2048 155.283 171.233 2963.034 162.61057821138738 2813.8306985218974 3102.8552513797395 20.326322276423422 351.7288373152372 387.85690642246743
117632 4096 306.075 347.967 6081.442 158.4560609145002 2769.3469323240424 3148.3830564404147 19.807007614312525 346.1683665405053 393.54788205505184
117632 8192 586.117 658.808 10175.184 189.41010678529256 2925.4087503491155 3288.221785070217 23.67626334816157 365.67609379363944 411.0277231337771

129280 1 2.291 4.766 2898.867 0.08919346765477684 54.25094418799833 112.8590135312091 0.011149183456847105 6.781368023499791 14.107376691401138
129280 2 1.192 5.408 2863.3 0.18060280096392275 95.62130177514793 433.8255033557047 0.022575350120490344 11.95266272189349 54.22818791946309
129280 4 4.125 7.791 2823.334 0.3663186856390353 132.74804261327174 250.72484848484848 0.04578983570487941 16.593505326658967 31.34060606060606
129280 8 1.192 2.933 2898.317 0.7136831478406261 705.2437777020117 1735.3020134228188 0.08921039348007827 88.15547221275146 216.91275167785236
129280 16 1.65 3.759 2936.909 1.4086102088964962 1100.5480180899176 2507.248484848485 0.17607627611206203 137.5685022612397 313.40606060606063
129280 32 3.117 7.333 5764.001 1.4354473567926167 1128.3131051411428 2654.449791466154 0.1794309195990771 141.03913814264286 331.8062239332692
129280 64 5.958 6.05 2905.466 5.695416845352863 2735.1801652892564 2777.415240013427 0.7119271056691079 341.89752066115705 347.1769050016784
129280 128 11.917 15.767 2915.642 11.351078081602612 2099.047377433881 2777.1821767223296 1.4188847602003265 262.38092217923514 347.1477720902912
129280 256 23.742 26.675 2945.617 22.471135928398024 2481.400562324274 2787.9437284137816 2.808891991049753 310.1750702905342 348.4929660517227
129280 512 46.566 47.483 2973.667 44.518340486678575 2788.002442979593 2842.905123910149 5.564792560834822 348.50030537244913 355.36314048876864
129280 1024 91.483 94.325 2977.333 88.92704981270151 2806.9487410548636 2894.149076877671 11.115881226587689 350.86859263185795 361.7686346097089
129280 2048 175.633 186.358 6110.133 86.66437866409782 2841.4711469322488 3014.9851109985025 10.833047333012228 355.1838933665311 376.8731388748128
129280 4096 366.483 385.642 3451.342 306.85506101684507 2746.230337981859 2889.7977805246082 38.356882627105634 343.2787922477324 361.22472256557603
129280 8192 669.625 709.958 4242.883 499.21798927757385 2983.449049098679 3163.1488071681915 62.40224865969673 372.9311311373349 395.39360089602394

142208 1 2.384 3.483 2823.15 0.10074420416910189 81.6583405110537 119.3020134228188 0.012593025521137736 10.207292563881712 14.91275167785235
142208 2 0.55 1.742 2868.8 0.19828220858895704 326.53960964408725 1034.24 0.02478527607361963 40.817451205510906 129.28
142208 4 0.733 0.917 2964.134 0.38380990872882265 1240.6368593238822 1552.0654843110506 0.04797623859110283 155.07960741548527 194.00818553888132
142208 8 1.008 1.65 2908.584 0.7822803123444262 1378.986666666667 2257.2698412698414 0.09778503904305327 172.37333333333336 282.1587301587302
142208 16 1.742 1.833 2872.192 1.5843843308525336 2482.6273867975997 2612.316877152698 0.1980480413565667 310.32842334969996 326.53960964408725
142208 32 3.209 3.667 2862.567 3.1794232239804345 2481.95036814835 2836.18323465254 0.3974279029975543 310.2437960185438 354.5229043315675
142208 64 6.233 6.6 2922.883 6.227626627545475 2757.973333333334 2920.3632279801063 0.7784533284431844 344.7466666666667 365.0454034975133
142208 128 11.825 13.109 2917.108 12.479910925478247 2777.118620794874 3078.6679069767442 1.559988865684781 347.13982759935925 384.83348837209303
142208 256 23.283 25.575 2957.075 24.62247186831582 2846.940215053764 3127.195636301164 3.0778089835394775 355.8675268817205 390.8994545376455
142208 512 46.2 51.333 2996.308 48.60014124048663 2836.7909921492997 3151.9695238095237 6.075017655060829 354.59887401866246 393.99619047619046
142208 1024 102.209 114.034 2841.942 102.4799183093814 2553.9925285441186 2849.4749386061894 12.809989788672675 319.2490660680148 356.1843673257737
142208 2048 184.342 235.033 3244.175 179.54764092565907 2478.307165376777 3159.80063143505 22.443455115707383 309.7883956720971 394.97507892938125
142208 4096 406.359 457.233 3582.976 325.13975421549014 2547.864952879604 2866.844184575708 40.64246927693627 318.4831191099505 358.3555230719635

156416 1 4.125 17.417 79.291 3.945365804441866 17.961302176034906 75.8380606060606 0.4931707255552332 2.245162772004363 9.479757575757574
156416 2 4.583 13.567 5849.067 0.10696817116302479 46.116606471585456 136.5184377045603 0.013371021395378099 5.764575808948182 17.06480471307004
156416 4 0.825 16.592 2805.275 0.446062507240823 75.4175506268081 1516.761212121212 0.05575781340510288 9.427193828351012 189.5951515151515
156416 8 2.2 25.575 2932.6 0.8533915297006069 97.85556207233627 1137.570909090909 0.10667394121257587 12.231945259042034 142.19636363636363
156416 16 2.017 21.542 2891.625 1.7309685730341935 232.35131371274716 2481.5627169062964 0.2163710716292742 29.043914214093395 310.19533961328705
156416 32 3.941 31.167 2902.35 3.449144314090306 321.1930567587512 2540.12281146917 0.4311430392612883 40.1491320948439 317.51535143364623
156416 64 7.241 26.125 2929.85 6.833540283632267 766.3635598086123 2764.9838420107717 0.8541925354540334 95.79544497607654 345.62298025134646
156416 128 14.209 37.125 2900.609 13.804858221152868 1078.5857508417507 2818.1079597438243 1.7256072776441085 134.82321885521884 352.26349496797803
156416 256 28.325 95.15 2928.842 27.343568550300766 841.6709616395165 2827.3607060900263 3.4179460687875958 105.20887020493956 353.4200882612533
156416 512 59.491 93.867 2915.459 54.938170627678176 1706.3503041537492 2692.339748869577 6.867271328459772 213.29378801921865 336.5424686086971
156416 1024 133.192 170.592 3202.008 100.04346272713872 1877.8135434252483 2405.0991651150216 12.50543284089234 234.72669292815604 300.6373956393777
156416 2048 226.325 323.766 3222.541 198.81203559551295 1978.8363694767206 2830.7961382966973 24.85150444943912 247.35454618459008 353.84951728708717
156416 4096 437.158 492.983 3556.117 360.3255663410399 2599.1968729144814 2931.1138581473974 45.04069579262999 324.8996091143102 366.3892322684247

172032 1 2.933 11.55 2859.817 0.12030979604639037 29.789090909090906 117.30787589498807 0.015038724505798797 3.723636363636363 14.663484486873509
172032 2 5.042 8.616 2798.95 0.2458521945729649 79.86629526462396 136.4791749305831 0.03073152432162061 9.983286908077995 17.059896866322887
172032 4 3.483 6.234 2895.017 0.47538788200552884 220.76612127045235 395.13522825150733 0.059423485250691105 27.595765158806543 49.391903531438416
172032 8 1.467 8.159 2936.817 0.9372432807355718 337.35899007231274 1876.286298568507 0.11715541009194648 42.16987375903909 234.53578732106337
172032 16 2.292 6.875 2915.458 1.8882192780688316 800.7307636363636 2401.842931937173 0.23602740975860395 100.09134545454545 300.23036649214663
172032 32 3.941 4.492 2866.417 3.841048947169934 2451.034728406055 2793.7193605683838 0.48013111839624173 306.37934105075686 349.21492007104797
172032 64 7.975 12.558 2884.108 7.634976221417505 1753.4715719063547 2761.140564263323 0.9543720276771881 219.18394648829434 345.1425705329154
172032 128 15.125 15.95 2935.992 15.000106267319529 2761.140564263323 2911.7482314049585 1.8750132834149411 345.1425705329154 363.9685289256198
172032 256 27.133 31.167 3015.466 29.20954306896513 2826.078352103186 3246.2456786938415 3.651192883620641 353.2597940128982 405.7807098367302
172032 512 59.308 61.691 3001.809 58.684869023978536 2855.534324293657 2970.26991299656 7.335608627997317 356.9417905367071 371.28373912457
172032 1024 121.642 132.366 3045.258 115.69513519051588 2661.7223153982136 2896.3806579964157 14.461891898814486 332.7152894247767 362.04758224955197
172032 2048 229.442 261.525 3225.383 218.4680306183793 2694.362190995125 3071.116325694511 27.30850382729741 336.7952738743906 383.8895407118139
172032 4096 481.433 523.692 3547.133 397.30287643570176 2691.0591416328684 2927.273668402457 49.66285955446272 336.38239270410855 365.90920855030714

189184 1 1.558 5.683 8.8 42.99636363636364 66.57891958472638 242.8549422336329 5.374545454545455 8.322364948090797 30.356867779204112
189184 2 1.192 4.125 16.775 45.11093889716842 183.4511515151515 634.8456375838927 5.638867362146052 22.93139393939394 79.35570469798658
189184 4 0.825 6.966 5814.05 0.2603128628064774 217.26557565317256 1834.5115151515154 0.03253910785080968 27.15819695664657 229.31393939393942
189184 8 1.375 8.342 2888.875 1.0477933451603134 362.8559098537521 2201.4138181818184 0.13097416814503918 45.356988731719014 275.1767272727273
189184 16 2.292 14.025 5818.358 1.0404804929500728 431.6497682709448 2641.3123909249566 0.1300600616187591 53.9562210338681 330.1640488656196
189184 32 4.216 7.334 5832.934 2.0757608435137445 1650.9102808835562 2871.8633776091083 0.25947010543921806 206.36378511044452 358.98292220113854
189184 64 8.067 9.075 2808.576 8.622003463676966 2668.380385674932 3001.8038924011403 1.0777504329596208 333.5475482093665 375.22548655014253
189184 128 15.492 20.167 3019.592 16.038956256341915 2401.5026528487133 3126.2008778724503 2.0048695320427394 300.18783160608916 390.7751097340563
189184 256 30.617 34.192 3014.366 32.133525922200555 2832.890968647637 3163.6740372995396 4.016690740275069 354.1113710809546 395.45925466244245
189184 512 61.234 68.475 2977.608 65.06041628045062 2829.126192040891 3163.6740372995396 8.132552035056328 353.6407740051114 395.45925466244245
189184 1024 128.425 131.725 3094.117 125.2211315861682 2941.346228885937 3016.9268600350397 15.652641448271025 367.6682786107421 377.11585750437996
189184 2048 252.359 289.942 392.517 1974.1760586165697 2672.595429430714 3070.616320400699 246.7720073270712 334.07442867883924 383.82704005008736
189184 4096 523.234 568.884 3664.742 422.8934336987433 2724.273011721195 2961.9545518830964 52.861679212342914 340.53412646514937 370.24431898538705

208000 1 2.2 6.325 2906.108 0.143146779128649 65.77075098814228 189.09090909090907 0.017893347391081126 8.221343873517785 23.636363636363633
208000 2 0.733 5.775 2907.391 0.2861672200264773 144.06926406926405 1135.0613915416097 0.035770902503309665 18.008658008658006 141.88267394270122
208000 4 1.008 2.841 5616.233 0.2962840038865909 585.7092573037662 1650.7936507936508 0.03703550048582386 73.21365716297078 206.34920634920636
208000 8 1.65 1.833 2685.009 1.2394744300670872 1815.6028368794325 2016.969696969697 0.1549343037583859 226.95035460992906 252.12121212121212
208000 16 2.659 2.934 2810.775 2.3680301696151416 2268.5753237900476 2503.1966904851447 0.2960037712018927 283.57191547375595 312.8995863106431
208000 32 4.859 5.775 2910.233 4.574204196021418 2305.108225108225 2739.6583659189128 0.5717755245026772 288.1385281385281 342.4572957398641
208000 64 9.166 10.083 55.641 478.49607303966496 2640.4839829415846 2904.647610735326 59.81200912995812 330.0604978676981 363.08095134191575
208000 128 17.875 19.892 2963.675 17.966882333589208 2676.8550170922986 2978.9090909090905 2.245860291698651 334.6068771365373 372.3636363636363
208000 256 35.566 40.058 2978.984 35.74910103578938 2658.5451095910926 2994.3204183771013 4.4686376294736725 332.31813869888657 374.29005229713766
208000 512 71.133 80.025 112.017 1901.425676459823 2661.568259918775 2994.278323703485 237.67820955747789 332.69603248984686 374.28479046293563
208000 1024 141.441 166.191 3178.083 134.03803487825837 2563.2194282482205 3011.743412447593 16.754754359782297 320.40242853102757 376.46792655594913
208000 2048 304.883 336.05 6240.576 136.5207314196638 2535.2417794970984 2794.4096587871413 17.065091427457975 316.9052224371373 349.30120734839267
208000 4096 597.941 631.584 6952.367 245.08717678453968 2697.8770836499975 2849.672459322909 30.63589709806746 337.2346354562497 356.20905741536365

228736 1 2.017 3.85 2821.958 0.16211155516843267 118.82389610389609 226.80813088745663 0.020263944396054084 14.852987012987011 28.35101636093208
228736 2 5.225 5.683 2928.933 0.31238133477276536 160.99665669540735 175.1088995215311 0.03904766684659567 20.12458208692592 21.888612440191388
228736 4 1.1 4.584 2883.742 0.6345532991508949 399.1902268760908 1663.5345454545454 0.07931916239386186 49.89877835951135 207.94181818181818
228736 8 1.558 1.833 2954.417 1.2387472723044852 1996.6044735406438 2349.0218228498074 0.15484340903806065 249.57555919258047 293.62772785622593
228736 16 2.567 3.025 2975.959 2.4595607667981985 2419.6866115702483 2851.4031943903387 0.3074450958497748 302.46082644628103 356.42539929879234
228736 32 5.317 5.684 2910.233 5.03021716817863 2575.493314567206 2753.2638706037237 0.6287771460223287 321.9366643209008 344.15798382546546
228736 64 9.808 11.183 2935.992 9.972168861495534 2618.099615487794 2985.1353996737357 1.2465211076869418 327.26245193597424 373.14192495921696
228736 128 19.525 23.375 2872.375 20.386062404804388 2505.0873155080217 2999.048194622279 2.5482578006005485 313.1359144385027 374.88102432778487
228736 256 35.475 42.9 3019.684 38.78314154726123 2729.902843822844 3301.2778576462297 4.847892693407654 341.2378554778555 412.6597322057787
228736 512 77.367 86.992 3072.758 76.22652483534337 2692.4965973882654 3027.4621479442135 9.528315604417921 336.5620746735332 378.4327684930267
228736 1024 155.284 177.559 3312.466 141.42072039380932 2638.285460044267 3016.7391875531284 17.677590049226165 329.7856825055334 377.09239844414105
228736 2048 309.191 335.408 3450.608 271.5181370935209 2793.322329819205 3030.1744099925295 33.939767136690115 349.16529122740064 378.7718012490662
228736 4096 618.658 683.65 4040.116 463.7998790133749 2740.8839493893074 3028.8225675575195 57.97498487667186 342.6104936736634 378.60282094468994

251520 1 2.475 6.416 2902.9 0.1732887801853319 78.40399002493764 203.24848484848482 0.021661097523166487 9.800498753117205 25.406060606060603
251520 2 1.008 6.875 5783.433 0.17395896174469383 146.33890909090908 998.0952380952381 0.02174487021808673 18.292363636363635 124.76190476190476
251520 4 1.283 1.467 2873.384 0.7002753547733264 1371.6155419222903 1568.324240062354 0.0875344193466658 171.45194274028628 196.04053000779425
251520 8 1.741 2.109 2954.325 1.362179177984819 1908.1650071123754 2311.4991384261916 0.17027239724810236 238.52062588904693 288.93739230327395
251520 16 3.025 3.758 2974.859 2.7055534396756284 2141.7349654071313 2660.7074380165286 0.33819417995945356 267.7168706758914 332.5884297520661
251520 32 6.142 20.35 2890.983 5.5680991552008425 791.0211302211302 2620.853142298925 0.6960123944001053 98.87764127764127 327.6066427873656
251520 64 11.55 31.075 2999.884 10.731934968152101 1036.0276749798875 2787.4077922077918 1.3414918710190127 129.50345937248593 348.42597402597397
251520 128 22.733 57.384 2936.725 21.92548502158016 1122.0744458385611 2832.4075133066463 2.74068562769752 140.25930572982014 354.0509391633308
251520 256 54.633 74.616 5842.742 22.040719922255676 1725.8797040849145 2357.1511723683484 2.7550899902819594 215.7349630106143 294.64389654604355
251520 512 88.55 129.709 2960.559 86.9958950319855 1985.6484900816438 2908.599435347261 10.874486878998187 248.20606126020547 363.57492941840763
251520 1024 177.1 217.525 2910.691 176.9727394628973 2368.063257096885 2908.599435347261 22.121592432862162 296.00790713711064 363.57492941840763
251520 2048 361.992 406.908 3417.608 301.4464853780772 2531.8399245038186 2845.990850626533 37.68081067225965 316.4799905629773 355.7488563283166
251520 4096 475.75 763.767 862.675 2388.44505752456 2697.7492350415764 4330.954997372569 298.55563219057 337.21865438019705 541.3693746715711

276608 1 3.85 15.492 72.142 7.668431704139059 35.70978569584302 143.69246753246753 0.9585539630173824 4.463723211980377 17.96155844155844
276608 2 1.65 19.617 3000.525 0.36874613609285045 56.401692409644696 670.5648484848485 0.046093267011606306 7.050211551205587 83.82060606060607
276608 4 1.283 6.05 2701.325 0.8191772556060454 365.7626446280992 1724.7575993764617 0.10239715695075567 45.7203305785124 215.5946999220577
276608 8 2.383 8.525 2871.183 1.5414301352439048 519.1469794721407 1857.2085606378516 0.1926787669054881 64.89337243401759 232.15107007973145
276608 16 4.217 14.025 2894.008 3.0585457953122455 631.1198573975045 2098.993597344084 0.3823182244140307 78.88998217468806 262.3741996680105
276608 32 7.242 8.25 2866.05 6.176763140908219 2145.807515151515 2444.4783209058273 0.7720953926135273 268.22593939393937 305.5597901132284
276608 64 14.116 29.15 2893.55 12.236119645418258 1214.608027444254 2508.205157268348 1.5295149556772822 151.82600343053176 313.5256446585435
276608 128 26.309 33.183 2916.741 24.27766058076463 2133.973661212067 2691.5370405564636 3.0347075725955786 266.74670765150836 336.44213006955795
276608 256 50.875 61.692 3059.467 46.29018583955963 2295.6509109771123 2783.75028992629 5.786273229944954 286.95636387213904 347.96878624078624
276608 512 103.584 121.366 3122.35 90.71583646932599 2333.821597481997 2734.4627741736176 11.339479558665749 291.7276996852496 341.8078467717022
276608 1024 222.291 243.925 3208.242 176.57433073938938 2322.407231731065 2548.4305887327873 22.071791342423673 290.30090396638315 318.5538235915984
276608 2048 416.533 446.6 3586.642 315.890565046637 2536.915288849082 2720.039871990935 39.486320630829624 317.11441110613526 340.00498399886686

304256 1 16.683 39.967 2740.008 0.22208402311234127 15.225360922761277 36.47497452496553 0.02776050288904266 1.9031701153451597 4.5593718156206915
304256 2 1.1 15.492 3018.308 0.4032139861140745 78.55822359927704 1106.3854545454544 0.05040174826425931 9.81977794990963 138.2981818181818
304256 4 1.742 12.65 5820.284 0.4182008987877568 192.41486166007903 1397.272101033295 0.0522751123484696 24.05185770750988 174.65901262916188
304256 8 3.117 12.284 2887.041 1.686188730953249 396.295669163139 1561.7888995829321 0.21077359136915613 49.536958645392374 195.22361244786651
304256 16 4.675 16.133 2925.634 3.3278913220177233 603.4954441207462 2082.6079144385026 0.4159864152522154 75.43693051509328 260.3259893048128
304256 32 9.35 21.542 57.292 339.8796341548558 903.9264692229133 2082.6079144385026 42.484954269356976 112.99080865286416 260.3259893048128
304256 64 18.058 35.291 2959.733 13.158203121700504 1103.5325720438639 2156.6490198250085 1.644775390212563 137.94157150548298 269.58112747812606
304256 128 36.117 61.967 2815.633 27.663241622754104 1256.9518614746557 2156.589306974555 3.457905202844263 157.11898268433197 269.57366337181935
304256 256 71.317 107.433 671.733 231.906236555298 1450.0113745311028 2184.318914143893 28.98827956941225 181.25142181638785 273.0398642679866
304256 512 128.7 151.8 225.133 1383.8848325212207 2052.425191040843 2420.8091996892 172.9856040651526 256.55314888010537 302.60114996115
304256 1024 261.067 325.783 405.167 1537.9245792475697 1912.6728159541778 2386.806022974945 192.2405724059462 239.08410199427223 298.3507528718681
304256 2048 526.441 568.883 844.892 1475.019974150542 2190.66587681474 2367.2787187927993 184.37749676881776 273.8332346018425 295.9098398490999

334592 1 3.575 5.5 2692.158 0.24856787751684706 121.66981818181817 187.18433566433566 0.031070984689605882 15.208727272727272 23.398041958041958
334592 2 4.033 5.042 2906.383 0.4604926467021036 265.44387147957156 331.85420282667985 0.05756158083776295 33.180483934946444 41.48177535333498
334592 4 3.025 7.242 2842.309 0.9417470092097656 369.61281413974035 884.8714049586777 0.1177183761512207 46.201601767467544 110.60892561983471
334592 8 4.034 7.884 2872.1 1.8639573830994742 679.0299340436326 1327.087754090233 0.23299467288743428 84.87874175545407 165.88596926127912
334592 16 5.867 6.6 2900.334 3.6916244818700195 1622.2642424242424 1824.94358275098 0.46145306023375243 202.7830303030303 228.1179478438725
334592 32 10.083 11.092 11.458 1868.902775353465 1930.5705012621709 2123.76157889517 233.6128469191831 241.32131265777136 265.4701973618962
334592 64 18.884 21.541 27.316 1567.8641089471373 1988.1981337913746 2267.9398432535477 195.98301361839216 248.52476672392183 283.49248040669346
334592 128 38.042 42.808 55.641 1539.4322891393037 2000.9239394505698 2251.6048577887595 192.42903614241297 250.11549243132123 281.45060722359494
334592 256 76.084 85.342 109.175 1569.1422395237005 2007.3481287056784 2251.6048577887595 196.14277994046256 250.9185160882098 281.45060722359494
334592 512 154.183 162.067 173.066 1979.719921879514 2114.0775605150952 2222.1788913174605 247.46499023493925 264.2596950643869 277.77236141468256
334592 1024 305.8 324.408 340.725 2011.1363005356225 2112.2919780030084 2240.825428384565 251.3920375669528 264.03649725037604 280.1031785480706
334592 2048 622.142 649.916 656.609 2087.222124582514 2108.7168680260215 2202.855348135956 260.90276557281425 263.5896085032527 275.3569185169945

368000 1 6.142 10.175 1145.925 0.6422758906560203 72.33415233415234 119.8306740475415 0.08028448633200254 9.041769041769042 14.978834255942688
368000 2 1.192 5.225 7.608 193.48054679284962 281.7224880382775 1234.8993288590605 24.185068349106203 35.21531100478469 154.36241610738256
368000 4 2.2 2.291 2.567 1146.8640436306973 1285.0283718900046 1338.181818181818 143.35800545383717 160.62854648625057 167.27272727272725
368000 8 3.209 3.758 7.792 755.64681724846 1566.7908461947845 1834.8395138672483 94.4558521560575 195.84885577434807 229.35493923340604
368000 16 6.05 6.325 11.091 1061.7617888377965 1861.8181818181818 1946.4462809917356 132.72022360472457 232.72727272727272 243.30578512396696
368000 32 6.966 11.917 26.309 895.2069633965563 1976.3363262566083 3380.9933964972724 111.90087042456953 247.04204078207604 422.62417456215906
368000 64 22.0 23.741 155.375 303.16331456154467 1984.0781769933872 2141.090909090909 37.89541432019308 248.0097721241734 267.6363636363636
368000 128 42.717 46.658 81.308 1158.6559748118266 2019.1178361695743 2205.3983191703537 144.83199685147832 252.38972952119678 275.6747898962942
368000 256 86.9 93.408 107.892 1746.3389315241168 2017.1291538198013 2168.19332566168 218.2923664405146 252.14114422747517 271.02416570771
368000 512 171.233 187.184 263.175 1431.8685285456445 2013.163518249423 2200.6972954979474 178.98356606820556 251.64543978117788 275.0871619372434
368000 1024 359.608 373.542 402.325 1873.2716087740012 2017.6151543869232 2095.793197036773 234.15895109675014 252.2018942983654 261.97414962959664
368000 2048 675.767 743.875 767.892 1962.9427054846253 2026.3189379936146 2230.5439596784095 245.36783818557817 253.28986724920182 278.8179949598012

404736 1 10.175 33.641 53.625 15.09504895104895 24.062067120477987 79.55498771498772 1.8868811188811188 3.0077583900597484 9.944373464373465
404736 2 6.05 12.191 35.567 45.518148845840244 132.79829382331226 267.59404958677686 5.6897686057300305 16.599786727914033 33.44925619834711
404736 4 2.659 8.983 52.983 61.111828322292055 360.4461761104308 1217.708913125235 7.638978540286507 45.05577201380385 152.21361414065439
404736 8 3.85 6.783 54.45 118.93068870523416 954.7067669172932 1682.01974025974 14.86633608815427 119.33834586466165 210.2524675324675
404736 16 6.967 7.425 60.5 214.07523966942148 1744.3167676767675 1858.985503085977 26.759404958677685 218.03959595959594 232.37318788574711
404736 32 13.2 14.3 63.984 404.83720930232556 1811.405874125874 1962.3563636363638 50.604651162790695 226.42573426573426 245.29454545454547
404736 64 25.117 27.592 56.833 911.5515281614555 1877.580748042911 2062.595373651312 113.94394102018194 234.69759350536387 257.824421706414
404736 128 51.609 55.183 95.883 1080.6129970902039 1877.614772665495 2007.6423879555891 135.07662463627548 234.70184658318686 250.95529849444864
404736 256 102.575 126.959 178.292 1162.2777914881206 1632.2185272410777 2020.227462832074 145.28472393601507 204.0273159051347 252.52843285400925
404736 512 206.341 239.067 349.433 1186.0633197208049 1733.613020617651 2008.5667123838693 148.2579149651006 216.70162757720638 251.07083904798367
404736 1024 395.266 419.375 598.767 1384.3437063164802 1976.511065275708 2097.0671092378298 173.04296328956002 247.0638831594635 262.1333886547287
404736 2048 747.267 801.809 824.725 2010.1229573494195 2067.573020507378 2218.4823577115008 251.26536966867744 258.4466275634222 277.3102947139376

445184 1 3.391 7.884 25.85 34.44363636363636 112.93353627600202 262.56797404895315 4.305454545454545 14.116692034500252 32.82099675611914
445184 2 1.284 5.683 13.658 130.38043637428615 313.34436037304243 1386.866043613707 16.29755454678577 39.168045046630304 173.35825545171338
445184 4 2.384 5.958 43.358 82.14105816688962 597.7630077207116 1493.9060402684563 10.267632270861203 74.72037596508895 186.73825503355704
445184 8 3.85 4.4 25.85 275.54909090909086 1618.850909090909 1850.1153246753245 34.44363636363636 202.35636363636362 231.26441558441556
445184 16 6.692 11.367 30.066 473.82052817135633 1253.2671769156327 2128.7937836222354 59.22756602141954 156.6583971144541 266.0992229527794
445184 32 13.659 14.758 28.783 989.8820831740958 1930.59872611465 2085.9342558020353 123.73526039676197 241.32484076433124 260.7417819752544
445184 64 20.533 28.875 29.517 1930.5333197818206 1973.4563463203463 2775.218039253884 241.31666497272758 246.68204329004328 346.9022549067355
445184 128 50.967 62.242 75.166 1516.205518452492 1831.0321647761964 2236.0959836757115 189.5256898065615 228.87902059702455 279.51199795946394
445184 256 99.367 112.75 148.867 1531.1264954623928 2021.5894279379156 2293.8622279026235 191.3908119327991 252.69867849223945 286.73277848782794
445184 512 198.367 223.85 257.584 1769.7854525125786 2036.4905785123967 2298.106116440739 221.22318156407232 254.5613223140496 287.26326455509235
445184 1024 409.2 455.217 535.15 1703.703320564328 2002.8620020781298 2228.0958748778107 212.962915070541 250.35775025976622 278.51198435972634
445184 2048 825.184 862.4 3478.842 524.1611041835185 2114.417513914657 2209.7782603637493 65.52013802293982 264.3021892393321 276.22228254546866

489600 1 5.133 25.941 39.967 24.500212675457252 37.74719555915347 190.7656341320865 3.0625265844321565 4.7183994448941835 23.84570426651081
489600 2 1.283 2.108 28.05 69.81818181818181 929.0322580645161 1526.4224473889324 8.727272727272727 116.12903225806451 190.80280592361655
489600 4 2.566 3.208 16.591 236.07980230245312 1220.9476309226932 1526.4224473889324 29.50997528780664 152.61845386533665 190.80280592361655
489600 8 4.492 5.225 10.358 756.2849971036879 1499.2535885167463 1743.900267141585 94.53562463796099 187.40669856459328 217.9875333926981
489600 16 7.791 8.616 11.367 1378.305621536025 1818.384401114206 2010.9356950327299 172.28820269200313 227.29805013927574 251.36696187909124
489600 32 15.95 17.416 18.15 1726.413223140496 1799.173174092788 1964.5391849529783 215.801652892562 224.8966467615985 245.5673981191223
489600 64 30.709 31.259 41.066 1526.050747577071 2004.8242106273392 2040.7307304047672 190.75634344713387 250.6030263284174 255.0913413005959
489600 128 57.933 62.884 66.734 1878.1670512782093 1993.1556516761018 2163.492310082336 234.77088140977617 249.14445645951272 270.436538760292
489600 256 114.216 129.708 151.892 1650.3515655860745 1932.6117124618372 2194.7467955452826 206.2939456982593 241.57646405772965 274.3433494431603
489600 512 227.242 247.5 291.592 1719.3558122307884 2025.6581818181817 2206.240043653902 214.91947652884855 253.2072727272727 275.78000545673774
489600 1024 470.067 497.933 508.841 1970.5581900829532 2013.726344709027 2133.1018769664747 246.31977376036915 251.71579308862837 266.63773462080934
489600 2048 916.025 933.626 968.0 2071.695867768595 2147.9710290844514 2189.243306678311 258.96198347107435 268.4963786355564 273.6554133347889

538496 1 6.508 16.592 24.75 43.51482828282828 64.91031822565091 165.4874001229256 5.439353535353535 8.113789778206364 20.6859250153657
538496 2 1.558 2.842 14.208 151.6036036036036 757.911330049261 1382.5314505776637 18.95045045045045 94.73891625615762 172.81643132220796
538496 4 2.842 8.158 31.075 138.63131134352375 528.0666830105419 1515.822660098522 17.32891391794047 66.00833537631773 189.47783251231525
538496 8 4.491 5.317 28.875 298.3873939393939 1620.450630054542 1918.4894232910265 37.29842424242424 202.55632875681775 239.8111779113783
538496 16 8.433 12.008 44.55 386.7984736251403 1435.0326449033978 2043.3857464721923 48.349809203142534 179.37908061292472 255.42321830902404
538496 32 16.133 19.8 43.083 799.9383515539771 1740.5931313131312 2136.226616252402 99.99229394424714 217.5741414141414 267.02832703155025
538496 64 30.708 38.134 62.7 1099.3219776714511 1807.5074211989302 2244.6101341669923 137.4152472089314 225.93842764986627 280.57626677087404
538496 128 60.867 70.675 146.942 938.1591103972995 1950.547944817828 2264.8557674930585 117.26988879966244 243.8184931022285 283.1069709366323
538496 256 136.767 146.575 276.375 997.5936752600633 1881.0162169537778 2015.9099197905928 124.69920940750791 235.12702711922222 251.9887399738241
538496 512 242.825 297.275 466.308 1182.5229333401958 1854.9151593642248 2270.8530999691134 147.81536666752447 231.8643949205281 283.8566374961392
538496 1024 514.617 564.758 662.383 1664.9578989798952 1952.7652693720138 2143.0302691127577 208.1197373724869 244.09565867150172 267.8787836390947

592256 1 14.942 18.425 54.908 21.57266700662927 64.2883039348711 79.27399277205193 2.696583375828659 8.036037991858887 9.90924909650649
592256 2 1.925 7.609 44.458 53.28678752980341 311.34498620055194 1230.661818181818 6.6608484412254265 38.91812327506899 153.83272727272725
592256 4 3.208 3.575 42.808 110.681367968604 1325.3281118881118 1476.9476309226932 13.8351709960755 165.66601398601398 184.61845386533665
592256 8 5.133 9.258 47.3 200.3402959830867 1023.557571829769 1846.112604714592 25.042536997885836 127.94469647872113 230.764075589324
592256 16 9.441 14.025 24.842 762.9092665646888 1351.3149376114081 2007.4348056349963 95.3636583205861 168.91436720142602 250.92935070437454
592256 32 17.416 27.866 44.825 845.6081204684884 1360.2377090361013 2176.411575562701 105.70101505856105 170.02971362951266 272.0514469453376
592256 64 34.192 41.158 47.85 1584.3002716823405 1841.8963020554934 2217.1492746841363 198.03753396029256 230.23703775693667 277.14365933551704
592256 128 67.1 76.267 97.534 1554.50956589497 1987.983479093186 2259.575797317437 194.31369573687124 248.49793488664824 282.4469746646796
592256 256 145.109 151.342 210.375 1441.4026001188354 2003.6412364049636 2089.705476572783 180.17532501485442 250.45515455062045 261.2131845715979
592256 512 266.383 302.958 360.433 1682.6154763853476 2001.8291116260336 2276.6848635235733 210.32693454816845 250.2286389532542 284.58560794044666
592256 1024 539.55 575.3 770.733 1573.7489999779432 2108.361355814358 2248.059101102771 196.7186249972429 263.54516947679474 281.00738763784636

651392 1 18.15 43.358 732.05 1.7796380028686567 30.04714239586697 71.77873278236916 0.2224547503585821 3.7558927994833713 8.972341597796145
651392 2 1.834 2.475 14.85 175.45912457912456 1052.7547474747475 1420.7022900763357 21.93239057239057 131.59434343434344 177.58778625954196
651392 4 3.484 3.941 54.45 95.70497704315886 1322.2877442273534 1495.7336394948336 11.963122130394858 165.28596802841918 186.9667049368542
651392 8 5.592 12.558 101.842 102.3376602973233 829.9308807134895 1863.7825464949929 12.792207537165412 103.74136008918619 232.9728183118741
651392 16 10.084 15.766 105.875 196.87880991735537 1322.1200050742102 2067.0908369694566 24.60985123966942 165.26500063427628 258.3863546211821
651392 32 19.067 25.483 80.025 520.9508028741018 1635.9568339677433 2186.45240467824 65.11885035926272 204.4946042459679 273.30655058478
651392 64 37.033 48.308 110.641 753.5920318869136 1725.9703568767077 2251.4561607215182 94.1990039858642 215.74629460958846 281.4320200901898
651392 128 50.05 82.225 142.817 1167.6225659410295 2028.049279416236 3331.7952447552448 145.9528207426287 253.5061599270295 416.4744055944056
651392 256 144.833 171.05 243.65 1368.8188138723579 1949.7965741011399 2302.739734728964 171.10235173404473 243.72457176264248 287.8424668411205
651392 512 292.05 328.717 496.375 1343.793317552254 2029.1783144771948 2283.942502996062 167.97416469403174 253.64728930964935 285.49281287450776
651392 1024 545.6 653.95 676.592 1971.7212382055952 2039.989014450646 2445.10780058651 246.4651547756994 254.99862680633075 305.63847507331377

716416 1 19.433 38.683 58.575 24.461493811352966 37.04035364371946 73.7318993464725 3.0576867264191208 4.630044205464933 9.216487418309063
716416 2 2.292 7.242 18.333 156.31178748704522 395.7006351836509 1250.2897033158813 19.538973435880653 49.46257939795636 156.28621291448516
716416 4 3.942 5.684 11.0 521.0298181818182 1008.3265306122448 1453.913749365804 65.12872727272728 126.0408163265306 181.7392186707255
716416 8 6.784 7.791 32.267 355.24393343043977 1471.2689000128353 1689.6603773584907 44.40549167880497 183.9086125016044 211.20754716981133
716416 16 11.917 13.108 24.75 926.2752323232323 1748.9557522123894 1923.7485944449106 115.78440404040404 218.61946902654867 240.46857430561383
716416 32 22.55 25.484 33.55 1366.6355886736217 1799.1925914299165 2033.2870953436807 170.8294485842027 224.89907392873957 254.16088691796008
716416 64 43.817 45.65 54.267 1689.8160576409236 2008.7896604600219 2092.823515986946 211.22700720511546 251.09870755750273 261.60293949836824
716416 128 77.092 96.709 137.408 1334.7293898462972 1896.4366915178525 2379.00814611114 166.84117373078715 237.05458643973157 297.3760182638925
716416 256 171.233 187.367 272.159 1347.7599197527916 1957.6819397225765 2142.13961093948 168.46998996909895 244.71024246532207 267.767451367435
716416 512 348.241 376.109 392.883 1867.2479694972806 1950.5249382492843 2106.6157747077455 233.40599618716007 243.81561728116054 263.3269718384682
716416 1024 657.158 742.316 780.541 1879.7474674616708 1976.543639097096 2232.6745896724988 234.96843343270885 247.067954887137 279.08432370906235

787968 1 20.35 55.733 60.867 25.891468283306224 28.276532754382504 77.44157248157248 3.236433535413278 3.534566594297813 9.68019656019656
787968 2 2.384 6.325 41.892 75.23804067602406 498.31968379446636 1322.0939597315437 9.404755084503007 62.289960474308295 165.26174496644296
787968 4 4.033 4.675 56.558 111.4562749743626 1348.3944385026737 1563.040912472105 13.932034371795325 168.5493048128342 195.38011405901312
787968 8 4.767 7.058 48.583 259.5041063746578 1786.2691980731086 2644.742605412209 32.438013296832224 223.28364975913857 330.5928256765261
787968 16 12.834 15.308 59.033 427.1335693595108 1647.176378364254 1964.70126227209 53.39169616993885 205.89704729553176 245.58765778401124
787968 32 24.017 28.233 46.108 1093.7354038344756 1786.2059292317501 2099.7606695257527 136.71692547930945 223.27574115396877 262.4700836907191
787968 64 44.55 47.116 53.992 1868.0527485553419 2140.6720434671875 2263.970909090909 233.50659356941773 267.58400543339843 282.99636363636364
787968 128 88.459 110.55 127.691 1579.7496143032788 1824.6929715061058 2280.3763099288935 197.46870178790985 228.08662143826322 285.0470387411117
787968 256 176.642 192.958 306.35 1316.923832218051 2090.8157008260864 2283.93935757068 164.61547902725638 261.3519626032608 285.492419696335
787968 512 369.05 406.45 437.25 1845.349873070326 1985.1869405830976 2186.3683294946486 230.66873413379076 248.1483675728872 273.2960411868311
787968 1024 741.675 807.033 1141.983 1413.1195157896398 1999.6189300809262 2175.8296612397617 176.63993947370497 249.95236626011578 271.9787076549702

866688 1 4.95 25.391 65.45 26.483972498090143 68.26733882084204 350.1769696969697 3.310496562261268 8.533417352605255 43.77212121212121
866688 2 2.933 5.042 9.808 353.4616639477977 687.5747719159064 1181.9815888169112 44.182707993474715 85.9468464894883 147.7476986021139
866688 4 3.758 4.95 6.05 1146.0337190082646 1400.7078787878788 1844.9984034060672 143.25421487603307 175.08848484848485 230.6248004257584
866688 8 7.425 7.883 14.208 976.0 1759.1028796143598 1867.610505050505 122.0 219.88785995179498 233.45131313131313
866688 16 13.659 14.3 21.909 1265.8732027933727 1939.4416783216782 2030.4572809136832 158.23415034917159 242.43020979020977 253.8071601142104
866688 32 25.484 27.683 55.092 1006.8255282073623 2003.6857277029223 2176.582640087898 125.85319102592028 250.4607159628653 272.0728300109873
866688 64 52.617 60.5 70.033 1584.054145902646 1833.6539504132231 2108.3692342778954 198.00676823783076 229.2067438016529 263.54615428473693
866688 128 101.842 112.108 119.717 1853.3051112206288 1979.0927320084204 2178.591622316922 231.6631389025786 247.38659150105255 272.32395278961525
866688 256 199.466 210.375 253.183 1752.662129763847 2109.301276292335 2224.6611252042953 219.08276622048086 263.66265953654187 278.0826406505369
866688 512 411.858 432.116 449.259 1975.4496003418963 2053.820066833906 2154.841018020774 246.93120004273703 256.72750835423824 269.35512725259673
866688 1024 793.008 841.409 889.075 1996.4311492281304 2109.529401278094 2238.2838811209976 249.5538936535163 263.69117515976177 279.7854851401247

953344 1 15.583 22.733 71.316 26.735767569689827 83.87313596973561 122.3569274209074 3.3419709462112284 10.484141996216952 15.294615927613425
953344 2 8.158 14.667 56.191 67.86453346621344 259.9970000681802 467.4400588379505 8.48306668327668 32.49962500852253 58.430007354743815
953344 4 5.5 10.817 27.958 272.793189784677 705.0709069057964 1386.6821818181818 34.099148723084625 88.13386336322455 173.33527272727272
953344 8 8.617 14.3 64.075 238.05702692157627 1066.6786013986014 1770.1640942323313 29.757128365197033 133.33482517482517 221.2705117790414
953344 16 15.033 18.059 65.816 463.5196304849884 1689.2966387950605 2029.3359941462115 57.93995381062355 211.16207984938256 253.66699926827644
953344 32 27.408 30.8 96.158 634.518355207055 1980.9745454545453 2226.138937536485 79.31479440088188 247.62181818181816 278.26736719206065
953344 64 59.858 65.725 102.483 1190.714869783281 1856.6455990871054 2038.6252798289286 148.83935872291013 232.08069988588818 254.82815997861607
953344 128 102.575 123.017 185.992 1312.1858144436321 1983.921441751953 2379.2938240311964 164.02322680545402 247.9901802189941 297.41172800389955
953344 256 220.183 243.375 282.975 1724.9302164502162 2005.5968279404212 2216.8474768715114 215.61627705627703 250.69960349255265 277.1059346089389
953344 512 456.867 473.0 510.492 1912.3203811225249 2063.899061310782 2136.7799731650566 239.0400476403156 257.98738266384777 267.0974966456321
953344 1024 889.442 914.925 1019.058 1915.934629824799 2133.9984282864716 2195.138650974431 239.49182872809988 266.74980353580895 274.3923313718039

1048576 1 23.1 36.116 48.675 43.08478685156652 58.06711706722783 90.78580086580087 5.385598356445815 7.258389633403478 11.348225108225108
1048576 2 7.516 24.567 35.384 118.53673976938731 170.72918956323525 558.050026609899 14.817092471173414 21.341148695404407 69.75625332623737
1048576 4 5.591 33.275 191.308 43.84870470654651 252.09941397445536 1500.3770345197638 5.481088088318314 31.51242674680692 187.54712931497048
1048576 8 9.625 16.225 33.641 498.71335572664316 1034.0348844375962 1743.0873766233767 62.339169465830395 129.25436055469953 217.8859220779221
1048576 16 12.742 22.183 36.667 915.1125535222408 1512.6192129107876 2633.372469000157 114.3890691902801 189.07740161384845 329.1715586250196
1048576 32 35.566 38.225 96.341 696.5763693546882 1755.6275735775016 1886.8825282573243 87.07204616933602 219.4534466971877 235.86031603216554
1048576 64 61.784 70.308 102.116 1314.365310039563 1908.9965295556692 2172.3703224135697 164.29566375494537 238.62456619445865 271.5462903016962
1048576 128 121.275 136.125 216.608 1239.2684296055547 1971.977638200184 2213.4442877757165 154.90855370069434 246.497204775023 276.68053597196456
1048576 256 241.358 268.308 307.266 1747.2512806493398 2000.9500723049632 2224.3758731842327 218.40641008116748 250.1187590381204 278.0469841480291
1048576 512 264.275 513.242 601.883 1783.9710109772166 2092.077078649059 4062.971616687164 222.99637637215207 261.50963483113236 507.8714520858955
1048576 1024 951.5 1018.783 1190.475 1803.8880682080685 2107.8911289253942 2256.945504992118 225.48600852600856 263.4863911156743 282.11818812401475

1153408 1 19.709 29.609 67.742 34.05296566384222 77.90928433922119 117.04378710233904 4.256620707980278 9.738660542402648 14.63047338779238
1153408 2 4.125 4.95 33.366 138.27345201702335 932.0468686868687 1118.4562424242424 17.284181502127918 116.50585858585859 139.8070303030303
1153408 4 6.692 8.525 20.167 457.5427183021768 1082.377008797654 1378.8499701135684 57.1928397877721 135.29712609970676 172.35624626419605
1153408 8 10.541 10.908 14.85 1242.7291582491582 1691.834250091676 1750.7378806564843 155.34114478114478 211.4792812614595 218.84223508206054
1153408 16 19.891 22.458 38.867 949.6245143695166 1643.470300115772 1855.5656326982053 118.70306429618958 205.4337875144715 231.94570408727566
1153408 32 31.717 38.042 41.891 1762.147287006756 1940.4372009883814 2327.3989343254407 220.2684108758445 242.55465012354767 290.9248667906801
1153408 64 68.934 72.417 77.458 1906.0164734436728 2038.6956653824377 2141.7040067310763 238.2520591804591 254.8369581728047 267.71300084138454
1153408 128 134.108 146.208 177.008 1668.1305251740034 2019.5368789669515 2201.7511856115966 208.51631564675043 252.44210987086893 275.2188982014496
1153408 256 267.116 295.717 316.342 1866.7925725954822 1996.9933957127932 2210.8181314485096 233.34907157443527 249.62417446409916 276.3522664310637
1153408 512 532.308 548.534 589.966 2001.9624724136645 2153.1751760146135 2218.809020341607 250.24530905170806 269.1468970018267 277.35112754270085

1268736 1 24.567 36.483 85.617 29.637478538140787 69.55217498560974 103.28782513127365 3.7046848172675984 8.694021873201217 12.910978141409206
1268736 2 4.4 9.442 51.333 98.86318742329496 537.4861258208006 1153.3963636363635 12.35789842791187 67.18576572760007 144.17454545454544
1268736 4 7.792 16.316 44.275 229.24648221343872 622.0818828144154 1302.6036960985628 28.65581027667984 77.76023535180192 162.82546201232034
1268736 8 11.641 15.308 22.825 889.3658707557503 1326.0893650378887 1743.8171978352375 111.17073384446878 165.76117062973609 217.9771497294047
1268736 16 15.95 24.383 42.167 962.8276140109563 1665.0761596194068 2545.426457680251 120.35345175136953 208.13451995242585 318.1783072100314
1268736 32 38.867 40.516 72.508 1119.8640701715674 2004.124395300622 2089.1528546067357 139.98300877144592 250.51554941257774 261.14410682584196
1268736 64 75.9 80.208 86.35 1880.6972553561088 2024.713345302214 2139.633833992095 235.0871569195136 253.08916816277676 267.45422924901186
1268736 128 150.425 150.7 234.759 1383.5312639770998 2155.251599203716 2159.1917300980554 172.94140799713747 269.4064499004645 269.8989662622569
1268736 256 298.925 321.292 575.3 1129.137549104815 2021.8145238599154 2173.0963686543446 141.14219363810187 252.72681548248943 271.6370460817931
1268736 512 579.15 592.717 904.567 1436.2514484830863 2191.9156427097587 2243.262823102823 179.53143106038578 273.98945533871984 280.40785288785287

1395584 1 42.534 50.417 106.425 26.22661968522434 55.361643889957755 65.62204354163728 3.2783274606530424 6.920205486244719 8.20275544270466
1395584 2 4.308 7.241 58.117 96.0534095015228 770.9344013257838 1295.80687093779 12.00667618769035 96.36680016572298 161.97585886722376
1395584 4 7.058 9.625 43.541 256.41744562596176 1159.9659220779222 1581.8464154151318 32.05218070324522 144.99574025974027 197.73080192689147
1395584 8 11.55 17.325 73.7 302.9761736770692 1288.8510245310247 1933.2765367965367 37.87202170963365 161.10637806637808 241.65956709956708
1395584 16 16.041 25.85 46.109 968.5460105402416 1727.6088201160542 2784.033913097687 121.0682513175302 215.95110251450677 348.0042391372109
1395584 32 36.208 44.916 108.167 825.7359083639188 1988.5425238222463 2466.7856827220508 103.21698854548985 248.56781547778078 308.34821034025634
1395584 64 56.284 83.875 181.133 986.2076595650709 2129.7734962742175 3173.8105323004766 123.27595744563386 266.2216870342772 396.72631653755957
1395584 128 157.483 190.208 355.3 1005.5432141851956 1878.3095558546433 2268.62267038347 125.69290177314944 234.78869448183042 283.57783379793375
1395584 256 187.275 346.867 382.892 1866.1633254285803 2059.979784759 3815.4532532372177 233.27041567857253 257.497473094875 476.9316566546522
1395584 512 444.217 652.391 773.941 1846.4947793178035 2190.5238055092727 3217.071872530768 230.81184741472543 273.8154756886591 402.133984066346

1535104 1 40.7 75.534 152.717 20.103904607869456 40.64670214737733 75.435085995086 2.512988075983682 5.080837768422167 9.42938574938575
1535104 2 6.325 9.441 39.509 155.41815788807614 650.3988984217774 970.8167588932806 19.427269736009517 81.29986230272218 121.35209486166008
1535104 4 6.508 7.792 34.009 361.10535446499455 1576.0821355236142 1887.0362630608481 45.13816930812432 197.01026694045177 235.87953288260601
1535104 8 12.467 17.875 53.716 457.2504281778241 1374.0791048951048 1970.1342744846393 57.156303522228015 171.7598881118881 246.2667843105799
1535104 16 23.191 30.8 103.858 472.98549943191665 1594.9132467532465 2118.2065456427063 59.12318742898958 199.36415584415582 264.7758182053383
1535104 32 44.367 50.6 78.742 1247.7033349419623 1941.6335177865612 2214.408366578764 155.9629168677453 242.70418972332016 276.8010458223455
1535104 64 86.717 99.092 105.233 1867.2214229376716 1982.9381988455175 2265.9145496269475 233.40267786720895 247.8672748556897 283.23931870336844
1535104 128 179.391 194.7 223.025 1762.0743145387287 2018.421284026708 2190.6707917342565 220.25928931734109 252.3026605033385 273.83384896678206
1535104 256 364.559 372.442 409.658 1918.6083220637702 2110.323883987305 2155.9562320502305 239.82604025797127 263.79048549841315 269.4945290062788
1535104 512 703.358 751.392 921.8 1705.3010371013236 2092.0458242834634 2234.9166370468524 213.16262963766545 261.5057280354329 279.36457963085655

1688576 1 18.792 41.617 72.233 46.75358907978348 81.14837686522336 179.7122179650915 5.844198634972935 10.14354710815292 22.464027245636437
1688576 2 5.317 10.909 12.65 533.9370750988141 619.1496929141076 1270.3223622343426 66.74213438735177 77.39371161426345 158.79029527929282
1688576 4 7.792 9.9 16.867 800.8897847868619 1364.5058585858585 1733.6509240246407 100.11122309835774 170.5632323232323 216.7063655030801
1688576 8 14.392 16.867 21.175 1275.9015820543093 1601.7795695737238 1877.2384658143415 159.48769775678866 200.22244619671548 234.65480822679268
1688576 16 25.941 27.317 31.166 1733.7621767310532 1978.0514697807228 2082.9741336108864 216.72027209138164 247.25643372259034 260.3717667013608
1688576 32 49.225 52.25 66.275 1630.6128102602788 2068.3036172248803 2195.406074149314 203.82660128253485 258.53795215311004 274.42575926866425
1688576 64 96.342 112.658 127.692 1692.6489365034615 1918.5297803973085 2243.4424031056033 211.5811170629327 239.81622254966356 280.4303003882004
1688576 128 194.975 212.483 227.15 1903.039647809817 2034.4001920153614 2217.081451468137 237.87995597622714 254.30002400192018 277.1351814335171
1688576 256 397.192 428.725 456.867 1892.3470331628241 2016.5628596419615 2176.6574150536767 236.54337914535301 252.0703574552452 272.0821768817096
1688576 512 778.25 816.934 862.309 2005.1997880110262 2116.5746853478986 2221.7819775136527 250.64997350137827 264.5718356684873 277.7227471892066

1857408 1 45.925 48.4 2851.933 1.3025607544076245 76.75239669421488 80.88875340228634 0.16282009430095307 9.59404958677686 10.111094175285793
1857408 2 8.067 8.25 2388.65 3.1103895505829655 900.5614545454545 920.990702863518 0.3887986938228707 112.57018181818181 115.12383785793975
1857408 4 9.167 10.358 2376.091 6.253659476846637 1434.5688356825642 1620.9516744845641 0.7817074346058296 179.32110446032053 202.61895931057052
1857408 8 15.858 17.417 2403.867 12.362800437794604 1706.2943101567432 1874.0401059402195 1.5453500547243255 213.2867887695929 234.25501324252744
1857408 16 29.15 34.558 2377.375 25.001127714390872 1719.9217547311769 2039.007066895369 3.125140964298859 214.9902193413971 254.87588336192113
1857408 32 54.633 60.5 2395.8 49.61771099423992 1964.8613553719008 2175.866454340783 6.20221387427999 245.6076694214876 271.9833067925979
1857408 64 111.467 117.333 1325.958 179.30298244740783 2026.2690291733784 2132.9023298375305 22.41287280592598 253.2836286466723 266.6127912296913
1857408 128 213.491 233.475 242.825 1958.185722227942 2036.6054095727595 2227.2435278302128 244.77321527849276 254.57567619659494 278.4054409787766
1857408 256 424.233 441.741 466.766 2037.4082431025395 2152.8291374357373 2241.675909229127 254.67603038781743 269.10364217946716 280.20948865364085
1857408 512 842.233 861.483 910.525 2088.889148568134 2207.8042073958513 2258.2655773402375 261.1111435710167 275.9755259244814 282.2831971675297

2043136 1 45.65 72.508 155.008 26.36168455821635 56.35615380371822 89.51307776560789 3.2952105697770437 7.044519225464778 11.189134720700986
2043136 2 6.233 10.542 28.6 285.75328671328674 775.2365774995258 1311.1734317343175 35.71916083916084 96.90457218744072 163.8966789667897
2043136 4 10.725 14.3 20.442 799.583602387242 1143.013146853147 1524.0175291375292 99.94795029840525 142.87664335664337 190.50219114219115
2043136 8 14.117 19.25 24.475 1335.6558120531154 1698.1909610389612 2315.6602677622723 166.95697650663942 212.27387012987015 289.45753347028403
2043136 16 31.991 35.842 36.941 1769.8587477328713 1824.126778639585 2043.7107936607172 221.2323434666089 228.01584732994812 255.46384920758965
2043136 32 52.983 64.992 75.075 1741.7343190143188 2011.9507631708518 2467.9747088688828 217.71678987678985 251.49384539635648 308.49683860861035
2043136 64 116.783 132.367 190.3 1374.2585811875986 1975.7296607160397 2239.379087709684 171.78232264844982 246.96620758950496 279.9223859637105
2043136 128 246.584 333.667 452.191 1156.6855952462568 1567.5593211195596 2121.15472212309 144.5856994057821 195.94491513994495 265.14434026538623
2043136 256 473.366 520.575 561.642 1862.5487979887546 2009.4811160735726 2209.8875542392148 232.81859974859432 251.18513950919657 276.23594427990184
2043136 512 941.234 993.117 1165.542 1795.0200541893817 2106.671483823155 2222.7960995884127 224.3775067736727 263.3339354778944 277.8495124485516

2247424 1 55.55 68.291 103.034 43.62490051827552 65.81903911203526 80.91535553555356 5.45311256478444 8.227379889004407 10.114419441944195
2247424 2 7.059 11.0 106.333 84.54286063592676 817.2450909090909 1273.5084289559427 10.567857579490845 102.15563636363636 159.18855361949284
2247424 4 11.092 15.95 33.642 534.4329112419 1127.2346081504704 1620.9332852506311 66.8041139052375 140.9043260188088 202.6166606563289
2247424 8 18.791 23.558 48.583 740.1515756540354 1526.393751591816 1913.6173700175616 92.51894695675442 190.799218948977 239.2021712521952
2247424 16 35.933 38.408 44.0 1634.4901818181818 1872.4632368256612 2001.4351153535745 204.31127272727272 234.05790460320765 250.1793894191968
2247424 32 65.542 72.967 82.408 1745.4025822735657 1971.2354351967329 2194.5490830307285 218.1753227841957 246.4044293995916 274.31863537884107
2247424 64 136.767 138.967 334.858 859.0813777780432 2070.061755668612 2103.360255032281 107.3851722222554 258.7577194585765 262.92003187903515
2247424 128 252.541 287.008 308.275 1866.3224199172816 2004.6150072471848 2278.206485283578 233.2903024896602 250.5768759058981 284.77581066044723
2247424 256 497.842 531.758 598.308 1923.2253087038785 2163.918714904148 2311.3379104213786 240.4031635879848 270.4898393630185 288.91723880267233

2472064 1 20.534 79.017 108.075 45.747194078186446 62.5704342103598 240.77763708970488 5.718399259773306 7.821304276294975 30.09720463621311
2472064 2 7.791 9.441 45.283 218.36574431906013 1047.373795148819 1269.1895777178795 27.295718039882516 130.92172439360237 158.64869721473494
2472064 4 12.1 14.575 54.358 363.81971374958607 1356.879039451115 1634.422479338843 45.47746421869826 169.60987993138937 204.30280991735538
2472064 8 20.716 23.65 68.2 579.9563636363636 1672.4323044397463 1909.298320139023 72.49454545454545 209.0540380549683 238.66229001737787
2472064 16 37.858 45.742 94.875 833.7923372859025 1729.3963534607146 2089.546410269956 104.22404216073781 216.17454418258933 261.1933012837445
2472064 32 72.05 86.075 153.175 1032.8845829933082 1838.0725646238743 2195.8653157529493 129.11057287416352 229.7590705779843 274.48316446911866
2472064 64 142.908 160.783 267.3 1183.7792442947998 1968.020201140668 2214.1810955299916 147.97240553684998 246.0025251425835 276.77263694124895
2472064 128 298.834 321.291 522.225 1211.8308851548659 1969.7046727110317 2117.725506468474 151.47886064435824 246.21308408887896 264.71568830855927
2472064 256 574.475 600.142 1066.083 1187.240363086176 2108.995484402025 2203.223409199704 148.405045385772 263.6244355502531 275.402926149963

2719232 1 73.516 81.308 98.817 55.035712478622095 66.8871943720175 73.9766037325208 6.879464059827762 8.360899296502188 9.2470754665651
2719232 2 9.809 13.933 37.491 290.12104238350537 780.6594416134357 1108.8722601692325 36.26513029793817 97.58243020167946 138.60903252115406
2719232 4 12.467 19.617 48.217 451.1656884501317 1108.9287862568178 1744.9150557471723 56.395711056266464 138.61609828210223 218.11438196839654
2719232 8 23.375 31.717 44.642 974.5914609560502 1371.7473909890593 1861.2924919786096 121.82393261950628 171.46842387363242 232.6615614973262
2719232 16 48.767 51.884 79.017 1101.2240910183884 1677.1147945416697 1784.309553591568 137.65301137729855 209.6393493177087 223.038694198946
2719232 32 88.366 92.767 120.541 1443.7481686728995 1875.9995256934037 1969.4322250639384 180.46852108411244 234.49994071167546 246.1790281329923
2719232 64 173.617 198.275 268.95 1294.1501989217325 1755.4492296053459 2004.767367250903 161.76877486521656 219.43115370066823 250.59592090636286
2719232 128 307.267 353.008 778.25 894.472716993254 1971.9762498300322 2265.5325563760507 111.80908962415675 246.49703122875403 283.19156954700634
2719232 256 605.183 671.092 812.35 1713.850906628916 2074.598987918199 2300.538488358067 214.2313633286145 259.32487348977486 287.56731104475836

2991104 1 82.867 93.775 2893.367 2.0675593521319624 63.793207144761396 72.19047389189906 0.2584449190164953 7.9741508930951746 9.023809236487383
2991104 2 13.75 16.408 29.241 409.16576040491094 729.1818625060945 870.1393454545455 51.14572005061387 91.14773281326181 108.76741818181819
2991104 4 16.133 18.883 43.267 553.0504079321422 1267.2155907429965 1483.2227112130417 69.13130099151778 158.40194884287456 185.40283890163022
2991104 8 24.108 28.875 66.458 720.1189322579676 1657.408277056277 1985.1362203417953 90.01486653224595 207.17603463203463 248.1420275427244
2991104 16 44.367 54.542 124.942 766.0780842310834 1754.8921565032451 2157.3540694660446 95.75976052888542 219.36151956290564 269.6692586832556
2991104 32 88.642 97.258 204.6 935.6337047898339 1968.2767073145656 2159.593149974053 116.95421309872924 246.0345884143207 269.94914374675665
2991104 64 172.975 227.425 318.634 1201.5708053754463 1683.46185335825 2213.391021823963 150.1963506719308 210.43273166978125 276.6738777279954
2991104 128 338.983 371.066 651.75 1174.8716900652091 2063.575277713399 2258.882079632312 146.85896125815114 257.94690971417486 282.360259954039
2991104 256 706.2 765.05 1189.741 1287.2089370711776 2001.7583791909026 2168.571577456811 160.9011171338972 250.21979739886282 271.0714471821014

3290112 1 81.95 89.833 110.366 59.6218400594386 73.24951855108925 80.29559487492374 7.452730007429825 9.156189818886157 10.036949359365467
3290112 2 14.942 16.591 45.558 288.87238245752667 793.2281357362425 880.7688395127827 36.109047807190834 99.15351696703031 110.09610493909784
3290112 4 15.125 18.15 36.3 725.0935537190084 1450.1871074380167 1740.2245289256198 90.63669421487604 181.2733884297521 217.52806611570247
3290112 8 27.591 32.084 36.208 1453.871851524525 1640.7490337863105 1907.9334565619224 181.73398144056563 205.09362922328881 238.4916820702403
3290112 16 50.325 55.184 65.175 1615.3982968929804 1907.864308495216 2092.073204172876 201.92478711162255 238.483038561902 261.5091505216095
3290112 32 96.159 107.617 124.3 1694.0238777152053 1956.634806768447 2189.7811749290236 211.75298471440067 244.5793508460559 273.72264686612795
3290112 64 187.275 226.875 3202.65 131.49558521849093 1856.2394975206612 2248.7482899479373 16.436948152311366 232.02993719008265 281.09353624349217
3290112 128 380.509 405.9 1256.842 670.1468219553451 2075.0644789356984 2213.5315380188117 83.76835274441814 259.3830598669623 276.69144225235146
3290112 256 787.966 801.992 1074.7 1567.4489103935982 2100.4415804646433 2137.829987588297 195.93111379919978 262.5551975580804 267.22874844853715

3619072 1 88.55 98.45 129.341 55.96171360976024 73.5210157440325 81.74075663466968 6.99521420122003 9.190126968004062 10.21759457933371
3619072 2 12.375 14.575 19.158 755.6262657897483 993.2273070325901 1169.8010505050506 94.45328322371854 124.15341337907377 146.22513131313133
3619072 4 18.792 22.733 24.567 1178.5149183864535 1273.5923987155236 1540.6862494678585 147.31436479830668 159.19904983944045 192.5857811834823
3619072 8 32.45 35.567 36.3 1595.1832506887056 1628.0583687125707 1784.442280431433 199.3979063360882 203.50729608907133 223.0552850539291
3619072 16 55.459 58.85 76.358 1516.675449854632 1967.8896176720475 2088.21478930381 189.584431231829 245.98620220900594 261.02684866297625
3619072 32 112.567 123.75 128.7 1799.6939238539242 1871.681680808081 2057.624419234767 224.96174048174052 233.96021010101012 257.2030524043459
3619072 64 220.55 239.25 276.925 1672.8038855285727 1936.2224284221527 2100.390913625028 209.10048569107158 242.0278035527691 262.5488642031285
3619072 128 443.116 463.375 486.016 1906.2796944956544 1999.4225670353387 2090.8349777484905 238.2849618119568 249.92782087941734 261.3543722185613
3619072 256 851.4 868.267 902.0 2054.284771618625 2134.0956917630174 2176.374047451257 256.78559645232815 266.7619614703772 272.0467559314071

3980928 1 93.775 111.834 153.725 51.79285087006018 71.19351896560974 84.90382298053852 6.474106358757522 8.899189870701218 10.612977872567315
3980928 2 15.584 21.725 51.333 310.2041961311437 732.9671806674337 1021.7987679671459 38.77552451639296 91.62089758342921 127.72484599589323
3980928 4 22.092 27.408 53.075 600.0456712199717 1161.9754816112084 1441.5817490494298 75.00570890249647 145.24693520140104 180.19771863117873
3980928 8 34.833 44.825 102.575 620.9587911284426 1420.9670496374788 1828.5777280165362 77.61984889105533 177.62088120468485 228.57221600206702
3980928 16 70.767 86.075 120.359 1058.4143769888417 1479.9848504211443 1800.1285344864132 132.3017971236052 184.99810630264304 225.01606681080165
3980928 32 128.975 135.483 168.392 1513.013634852012 1880.5266490998868 1975.4168792401626 189.1267043565015 235.06583113748584 246.92710990502033
3980928 64 255.475 269.867 413.692 1231.7346818405963 1888.184861431742 1994.554394754868 153.96683523007454 236.02310767896776 249.3192993443585
3980928 128 461.267 470.617 554.034 1839.4495067089745 2165.492466272999 2209.3875521119003 229.9311883386218 270.6865582841249 276.17344401398753
3980928 256 932.067 962.317 1194.6 1706.2072124560523 2118.049599040649 2186.7903659286294 213.27590155700653 264.7561998800811 273.3487957410787

4379008 1 25.025 119.441 131.359 66.67237113559025 73.32503914066359 349.97066933066935 8.334046391948782 9.165629892582949 43.74633366633367
4379008 2 18.883 21.45 57.933 302.3498178930834 816.5982284382285 927.6085367791136 37.793727236635426 102.07477855477856 115.9510670973892
4379008 4 22.825 27.683 68.383 512.292002398257 1265.4720947874148 1534.8111281489596 64.03650029978212 158.18401184842685 191.85139101861995
4379008 8 37.125 40.15 96.158 728.6354541483809 1745.0592278953923 1887.249239057239 91.07943176854761 218.13240348692403 235.90615488215488
4379008 16 72.05 74.525 140.433 997.8299687395413 1880.2852197249244 1944.8751700208188 124.72874609244266 235.03565246561556 243.10939625260235
4379008 32 137.958 145.292 225.683 1241.8148996601428 1928.919087079812 2031.4625610693108 155.22686245751785 241.1148858849765 253.93282013366385
4379008 64 274.909 294.708 465.85 1203.2049457980036 1901.9267342589953 2038.9038700078936 150.40061822475045 237.74084178237442 254.8629837509867
4379008 128 393.434 545.325 593.084 1890.1640374719268 2055.7026507128776 2849.336986635624 236.27050468399085 256.9628313391097 356.167123329453

4816896 1 36.025 130.533 151.342 63.65577301740429 73.8034979660316 267.41962526023593 7.956971627175537 9.22543724575395 33.42745315752949
4816896 2 22.825 24.384 77.55 248.45369439071567 790.1732283464568 844.1438773274919 31.05671179883946 98.7716535433071 105.51798466593648
4816896 4 29.058 46.933 64.9 593.762218798151 821.0676496281934 1326.1466033450342 74.22027734976888 102.63345620352418 165.76832541812928
4816896 8 42.716 49.225 97.808 787.9757893014886 1565.6746775012696 1804.2498361269782 98.49697366268607 195.7093346876587 225.53122951587227
4816896 16 78.192 92.309 169.675 908.446571386474 1669.8336240236597 1971.3100061387356 113.55582142330925 208.72920300295746 246.41375076734195
4816896 32 143.642 180.95 243.284 1267.166537873432 1703.6824758220505 2146.1783043956502 158.395817234179 212.9603094777563 268.2722880494563
4816896 64 290.675 386.742 446.783 1380.0048077030683 1594.2480723583162 2121.1410957254666 172.50060096288354 199.28100904478953 265.1426369656833
4816896 128 607.567 638.366 972.492 1268.0056761392384 1931.6902466610063 2029.6121678761353 158.5007095174048 241.4612808326258 253.70152098451692

5298560 1 24.383 148.042 165.0 64.2249696969697 71.58184839437456 434.61099946684163 8.028121212121212 8.94773104929682 54.326374933355204
5298560 2 21.725 60.133 115.775 183.0640466421939 352.45605574310275 975.5691599539699 22.883005830274236 44.057006967887844 121.94614499424624
5298560 4 30.433 58.85 78.283 541.4774599849266 720.2800339847068 1392.8459238326816 67.68468249811582 90.03500424808836 174.1057404790852
5298560 8 30.25 56.283 142.725 593.9881590471186 1506.2622816836345 2802.544132231405 74.24851988088983 188.2827852104543 350.3180165289256
5298560 16 95.516 148.5 179.942 942.269842504807 1141.777239057239 1775.136312240881 117.78373031310088 142.72215488215488 221.8920390301101
5298560 32 115.866 196.534 319.0 1063.0339811912224 1725.4410941618244 2926.724319472494 132.8792476489028 215.68013677022805 365.8405399340617
5298560 64 208.358 384.175 570.075 1189.6955312897423 1765.3821305394677 3255.0498660958538 148.7119414112178 220.67276631743346 406.8812332619817
5298560 128 381.883 668.8 1035.65 1309.7391589822814 2028.1569377990431 3551.955337105868 163.71739487278518 253.5196172248804 443.9944171382335

5828352 1 126.867 130.075 151.617 76.88256593917569 89.61525273880456 91.88129300763791 9.610320742396961 11.20190659235057 11.485161625954738
5828352 2 24.383 27.775 54.359 428.87852977427843 839.3666246624664 956.1336997088135 53.609816221784804 104.9208280828083 119.51671246360169
5828352 4 30.433 38.5 109.083 427.4434696515498 1211.08612987013 1532.1136923734107 53.43043370644372 151.38576623376625 191.51421154667634
5828352 8 56.192 58.758 94.691 984.8204370003485 1587.0797508424384 1659.5535307517084 123.10255462504357 198.3849688553048 207.44419134396355
5828352 16 96.891 105.691 151.616 1230.129168425496 1764.6466018866317 1924.9183515496795 153.766146053187 220.58082523582897 240.61479394370994
5828352 32 193.142 219.725 295.716 1261.3944730755184 1697.642635112072 1931.296807530211 157.6743091344398 212.205329389009 241.41210094127638
5828352 64 375.1 406.725 565.491 1319.2589378080288 1834.2345712705144 1988.8804478805653 164.9073672260036 229.2793214088143 248.61005598507066
5828352 128 711.425 757.625 1157.75 1288.756736773915 1969.3886975746575 2097.280967073128 161.09459209673938 246.1735871968322 262.160120884141

6411136 1 141.075 153.175 183.7 69.80006532389766 83.70995266851638 90.88975367712209 8.725008165487207 10.463744083564547 11.36121920964026
6411136 2 32.267 39.692 91.116 281.44940515386975 646.0884813060566 794.7607152818669 35.18117564423372 80.76106016325707 99.34508941023336
6411136 4 37.033 44.092 112.108 457.49712776965066 1163.228885058514 1384.95633624065 57.18714097120633 145.40361063231424 173.11954203008125
6411136 8 59.675 86.717 117.15 875.6139650021339 1182.9073422742945 1718.9472308336824 109.45174562526674 147.8634177842868 214.8684038542103
6411136 16 102.942 118.25 236.225 868.4785776272621 1734.9374376321352 1992.9314759767637 108.55982220340776 216.8671797040169 249.11643449709547
6411136 32 126.5 219.083 341.642 1201.001937700868 1872.8641838937754 3243.578687747035 150.1252422126085 234.10802298672192 405.4473359683794
6411136 64 416.167 441.742 704.642 1164.5990559745233 1857.7029306699383 1971.865640476059 145.5748819968154 232.21286633374228 246.48320505950738
6411136 128 796.675 847.092 1339.066 1225.668350925197 1937.5118830068043 2060.1259183481343 153.20854386564963 242.18898537585054 257.5157397935168

7052160 1 149.875 179.942 2679.142 5.264491393140043 78.38258994564914 94.10722268557132 0.6580614241425053 9.797823743206143 11.763402835696414
7052160 2 47.941 56.741 173.342 162.73401714529655 497.1473890132356 588.403245656119 20.34175214316207 62.14342362665445 73.55040570701487
7052160 4 38.133 46.658 95.883 588.3971089765653 1209.1662737365511 1479.487058453308 73.54963862207066 151.1457842170689 184.9358823066635
7052160 8 62.425 127.233 184.525 611.4865736350088 886.8340760651718 1807.5219863836603 76.4358217043761 110.85425950814647 225.94024829795754
7052160 16 114.859 201.392 230.909 977.3075973651959 1120.54659569397 1964.7491271907297 122.16344967064948 140.06832446174624 245.59364089884122
7052160 32 222.017 270.966 362.359 1245.5554850300393 1665.663736409734 2032.8994626537608 155.69443562875492 208.20796705121674 254.1124328317201
7052160 64 432.759 495.917 733.425 1230.7686266489416 1820.2168508036627 2085.8641414736608 153.8460783311177 227.52710635045784 260.7330176842076
7052160 128 862.125 916.85 1469.6 1228.4655416439848 1969.0821399356494 2094.0733188342756 153.5581927054981 246.13526749195617 261.75916485428445

7757312 1 155.192 178.2 191.034 81.21394097385806 87.06298540965207 99.97051394401772 10.151742621732257 10.882873176206509 12.496314243002216
7757312 2 42.992 57.2 71.133 436.2145277156875 542.4693706293706 721.7446966877559 54.52681596446094 67.80867132867132 90.21808708596949
7757312 4 36.391 52.983 86.717 715.6439452471833 1171.2907158900025 1705.3253826495563 89.45549315589791 146.4113394862503 213.16567283119454
7757312 8 76.266 81.858 134.292 924.2322104071725 1516.2475506364678 1627.422337607846 115.52902630089656 189.53094382955848 203.42779220098075
7757312 16 115.134 154.733 256.117 969.2210356985282 1604.2730639230158 2156.044122500738 121.15262946231603 200.53413299037697 269.50551531259225
7757312 32 245.3 264.0 365.567 1358.0765441081935 1880.5604848484847 2023.9215980432123 169.7595680135242 235.0700606060606 252.99019975540153
7757312 64 504.992 521.125 840.125 1181.8907138818627 1905.3699899256417 1966.2409226284772 147.73633923523283 238.1712487407052 245.78011532855965
7757312 128 918.226 1011.266 1499.025 1324.775685528927 1963.7482838343224 2162.726683844718 165.59696069111587 245.4685354792903 270.34083548058976

8532992 1 164.45 204.142 267.116 63.88978571107684 83.59859313615033 103.77612648221344 7.986223213884605 10.449824142018791 12.97201581027668
8532992 2 59.583 74.984 120.358 283.5870320211369 455.1900138696255 572.8474229226457 35.44837900264211 56.898751733703186 71.60592786533071
8532992 4 49.042 72.967 113.483 601.5344677176317 935.5453287102389 1391.9484523469678 75.19180846470397 116.94316608877986 173.99355654337097
8532992 8 66.641 86.167 124.117 1099.9933288751743 1584.4566017152738 2048.70683213037 137.49916610939678 198.05707521440922 256.08835401629625
8532992 16 92.308 164.541 294.525 927.1054884984297 1659.4997234731768 2958.0940330198896 115.88818606230372 207.4374654341471 369.7617541274862
8532992 32 304.883 364.65 521.308 1047.5793350572023 1497.6319429590017 1791.2165912825576 130.9474168821503 187.2039928698752 223.9020739103197
8532992 64 560.175 667.608 982.575 1111.5924748746913 1636.0243975506585 1949.7888624090685 138.94905935933642 204.5030496938323 243.72360780113357

9386240 1 85.25 204.6 240.808 77.95621407926647 91.7521016617791 220.2050439882698 9.74452675990831 11.469012707722387 27.525630498533726
9386240 2 69.025 78.467 133.1 282.08084147257705 478.48089005569227 543.932777978993 35.26010518407213 59.810111256961534 67.99159724737413
9386240 4 60.317 66.825 141.075 532.2695020379231 1123.6800598578377 1244.921332294378 66.53368775474038 140.4600074822297 155.61516653679726
9386240 8 93.866 103.033 120.634 1244.921332294378 1457.589704269506 1599.9386359278121 155.61516653679726 182.19871303368825 199.99232949097652
9386240 16 167.934 185.258 209.275 1435.2391828933223 1621.3047749624848 1788.5578858361023 179.4048978616653 202.6630968703106 223.5697357295128
9386240 32 318.266 334.308 474.283 1266.5842123795287 1796.9039329001998 1887.475759270547 158.3230265474411 224.61299161252498 235.9344699088184
9386240 64 609.492 645.791 786.592 1527.3975834994508 1860.414158760342 1971.2132726926689 190.92469793743135 232.55176984504274 246.4016590865836

10324864 1 80.667 218.808 223.391 92.43760044048328 94.37373404994332 255.98730583757916 11.55470005506041 11.796716756242915 31.998413229697395
10324864 2 83.508 97.808 136.95 301.5659437751004 422.25028627515127 494.55688077788955 37.69574297188755 52.78128578439391 61.81961009723619
10324864 4 61.325 71.133 139.609 591.6446074393484 1161.18977127353 1346.904394618834 73.95557592991855 145.14872140919124 168.36304932735425
10324864 8 102.575 113.3 122.283 1350.9467710147771 1458.056699029126 1610.5076675603216 168.86834637684714 182.25708737864076 201.3134584450402
10324864 16 193.417 204.692 357.866 923.2384412042496 1614.1111914486155 1708.2037669904919 115.4048051505312 201.76389893107694 213.52547087381149
10324864 32 361.534 377.667 431.475 1531.470643722116 1749.6664945573746 1827.7431610858175 191.4338304652645 218.70831181967182 228.4678951357272
10324864 64 700.333 716.925 823.166 1605.487340342045 1843.4042500958956 1887.0774217408007 200.68591754275562 230.42553126198695 235.88467771760008

11357312 1 216.15 222.842 253.733 89.52175712264466 101.93152098796456 105.08731899144112 11.190219640330582 12.74144012349557 13.13591487393014
11357312 2 103.033 111.558 153.542 295.8750569876646 407.2253715556033 440.9193947570196 36.984382123458076 50.903171444450415 55.11492434462745
11357312 4 62.883 77.367 94.05 966.065879851143 1174.3830832266985 1444.88170093666 120.75823498139287 146.79788540333732 180.6102126170825
11357312 8 107.525 118.525 124.575 1458.695500702388 1533.153275680236 1689.9976005580095 182.3369375877985 191.6441594600295 211.24970006975119
11357312 16 196.625 218.9 223.208 1628.2300992795956 1660.2740246687983 1848.3610120788303 203.52876240994945 207.5342530835998 231.0451265098538
11357312 32 407.825 414.333 524.517 1385.7853377488238 1754.3086551155711 1782.3036057132347 173.22316721860298 219.2885818894464 222.78795071415433
11357312 64 773.758 799.15 829.217 1753.1429481064667 1819.102716636426 1878.7992318011572 219.14286851330834 227.38783957955326 234.84990397514466

12492928 1 205.7 246.033 249.883 99.99021942268982 101.55489710729861 121.46745746232378 12.498777427836227 12.694362138412327 15.183432182790472
12492928 2 130.075 143.367 157.758 316.76182507384726 348.5579805673552 384.1761445320009 39.59522813423091 43.5697475709194 48.02201806650011
12492928 4 81.858 86.534 106.15 941.5301365991521 1154.9613331176183 1220.936548657431 117.69126707489401 144.3701666397023 152.6170685821789
12492928 8 130.441 131.541 177.742 1124.589843706046 1519.5782911791762 1532.3927906103145 140.57373046325574 189.94728639739702 191.5490988262893
12492928 16 238.425 246.309 372.167 1074.1782479370822 1623.0576065024015 1676.7272559505086 134.27228099213528 202.8822008128002 209.59090699381358
12492928 32 450.542 463.742 527.909 1514.555334347397 1724.1211535724606 1774.634533517408 189.31941679342464 215.51514419655757 221.829316689676
12492928 64 830.867 864.416 1040.6 1536.7045781280035 1849.9134490800725 1924.6098160114675 192.08807226600044 231.23918113500906 240.57622700143344

13742208 1 219.542 257.95 274.45 100.14361814538168 106.5493932932739 125.18978600905521 12.51795226817271 13.318674161659237 15.648723251131901
13742208 2 159.041 162.525 248.142 221.52167710423873 338.21770189201663 345.62680063631393 27.69020963802984 42.27721273650208 43.20335007953924
13742208 4 92.4 107.159 167.75 655.3661043219075 1025.9302905028976 1189.8015584415584 81.92076304023844 128.2412863128622 148.7251948051948
13742208 8 105.05 139.975 163.441 1345.2886852136244 1570.8185604572245 2093.054050452166 168.16108565170305 196.35232005715307 261.63175630652074
13742208 16 256.392 264.55 350.533 1254.5199909851567 1662.259141939142 1715.1496770570066 156.8149988731446 207.78239274239274 214.39370963212582
13742208 32 258.867 492.158 651.933 1349.0670237585766 1787.0304089337164 3397.502624900045 168.63337796982208 223.37880111671456 424.6878281125056
13742208 64 883.208 993.575 1089.0 1615.245752066116 1770.3772981405532 1991.6063079138776 201.9057190082645 221.29716226756915 248.9507884892347

15116416 1 195.983 276.559 303.967 99.46090200580986 109.31783814665225 154.2625227698321 12.432612750726232 13.664729768331531 19.28281534622901
15116416 2 195.616 202.858 228.433 264.69758747641544 298.06891520176674 309.1038769834778 33.08719843455193 37.25861440022084 38.637984622934724
15116416 4 111.192 121.0 146.667 824.5299078865729 999.4324628099174 1087.5901863443414 103.06623848582161 124.92905785123968 135.94877329304268
15116416 8 144.65 195.158 390.683 619.0764788844152 1239.3171481568781 1672.0543104044245 77.3845598605519 154.91464351960977 209.00678880055307
15116416 16 259.142 278.575 328.809 1471.1437703955792 1736.4275760567175 1866.641887459385 183.8929712994474 217.0534470070897 233.33023593242314
15116416 32 509.3 521.491 603.075 1604.1962011358455 1855.1626471022512 1899.5692597683096 200.5245251419807 231.8953308877814 237.4461574710387
15116416 64 968.183 1026.758 1294.058 1495.2198804072152 1884.4764277463628 1998.487112457046 186.9024850509019 235.55955346829535 249.81088905713074

16627968 1 120.725 302.408 342.283 97.15918114542643 109.97042406285549 275.46851107889836 12.144897643178304 13.746303007856936 34.433563884862295
16627968 2 240.442 270.05 289.117 230.0517506753321 246.29465654508422 276.62335199341214 28.756468834416513 30.786832068135528 34.57791899917652
16627968 4 140.891 157.208 191.95 693.0124719979162 846.1639611215714 944.1606915984697 86.62655899973953 105.77049514019643 118.02008644980872
16627968 8 172.15 181.683 189.475 1404.1297690988258 1464.3499281715956 1545.4399535288992 175.51622113735323 183.04374102144945 193.1799941911124
16627968 16 288.659 322.758 411.675 1292.5122390235015 1648.5880319000614 1843.3340931687565 161.56402987793768 206.07350398750768 230.41676164609456
16627968 32 540.65 585.658 627.733 1695.290755783112 1817.0842915148432 1968.352819754 211.911344472889 227.1355364393554 246.04410246925
16627968 64 1103.483 1135.292 1161.417 1832.5716809724674 1874.7422724726325 1928.7835915913522 229.07146012155843 234.34278405907907 241.09794894891903

18290688 1 332.75 338.983 609.491 60.01955073987967 107.9150753872613 109.93651690458302 7.502443842484959 13.489384423407662 13.742064613072877
18290688 2 291.592 304.975 326.975 223.75640951143052 239.89753914255263 250.90795357897338 27.969551188928815 29.98719239281908 31.363494197371672
18290688 4 151.067 188.833 236.775 617.9938929363319 774.893710315464 968.613290791503 77.24923661704149 96.861713789433 121.07666134893788
18290688 8 171.05 189.292 234.392 1248.553739035462 1546.0294571350082 1710.9091376790411 156.06921737943276 193.25368214187603 213.86364220988014
18290688 16 319.183 345.767 377.759 1549.4058804687643 1692.764248757111 1833.7505944865484 193.67573505859554 211.5955310946389 229.21882431081855
18290688 32 583.367 650.283 769.725 1520.8081223813697 1800.1455243332518 2006.6339576972985 190.1010152976712 225.01819054165648 250.8292447121623

20119680 1 314.325 366.667 451.184 89.18614135253023 109.74360932399154 128.0183249821045 11.148267669066279 13.717951165498942 16.002290622763063
20119680 2 251.716 373.083 437.708 183.8639458268983 215.71264303117536 319.7203197254048 22.982993228362286 26.96408037889692 39.9650399656756
20119680 4 172.883 266.475 313.041 514.1736705415584 604.0245426400226 931.0194755991046 64.2717088176948 75.50306783000282 116.37743444988807
20119680 8 136.675 219.45 332.658 967.7052107569937 1466.9167464114832 2355.331113956466 120.96315134462421 183.3645933014354 294.4163892445583
20119680 16 362.908 386.192 617.284 1043.00412775967 1667.1235033351288 1774.0853329218426 130.37551596995874 208.3904379168911 221.76066661523032
20119680 32 714.083 748.091 1089.641 1181.7282205790714 1721.2605418324777 1803.2350861174402 147.71602757238392 215.1575677290597 225.40438576468003

22131584 1 424.05 444.583 479.6 92.29184320266889 99.56108983024541 104.38195495814172 11.53648040033361 12.445136228780676 13.047744369767715
22131584 2 445.409 464.842 545.05 162.41874323456565 190.44392718386032 198.75291249166494 20.302342904320707 23.80549089798254 24.844114061458118
22131584 4 283.158 332.383 347.783 509.08949546125024 532.6766772067164 625.2787207142301 63.63618693265628 66.58458465083955 78.15984008927876
22131584 8 175.633 262.075 284.166 1246.1214360620202 1351.16033196604 2016.166346871032 155.76517950775252 168.895041495755 252.020793358879
22131584 16 378.675 420.109 521.95 1356.8554229332308 1685.7784241708698 1870.233545916683 169.60692786665385 210.72230302135873 233.77919323958537
22131584 32 698.317 760.009 1010.35 1401.9115910328105 1863.6902668257876 2028.3358073768788 175.23894887910132 232.96128335322345 253.54197592210986

24344704 1 430.833 506.0 535.425 90.93600037353505 96.22412648221344 113.01225300754585 11.367000046691881 12.02801581027668 14.126531625943231
24344704 2 459.25 530.567 595.1 163.63437405478072 183.53726485062208 212.03879368535655 20.45429675684759 22.94215810632776 26.50484921066957
24344704 4 287.284 418.367 464.383 419.39009825941093 465.5186283813016 677.9271800726807 52.42376228242637 58.1898285476627 84.74089750908509
24344704 8 309.925 321.75 337.792 1153.1216369837061 1210.6146511266513 1256.8049173187062 144.14020462296327 151.32683139083142 157.10061466483828
24344704 16 417.909 440.092 493.442 1578.7681794415557 1770.1538042045756 1864.1152212563024 197.34602243019447 221.26922552557195 233.0144026570378
24344704 32 783.567 841.867 910.8 1710.6511374615725 1850.7211424132317 1988.4209722972 213.83139218269656 231.34014280165397 248.55262153715

26779136 1 301.95 543.766 622.692 86.01085608936681 98.49507324841935 177.37463818512998 10.751357011170851 12.311884156052418 22.171829773141248
26779136 2 626.45 663.483 714.266 149.96730069749924 161.44580041990525 170.9897741240322 18.745912587187405 20.180725052488157 21.373721765504026
26779136 4 119.442 506.183 591.25 362.33926088794925 423.23248311381457 1793.6160479563302 45.292407610993656 52.90406038922682 224.20200599454128
26779136 8 138.142 401.225 468.05 915.4282149343018 1067.8950115271978 3101.635824007181 114.42852686678772 133.48687644089972 387.7044780008976
26779136 16 470.067 527.725 566.592 1512.432847622275 1623.823680894405 1823.000448872182 189.05410595278437 202.97796011180063 227.87505610902275
26779136 32 838.108 961.675 3197.15 536.06014856982 1782.166224556113 2044.9210650656 67.0075185712275 222.77077806951414 255.6151331332

29457024 1 617.375 674.575 689.059 85.49927945212238 87.33505985249971 95.42668232435716 10.687409931515298 10.916882481562464 11.928335290544645
29457024 2 722.7 758.634 799.975 147.2897228038376 155.31612872610506 163.03873806558735 18.4112153504797 19.414516090763133 20.37984225819842
29457024 4 573.008 648.45 750.934 313.8174486705889 363.4145917187138 411.2616089129645 39.22718108382361 45.42682396483922 51.40770111412056
29457024 8 402.508 489.042 511.683 921.1022918486641 963.7462303851203 1170.9391713953512 115.13778648108301 120.46827879814003 146.3673964244189
29457024 16 521.766 596.658 615.909 1530.4611038318972 1579.8409943384652 1806.6044318717584 191.30763797898715 197.48012429230815 225.8255539839698
29457024 32 1020.251 1139.6 1412.858 1334.3517437704284 1654.308122148122 1847.8291479253633 166.79396797130354 206.78851526851525 230.9786434906704

32402688 1 731.042 761.292 878.625 73.75771916346564 85.12551819801075 88.64795182766517 9.219714895433205 10.640689774751344 11.080993978458146
32402688 2 319.734 929.5 942.7 137.48886390155934 139.44136847767618 405.3705642815591 17.186107987694918 17.430171059709522 50.67132053519489
32402688 4 232.192 725.175 833.525 310.9942761164932 357.46061847140345 1116.410143329658 38.87428451456165 44.68257730892543 139.55126791620725
32402688 8 212.85 538.909 732.141 708.1190754239963 962.0232877907031 2435.7200281888654 88.51488442799953 120.25291097383788 304.4650035236082
32402688 16 609.4 619.483 723.25 1433.648138264777 1673.792526994284 1701.486734492944 179.2060172830971 209.2240658742855 212.685841811618
32402688 32 719.95 1133.916 1137.767 1822.6684655118313 1828.8586032827827 2880.4389638169314 227.8335581889789 228.60732541034784 360.0548704771164

35642880 1 832.792 866.525 3531.092 20.188021156061637 82.26624736735813 85.598516796511 2.5235026445077047 10.283280920919767 10.699814599563876
35642880 2 1028.592 1095.234 2825.809 50.45334628065803 130.17448326111136 138.60842783144338 6.306668285082254 16.27181040763892 17.326053478930422
35642880 4 849.842 909.975 1127.225 252.96018097540423 313.35260858814803 335.5247681333707 31.62002262192553 39.169076073518504 41.940596016671336
35642880 8 618.75 628.283 752.675 757.6790513833993 907.6898149400828 921.6744727272727 94.70988142292491 113.46122686751035 115.20930909090909
35642880 16 615.359 661.375 732.417 1557.2715543194654 1724.5468304668307 1853.5069122252214 194.65894428993317 215.56835380835383 231.68836402815268

39207168 1 940.5 1014.75 3696.917 21.21073748747943 77.27453658536585 83.37515789473684 2.651342185934929 9.659317073170731 10.421894736842106
39207168 2 1178.558 1257.208 1430.917 109.60011796631113 124.74361601262478 133.06826817178282 13.700014745788891 15.592952001578098 16.633533521472852
39207168 4 948.934 1028.958 1366.75 229.49138028169017 304.8300746969264 330.53652203419836 28.68642253521127 38.1037593371158 41.317065254274794
39207168 8 694.742 778.708 957.091 655.4389164666683 805.583977562835 902.9462563080972 81.92986455833353 100.69799719535438 112.86828203851215
39207168 16 722.7 812.167 1217.15 1030.7927338454585 1544.792359206912 1736.0306849315068 128.84909173068232 193.099044900864 217.00383561643835

43127808 1 1089.825 1144.184 1218.891 70.76565172767702 75.38614069065815 79.14629963526254 8.845706465959628 9.423267586332269 9.893287454407817
43127808 2 1425.966 1545.959 1644.775 104.88439573801887 111.58849102725233 120.97850299376002 13.110549467252358 13.948561378406541 15.122312874220002
43127808 4 1107.15 1401.583 1526.342 226.04531880797353 246.1662734208391 311.63118276656274 28.25566485099669 30.770784177604888 38.95389784582034
43127808 8 859.834 1094.684 1257.942 548.5506708576389 630.3599285273192 802.532730736398 68.56883385720487 78.7949910659149 100.31659134204975
43127808 16 839.116 888.067 964.792 1430.45325417292 1554.0379903768521 1644.6949599340257 178.806656771615 194.25474879710652 205.58686999175322

47440512 1 1259.225 1276.917 1316.425 72.07476612796019 74.30477000462834 75.34874545851615 9.009345765995024 9.288096250578542 9.418593182314519
47440512 2 1576.392 1734.333 1814.542 104.5784820632424 109.41500161733646 120.37744926388866 13.0723102579053 13.676875202167057 15.047181157986083
47440512 4 1323.667 1568.417 1710.591 221.8672353590075 241.97907571774599 286.7217328829683 27.73340441987594 30.247384464718248 35.84021661037104
47440512 8 1061.592 1231.542 1307.625 580.4784949813593 616.3396717286133 715.0093369203987 72.55981187266991 77.04245896607667 89.37616711504984
47440512 16 973.133 1026.758 1031.158 1472.2248035703549 1478.5337771899513 1560.0091498284405 184.02810044629436 184.8167221487439 195.00114372855506

52184448 1 1418.817 1454.108 1480.967 70.47347847723817 71.77520239211944 73.56050568889434 8.809184809654772 8.97190029901493 9.195063211111792
52184448 2 1994.116 2061.95 2081.658 100.27477712477267 101.23319770120517 104.67685530831709 12.534347140596584 12.654149712650646 13.084606913539636
52184448 4 1703.809 1988.25 2155.725 193.65901680409146 209.97137382119956 245.0248730931695 24.207377100511433 26.246421727649945 30.628109136646188
52184448 8 1238.692 1666.408 1891.266 441.477384989737 501.0484635215386 674.0587393799266 55.184673123717126 62.63105794019233 84.25734242249082
52184448 16 1165.816 1198.817 4180.55 399.445607874562 1392.9585049261063 1432.3892758376965 49.93070098432025 174.1198131157633 179.04865947971206

57402880 1 664.583 1652.566 1663.75 69.00421337340346 69.47121022700455 172.7485656419138 8.625526671675432 8.683901278375568 21.593570705239227
57402880 2 2365.092 2387.367 2590.867 88.6234299174755 96.17772215164237 97.08354685568257 11.077928739684438 12.022215268955296 12.135443356960321
57402880 4 2347.675 2427.975 2490.95 184.35658684437666 189.1382901389018 195.60758622892862 23.044573355547083 23.642286267362724 24.450948278616078
57402880 8 1456.95 2102.741 2219.067 413.88839543826305 436.7851675503545 630.3895672466454 51.73604942978288 54.598145943794314 78.79869590583067
57402880 16 1056.183 1343.925 1889.616 972.0981194062709 1366.811511059025 1739.1798201637407 121.51226492578387 170.85143888237812 217.3974775204676

63143168 1 1854.233 1893.375 2168.008 58.24994003712164 66.69906172839505 68.107048035495 7.281242504640205 8.337382716049381 8.513381004436875
63143168 2 2649.9 2730.933 2969.083 85.06756867356016 92.48585446805176 95.31403902034039 10.63344608419502 11.56073180850647 11.914254877542549
63143168 4 2169.75 2664.2 2937.183 171.98293194533673 189.60488852188274 232.81269455006338 21.49786649316709 23.700611065235343 29.101586818757923
63143168 8 1516.442 2188.083 2337.775 432.15907775555814 461.72411558428087 666.2244174191957 54.01988471944477 57.71551444803511 83.27805217739946
63143168 16 1254.458 1391.316 1457.5 1386.3337056603773 1452.2807011491277 1610.7206267567346 173.29171320754716 181.53508764364096 201.34007834459183

69457408 1 2178.825 2232.542 2329.892 59.62285633840539 62.222711151682695 63.756756967631645 7.452857042300674 7.777838893960337 7.969594620953956
69457408 2 2974.216 3261.409 3457.209 80.36240562835513 85.18699494604938 93.41272859805744 10.045300703544392 10.648374368256173 11.67659107475718
69457408 4 1784.475 2658.975 3313.017 167.72001592506166 208.97498622589532 311.38528923072613 20.965001990632707 26.121873278236915 38.923161153840766
69457408 8 775.408 1849.009 2259.034 491.9441354136325 601.0346774948093 1433.2048779481254 61.493016926704065 75.12933468685117 179.15060974351567

76403072 1 2521.384 2606.267 2729.834 55.97635021030583 58.6302723397104 60.604074587607435 6.997043776288229 7.3287840424638 7.575509323450929
76403072 2 2013.55 3326.675 4552.992 67.12339665872463 91.86719111425072 151.7778490725336 8.390424582340579 11.48339888928134 18.9722311340667
76403072 4 605.733 2187.534 3443.459 177.5030793164664 279.41260615835 1009.0660010268552 22.1878849145583 34.92657576979375 126.1332501283569
76403072 8 763.308 1048.941 2386.817 512.1671045580789 1165.4126895602326 1601.5149218926044 64.02088806975986 145.67658619502907 200.18936523657555

84043264 1 2341.35 2831.492 2874.575 58.473523216475485 59.36323606070581 71.79043201571744 7.309190402059436 7.420404507588226 8.97380400196468
84043264 2 3427.783 3594.434 3719.009 90.39318162445964 93.52600604156315 98.07302737658715 11.299147703057455 11.690750755195394 12.259128422073394
84043264 4 2088.625 2729.009 3636.509 184.88778991059834 246.37006034058518 321.9084862050392 23.110973738824793 30.796257542573148 40.2385607756299
84043264 8 1349.517 1464.741 1713.983 784.5423344338889 918.0409533152961 996.4248127292951 98.06779180423611 114.75511916441201 124.55310159116189

92447488 1 3143.983 3149.3 3189.358 57.97247471121147 58.70986441431428 58.80915259401847 7.2465593389014336 7.338733051789285 7.351144074252309
92447488 2 3771.442 3987.317 4754.383 77.7787468952333 92.74154826415858 98.05001694312149 9.722343361904162 11.592693533019823 12.256252117890186
92447488 4 567.142 2399.375 3307.7 223.5934044804547 308.2385637926543 1304.0471416329594 27.949175560056837 38.52982047408179 163.00589270411993
92447488 8 2183.775 2235.2 2299.183 643.3414860844048 661.7572512526843 677.3407553433847 80.4176857605506 82.71965640658554 84.66759441792308

101692160 1 3445.567 3478.383 3500.841 58.09584611240557 58.470938939156504 59.02782328713968 7.261980764050696 7.308867367394563 7.37847791089246
101692160 2 3549.609 4668.675 5146.9 79.03177446618353 87.12721275308304 114.5953371202293 9.878971808272942 10.89090159413538 14.324417140028663
101692160 4 2499.2 3602.592 4270.108 190.51913441065193 225.81998738685925 325.5190781049936 23.81489180133149 28.227498423357407 40.6898847631242
101692160 8 2947.909 3616.525 4313.65 377.1920670429915 449.89998963093024 551.941922223515 47.149008380373935 56.23749870386628 68.99274027793938

111861376 1 3766.492 3790.6 3810.675 58.70948112867142 59.02040626813697 59.398175278216435 7.3386851410839276 7.377550783517122 7.424771909777054
111861376 2 4733.208 5450.409 5653.084 79.15069084414807 82.09393166641256 94.53324341545945 9.89383635551851 10.26174145830157 11.816655426932432
111861376 4 3921.133 4311.816 5022.417 178.17935229193432 207.54387664037614 228.22255914298242 22.27241903649179 25.942984580047018 28.527819892872802
111861376 8 4568.667 4888.217 5317.125 336.6070980087924 366.1420955739077 391.75147061495176 42.07588725109905 45.76776194673846 48.96893382686897

123047424 1 4097.042 4181.834 5106.842 48.18924258866831 58.848545398980455 60.06646941866839 6.023655323583538 7.356068174872557 7.508308677333549
123047424 2 4336.384 4947.525 6283.841 78.3262491842171 99.48200281959163 113.50233189680618 9.790781148027138 12.435250352448953 14.187791487100773
123047424 4 2252.158 5013.984 6267.892 157.05110936818951 196.32679162917154 437.08274108654905 19.63138867102369 24.540848953646442 54.63534263581863
123047424 8 6505.767 7112.692 7198.584 273.4925068596824 276.7951689739975 302.61747523389636 34.1865633574603 34.599396121749685 37.827184404237045

135352064 1 4517.058 4579.117 6921.475 39.110757172423504 59.11710227102735 59.92930088566496 4.888844646552938 7.389637783878419 7.49116261070812
135352064 2 6222.7 6723.292 6847.684 79.06443346392736 80.52725599304625 87.00536037411413 9.88305418299092 10.065906999130782 10.875670046764267
135352064 4 6273.392 6783.333 7771.225 139.33665696206194 159.62897767218564 172.60463111503313 17.417082120257742 19.953622209023205 21.57557888937914

148887168 1 4537.133 5044.05 5119.4 58.16586631245849 59.03477086864721 65.6305063131277 7.270733289057311 7.379346358580901 8.203813289140962
148887168 2 5903.425 7461.025 7626.575 78.08861408954871 79.8212942591668 100.88189008922785 9.76107676119359 9.97766178239585 12.610236261153482
148887168 4 7595.958 7783.783 8899.366 133.84069651703277 153.02293807522636 156.80673115886106 16.730087064629096 19.127867259403295 19.600841394857632

163775872 1 5256.351 5595.608 5721.558 57.24869764494216 58.53729281965427 62.31542452168815 7.15608720561777 7.317161602456784 7.789428065211019
163775872 2 7422.983 7818.251 8393.642 78.04758506498132 83.79156514673166 88.25340001452246 9.755948133122665 10.473945643341457 11.031675001815307
163775872 4 8562.767 9330.384 9854.442 132.95597822788952 140.42369274404996 153.01210181241646 16.61949727848619 17.552961593006245 19.126512726552058

180153344 1 5915.892 5998.851 6073.925 59.32023987783846 60.06261665775663 60.90487926419211 7.415029984729808 7.5078270822195785 7.613109908024014
180153344 2 8588.158 8994.242 9331.942 77.22008730872953 80.1194115079403 83.90779210163576 9.652510913591192 10.014926438492537 10.48847401270447
180153344 4 10396.559 10863.325 11200.475 128.67550278001602 132.6690264720976 138.62536171823774 16.084437847502002 16.5836283090122 17.328170214779718

198168576 1 6147.901 6579.375 6665.634 59.459783120405355 60.23933154744942 64.46706802858407 7.432472890050669 7.529916443431177 8.058383503573008
198168576 2 9954.083 10028.792 10101.484 78.47107454706655 79.0398588384324 79.63308162087858 9.808884318383319 9.87998235480405 9.954135202609823
198168576 4 12561.726 12666.409 12758.533 124.25790708069653 125.16164668297068 126.20467983460235 15.532238385087066 15.645205835371335 15.775584979325293

217985408 1 6599.542 7341.492 7363.766 59.204870985851535 59.38449786501163 66.06076845938702 7.400608873231442 7.423062233126454 8.257596057423378
217985408 2 10711.25 11169.125 11350.625 76.81882116623534 78.06713883137667 81.40428353366786 9.602352645779417 9.758392353922083 10.175535441708483
217985408 4 14237.209 14338.684 14755.767 118.18316621562268 121.6208728778736 122.4877196085272 14.772895776952835 15.2026091097342 15.3109649510659

239783936 1 7082.625 7922.291 8151.184 58.83413648863772 60.53398846369062 67.71047062353294 7.354267061079715 7.566748557961327 8.463808827941618
239783936 2 12117.234 12342.917 12586.384 76.20423340015687 77.70738019221875 79.15467704923417 9.525529175019608 9.713422524027344 9.89433463115427
239783936 4 11605.458 16500.367 16688.1 114.94846555329848 116.25629223883324 165.29045971300744 14.36855819416231 14.532036529854155 20.66130746412593

263762304 1 8021.475 8463.034 8691.467 60.69454189954353 62.33280026997411 65.76404065337111 7.586817737442941 7.7916000337467635 8.220505081671389
263762304 2 13647.242 13706.184 13832.683 76.27220373661422 76.9761456580475 77.30860315952484 9.534025467076777 9.622018207255937 9.663575394940604
263762304 4 18793.043 18975.459 19087.384 110.54937816517969 111.20144350658396 112.28082817668218 13.818672270647461 13.900180438322995 14.035103522085272

290138496 1 8884.517 9491.625 9706.125 59.78461971177994 61.13568456402355 65.31328512287163 7.473077463972492 7.641960570502944 8.164160640358954
290138496 2 15141.042 15457.476 15827.534 73.32500337702639 75.08043253633387 76.64954525586813 9.165625422128299 9.385054067041734 9.581193156983517

319152256 1 10024.392 10204.517 10619.492 60.106878182120205 62.551173367637105 63.675134811168604 7.513359772765026 7.818896670954638 7.9593918513960755
319152256 2 17138.092 17236.267 17543.076 72.76996485679022 74.065284785853 74.48956534951499 9.096245607098778 9.258160598231624 9.311195668689374

351067392 1 11330.734 11540.283 11845.167 59.27605613327359 60.842076749764274 61.96728155475188 7.409507016659199 7.605259593720534 7.745910194343985
351067392 2 19325.35 19701.183 21298.934 65.93144840018753 71.27843886329059 72.66463831185465 8.241431050023442 8.909804857911324 9.08307978898183

386174080 1 12311.292 12856.251 12885.676 59.93850536052591 60.07569080597445 62.73493959854091 7.492313170065739 7.509461350746807 7.841867449817614
386174080 2 22609.308 22926.2 23219.442 66.52598800608558 67.37690153623365 68.32125600659693 8.315748500760698 8.422112692029206 8.540157000824616

424791424 1 13865.5 14127.026 14324.384 59.31025362067925 60.13883233456214 61.27314903898164 7.413781702584906 7.517354041820267 7.659143629872705
424791424 2 25444.742 25813.792 26273.592 64.67199825589131 65.82394775630019 66.77865690286818 8.083999781986414 8.227993469537523 8.347332112858522

467270528 1 15488.092 15661.158 15709.558 59.48869191609337 59.67253864624826 60.33932752982098 7.436086489511672 7.459067330781033 7.542415941227622
467270528 2 29074.743 29487.884 29826.134 62.665919491946234 63.384748529260364 64.28542161146532 7.833239936493279 7.9230935661575455 8.035677701433166

513997568 1 12517.725 17162.292 17321.058 59.349442510959776 59.89847603105691 82.1231602387814 7.418680313869972 7.487309503882114 10.265395029847674
513997568 2 32806.492 33033.367 33652.668 61.09442116149602 62.23980352956451 62.670226124756034 7.636802645187003 7.779975441195564 7.833778265594504

565397248 1 18441.959 18996.45 19044.301 59.37705437442939 59.52662186882286 61.31639789460546 7.422131796803674 7.440827733602857 7.664549736825682

621936896 1 20791.925 20882.4 21026.683 59.15691942471383 59.565652990077766 59.82484988763667 7.394614928089228 7.445706623759721 7.478106235954583

684130560 1 20741.784 23040.876 23299.834 58.724071596389926 59.384075501296046 65.9664144607812 7.340508949548741 7.423009437662006 8.24580180759765

752543616 1 25267.276 25445.567 25945.334 58.00993858857242 59.149290404886635 59.56665973807386 7.251242323571552 7.393661300610829 7.445832467259232

827797888 1 27906.451 27921.209 32675.592 50.667659701467684 59.29527535859926 59.326632970992975 6.3334574626834605 7.411909419824908 7.415829121374122

910577664 1 30685.692 30750.775 31306.459 58.17187207278855 59.22307089821313 59.34868042082935 7.271484009098569 7.402883862276641 7.418585052603669

1001635328 1 33858.917 34043.992 34428.443 58.18650166665976 58.84358849573224 59.165231303765566 7.27331270833247 7.35544856196653 7.395653912970696

META_DATA
FLOPS          2
OPENMP_THREADS 16
ERT_VERSION  1.1.0
HOSTNAME  ('DESKTOP-1DMF7BU.localdomain', ['DESKTOP-1DMF7BU'], ['127.0.1.1'])
UNAME  uname_result(system='Linux', node='DESKTOP-1DMF7BU', release='6.6.87.2-microsoft-standard-WSL2', version='#1 SMP PREEMPT_DYNAMIC Thu Jun  5 18:30:46 UTC 2025', machine='x86_64')
TIMESTAMP_DATA  1765959572.1998584
CONFIG  {'ERT_MPI': ['False'], 'ERT_OPENMP': ['True'], 'ERT_OPENMP_CFLAGS': ['-fopenmp'], 'ERT_OPENMP_LDFLAGS': ['-fopenmp'], 'ERT_PRECISION': ['FP64'], 'ERT_TRIALS_MIN': ['1'], 'ERT_TRIALS': ['3', '#', 'Run', 'each', 'test', '3', 'times', 'to', 'filter', 'out', 'background', 'noise'], 'ERT_RESULTS': ['Results/7800X3D'], 'ERT_GNUPLOT': ['gnuplot'], 'ERT_DRIVER': ['driver1'], 'ERT_KERNEL': ['kernel1'], 'ERT_CC': ['g++'], 'ERT_LD': ['g++'], 'ERT_CFLAGS': ['-O3', '-march=native', '-fopenmp', '-fstrict-aliasing', '-funroll-loops', '-Wno-all'], 'ERT_LDFLAGS': ['-O3', '-march=native', '-fopenmp'], 'ERT_LDLIBS': ['-lm'], 'ERT_RUN': ['export', 'OMP_NUM_THREADS=ERT_OPENMP_THREADS;', './ERT_CODE'], 'ERT_WORKING_SET_MIN': ['128'], 'ERT_MEMORY_MAX': ['1073741824'], 'ERT_ALIGN': ['64'], 'ERT_MIN_PROCS': ['1'], 'ERT_MAX_PROCS': ['1'], 'ERT_OPENMP_THREADS': ['1,2,4,8,16', '#', 'Logical', 'Threads'], 'ERT_NUM_EXPERIMENTS': ['5'], 'ERT_FLOPS': ['1,2,4,8,16', '#', '16', 'for', 'AVX-51'], 'ERT_GPU': [False], 'ERT_HIP': [False], 'ERT_OCL': [False], 'ERT_SYCL': [False], 'ERT_WSS_MULT': [1.1]}
TIMESTAMP_DATA  1765959578.59072
TIMESTAMP_DATA  1765959583.97294
TIMESTAMP_DATA  1765959592.2880166
TIMESTAMP_DATA  1765959597.6542568
