fp64
        1024            1           3.963         2048          256
        1024            2           2.277         4096          512
        1024            4           2.889         8192         1024
        1024            8           2.796        16384         2048
        1024           16           3.296        32768         4096
        1024           32           4.518        65536         8192
        1024           64           7.111       131072        16384
        1024          128          11.871       262144        32768
        1024          256          21.628       524288        65536
        1024          512          41.149      1048576       131072
        1024         1024          80.147      2097152       262144
        1024         2048         158.239      4194304       524288
        1024         4096         314.368      8388608      1048576
        1024         8192         689.847     16777216      2097152
        1024        16384        1250.917     33554432      4194304
        1024        32768        2515.316     67108864      8388608
        1024        65536        5003.780    134217728     16777216
        1024       131072       10002.912    268435456     33554432
        1024       262144       20074.803    536870912     67108864
        1024       524288      113221.301   1073741824    134217728
        1024      1048576      242539.172   2147483648    268435456
        1120            1           8.222         2240          280
        1120            2           6.630         4480          560
        1120            4           7.519         8960         1120
        1120            8           8.259        17920         2240
        1120           16          10.185        35840         4480
        1120           32          14.148        71680         8960
        1120           64          22.260       143360        17920
        1120          128          38.593       286720        35840
        1120          256          70.925       573440        71680
        1120          512         135.518      1146880       143360
        1120         1024         264.795      2293760       286720
        1120         2048         523.366      4587520       573440
        1120         4096        1057.789      9175040      1146880
        1120         8192        2074.856     18350080      2293760
        1120        16384        4159.267     36700160      4587520
        1120        32768        8388.274     73400320      9175040
        1120        65536       16710.642    146800640     18350080
        1120       131072       33483.414    293601280     36700160
        1120       262144       66658.904    587202560     73400320
        1120       524288      133275.161   1174405120    146800640
        1232            1           8.666         2464          308
        1232            2           6.777         4928          616
        1232            4           7.704         9856         1232
        1232            8           8.537        19712         2464
        1232           16          10.704        39424         4928
        1232           32          15.018        78848         9856
        1232           64          24.074       157696        19712
        1232          128          41.777       315392        39424
        1232          256          77.276       630784        78848
        1232          512         148.277      1261568       157696
        1232         1024         290.220      2523136       315392
        1232         2048         574.218      5046272       630784
        1232         4096        1142.214     10092544      1261568
        1232         8192        2294.336     20185088      2523136
        1232        16384        4565.356     40370176      5046272
        1232        32768        9121.973     80740352     10092544
        1232        65536       18269.815    161480704     20185088
        1232       131072       36696.650    322961408     40370176
        1232       262144       73296.339    645922816     80740352
        1232       524288       92972.386   1291845632    161480704
        1352            1           4.184         2704          338
        1352            2           2.297         5408          676
        1352            4           2.853        10816         1352
        1352            8           2.908        21632         2704
        1352           16           3.704        43264         5408
        1352           32           5.314        86528        10816
        1352           64           8.574       173056        21632
        1352          128          15.019       346112        43264
        1352          256          27.925       692224        86528
        1352          512          53.721      1384448       173056
        1352         1024         105.351      2768896       346112
        1352         2048         208.572      5537792       692224
        1352         4096         423.460     11075584      1384448
        1352         8192         827.976     22151168      2768896
        1352        16384        1653.859     44302336      5537792
        1352        32768        3313.847     88604672     11075584
        1352        65536        6624.046    177209344     22151168
        1352       131072       13230.260    354418688     44302336
        1352       262144       26488.111    708837376     88604672
        1352       524288       52971.945   1417674752    177209344
        1480            1           9.277         2960          370
        1480            2           6.908         5920          740
        1480            4           8.000        11840         1480
        1480            8           9.037        23680         2960
        1480           16          11.741        47360         5920
        1480           32          16.850        94720        11840
        1480           64          27.462       189440        23680
        1480          128          48.445       378880        47360
        1480          256          90.444       757760        94720
        1480          512         174.388      1515520       189440
        1480         1024         342.608      3031040       378880
        1480         2048         696.087      6062080       757760
        1480         4096        1351.304     12124160      1515520
        1480         8192        2712.443     24248320      3031040
        1480        16384        5401.462     48496640      6062080
        1480        32768       10806.961     96993280     12124160
        1480        65536       21675.071    193986560     24248320
        1480       131072       43921.267    387973120     48496640
        1480       262144       86540.302    775946240     96993280
        1480       524288      173352.546   1551892480    193986560
        1624            1           9.185         3248          406
        1624            2           6.982         6496          812
        1624            4           8.223        12992         1624
        1624            8           9.408        25984         3248
        1624           16          12.408        51968         6496
        1624           32          17.945       103936        12992
        1624           64          29.647       207872        25984
        1624          128          52.963       415744        51968
        1624          256          99.297       831488       103936
        1624          512         192.406      1662976       207872
        1624         1024         378.442      3325952       415744
        1624         2048         750.458      6651904       831488
        1624         4096        1494.564     13303808      1662976
        1624         8192        2998.536     26607616      3325952
        1624        16384        5986.533     53215232      6651904
        1624        32768       12050.434    106430464     13303808
        1624        65536       23968.499    212860928     26607616
        1624       131072       47857.239    425721856     53215232
        1624       262144       96095.123    851443712    106430464
        1624       524288      192306.210   1702887424    212860928
        1784            1           3.648         3568          446
        1784            2           2.334         7136          892
        1784            4           2.869        14272         1784
        1784            8           3.149        28544         3568
        1784           16           4.204        57088         7136
        1784           32           6.314       114176        14272
        1784           64          10.649       228352        28544
        1784          128          19.148       456704        57088
        1784          256          36.092       913408       114176
        1784          512          70.129      1826816       228352
        1784         1024         138.091      3653632       456704
        1784         2048         273.906      7307264       913408
        1784         4096         545.607     14614528      1826816
        1784         8192        1089.010     29229056      3653632
        1784        16384        2181.744     58458112      7307264
        1784        32768        4354.673    116916224     14614528
        1784        65536        8706.069    233832448     29229056
        1784       131072       17440.396    467664896     58458112
        1784       262144       34851.905    935329792    116916224
        1784       524288      148064.020   1870659584    233832448
        1960            1           8.963         3920          490
        1960            2           7.222         7840          980
        1960            4           8.425        15680         1960
        1960            8           9.962        31360         3920
        1960           16          13.407        62720         7840
        1960           32          20.296       125440        15680
        1960           64          34.222       250880        31360
        1960          128          61.908       501760        62720
        1960          256         117.240      1003520       125440
        1960          512         228.072      2007040       250880
        1960         1024         449.903      4014080       501760
        1960         2048         892.697      8028160      1003520
        1960         4096        1778.766     16056320      2007040
        1960         8192        3567.364     32112640      4014080
        1960        16384        7124.227     64225280      8028160
        1960        32768       14909.340    128450560     16056320
        1960        65536       29568.422    256901120     32112640
        1960       131072       57216.118    513802240     64225280
        1960       262144      114324.257   1027604480    128450560
        1960       524288      228440.143   2055208960    256901120
        2152            1           9.574         4304          538
        2152            2           7.370         8608         1076
        2152            4           8.537        17216         2152
        2152            8          10.574        34432         4304
        2152           16          14.036        68864         8608
        2152           32          21.667       137728        17216
        2152           64          37.130       275456        34432
        2152          128          67.722       550912        68864
        2152          256         128.925      1101824       137728
        2152          512         251.368      2203648       275456
        2152         1024         496.033      4407296       550912
        2152         2048         985.585      8814592      1101824
        2152         4096        1982.634     17629184      2203648
        2152         8192        3938.325     35258368      4407296
        2152        16384        7866.982     70516736      8814592
        2152        32768       15808.519    141033472     17629184
        2152        65536       31648.798    282066944     35258368
        2152       131072       62982.022    564133888     70516736
        2152       262144      117349.697   1128267776    141033472
        2360            1           4.314         4720          590
        2360            2           2.630         9440         1180
        2360            4           3.074        18880         2360
        2360            8           3.556        37760         4720
        2360           16           4.943        75520         9440
        2360           32           7.741       151040        18880
        2360           64          22.667       302080        37760
        2360          128          24.427       604160        75520
        2360          256          46.592      1208320       151040
        2360          512          90.981      2416640       302080
        2360         1024         179.721      4833280       604160
        2360         2048         357.200      9666560      1208320
        2360         4096         712.181     19333120      2416640
        2360         8192        1422.176     38666240      4833280
        2360        16384        2847.333     77332480      9666560
        2360        32768        5687.035    154664960     19333120
        2360        65536       11389.346    309329920     38666240
        2360       131072       22781.248    618659840     77332480
        2360       262144       45703.718   1237319680    154664960
        2592            1           9.815         5184          648
        2592            2           7.889        10368         1296
        2592            4           9.648        20736         2592
        2592            8          11.148        41472         5184
        2592           16          15.611        82944        10368
        2592           32          24.723       165888        20736
        2592           64          42.908       331776        41472
        2592          128          79.500       663552        82944
        2592          256         151.091      1327104       165888
        2592          512         295.573      2654208       331776
        2592         1024         584.440      5308416       663552
        2592         2048        1162.085     10616832      1327104
        2592         4096        2333.910     21233664      2654208
        2592         8192        4708.541     42467328      5308416
        2592        16384        9283.195     84934656     10616832
        2592        32768       18559.500    169869312     21233664
        2592        65536       37434.072    339738624     42467328
        2592       131072       74581.479    679477248     84934656
        2592       262144      150119.451   1358954496    169869312
        2848            1           9.204         5696          712
        2848            2           7.777        11392         1424
        2848            4           9.370        22784         2848
        2848            8          11.778        45568         5696
        2848           16          16.778        91136        11392
        2848           32          26.685       182272        22784
        2848           64          46.629       364544        45568
        2848          128          86.407       729088        91136
        2848          256         166.147      1458176       182272
        2848          512         347.385      2916352       364544
        2848         1024         644.458      5832704       729088
        2848         2048        1282.065     11665408      1458176
        2848         4096        2573.112     23330816      2916352
        2848         8192        5123.094     46661632      5832704
        2848        16384       10249.780     93323264     11665408
        2848        32768       20895.723    186646528     23330816
        2848        65536       41351.358    373293056     46661632
        2848       131072       82466.386    746586112     93323264
        2848       262144      164691.867   1493172224    186646528
        3128            1           4.129         6256          782
        3128            2           2.685        12512         1564
        3128            4           3.370        25024         3128
        3128            8           4.075        50048         6256
        3128           16           6.074       100096        12512
        3128           32           9.610       200192        25024
        3128           64          16.961       400384        50048
        3128          128          31.573       800768       100096
        3128          256          60.925      1601536       200192
        3128          512         119.629      3203072       400384
        3128         1024         236.998      6406144       800768
        3128         2048         471.701     12812288      1601536
        3128         4096         953.419     25624576      3203072
        3128         8192        1880.265     51249152      6406144
        3128        16384        3763.104    102498304     12812288
        3128        32768        7522.910    204996608     25624576
        3128        65536       15076.302    409993216     51249152
        3128       131072       30257.437    819986432    102498304
        3128       262144      172528.054   1639972864    204996608
        3440            1           9.574         6880          860
        3440            2           8.222        13760         1720
        3440            4          10.185        27520         3440
        3440            8          12.983        55040         6880
        3440           16          18.796       110080        13760
        3440           32          31.111       220160        27520
        3440           64          55.370       440320        55040
        3440          128         103.888       880640       110080
        3440          256         200.998      1761280       220160
        3440          512         395.183      3522560       440320
        3440         1024         783.772      7045120       880640
        3440         2048        1560.765     14090240      1761280
        3440         4096        3135.146     28180480      3522560
        3440         8192        6330.363     56360960      7045120
        3440        16384       12480.875    112721920     14090240
        3440        32768       25298.026    225443840     28180480
        3440        65536       50063.725    450887680     56360960
        3440       131072      100009.227    901775360    112721920
        3440       262144      200468.488   1803550720    225443840
        3784            1           9.778         7568          946
        3784            2           8.371        15136         1892
        3784            4          10.501        30272         3784
        3784            8          13.722        60544         7568
        3784           16          20.168       121088        15136
        3784           32          33.519       242176        30272
        3784           64          59.944       484352        60544
        3784          128         130.647       968704       121088
        3784          256         219.241      1937408       242176
        3784          512         431.662      3874816       484352
        3784         1024         856.475      7749632       968704
        3784         2048        1705.877     15499264      1937408
        3784         4096        3420.847     30998528      3874816
        3784         8192        6952.193     61997056      7749632
        3784        16384       13731.663    123994112     15499264
        3784        32768       27380.995    247988224     30998528
        3784        65536       54673.173    495976448     61997056
        3784       131072      109701.178    991952896    123994112
        3784       262144      218799.230   1983905792    247988224
        4160            1           9.962         8320         1040
        4160            2           8.686        16640         2080
        4160            4          11.000        33280         4160
        4160            8          14.425        66560         8320
        4160           16          21.704       133120        16640
        4160           32          36.758       266240        33280
        4160           64          66.481       532480        66560
        4160          128         126.055      1064960       133120
        4160          256         245.294      2129920       266240
        4160          512         483.293      4259840       532480
        4160         1024         984.808      8519680      1064960
        4160         2048        1912.246     17039360      2129920
        4160         4096        3834.139     34078720      4259840
        4160         8192        7759.186     68157440      8519680
        4160        16384       15320.671    136314880     17039360
        4160        32768       30737.711    272629760     34078720
        4160        65536       61442.422    545259520     68157440
        4160       131072      122892.438   1090519040    136314880
        4576            1           9.890         9152         1144
        4576            2           8.871        18304         2288
        4576            4          11.371        36608         4576
        4576            8          15.074        73216         9152
        4576           16          23.130       146432        18304
        4576           32          39.704       292864        36608
        4576           64          72.333       585728        73216
        4576          128         137.685      1171456       146432
        4576          256         268.702      2342912       292864
        4576          512         530.792      4685824       585728
        4576         1024        1054.659      9371648      1171456
        4576         2048        2122.449     18743296      2342912
        4576         4096        4212.970     37486592      4685824
        4576         8192        8414.478     74973184      9371648
        4576        16384       16918.658    149946368     18743296
        4576        32768       33652.079    299892736     37486592
        4576        65536       67758.248    599785472     74973184
        4576       131072      134765.837   1199570944    149946368
        5032            1          10.889        10064         1258
        5032            2           9.093        20128         2516
        5032            4          12.092        40256         5032
        5032            8          15.907        80512        10064
        5032           16          24.888       161024        20128
        5032           32          42.871       322048        40256
        5032           64          78.684       644096        80512
        5032          128         150.072      1288192       161024
        5032          256         293.221      2576384       322048
        5032          512         579.217      5152768       644096
        5032         1024        1184.214     10305536      1288192
        5032         2048        2295.799     20611072      2576384
        5032         4096        4601.358     41222144      5152768
        5032         8192        9202.139     82444288     10305536
        5032        16384       18370.946    164888576     20611072
        5032        32768       36910.093    329777152     41222144
        5032        65536       73648.782    659554304     82444288
        5032       131072       64839.788   1319108608    164888576
        5528            1          10.833        11056         1382
        5528            2           9.555        22112         2764
        5528            4          12.445        44224         5528
        5528            8          16.945        88448        11056
        5528           16          26.796       176896        22112
        5528           32          64.425       353792        44224
        5528           64          85.685       707584        88448
        5528          128         164.240      1415168       176896
        5528          256         321.369      2830336       353792
        5528          512         635.292      5660672       707584
        5528         1024        1262.806     11321344      1415168
        5528         2048        2534.464     22642688      2830336
        5528         4096        5045.021     45285376      5660672
        5528         8192       10092.504     90570752     11321344
        5528        16384       20172.397    181141504     22642688
        5528        32768       40561.920    362283008     45285376
        5528        65536       80638.622    724566016     90570752
        5528       131072      161538.390   1449132032    181141504
        6080            1          11.685        12160         1520
        6080            2           9.963        24320         3040
        6080            4          13.333        48640         6080
        6080            8          17.944        97280        12160
        6080           16          28.889       194560        24320
        6080           32          50.464       389120        48640
        6080           64          93.555       778240        97280
        6080          128         179.795      1556480       194560
        6080          256         352.294      3112960       389120
        6080          512         717.292      6225920       778240
        6080         1024        1387.064     12451840      1556480
        6080         2048        2783.054     24903680      3112960
        6080         4096        5541.813     49807360      6225920
        6080         8192       11085.922     99614720     12451840
        6080        16384       22149.382    199229440     24903680
        6080        32768       44335.005    398458880     49807360
        6080        65536       88892.084    796917760     99614720
        6080       131072      177752.906   1593835520    199229440
        6688            1           5.889        13376         1672
        6688            2           3.388        26752         3344
        6688            4           4.611        53504         6688
        6688            8           6.352       107008        13376
        6688           16          10.314       214016        26752
        6688           32          18.185       428032        53504
        6688           64          33.888       856064       107008
        6688          128          65.296      1712128       214016
        6688          256         128.073      3424256       428032
        6688          512         253.683      6848512       856064
        6688         1024         514.978     13697024      1712128
        6688         2048        1007.400     27394048      3424256
        6688         4096        2012.319     54788096      6848512
        6688         8192        4027.472    109576192     13697024
        6688        16384        8050.351    219152384     27394048
        6688        32768       16098.777    438304768     54788096
        6688        65536       32310.219    876609536    109576192
        6688       131072       64390.253   1753219072    219152384
        7352            1          11.741        14704         1838
        7352            2          10.630        29408         3676
        7352            4          14.352        58816         7352
        7352            8          20.426       117632        14704
        7352           16          33.537       235264        29408
        7352           32          59.537       470528        58816
        7352           64         111.463       941056       117632
        7352          128         215.424      1882112       235264
        7352          256         423.200      3764224       470528
        7352          512         856.457      7528448       941056
        7352         1024        1669.989     15056896      1882112
        7352         2048        3348.532     30113792      3764224
        7352         4096        6687.194     60227584      7528448
        7352         8192       13348.279    120455168     15056896
        7352        16384       26700.165    240910336     30113792
        7352        32768       54249.288    481820672     60227584
        7352        65536      107086.123    963641344    120455168
        7352       131072      213751.360   1927282688    240910336
        8080            1          12.167        16160         2020
        8080            2          11.112        32320         4040
        8080            4          15.316        64640         8080
        8080            8          21.871       129280        16160
        8080           16          36.389       258560        32320
        8080           32          64.777       517120        64640
        8080           64         121.888      1034240       129280
        8080          128         235.998      2068480       258560
        8080          256         463.848      4136960       517120
        8080          512        1004.363      8273920      1034240
        8080         1024        1860.191     16547840      2068480
        8080         2048        3672.326     33095680      4136960
        8080         4096        7531.003     66191360      8273920
        8080         8192       14685.842    132382720     16547840
        8080        16384       29421.036    264765440     33095680
        8080        32768       58747.479    529530880     66191360
        8080        65536      117708.845   1059061760    132382720
        8080       131072      235099.007   2118123520    264765440
        8888            1          12.333        17776         2222
        8888            2          11.778        35552         4444
        8888            4          16.259        71104         8888
        8888            8          23.630       142208        17776
        8888           16          39.425       284416        35552
        8888           32          70.759       568832        71104
        8888           64         133.276      1137664       142208
        8888          128         258.721      2275328       284416
        8888          256         509.275      4550656       568832
        8888          512        1010.400      9101312      1137664
        8888         1024        2031.708     18202624      2275328
        8888         2048        4033.231     36405248      4550656
        8888         4096        8136.444     72810496      9101312
        8888         8192       16383.404    145620992     18202624
        8888        16384       32286.849    291241984     36405248
        8888        32768       65142.009    582483968     72810496
        8888        65536      128868.599   1164967936    145620992
        9776            1          12.723        19552         2444
        9776            2          12.500        39104         4888
        9776            4          17.259        78208         9776
        9776            8          25.500       156416        19552
        9776           16          42.685       312832        39104
        9776           32          77.167       625664        78208
        9776           64         146.017      1251328       156416
        9776          128         283.720      2502656       312832
        9776          256         559.237      5005312       625664
        9776          512        1110.048     10010624      1251328
        9776         1024        2229.651     20021248      2502656
        9776         2048        4431.284     40042496      5005312
        9776         4096        8908.197     80084992     10010624
        9776         8192       17708.155    160169984     20021248
        9776        16384       35465.882    320339968     40042496
        9776        32768       70849.876    640679936     80084992
        9776        65536      141971.713   1281359872    160169984
       10752            1          13.037        21504         2688
       10752            2          13.167        43008         5376
       10752            4          18.222        86016        10752
       10752            8          27.481       172032        21504
       10752           16          46.352       344064        43008
       10752           32          84.129       688128        86016
       10752           64         159.850      1376256       172032
       10752          128         310.943      2752512       344064
       10752          256         613.255      5505024       688128
       10752          512        1237.398     11010048      1376256
       10752         1024        2428.410     22020096      2752512
       10752         2048        4885.539     44040192      5505024
       10752         4096        9731.432     88080384     11010048
       10752         8192       19435.069    176160768     22020096
       10752        16384       39170.893    352321536     44040192
       10752        32768       74527.222    704643072     88080384
       10752        65536       51843.472   1409286144    176160768
       11824            1           6.407        23648         2956
       11824            2           4.611        47296         5912
       11824            4           6.648        94592        11824
       11824            8           9.870       189184        23648
       11824           16          16.796       378368        47296
       11824           32          30.668       756736        94592
       11824           64          58.352      1513472       189184
       11824          128         113.758      3026944       378368
       11824          256         236.794      6053888       756736
       11824          512         446.219     12107776      1513472
       11824         1024         889.438     24215552      3026944
       11824         2048        1775.914     48431104      6053888
       11824         4096        3554.605     96862208     12107776
       11824         8192        7104.895    193724416     24215552
       11824        16384       14235.475    387448832     48431104
       11824        32768       28403.099    774897664     96862208
       11824        65536       56836.974   1549795328    193724416
       13000            1          28.406        26000         3250
       13000            2          14.573        52000         6500
       13000            4          20.630       104000        13000
       13000            8          31.759       208000        26000
       13000           16          54.520       416000        52000
       13000           32          99.795       832000       104000
       13000           64         190.554      1664000       208000
       13000          128         372.700      3328000       416000
       13000          256         736.049      6656000       832000
       13000          512        1463.044     13312000      1664000
       13000         1024        3015.367     26624000      3328000
       13000         2048        5857.422     53248000      6656000
       13000         4096       11667.456    106496000     13312000
       13000         8192       23374.096    212992000     26624000
       13000        16384       46704.082    425984000     53248000
       13000        32768       93684.125    851968000    106496000
       13000        65536      187918.208   1703936000    212992000
       14296            1          15.591        28592         3574
       14296            2          15.316        57184         7148
       14296            4          22.205       114368        14296
       14296            8          34.370       228736        28592
       14296           16          59.481       457472        57184
       14296           32         109.555       914944       114368
       14296           64         210.128      1829888       228736
       14296          128         410.905      3659776       457472
       14296          256         830.642      7319552       914944
       14296          512        1616.044     14639104      1829888
       14296         1024        3239.274     29278208      3659776
       14296         2048        6465.936     58556416      7319552
       14296         4096       12897.095    117112832     14639104
       14296         8192       25764.246    234225664     29278208
       14296        16384       52169.970    468451328     58556416
       14296        32768      103577.648    936902656    117112832
       14296        65536      207078.278   1873805312    234225664
       15720            1           8.333        31440         3930
       15720            2           5.406        62880         7860
       15720            4           8.000       125760        15720
       15720            8          12.352       251520        31440
       15720           16          21.556       503040        62880
       15720           32          39.907      1006080       125760
       15720           64          76.740      2012160       251520
       15720          128         150.276      4024320       503040
       15720          256         297.461      8048640      1006080
       15720          512         591.681     16097280      2012160
       15720         1024        1180.214     32194560      4024320
       15720         2048        2374.799     64389120      8048640
       15720         4096        4716.634    128778240     16097280
       15720         8192        9429.213    257556480     32194560
       15720        16384       18860.831    515112960     64389120
       15720        32768       37899.662   1030225920    128778240
       15720        65536      126268.213   2060451840    257556480
       17288            1          15.834        34576         4322
       17288            2          17.148        69152         8644
       17288            4          25.258       138304        17288
       17288            8          39.944       276608        34576
       17288           16          69.907       553216        69152
       17288           32         130.185      1106432       138304
       17288           64         250.554      2212864       276608
       17288          128         490.886      4425728       553216
       17288          256         971.271      8851456      1106432
       17288          512        1964.709     17702912      2212864
       17288         1024        3931.712     35405824      4425728
       17288         2048        7748.372     70811648      8851456
       17288         4096       15483.984    141623296     17702912
       17288         8192       31136.967    283246592     35405824
       17288        16384       62111.476    566493184     70811648
       17288        32768      123665.249   1132986368    141623296
       19016            1          16.741        38032         4754
       19016            2          18.296        76064         9508
       19016            4          27.185       152128        19016
       19016            8          43.334       304256        38032
       19016           16          76.684       608512        76064
       19016           32         143.147      1217024       152128
       19016           64         276.553      2434048       304256
       19016          128         542.440      4868096       608512
       19016          256        1092.307      9736192      1217024
       19016          512        2137.985     19472384      2434048
       19016         1024        4283.229     38944768      4868096
       19016         2048        8553.274     77889536      9736192
       19016         4096       17103.714    155779072     19472384
       19016         8192       34172.928    311558144     38944768
       19016        16384       68362.709    623116288     77889536
       19016        32768      137059.544   1246232576    155779072
       20912            1          10.241        41824         5228
       20912            2           6.593        83648        10456
       20912            4           9.834       167296        20912
       20912            8          15.647       334592        41824
       20912           16          27.908       669184        83648
       20912           32          52.297      1338368       167296
       20912           64         101.091      2676736       334592
       20912          128         198.701      5353472       669184
       20912          256         394.034     10706944      1338368
       20912          512         784.476     21413888      2676736
       20912         1024        1575.637     42827776      5353472
       20912         2048        3133.144     85655552     10706944
       20912         4096        6257.271    171311104     21413888
       20912         8192       12609.393    342622208     42827776
       20912        16384       25047.974    685244416     85655552
       20912        32768       50167.336   1370488832    171311104
       23000            1           9.907        46000         5750
       23000            2           7.166        92000        11500
       23000            4          10.555       184000        23000
       23000            8          17.056       368000        46000
       23000           16          30.462       736000        92000
       23000           32          56.722      1472000       184000
       23000           64         110.961      2944000       368000
       23000          128         218.221      5888000       736000
       23000          256         441.903     11776000      1472000
       23000          512         862.272     23552000      2944000
       23000         1024        1721.025     47104000      5888000
       23000         2048        3444.272     94208000     11776000
       23000         4096        6839.192    188416000     23552000
       23000         8192       13758.571    376832000     47104000
       23000        16384       27382.698    753664000     94208000
       23000        32768       55096.283   1507328000    188416000
       25296            1          10.518        50592         6324
       25296            2           7.592       101184        12648
       25296            4          11.612       202368        25296
       25296            8          18.593       404736        50592
       25296           16          33.389       809472       101184
       25296           32          62.796      1618944       202368
       25296           64         121.813      3237888       404736
       25296          128         239.776      6475776       809472
       25296          256         475.775     12951552      1618944
       25296          512         947.771     25903104      3237888
       25296         1024        1901.320     51806208      6475776
       25296         2048        3793.122    103612416     12951552
       25296         4096        7567.613    207224832     25903104
       25296         8192       15126.211    414449664     51806208
       25296        16384       30408.639    828899328    103612416
       25296        32768       92534.448   1657798656    207224832
       27824            1          21.444        55648         6956
       27824            2          24.203       111296        13912
       27824            4          36.667       222592        27824
       27824            8          60.499       445184        55648
       27824           16         109.202       890368       111296
       27824           32         206.518      1780736       222592
       27824           64         400.923      3561472       445184
       27824          128         810.716      7122944       890368
       27824          256        1568.359     14245888      1780736
       27824          512        3141.683     28491776      3561472
       27824         1024        6255.105     56983552      7122944
       27824         2048       12855.355    113967104     14245888
       27824         4096       25061.622    227934208     28491776
       27824         8192       50255.946    455868416     56983552
       27824        16384      100292.042    911736832    113967104
       27824        32768      200529.139   1823473664    227934208
       30600            1          22.685        61200         7650
       30600            2          26.444       122400        15300
       30600            4          40.907       244800        30600
       30600            8          68.351       489600        61200
       30600           16         123.998       979200       122400
       30600           32         254.035      1958400       244800
       30600           64         457.589      3916800       489600
       30600          128         901.789      7833600       979200
       30600          256        1791.063     15667200      1958400
       30600          512        3590.216     31334400      3916800
       30600         1024        7163.487     62668800      7833600
       30600         2048       14292.549    125337600     15667200
       30600         4096       28558.968    250675200     31334400
       30600         8192       57373.527    501350400     62668800
       30600        16384      114406.018   1002700800    125337600
       30600        32768      225352.726   2005401600    250675200
       33656            1          24.426        67312         8414
       33656            2          28.833       134624        16828
       33656            4          44.703       269248        33656
       33656            8          74.963       538496        67312
       33656           16         136.257      1076992       134624
       33656           32         259.258      2153984       269248
       33656           64         505.256      4307968       538496
       33656          128        1021.956      8615936      1076992
       33656          256        1979.838     17231872      2153984
       33656          512        3963.139     34463744      4307968
       33656         1024        8093.629     68927488      8615936
       33656         2048       15905.704    137854976     17231872
       33656         4096       31592.021    275709952     34463744
       33656         8192       63180.022    551419904     68927488
       33656        16384      126553.489   1102839808    137854976
       37016            1          25.981        74032         9254
       37016            2          31.055       148064        18508
       37016            4          48.148       296128        37016
       37016            8          81.462       592256        74032
       37016           16         149.092      1184512       148064
       37016           32         306.517      2369024       296128
       37016           64         554.830      4738048       592256
       37016          128        1095.770      9476096      1184512
       37016          256        2192.651     18952192      2369024
       37016          512        4356.951     37904384      4738048
       37016         1024        8696.402     75808768      9476096
       37016         2048       17381.008    151617536     18952192
       37016         4096       34763.074    303235072     37904384
       37016         8192       69743.107    606470144     75808768
       37016        16384      139153.013   1212940288    151617536
       40712            1          26.999        81424        10178
       40712            2          33.277       162848        20356
       40712            4          52.240       325696        40712
       40712            8          88.667       651392        81424
       40712           16         162.610      1302784       162848
       40712           32         310.460      2605568       325696
       40712           64         624.127      5211136       651392
       40712          128        1197.362     10422272      1302784
       40712          256        2393.966     20844544      2605568
       40712          512        4759.449     41689088      5211136
       40712         1024        9655.507     83378176     10422272
       40712         2048       19010.238    166756352     20844544
       40712         4096       38014.550    333512704     41689088
       40712         8192       76126.210    667025408     83378176
       40712        16384      156399.114   1334050816    166756352
       44776            1          31.741        89552        11194
       44776            2          36.481       179104        22388
       44776            4          57.499       358208        44776
       44776            8          97.555       716416        89552
       44776           16         178.573      1432832       179104
       44776           32         340.645      2865664       358208
       44776           64         664.477      5731328       716416
       44776          128        1313.400     11462656      1432832
       44776          256        2632.574     22925312      2865664
       44776          512        5251.981     45850624      5731328
       44776         1024       10464.964     91701248     11462656
       44776         2048       20875.650    183402496     22925312
       44776         4096       41942.060    366804992     45850624
       44776         8192       83658.195    733609984     91701248
       44776        16384      167207.261   1467219968    183402496
       49248            1          30.684        98496        12312
       49248            2          39.778       196992        24624
       49248            4          62.443       393984        49248
       49248            8         106.703       787968        98496
       49248           16         196.461      1575936       196992
       49248           32         375.664      3151872       393984
       49248           64         734.124      6303744       787968
       49248          128        1472.638     12607488      1575936
       49248          256        2885.054     25214976      3151872
       49248          512        5783.330     50429952      6303744
       49248         1024       11532.938    100859904     12607488
       49248         2048       23060.061    201719808     25214976
       49248         4096       46147.160    403439616     50429952
       49248         8192       92443.375    806879232    100859904
       49248        16384      184726.381   1613758464    201719808
       54168            1          33.556       108336        13542
       54168            2          42.167       216672        27084
       54168            4          67.055       433344        54168
       54168            8         115.165       866688       108336
       54168           16         212.239      1733376       216672
       54168           32         406.590      3466752       433344
       54168           64         795.161      6933504       866688
       54168          128        1595.267     13867008      1733376
       54168          256        3126.626     27734016      3466752
       54168          512        6265.716     55468032      6933504
       54168         1024       12500.283    110936064     13867008
       54168         2048       24981.308    221872128     27734016
       54168         4096       46289.197    443744256     55468032
       54168         8192       33218.843    887488512    110936064
       54168        16384       66422.057   1774977024    221872128
       59584            1          34.648       119168        14896
       59584            2          46.240       238336        29792
       59584            4          73.851       476672        59584
       59584            8         127.871       953344       119168
       59584           16         236.313      1906688       238336
       59584           32         453.460      3813376       476672
       59584           64         906.236      7626752       953344
       59584          128        1756.747     15253504      1906688
       59584          256        3510.903     30507008      3813376
       59584          512        7001.007     61014016      7626752
       59584         1024       13984.347    122028032     15253504
       59584         2048       27922.916    244056064     30507008
       59584         4096       55850.129    488112128     61014016
       59584         8192      111645.519    976224256    122028032
       59584        16384      223976.885   1952448512    244056064
       65536            1          40.388       131072        16384
       65536            2          49.629       262144        32768
       65536            4          79.648       524288        65536
       65536            8         137.943      1048576       131072
       65536           16         255.980      2097152       262144
       65536           32         491.682      4194304       524288
       65536           64         962.901      8388608      1048576
       65536          128        1906.357     16777216      2097152
       65536          256        3812.010     33554432      4194304
       65536          512        7627.318     67108864      8388608
       65536         1024       15204.729    134217728     16777216
       65536         2048       30628.046    268435456     33554432
       65536         4096       60623.855    536870912     67108864
       65536         8192      121170.231   1073741824    134217728
       65536        16384      246051.528   2147483648    268435456
       72088            1          26.037       144176        18022
       72088            2          17.907       288352        36044
       72088            4          28.851       576704        72088
       72088            8          50.110      1153408       144176
       72088           16          93.035      2306816       288352
       72088           32         178.999      4613632       576704
       72088           64         351.016      9227264      1153408
       72088          128         694.737     18454528      2306816
       72088          256        1389.157     36909056      4613632
       72088          512        2757.388     73818112      9227264
       72088         1024        5518.147    147636224     18454528
       72088         2048       11024.460    295272448     36909056
       72088         4096       22041.810    590544896     73818112
       72088         8192       44109.805   1181089792    147636224
       79296            1          50.277       158592        19824
       79296            2          59.351       317184        39648
       79296            4          95.389       634368        79296
       79296            8         167.092      1268736       158592
       79296           16         310.720      2537472       317184
       79296           32         618.625      5074944       634368
       79296           64        1173.455     10149888      1268736
       79296          128        2340.447     20299776      2537472
       79296          256        4641.004     40599552      5074944
       79296          512        9256.695     81199104     10149888
       79296         1024       18505.407    162398208     20299776
       79296         2048       37401.406    324796416     40599552
       79296         4096       73947.597    649592832     81199104
       79296         8192      148598.096   1299185664    162398208
       87224            1          52.758       174448        21806
       87224            2          63.722       348896        43612
       87224            4         103.129       697792        87224
       87224            8         181.498      1395584       174448
       87224           16         360.849      2791168       348896
       87224           32         653.162      5582336       697792
       87224           64        1282.658     11164672      1395584
       87224          128        2559.981     22329344      2791168
       87224          256        5079.316     44658688      5582336
       87224          512       10146.504     89317376     11164672
       87224         1024       20256.081    178634752     22329344
       87224         2048       40863.975    357269504     44658688
       87224         4096       81442.748    714539008     89317376
       87224         8192      162158.835   1429078016    178634752
       95944            1          31.592       191888        23986
       95944            2          23.426       383776        47972
       95944            4          38.259       767552        95944
       95944            8          66.796      1535104       191888
       95944           16         124.648      3070208       383776
       95944           32         240.426      6140416       767552
       95944           64         472.015     12280832      1535104
       95944          128         946.661     24561664      3070208
       95944          256        1861.710     49123328      6140416
       95944          512        3720.178     98246656     12280832
       95944         1024        7441.652    196493312     24561664
       95944         2048       14854.175    392986624     49123328
       95944         4096       78560.472    785973248     98246656
       95944         8192      178837.830   1571946496    196493312
      105536            1          59.203       211072        26384
      105536            2          77.314       422144        52768
      105536            4         124.536       844288       105536
      105536            8         219.610      1688576       211072
      105536           16         410.479      3377152       422144
      105536           32         792.198      6754304       844288
      105536           64        1574.636     13508608      1688576
      105536          128        3120.164     27017216      3377152
      105536          256        6155.531     54034432      6754304
      105536          512       12291.859    108068864     13508608
      105536         1024       24554.330    216137728     27017216
      105536         2048       49104.048    432275456     54034432
      105536         4096       98320.614    864550912    108068864
      105536         8192      196564.818   1729101824    216137728
      116088            1          71.704       232176        29022
      116088            2          83.962       464352        58044
      116088            4         136.278       928704       116088
      116088            8         240.295      1857408       232176
      116088           16         448.775      3714816       464352
      116088           32         865.679      7429632       928704
      116088           64        1731.728     14859264      1857408
      116088          128        3385.142     29718528      3714816
      116088          256        6721.360     59437056      7429632
      116088          512       13435.314    118874112     14859264
      116088         1024       26842.777    237748224     29718528
      116088         2048       53617.424    475496448     59437056
      116088         4096      107662.399    950992896    118874112
      116088         8192      145285.915   1901985792    237748224
      127696            1          69.203       255392        31924
      127696            2          93.203       510784        63848
      127696            4         147.294      1021568       127696
      127696            8         263.238      2043136       255392
      127696           16         492.997      4086272       510784
      127696           32         969.567      8172544      1021568
      127696           64        1868.414     16345088      2043136
      127696          128        3719.641     32690176      4086272
      127696          256        7403.874     65380352      8172544
      127696          512       14815.878    130760704     16345088
      127696         1024       29488.572    261521408     32690176
      127696         2048       59014.478    523042816     65380352
      127696         4096      117885.680   1046085632    130760704
      127696         8192      235922.415   2092171264    261521408
      140464            1          77.352       280928        35116
      140464            2          99.018       561856        70232
      140464            4         162.351      1123712       140464
      140464            8         287.961      2247424       280928
      140464           16         562.810      4494848       561856
      140464           32        1043.864      8989696      1123712
      140464           64        2053.577     17979392      2247424
      140464          128        4088.249     35958784      4494848
      140464          256        8155.999     71917568      8989696
      140464          512       16260.072    143835136     17979392
      140464         1024       32447.015    287670272     35958784
      140464         2048       64962.178    575340544     71917568
      140464         4096      130198.354   1150681088    143835136
      154504            1          49.667       309008        38626
      154504            2          36.629       618016        77252
      154504            4          59.296      1236032       154504
      154504            8         105.036      2472064       309008
      154504           16         198.313      4944128       618016
      154504           32         380.775      9888256      1236032
      154504           64         748.661     19776512      2472064
      154504          128        1498.619     39553024      4944128
      154504          256        2961.295     79106048      9888256
      154504          512        5904.089    158212096     19776512
      154504         1024       11801.380    316424192     39553024
      154504         2048       23594.724    632848384     79106048
      154504         4096       47160.968   1265696768    158212096
      169952            1          89.296       339904        42488
      169952            2         120.814       679808        84976
      169952            4         196.740      1359616       169952
      169952            8         348.886      2719232       339904
      169952           16         679.013      5438464       679808
      169952           32        1267.084     10876928      1359616
      169952           64        2527.001     21753856      2719232
      169952          128        4955.613     43507712      5438464
      169952          256        9862.024     87015424     10876928
      169952          512       19688.845    174030848     21753856
      169952         1024       39358.115    348061696     43507712
      169952         2048       78690.563    696123392     87015424
      169952         4096      157381.646   1392246784    174030848
      186944            1          94.758       373888        46736
      186944            2         131.925       747776        93472
      186944            4         214.869      1495552       186944
      186944            8         383.072      2991104       373888
      186944           16         720.402      5982208       747776
      186944           32        1414.916     11964416      1495552
      186944           64        2744.981     23928832      2991104
      186944          128        5476.055     47857664      5982208
      186944          256       10895.110     95715328     11964416
      186944          512       21754.441    191430656     23928832
      186944         1024       43421.902    382861312     47857664
      186944         2048       86920.063    765722624     95715328
      186944         4096      173505.941   1531445248    191430656
      205632            1         158.128       411264        51408
      205632            2         145.833       822528       102816
      205632            4         235.886      1645056       205632
      205632            8         420.552      3290112       411264
      205632           16         791.698      6580224       822528
      205632           32        1534.137     13160448      1645056
      205632           64        3036.961     26320896      3290112
      205632          128        6017.884     52641792      6580224
      205632          256       11970.453    105283584     13160448
      205632          512       23892.001    210567168     26320896
      205632         1024       47724.112    421134336     52641792
      205632         2048       95570.132    842268672    105283584
      205632         4096      110560.101   1684537344    210567168
      226192            1         118.370       452384        56548
      226192            2         164.610       904768       113096
      226192            4         254.572      1809536       226192
      226192            8         454.571      3619072       452384
      226192           16         853.383      7238144       904768
      226192           32        1675.878     14476288      1809536
      226192           64        3250.440     28952576      3619072
      226192          128        6466.511     57905152      7238144
      226192          256       12886.614    115810304     14476288
      226192          512       25738.858    231620608     28952576
      226192         1024       52318.119    463241216     57905152
      226192         2048      105601.656    926482432    115810304
      226192         4096      206170.715   1852964864    231620608
      248808            1         151.314       497616        62202
      248808            2         179.850       995232       124404
      248808            4         286.499      1990464       248808
      248808            8         515.793      3980928       497616
      248808           16         962.734      7961856       995232
      248808           32        1920.561     15923712      1990464
      248808           64        3717.197     31847424      3980928
      248808          128        7370.448     63694848      7961856
      248808          256       14888.489    127389696     15923712
      248808          512       29610.201    254779392     31847424
      248808         1024       58293.927    509558784     63694848
      248808         2048      117371.333   1019117568    127389696
      248808         4096      220282.637   2038235136    254779392
      273688            1         140.925       547376        68422
      273688            2         191.036      1094752       136844
      273688            4         306.072      2189504       273688
      273688            8         547.533      4379008       547376
      273688           16        1031.566      8758016      1094752
      273688           32        2035.504     17516032      2189504
      273688           64        3954.101     35032064      4379008
      273688          128        7845.631     70064128      8758016
      273688          256       15619.374    140128256     17516032
      273688          512       31207.747    280256512     35032064
      273688         1024       62234.252    560513024     70064128
      273688         2048      124591.707   1121026048    140128256
      301056            1         168.999       602112        75264
      301056            2         213.091      1204224       150528
      301056            4         337.775      2408448       301056
      301056            8         605.959      4816896       602112
      301056           16        1227.436      9633792      1204224
      301056           32        2218.188     19267584      2408448
      301056           64        4407.173     38535168      4816896
      301056          128        8713.107     77070336      9633792
      301056          256       17329.787    154140672     19267584
      301056          512       34618.353    308281344     38535168
      301056         1024       69265.481    616562688     77070336
      301056         2048      138392.872   1233125376    154140672
      331160            1         110.740       662320        82790
      331160            2          85.943      1324640       165580
      331160            4         123.388      2649280       331160
      331160            8         220.276      5298560       662320
      331160           16         414.923     10597120      1324640
      331160           32         804.198     21194240      2649280
      331160           64        1583.358     42388480      5298560
      331160          128        3153.663     84776960     10597120
      331160          256        6267.549    169553920     21194240
      331160          512       12507.136    339107840     42388480
      331160         1024       25001.215    678215680     84776960
      331160         2048       49973.023   1356431360    169553920
      364272            1         201.091       728544        91068
      364272            2         265.368      1457088       182136
      364272            4         450.719      2914176       364272
      364272            8         740.625      5828352       728544
      364272           16        1393.583     11656704      1457088
      364272           32        2725.370     23313408      2914176
      364272           64        5353.111     46626816      5828352
      364272          128       10629.389     93253632     11656704
      364272          256       21287.371    186507264     23313408
      364272          512       42231.744    373014528     46626816
      364272         1024       84122.786    746029056     93253632
      364272         2048      167658.003   1492058112    186507264
      400696            1         202.017       801392       100174
      400696            2         287.332      1602784       200348
      400696            4         448.460      3205568       400696
      400696            8         806.364      6411136       801392
      400696           16        1555.378     12822272      1602784
      400696           32        3011.072     25644544      3205568
      400696           64        5946.236     51289088      6411136
      400696          128       11604.846    102578176     12822272
      400696          256       23233.321    205156352     25644544
      400696          512       46833.249    410312704     51289088
      400696         1024       92762.115    820625408    102578176
      400696         2048      184824.198   1641250816    205156352
      440760            1         158.314       881520       110190
      440760            2         164.333      1763040       220380
      440760            4         191.702      3526080       440760
      440760            8         340.794      7052160       881520
      440760           16         659.012     14104320      1763040
      440760           32        1220.584     28208640      3526080
      440760           64        2198.818     56417280      7052160
      440760          128        4247.323    112834560     14104320
      440760          256        8463.459    225669120     28208640
      440760          512       16936.697    451338240     56417280
      440760         1024       34000.079    902676480    112834560
      440760         2048       95850.205   1805352960    225669120
      484832            1         246.443       969664       121208
      484832            2         362.683      1939328       242416
      484832            4         549.107      3878656       484832
      484832            8        1030.307      7757312       969664
      484832           16        1862.487     15514624      1939328
      484832           32        3629.253     31029248      3878656
      484832           64        7155.524     62058496      7757312
      484832          128       14302.381    124116992     15514624
      484832          256       28175.064    248233984     31029248
      484832          512       56448.997    496467968     62058496
      484832         1024      112797.663    992935936    124116992
      484832         2048      225119.623   1985871872    248233984
      533312            1         301.979      1066624       133328
      533312            2         487.533      2133248       266656
      533312            4         659.903      4266496       533312
      533312            8        1182.362      8532992      1066624
      533312           16        2255.355     17065984      2133248
      533312           32        4123.027     34131968      4266496
      533312           64        7914.759     68263936      8532992
      533312          128       15880.465    136527872     17065984
      533312          256       31382.505    273055744     34131968
      533312          512       63367.264    546111488     68263936
      533312         1024      124796.431   1092222976    136527872
      586640            1         239.055      1173280       146660
      586640            2         392.331      2346560       293320
      586640            4         351.738      4693120       586640
      586640            8         573.107      9386240      1173280
      586640           16        1064.159     18772480      2346560
      586640           32        1783.692     37544960      4693120
      586640           64        3281.848     75089920      9386240
      586640          128        6591.567    150179840     18772480
      586640          256       11837.510    300359680     37544960
      586640          512       23734.632    600719360     75089920
      586640         1024       49579.470   1201438720    150179840
      645304            1         352.071      1290608       161326
      645304            2         569.626      2581216       322652
      645304            4         761.365      5162432       645304
      645304            8        1447.490     10324864      1290608
      645304           16        2547.223     20649728      2581216
      645304           32        5002.632     41299456      5162432
      645304           64        9804.452     82598912     10324864
      645304          128       19446.495    165197824     20649728
      645304          256       38629.936    330395648     41299456
      645304          512       78139.180    660791296     82598912
      645304         1024      156926.448   1321582592    165197824
      709832            1         387.256      1419664       177458
      709832            2         657.717      2839328       354916
      709832            4        1017.196      5678656       709832
      709832            8        1579.007     11357312      1419664
      709832           16        3028.294     22714624      2839328
      709832           32        5772.293     45429248      5678656
      709832           64       11322.330     90858496     11357312
      709832          128       22505.788    181716992     22714624
      709832          256       45407.796    363433984     45429248
      709832          512       89701.118    726867968     90858496
      709832         1024      179094.517   1453735936    181716992
      780808            1         360.535      1561616       195202
      780808            2         753.550      3123232       390404
      780808            4         671.995      6246464       780808
      780808            8         946.159     12492928      1561616
      780808           16        1723.043     24985856      3123232
      780808           32        3070.164     49971712      6246464
      780808           64        6222.199     99943424     12492928
      780808          128       12303.228    199886848     24985856
      780808          256       24221.257    399773696     49971712
      780808          512       48884.550    799547392     99943424
      780808         1024       98541.075   1599094784    199886848
      858888            1         494.311      1717776       214722
      858888            2         816.402      3435552       429444
      858888            4        1501.268      6871104       858888
      858888            8        2205.874     13742208      1717776
      858888           16        4140.935     27484416      3435552
      858888           32        7884.297     54968832      6871104
      858888           64       15481.967    109937664     13742208
      858888          128       30847.508    219875328     27484416
      858888          256       61151.205    439750656     54968832
      858888          512      122099.709    879501312    109937664
      858888         1024      241471.622   1759002624    219875328
      944776            1         566.051      1889552       236194
      944776            2        1057.048      3779104       472388
      944776            4        1538.786      7558208       944776
      944776            8        2556.038     15116416      1889552
      944776           16        4831.688     30232832      3779104
      944776           32        9264.806     60465664      7558208
      944776           64       18228.263    120931328     15116416
      944776          128       35609.031    241862656     30232832
      944776          256       73685.120    483725312     60465664
      944776          512      142149.199    967450624    120931328
      944776         1024      289273.881   1934901248    241862656
     1039248            1         513.366      2078496       259812
     1039248            2        1297.121      4156992       519624
     1039248            4        1591.082      8313984      1039248
     1039248            8        2619.760     16627968      2078496
     1039248           16        4679.302     33255936      4156992
     1039248           32        8878.068     66511872      8313984
     1039248           64       18390.594    133023744     16627968
     1039248          128       34668.852    266047488     33255936
     1039248          256       67507.643    532094976     66511872
     1039248          512      133755.517   1064189952    133023744
     1039248         1024      276535.045   2128379904    266047488
     1143168            1         673.774      2286336       285792
     1143168            2        1587.693      4572672       571584
     1143168            4        2247.836      9145344      1143168
     1143168            8        3716.122     18290688      2286336
     1143168           16        6613.566     36581376      4572672
     1143168           32       13445.166     73162752      9145344
     1143168           64       24439.627    146325504     18290688
     1143168          128       48280.758    292651008     36581376
     1143168          256       93724.072    585302016     73162752
     1143168          512      191776.911   1170604032    146325504
     1257480            1         820.477      2514960       314370
     1257480            2        2075.948      5029920       628740
     1257480            4        3271.495     10059840      1257480
     1257480            8        5479.556     20119680      2514960
     1257480           16        9937.987     40239360      5029920
     1257480           32       19344.625     80478720     10059840
     1257480           64       36350.340    160957440     20119680
     1257480          128       73183.937    321914880     40239360
     1257480          256      147543.051    643829760     80478720
     1257480          512      288793.387   1287659520    160957440
     1383224            1         976.438      2766448       345806
     1383224            2        2503.149      5532896       691612
     1383224            4        3976.232     11065792      1383224
     1383224            8        6734.175     22131584      2766448
     1383224           16       12060.676     44263168      5532896
     1383224           32       22770.509     88526336     11065792
     1383224           64       44730.634    177052672     22131584
     1383224          128       90217.134    354105344     44263168
     1383224          256      183072.806    708210688     88526336
     1383224          512      344143.874   1416421376    177052672
     1521544            1        1085.622      3043088       380386
     1521544            2        2799.462      6086176       760772
     1521544            4        4724.671     12172352      1521544
     1521544            8        7880.353     24344704      3043088
     1521544           16       13929.199     48689408      6086176
     1521544           32       26631.778     97378816     12172352
     1521544           64       53854.978    194757632     24344704
     1521544          128      103265.489    389515264     48689408
     1521544          256      208479.944    779030528     97378816
     1521544          512      410011.548   1558061056    194757632
     1673696            1        1229.121      3347392       418424
     1673696            2        3291.681      6694784       836848
     1673696            4        5401.758     13389568      1673696
     1673696            8        9152.492     26779136      3347392
     1673696           16       16629.792     53558272      6694784
     1673696           32       30697.325    107116544     13389568
     1673696           64       61025.022    214233088     26779136
     1673696          128      119478.486    428466176     53558272
     1673696          256      234981.760    856932352    107116544
     1673696          512      470286.853   1713864704    214233088
     1841064            1        1531.526      3682128       460266
     1841064            2        3725.308      7364256       920532
     1841064            4        5980.106     14728512      1841064
     1841064            8        9975.376     29457024      3682128
     1841064           16       17840.340     58914048      7364256
     1841064           32       35037.147    117828096     14728512
     1841064           64       69203.132    235656192     29457024
     1841064          128      134589.493    471312384     58914048
     1841064          256      267180.668    942624768    117828096
     1841064          512      519952.604   1885249536    235656192
     2025168            1        1355.991      4050336       506292
     2025168            2        3986.751      8100672      1012584
     2025168            4        6631.767     16201344      2025168
     2025168            8       11088.368     32402688      4050336
     2025168           16       19816.882     64805376      8100672
     2025168           32       39177.099    129610752     16201344
     2025168           64       72866.162    259221504     32402688
     2025168          128      143537.895    518443008     64805376
     2025168          256      282378.747   1036886016    129610752
     2025168          512      566357.096   2073772032    259221504
     2227680            1        1774.376      4455360       556920
     2227680            2        4788.985      8910720      1113840
     2227680            4        7428.966     17821440      2227680
     2227680            8       12368.359     35642880      4455360
     2227680           16       22186.569     71285760      8910720
     2227680           32       45380.427    142571520     17821440
     2227680           64       83411.459    285143040     35642880
     2227680          128      162975.037    570286080     71285760
     2227680          256      299262.132   1140572160    142571520
     2450448            1        2055.931      4900896       612612
     2450448            2        5702.979      9801792      1225224
     2450448            4        9424.972     19603584      2450448
     2450448            8       15318.079     39207168      4900896
     2450448           16       22905.434     78414336      9801792
     2450448           32       42231.077    156828672     19603584
     2450448           64       81966.359    313657344     39207168
     2450448          128      158201.516    627314688     78414336
     2450448          256      306308.973   1254629376    156828672
     2695488            1        2336.669      5390976       673872
     2695488            2        5911.996     10781952      1347744
     2695488            4        8237.405     21563904      2695488
     2695488            8       13780.868     43127808      5390976
     2695488           16       23953.852     86255616     10781952
     2695488           32       49586.509    172511232     21563904
     2695488           64       90617.058    345022464     43127808
     2695488          128      175103.121    690044928     86255616
     2695488          256      348604.848   1380089856    172511232
     2965032            1        2411.650      5930064       741258
     2965032            2        6182.588     11860128      1482516
     2965032            4        9076.103     23720256      2965032
     2965032            8       14865.397     47440512      5930064
     2965032           16       26684.667     94881024     11860128
     2965032           32       50172.708    189762048     23720256
     2965032           64       97845.434    379524096     47440512
     2965032          128      182063.278    759048192     94881024
     2965032          256      373367.230   1518096384    189762048
     3261528            1        2815.628      6523056       815382
     3261528            2        6702.659     13046112      1630764
     3261528            4       10021.560     26092224      3261528
     3261528            8       16377.794     52184448      6523056
     3261528           16       29321.908    104368896     13046112
     3261528           32       55039.119    208737792     26092224
     3261528           64      107302.722    417475584     52184448
     3261528          128      213362.191    834951168    104368896
     3261528          256      420316.962   1669902336    208737792
     3587680            1        2992.276      7175360       896920
     3587680            2        7101.488     14350720      1793840
     3587680            4        9837.302     28701440      3587680
     3587680            8       16361.424     57402880      7175360
     3587680           16       29248.761    114805760     14350720
     3587680           32       55393.617    229611520     28701440
     3587680           64      115422.054    459223040     57402880
     3587680          128      231596.842    918446080    114805760
     3587680          256      479019.112   1836892160    229611520
     3946448            1        3596.290      7892896       986612
     3946448            2        7784.816     15785792      1973224
     3946448            4       11536.828     31571584      3946448
     3946448            8       19183.867     63143168      7892896
     3946448           16       34700.945    126286336     15785792
     3946448           32       67850.214    252572672     31571584
     3946448           64      129715.269    505145344     63143168
     3946448          128      263152.550   1010290688    126286336
     3946448          256      504542.529   2020581376    252572672
     4341088            1        3883.528      8682176      1085272
     4341088            2        8699.866     17364352      2170544
     4341088            4       13072.706     34728704      4341088
     4341088            8       22127.180     69457408      8682176
     4341088           16       39850.391    138914816     17364352
     4341088           32       72681.515    277829632     34728704
     4341088           64      144439.315    555659264     69457408
     4341088          128      300495.032   1111318528    138914816
     4775192            1        4167.712      9550384      1193798
     4775192            2        9399.768     19100768      2387596
     4775192            4       14592.899     38201536      4775192
     4775192            8       24153.296     76403072      9550384
     4775192           16       43835.159    152806144     19100768
     4775192           32       80406.889    305612288     38201536
     4775192           64      157161.506    611224576     76403072
     4775192          128      315590.559   1222449152    152806144
     5252704            1        4162.934     10505408      1313176
     5252704            2       10019.043     21010816      2626352
     5252704            4       14532.789     42021632      5252704
     5252704            8       23789.225     84043264     10505408
     5252704           16       47420.080    168086528     21010816
     5252704           32       84438.582    336173056     42021632
     5252704           64      173297.246    672346112     84043264
     5252704          128      340938.439   1344692224    168086528
     5777968            1        5620.997     11555936      1444492
     5777968            2       11799.789     23111872      2888984
     5777968            4       17068.827     46223744      5777968
     5777968            8       28320.971     92447488     11555936
     5777968           16       51864.771    184894976     23111872
     5777968           32       98228.506    369789952     46223744
     5777968           64      189300.765    739579904     92447488
     5777968          128      380146.743   1479159808    184894976
     6355760            1        5707.812     12711520      1588940
     6355760            2       11855.455     25423040      3177880
     6355760            4       17978.598     50846080      6355760
     6355760            8       29643.165    101692160     12711520
     6355760           16       55432.376    203384320     25423040
     6355760           32      108809.914    406768640     50846080
     6355760           64      223268.013    813537280    101692160
     6355760          128      408221.641   1627074560    203384320
     6991336            1        6267.328     13982672      1747834
     6991336            2       13566.887     27965344      3495668
     6991336            4       20757.764     55930688      6991336
     6991336            8       34138.097    111861376     13982672
     6991336           16       63511.932    223722752     27965344
     6991336           32      117797.759    447445504     55930688
     6991336           64      236140.906    894891008    111861376
     6991336          128      453676.606   1789782016    223722752
     7690464            1        7138.506     15380928      1922616
     7690464            2       15652.910     30761856      3845232
     7690464            4       23059.433     61523712      7690464
     7690464            8       38447.808    123047424     15380928
     7690464           16       68649.099    246094848     30761856
     7690464           32      132097.200    492189696     61523712
     7690464           64      253450.914    984379392    123047424
     7690464          128      589379.429   1968758784    246094848
     8459504            1        7723.003     16919008      2114876
     8459504            2       16765.959     33838016      4229752
     8459504            4       25147.474     67676032      8459504
     8459504            8       42229.412    135352064     16919008
     8459504           16       76632.248    270704128     33838016
     8459504           32      144455.631    541408256     67676032
     8459504           64      278596.354   1082816512    135352064
     9305448            1        8797.495     18610896      2326362
     9305448            2       19223.941     37221792      4652724
     9305448            4       28632.155     74443584      9305448
     9305448            8       45930.888    148887168     18610896
     9305448           16       93572.576    297774336     37221792
     9305448           32      164177.607    595548672     74443584
     9305448           64      324266.983   1191097344    148887168
    10235992            1        9463.954     20471984      2558998
    10235992            2       20879.689     40943968      5117996
    10235992            4       35796.808     81887936     10235992
    10235992            8       51924.956    163775872     20471984
    10235992           16       93305.561    327551744     40943968
    10235992           32      175552.603    655103488     81887936
    10235992           64      334403.969   1310206976    163775872
    11259584            1       10844.018     22519168      2814896
    11259584            2       22291.605     45038336      5629792
    11259584            4       33101.494     90076672     11259584
    11259584            8       57017.311    180153344     22519168
    11259584           16      102068.610    360306688     45038336
    11259584           32      191966.712    720613376     90076672
    11259584           64      381676.754   1441226752    180153344
    12385536            1       12021.028     24771072      3096384
    12385536            2       25546.731     49542144      6192768
    12385536            4       37768.962     99084288     12385536
    12385536            8       61234.689    198168576     24771072
    12385536           16      109072.655    396337152     49542144
    12385536           32      205710.377    792674304     99084288
    12385536           64      414107.569   1585348608    198168576
    13624088            1       13046.280     27248176      3406022
    13624088            2       26730.186     54496352      6812044
    13624088            4       41007.235    108992704     13624088
    13624088            8       72450.111    217985408     27248176
    13624088           16      124740.602    435970816     54496352
    13624088           32      231800.641    871941632    108992704
    13624088           64      465651.990   1743883264    217985408
    14986496            1       13492.481     29972992      3746624
    14986496            2       31804.780     59945984      7493248
    14986496            4       46482.975    119891968     14986496
    14986496            8       75321.110    239783936     29972992
    14986496           16      135081.772    479567872     59945984
    14986496           32      265028.764    959135744    119891968
    14986496           64      504112.373   1918271488    239783936
    16485144            1       15915.094     32970288      4121286
    16485144            2       32383.017     65940576      8242572
    16485144            4       49869.637    131881152     16485144
    16485144            8       83267.740    263762304     32970288
    16485144           16      149206.953    527524608     65940576
    16485144           32      278311.154   1055049216    131881152
    16485144           64      541359.525   2110098432    263762304
    18133656            1       17654.491     36267312      4533414
    18133656            2       36512.119     72534624      9066828
    18133656            4       54722.345    145069248     18133656
    18133656            8       90955.056    290138496     36267312
    18133656           16      163072.117    580276992     72534624
    18133656           32      310150.379   1160553984    145069248
    19947016            1       19814.105     39894032      4986754
    19947016            2       40102.853     79788064      9973508
    19947016            4       63991.837    159576128     19947016
    19947016            8       93346.875    319152256     39894032
    19947016           16      169624.385    638304512     79788064
    19947016           32      321686.652   1276609024    159576128
    21941712            1       21634.721     43883424      5485428
    21941712            2       44605.119     87766848     10970856
    21941712            4       71830.357    175533696     21941712
    21941712            8      119259.770    351067392     43883424
    21941712           16      196564.701    702134784     87766848
    21941712           32      392218.499   1404269568    175533696
    24135880            1       21846.442     48271760      6033970
    24135880            2       45853.221     96543520     12067940
    24135880            4       68597.378    193087040     24135880
    24135880            8      111121.364    386174080     48271760
    24135880           16      209147.724    772348160     96543520
    24135880           32      418810.002   1544696320    193087040
    26549464            1       25456.879     53098928      6637366
    26549464            2       53685.779    106197856     13274732
    26549464            4       82663.226    212395712     26549464
    26549464            8      123265.854    424791424     53098928
    26549464           16      217113.893    849582848    106197856
    26549464           32      410794.391   1699165696    212395712
    29204408            1       22306.236     58408816      7301102
    29204408            2       46718.900    116817632     14602204
    29204408            4       76914.748    233635264     29204408
    29204408            8      131945.053    467270528     58408816
    29204408           16      237128.662    934541056    116817632
    29204408           32      457063.906   1869082112    233635264
    32124848            1       30083.939     64249696      8031212
    32124848            2       59211.203    128499392     16062424
    32124848            4       85234.209    256998784     32124848
    32124848            8      146954.692    513997568     64249696
    32124848           16      261780.567   1027995136    128499392
    32124848           32      532719.421   2055990272    256998784
    35337328            1       34493.966     70674656      8834332
    35337328            2       69383.726    141349312     17668664
    35337328            4      104724.186    282698624     35337328
    35337328            8      168524.598    565397248     70674656
    35337328           16      291681.119   1130794496    141349312
    38871056            1       34862.778     77742112      9717764
    38871056            2       70078.777    155484224     19435528
    38871056            4      106636.655    310968448     38871056
    38871056            8      175512.865    621936896     77742112
    38871056           16      315803.807   1243873792    155484224
    42758160            1       33036.680     85516320     10689540
    42758160            2       66061.340    171032640     21379080
    42758160            4      100436.772    342065280     42758160
    42758160            8      165778.414    684130560     85516320
    42758160           16      321765.784   1368261120    171032640
    47033976            1       43551.440     94067952     11758494
    47033976            2       83545.017    188135904     23516988
    47033976            4      127754.027    376271808     47033976
    47033976            8      251642.526    752543616     94067952
    47033976           16      519427.368   1505087232    188135904
    51737368            1       40561.869    103474736     12934342
    51737368            2       85448.579    206949472     25868684
    51737368            4      134011.502    413898944     51737368
    51737368            8      235810.858    827797888    103474736
    51737368           16      442056.123   1655595776    206949472
    56911104            1       49410.790    113822208     14227776
    56911104            2      103498.677    227644416     28455552
    56911104            4      160605.541    455288832     56911104
    56911104            8      260611.058    910577664    113822208
    56911104           16      452746.309   1821155328    227644416
    62602208            1       57200.810    125204416     15650552
    62602208            2      111133.235    250408832     31301104
    62602208            4      173176.641    500817664     62602208
    62602208            8      282343.668   1001635328    125204416
    62602208           16      520642.010   2003270656    250408832
    68862424            1       61500.614    137724848     17215606
    68862424            2      123685.464    275449696     34431212
    68862424            4      188282.112    550899392     68862424
    68862424            8      305737.341   1101798784    137724848
    75748664            1       68378.233    151497328     18937166
    75748664            2      135661.326    302994656     37874332
    75748664            4      201565.780    605989312     75748664
    75748664            8      351386.712   1211978624    151497328
    83323528            1       73740.826    166647056     20830882
    83323528            2      151413.607    333294112     41661764
    83323528            4      245569.200    666588224     83323528
    83323528            8      355238.261   1333176448    166647056
    91655880            1       83291.261    183311760     22913970
    91655880            2      163834.762    366623520     45827940
    91655880            4      254401.863    733247040     91655880
    91655880            8      413415.620   1466494080    183311760
   100821464            1       91909.090    201642928     25205366
   100821464            2      180914.941    403285856     50410732
   100821464            4      242037.281    806571712    100821464
   100821464            8      440282.547   1613143424    201642928
   110903608            1      100435.792    221807216     27725902
   110903608            2      198343.339    443614432     55451804
   110903608            4      297976.675    887228864    110903608
   110903608            8      510627.841   1774457728    221807216
   121993968            1      102219.853    243987936     30498492
   121993968            2      220240.541    487975872     60996984
   121993968            4      350734.717    975951744    121993968
   121993968            8      574651.754   1951903488    243987936
   134193360            1      122675.342    268386720     33548340
   134193360            2      242254.224    536773440     67096680
   134193360            4      337520.570   1073546880    134193360
   134193360            8      599775.212   2147093760    268386720
   147612696            1      129896.386    295225392     36903174
   147612696            2      265203.381    590450784     73806348
   147612696            4      420667.999   1180901568    147612696
   162373960            1      125340.972    324747920     40593490
   162373960            2      277793.037    649495840     81186980
   162373960            4      439067.872   1298991680    162373960
   178611352            1      159516.443    357222704     44652838
   178611352            2      319593.250    714445408     89305676
   178611352            4      490246.151   1428890816    178611352
   196472480            1      164026.595    392944960     49118120
   196472480            2      354114.161    785889920     98236240
   196472480            4      532021.661   1571779840    196472480
   216119728            1      196838.185    432239456     54029932
   216119728            2      389533.808    864478912    108059864
   216119728            4      555812.554   1728957824    216119728
   237731696            1      221996.198    475463392     59432924
   237731696            2      436063.469    950926784    118865848
   237731696            4      683773.880   1901853568    237731696
   261504864            1      210130.520    523009728     65376216
   261504864            2      413976.048   1046019456    130752432
   261504864            4      742723.014   2092038912    261504864
   287655344            1      257965.472    575310688     71913836
   287655344            2      522327.137   1150621376    143827672
   316420872            1      246282.441    632841744     79105218
   316420872            2      514719.099   1265683488    158210436
   348062952            1      313168.908    696125904     87015738
   348062952            2      625070.490   1392251808    174031476
   382869240            1      317709.487    765738480     95717310
   382869240            2      719057.883   1531476960    191434620
   421156160            1      392893.584    842312320    105289040
   421156160            2      716147.367   1684624640    210578080
   463271776            1      414666.842    926543552    115817944
   463271776            2      835515.328   1853087104    231635888
   509598952            1      446125.386   1019197904    127399738
   509598952            2      906216.807   2038395808    254799476
   560558840            1      507084.636   1121117680    140139710
   616614720            1      551062.501   1233229440    154153680
   678276192            1      615099.545   1356552384    169569048
   746103808            1      627071.038   1492207616    186525952
   820714184            1      735053.593   1641428368    205178546
   902785600            1      807961.707   1805571200    225696400
   993064160            1      899290.527   1986128320    248266040

META_DATA
FLOPS          2
OPENMP_THREADS 1
ERT_VERSION  1.1.0
HOSTNAME  ('raspi', [], ['127.0.1.1'])
UNAME  uname_result(system='Linux', node='raspi', release='6.1.21-v8+', version='#1642 SMP PREEMPT Mon Apr  3 17:24:16 BST 2023', machine='aarch64')
TIMESTAMP_DATA  1765910276.428244
CONFIG  {'ERT_MPI': ['False'], 'ERT_OPENMP': ['True'], 'ERT_OPENMP_CFLAGS': ['-fopenmp'], 'ERT_OPENMP_LDFLAGS': ['-fopenmp'], 'ERT_PRECISION': ['FP64'], 'ERT_TRIALS_MIN': ['1'], 'ERT_TRIALS': ['3', '#', 'Run', 'each', 'test', '3', 'times', 'to', 'filter', 'out', 'background', 'noise'], 'ERT_RESULTS': ['Results/Raspi'], 'ERT_GNUPLOT': ['gnuplot'], 'ERT_DRIVER': ['driver1'], 'ERT_KERNEL': ['kernel1'], 'ERT_CC': ['g++'], 'ERT_LD': ['g++'], 'ERT_CFLAGS': ['-O3', '-march=native', '-fopenmp', '-fstrict-aliasing', '-funroll-loops', '-Wno-all'], 'ERT_LDFLAGS': ['-O3', '-march=native', '-fopenmp'], 'ERT_LDLIBS': ['-lm'], 'ERT_RUN': ['export', 'OMP_NUM_THREADS=ERT_OPENMP_THREADS;', './ERT_CODE'], 'ERT_WORKING_SET_MIN': ['128'], 'ERT_MEMORY_MAX': ['1073741824'], 'ERT_ALIGN': ['64'], 'ERT_MIN_PROCS': ['1'], 'ERT_MAX_PROCS': ['1'], 'ERT_OPENMP_THREADS': ['1,2,4', '#', 'Logical', 'Threads'], 'ERT_NUM_EXPERIMENTS': ['3'], 'ERT_FLOPS': ['1,2,4'], 'ERT_GPU': [False], 'ERT_HIP': [False], 'ERT_OCL': [False], 'ERT_SYCL': [False], 'ERT_WSS_MULT': [1.1]}
