fp64

2048 1 8.112 9.537 9.704 0.4220939818631492 0.4294851630491769 0.504930966469428 0.1055234954657873 0.10737129076229422 0.126232741617357
2048 2 6.778 6.853 7.057 1.1608332152472722 1.1953888807821393 1.2086161109471822 0.29020830381181806 0.29884722019553484 0.30215402773679556
2048 4 7.704 7.851 7.87 2.0818297331639135 2.0868679149152976 2.1266874350986504 0.5204574332909784 0.5217169787288244 0.5316718587746626
2048 8 9.556 9.629 9.63 3.40269989615784 3.403053276560391 3.4290498116366686 0.85067497403946 0.8507633191400977 0.8572624529091671
2048 16 13.296 13.296 13.37 4.9017202692595365 4.929001203369435 4.929001203369435 1.2254300673148841 1.2322503008423586 1.2322503008423586
2048 32 20.814 20.87 21.019 6.235881821209382 6.280402491614758 6.297299894301912 1.5589704553023456 1.5701006229036896 1.574324973575478
2048 64 36.037 36.055 36.111 7.259394644291214 7.270669810012482 7.274301412437217 1.8148486610728034 1.8176674525031205 1.8185753531093043
2048 128 66.203 66.259 66.462 7.888537811080016 7.912706198403236 7.919399422986874 1.972134452770004 1.978176549600809 1.9798498557467186
2048 256 126.704 126.814 127.111 8.249293924207976 8.268613875439621 8.275792398030054 2.062323481051994 2.0671534688599054 2.0689480995075136
2048 512 247.647 247.647 286.573 7.318037637879354 8.468311750192816 8.468311750192816 1.8295094094698385 2.117077937548204 2.117077937548204
2048 1024 489.589 489.625 489.663 8.565695182196736 8.56635996936431 8.566989862925842 2.141423795549184 2.1415899923410775 2.1417474657314606
2048 2048 973.419 973.494 975.087 8.602932866503194 8.617010479776969 8.617674403314503 2.1507332166257984 2.154252619944242 2.1544186008286257
2048 4096 1941.081 1960.767 1965.323 8.53662018914957 8.55645571350395 8.643233332354498 2.1341550472873925 2.1391139283759877 2.1608083330886245
2048 8192 3892.495 3892.7 3897.626 8.608940929683863 8.619835075911322 8.620289043402755 2.1522352324209657 2.1549587689778305 2.1550722608506887
2048 16384 7764.105 7772.492 7772.695 8.633924784132146 8.634150282817918 8.643477129688485 2.1584811960330366 2.1585375707044796 2.160869282422121
2048 32768 15531.54 15538.077 15545.061 8.634107514920657 8.637988343087759 8.641623947142396 2.1585268787301644 2.1594970857719398 2.160405986785599
2048 65536 31071.56 31086.097 31094.974 8.632760265372792 8.6352254514293 8.639265489083908 2.158190066343198 2.158806362857325 2.159816372270977
2048 131072 57526.648 62153.953 62337.169 8.61237237128943 8.637759725435325 9.332560311874943 2.1530930928223575 2.1594399313588313 2.3331400779687357
2048 262144 41505.371 124580.274 125665.018 8.544476745310298 8.618875119828362 25.8699488314416 2.1361191863275746 2.1547187799570904 6.4674872078604
2048 524288 132849.471 248795.089 248805.107 8.631187976378637 8.631535520381595 16.16478885339333 2.1577969940946593 2.1578838800953988 4.041197213348332

2240 1 8.685 9.5 26.315 0.1702451073532206 0.47157894736842104 0.515831894070236 0.04256127683830515 0.11789473684210526 0.128957973517559
2240 2 6.667 6.814 6.852 1.3076474022183304 1.3149398297622543 1.3439328033598321 0.3269118505545826 0.3287349574405636 0.33598320083995803
2240 4 7.872 7.909 7.945 2.255506607929515 2.2657731698065495 2.2764227642276422 0.5638766519823788 0.5664432924516374 0.5691056910569106
2240 8 9.834 10.0 10.074 3.557673218185428 3.584 3.6444986780557254 0.889418304546357 0.896 0.9111246695139313
2240 16 14.055 14.092 14.13 5.072894550601557 5.086573942662504 5.099964425471363 1.2682236376503893 1.271643485665626 1.2749911063678407
2240 32 22.556 22.611 22.628 6.335513523068765 6.340276856397329 6.355736832771768 1.5838783807671912 1.5850692140993323 1.588934208192942
2240 64 39.315 39.333 39.537 7.251941219617068 7.289553301299165 7.292890754165078 1.812985304904267 1.8223883253247912 1.8232226885412695
2240 128 73.037 73.185 73.204 7.833451723949511 7.835485413677667 7.851363007790571 1.9583629309873778 1.9588713534194166 1.9628407519476427
2240 256 140.333 140.351 140.388 8.169359204490412 8.171512849926255 8.172560979954822 2.042339801122603 2.042878212481564 2.0431402449887055
2240 512 274.961 275.777 275.869 8.314671093888766 8.317444892068591 8.342128520044662 2.0786677734721914 2.079361223017148 2.0855321300111656
2240 1024 541.165 544.108 545.053 8.416649390059316 8.431267321928736 8.477118808496487 2.104162347514829 2.107816830482184 2.1192797021241216
2240 2048 1082.605 1082.642 1109.513 8.269429921055455 8.474675839289443 8.474965476789782 2.0673574802638637 2.1186689598223607 2.1187413691974455
2240 4096 2160.08 2160.321 2183.47 8.404090736305056 8.494145083068675 8.49509277434169 2.101022684076264 2.1235362707671688 2.1237731935854227
2240 8192 4329.105 4330.531 4480.899 8.19035644409749 8.474748246808533 8.477539814811607 2.0475891110243727 2.118687061702133 2.1193849537029017
2240 16384 8651.191 8661.32 8670.005 8.466006651668598 8.474495804334675 8.48441792580929 2.1165016629171496 2.1186239510836686 2.1211044814523223
2240 32768 17293.515 17297.491 17423.732 8.425327019492725 8.486816960910689 8.488768188537728 2.1063317548731813 2.1217042402276722 2.122192047134432
2240 65536 34587.262 34589.039 34597.51 8.486196839021073 8.48827514404202 8.488711248667212 2.121549209755268 2.122068786010505 2.122177812166803
2240 131072 69190.856 69346.223 69456.579 8.454239590464137 8.46769347481261 8.486707549910932 2.1135598976160344 2.1169233687031523 2.121676887477733
2240 262144 138602.974 138659.581 138767.964 8.463085327100426 8.469700481786397 8.47315960190003 2.1157713317751066 2.1174251204465993 2.1182899004750073

2464 1 4.241 10.073 26.518 0.1858360359001433 0.4892286309937457 1.1619900966753125 0.046459008975035826 0.12230715774843642 0.2904975241688281
2464 2 2.296 6.852 6.963 1.415481832543444 1.4384121424401632 4.2926829268292686 0.353870458135861 0.3596030356100408 1.0731707317073171
2464 4 2.759 8.111 8.13 2.42460024600246 2.4302798668474908 7.1446176150779275 0.606150061500615 0.6075699667118727 1.7861544037694819
2464 8 3.482 10.463 10.629 3.7090977514347543 3.7679441842683743 11.32222860425043 0.9272744378586886 0.9419860460670936 2.8305571510626075
2464 16 4.962 14.964 15.056 5.236981934112646 5.269179363806469 15.89036678758565 1.3092454835281615 1.3172948409516172 3.9725916968964126
2464 32 8.074 24.279 24.426 6.456071399328584 6.4951604267062075 19.53133514986376 1.614017849832146 1.6237901066765519 4.88283378746594
2464 64 14.296 42.872 42.982 7.337769298776233 7.356596379921627 22.061555679910466 1.8344423246940582 1.8391490949804068 5.5153889199776165
2464 128 26.667 80.017 80.073 7.877611679342601 7.883124835972357 23.654104323695954 1.9694029198356502 1.9707812089930892 5.9135260809239885
2464 256 51.518 154.517 154.518 8.164537464890822 8.164590303979498 24.4879071392523 2.0411343662227055 2.0411475759948745 6.121976784813075
2464 512 101.074 303.369 318.776 7.915075162496549 8.317052830051852 24.9632546451115 1.9787687906241374 2.079263207512963 6.240813661277875
2464 1024 200.314 600.904 600.96 8.397018104366348 8.39780064702515 25.19180886008966 2.099254526091587 2.0994501617562875 6.297952215022415
2464 2048 398.682 1196.086 1225.809 8.23337404114344 8.437975195763515 25.314772174314363 2.05834351028586 2.109493798940879 6.328693043578591
2464 4096 795.495 2386.616 2402.801 8.400649075807776 8.457618653356887 25.37424873820703 2.100162268951944 2.1144046633392217 6.343562184551757
2464 8192 1601.732 4777.787 4783.048 8.44026152361423 8.449555411323276 25.20407658709447 2.1100653809035577 2.112388852830819 6.301019146773617
2464 16384 3176.316 9559.019 9578.629 8.429218001866447 8.446510253824163 25.419496045103827 2.1073045004666118 2.111627563456041 6.354874011275957
2464 32768 6359.111 19107.223 19121.541 8.444962882437142 8.451291116453708 25.39359731258033 2.1112407206092856 2.112822779113427 6.348399328145082
2464 65536 12711.073 38209.519 38252.12 8.44296755317091 8.452380884459709 25.407879256141477 2.1107418882927274 2.113095221114927 6.351969814035369
2464 131072 63792.166 76542.331 76689.406 8.422582070853437 8.438765942469141 10.125425369629243 2.1056455177133593 2.1096914856172853 2.5313563424073107
2464 262144 152943.553 153310.611 156533.476 8.252839360700072 8.42632889904796 8.446551728793693 2.063209840175018 2.10658222476199 2.1116379321984233

2704 1 4.24 9.722 26.166 0.20668042497898034 0.5562641431804155 1.2754716981132075 0.051670106244745086 0.13906603579510388 0.31886792452830187
2704 2 2.37 7.074 7.26 1.4898071625344351 1.5289793610404299 4.5637130801687755 0.3724517906336088 0.38224484026010747 1.1409282700421939
2704 4 2.76 8.277 8.574 2.522976440401213 2.613507309411623 7.83768115942029 0.6307441101003033 0.6533768273529057 1.9594202898550726
2704 8 3.777 11.315 11.316 3.8232591021562383 3.8235969951391957 11.454593592798517 0.9558147755390596 0.9558992487847989 2.8636483981996292
2704 16 5.278 15.963 16.0 5.408 5.420534987157803 16.39408866995074 1.352 1.3551337467894506 4.098522167487685
2704 32 8.685 26.017 26.092 6.63253104399816 6.651650843679133 19.9258491652274 1.65813276099954 1.6629127109197832 4.98146229130685
2704 64 15.425 46.13 46.222 7.488036000173078 7.502969867765011 22.438379254457047 1.8720090000432694 1.8757424669412528 5.609594813614262
2704 128 28.852 86.462 86.609 7.9925180985809785 8.006106728967639 23.992236240122 1.9981295246452446 2.0015266822419098 5.9980590600305
2704 256 55.796 167.259 167.426 8.269014370527875 8.27727058035741 24.812674743709227 2.067253592631969 2.0693176450893525 6.203168685927307
2704 512 109.629 328.85 329.034 8.415227605657774 8.419936141097764 25.25696667852484 2.1038069014144436 2.104984035274441 6.31424166963121
2704 1024 217.387 652.106 652.293 8.489730841814952 8.492165384155337 25.47434759208232 2.122432710453738 2.123041346038834 6.36858689802058
2704 2048 432.887 1334.881 1525.437 7.260597455024364 8.297057190865702 25.585392954743384 1.815149363756091 2.0742642977164256 6.396348238685846
2704 4096 863.846 2591.41 2722.836 8.135329487343343 8.547921015972001 25.64249646349002 2.0338323718358358 2.1369802539930003 6.410624115872505
2704 8192 1739.399 5201.785 5216.229 8.493173133311439 8.516756459561478 25.469910009146837 2.1232932833278597 2.1291891148903694 6.367477502286709
2704 16384 3449.573 10372.755 10387.293 8.530102308657318 8.542057727190125 25.68569269297968 2.1325255771643294 2.135514431797531 6.42142317324492
2704 32768 6965.052 20888.286 21123.363 8.389258093041338 8.483670895735534 25.442644792888842 2.0973145232603345 2.1209177239338834 6.3606611982222105
2704 65536 13812.475 41549.628 42129.134 8.412674421458556 8.53000869225592 25.659317971616236 2.103168605364639 2.13250217306398 6.414829492904059
2704 131072 27609.951 83140.497 83298.849 8.509569874128752 8.525777467988913 25.673257297704005 2.127392468532188 2.1314443669972283 6.418314324426001
2704 262144 123018.287 166844.752 167048.436 8.48660894975395 8.496969398234352 11.524097648994251 2.1216522374384876 2.124242349558588 2.881024412248563

2960 1 9.852 10.11 10.407 0.568847890842702 0.5855588526211671 0.6008932196508323 0.1422119727106755 0.14638971315529178 0.15022330491270808
2960 2 2.408 7.148 7.186 1.6476482048427497 1.6564073866815894 4.916943521594685 0.4119120512106874 0.41410184667039734 1.2292358803986712
2960 4 2.87 8.593 8.666 2.7325178859912302 2.7557314092866285 8.250871080139373 0.6831294714978076 0.6889328523216571 2.062717770034843
2960 8 3.852 11.388 11.444 4.138413142257951 4.158763610818405 12.29491173416407 1.0346032855644878 1.0396909027046013 3.0737279335410177
2960 16 5.871 16.724 16.889 5.608384155367399 5.663716814159292 16.133537727814684 1.4020960388418497 1.415929203539823 4.033384431953671
2960 32 9.39 27.87 27.943 6.779515442150092 6.797273053462504 20.17465388711395 1.694878860537523 1.699318263365626 5.043663471778488
2960 64 16.685 49.945 49.963 7.583211576566659 7.585944538992893 22.70782139646389 1.8958028941416647 1.8964861347482231 5.676955349115972
2960 128 31.427 94.148 94.222 8.04228311859226 8.048604325105154 24.11175104209756 2.010570779648065 2.0121510812762886 6.02793776052439
2960 256 60.889 182.369 182.406 8.308498623948774 8.31018429667323 24.88988158780732 2.0771246559871934 2.0775460741683074 6.22247039695183
2960 512 119.703 359.405 359.461 8.43218040343737 8.433494247436736 25.32133697568148 2.1080451008593424 2.108373561859184 6.33033424392037
2960 1024 237.461 712.273 712.439 8.508910938339985 8.510893997105041 25.528739456163326 2.1272277345849964 2.1277234992762604 6.382184864040831
2960 2048 472.979 1418.992 1444.861 8.391229329326487 8.54420602794096 25.633611640263098 2.0978073323316218 2.13605150698524 6.4084029100657744
2960 4096 944.106 2831.945 2857.539 8.485735452779473 8.562426177062054 25.68389566425804 2.121433863194868 2.1406065442655136 6.42097391606451
2960 8192 1886.139 5683.208 5697.004 8.512656828045056 8.533321321338232 25.712124079932604 2.128164207011264 2.133330330334558 6.428031019983151
2960 16384 3777.348 11359.787 11388.713 8.516614651717012 8.538300938213014 25.677612970793266 2.129153662929253 2.1345752345532536 6.4194032426983165
2960 32768 7548.421 22709.96 22950.09 8.452540273262546 8.541915529573808 25.698958762368978 2.1131350683156365 2.135478882393452 6.4247396905922445
2960 65536 15321.006 45411.83 45498.846 8.527098027936798 8.543437249721054 25.322953336092944 2.1317745069841996 2.1358593124302634 6.330738334023236
2960 131072 30191.627 90777.714 91030.436 8.524030797787237 8.54776140320079 25.700709670267187 2.1310076994468092 2.1369403508001974 6.425177417566797
2960 262144 150083.938 181674.614 181760.144 8.538134080703633 8.542153721047674 10.340163648957558 2.1345335201759084 2.1355384302619185 2.5850409122393896

3248 1 9.631 10.297 27.907 0.23277313935571722 0.6308633582596873 0.6744886304641263 0.058193284838929306 0.15771583956492183 0.16862215761603158
3248 2 7.296 7.389 7.407 1.7540164709058998 1.7582893490323455 1.780701754385965 0.43850411772647496 0.43957233725808637 0.4451754385964912
3248 4 8.834 9.129 25.111 1.0347656405559316 2.8463139445722425 2.941362916006339 0.2586914101389829 0.7115784861430606 0.7353407290015848
3248 8 11.871 12.0 12.075 4.303768115942029 4.330666666666667 4.377727234436863 1.0759420289855073 1.0826666666666667 1.0944318086092157
3248 16 17.796 17.907 18.037 5.762377335477075 5.804210643882281 5.840413576084513 1.4405943338692688 1.4510526609705703 1.4601033940211283
3248 32 29.982 30.035 30.056 6.916156507852009 6.920992175794906 6.9332266026282445 1.7290391269630023 1.7302480439487264 1.7333066506570611
3248 64 54.148 54.185 54.277 7.659671684138769 7.672676940112577 7.6779197754303015 1.9149179210346923 1.9181692350281443 1.9194799438575754
3248 128 102.648 102.704 102.777 8.09021473676017 8.095965103598692 8.10038188761593 2.0225536841900427 2.023991275899673 2.0250954719039824
3248 256 199.592 199.629 199.758 8.324953193363969 8.330332767283311 8.331877029139445 2.0812382983409923 2.0825831918208277 2.0829692572848613
3248 512 393.516 393.516 393.61 8.449866619242398 8.451885056770246 8.451885056770246 2.1124666548105995 2.1129712641925615 2.1129712641925615
3248 1024 781.347 781.385 781.44 8.512366912366911 8.512966079461469 8.513380098726943 2.1280917280917278 2.1282415198653672 2.1283450246817357
3248 2048 1557.047 1557.121 1557.157 8.54365230994691 8.543849835690354 8.544255889513932 2.1359130774867277 2.1359624589225885 2.136063972378483
3248 4096 3121.964 3122.945 3132.444 8.494203248326228 8.52003989823708 8.52271711012683 2.123550812081557 2.13000997455927 2.1306792775317076
3248 8192 6235.186 6237.224 6323.001 8.416135312962943 8.53187764300272 8.534666327516133 2.104033828240736 2.13296941075068 2.1336665818790332
3248 16384 12451.612 12452.465 12479.448 8.528459271595986 8.546939421231057 8.547524930908546 2.1321148178989966 2.1367348553077643 2.1368812327271365
3248 32768 24963.503 24993.855 25051.045 8.497087766198977 8.516530483192769 8.526885349383859 2.124271941549744 2.129132620798192 2.1317213373459647
3248 65536 49796.877 49893.267 49968.832 8.519747990107113 8.532651429700925 8.549167772107475 2.1299369975267783 2.1331628574252313 2.137291943026869
3248 131072 99812.513 99864.919 99981.607 8.516003468517965 8.525954064009206 8.5304305683597 2.1290008671294913 2.1314885160023014 2.132607642089925
3248 262144 199380.606 199445.77 199544.765 8.533861682615427 8.538097468800668 8.54088799389044 2.133465420653857 2.134524367200167 2.13522199847261

3568 1 4.444 12.018 27.037 0.2639346081296002 0.5937760026626726 1.6057605760576057 0.06598365203240004 0.14844400066566815 0.4014401440144014
3568 2 2.537 7.536 7.537 1.8935916147008094 1.8938428874734607 5.625541978715018 0.47339790367520235 0.4734607218683652 1.4063854946787544
3568 4 3.092 9.037 9.093 3.139118002859343 3.1585703220095165 9.23156532988357 0.7847795007148357 0.7896425805023791 2.3078913324708923
3568 8 4.149 12.463 12.518 4.560472918996644 4.5805985717724464 13.759460110870087 1.140118229749161 1.1451496429431116 3.439865027717522
3568 16 6.352 19.073 19.168 5.956594323873122 5.986263304147223 17.974811083123424 1.4891485809682805 1.4965658260368058 4.493702770780856
3568 32 10.889 32.481 32.556 7.0141294999385675 7.0303254210153625 20.970888052162735 1.7535323749846419 1.7575813552538406 5.242722013040684
3568 64 19.797 59.722 59.741 7.644733097872482 7.6471651987542275 23.069353942516543 1.9111832744681205 1.9117912996885569 5.767338485629136
3568 128 37.592 112.684 112.684 8.105924532320472 8.105924532320472 24.297935731006596 2.026481133080118 2.026481133080118 6.074483932751649
3568 256 73.203 219.479 219.647 8.317054182392658 8.32342046391682 24.955479966668033 2.0792635455981645 2.080855115979205 6.238869991667008
3568 512 144.443 433.294 433.387 8.430414387141285 8.43222384801082 25.294628330898693 2.1076035967853213 2.108055962002705 6.323657082724673
3568 1024 286.943 860.773 860.791 8.48901068900581 8.489188206414466 25.46590786323416 2.1222526722514523 2.1222970516036166 6.36647696580854
3568 2048 571.96 1740.416 1741.805 8.390450136496336 8.397146429359418 25.551660955311558 2.097612534124084 2.0992866073398546 6.3879152388278895
3568 4096 1141.993 3425.925 3442.408 8.490874992156654 8.531726759926151 25.594776850646195 2.1227187480391634 2.132931689981538 6.398694212661549
3568 8192 2297.857 6876.758 7180.902 8.140775629579682 8.500824371019018 25.44027413368195 2.0351939073949206 2.1252060927547545 6.360068533420487
3568 16384 4567.196 13728.738 13786.308 8.480604379359578 8.516166890212341 25.599125590406018 2.1201510948398945 2.1290417225530853 6.3997813976015046
3568 32768 9679.296 27478.291 27478.451 8.50966628359073 8.509715833491972 24.158001573668166 2.1274165708976827 2.127428958372993 6.0395003934170415
3568 65536 54915.765 54936.551 55121.126 8.484313183297452 8.51281865146576 8.516040812688306 2.121078295824363 2.12820466286644 2.1290102031720766
3568 131072 109866.563 109920.382 110618.438 8.455460128627019 8.509157036954257 8.513325314454407 2.1138650321567547 2.127289259238564 2.128331328613602
3568 262144 156884.381 219905.244 220017.035 8.50233975746469 8.506662005750076 11.923810210271984 2.1255849393661723 2.126665501437519 2.980952552567996

3920 1 4.704 10.629 39.443 0.1987678422026722 0.7376046664785022 1.6666666666666667 0.04969196055066805 0.18440116661962555 0.4166666666666667
3920 2 2.574 7.759 7.796 2.0112878399179066 2.020878979249903 6.091686091686092 0.5028219599794767 0.5052197448124758 1.522921522921523
3920 4 3.185 9.685 9.778 3.207199836367355 3.237996902426432 9.846153846153845 0.8017999590918388 0.809499225606608 2.4615384615384612
3920 8 4.389 13.185 13.277 4.723958725615726 4.756920743268866 14.290271132376395 1.1809896814039316 1.1892301858172165 3.5725677830940987
3920 16 6.76 20.333 20.352 6.163522012578616 6.169281463630551 18.556213017751478 1.540880503144654 1.5423203659076377 4.6390532544378695
3920 32 11.613 34.907 34.963 7.175585619083029 7.1870971438393445 21.603375527426163 1.7938964047707573 1.7967742859598361 5.400843881856541
3920 64 21.296 63.777 63.797 7.864946627584369 7.867413017231917 23.561232156273476 1.9662366568960923 1.9668532543079793 5.890308039068369
3920 128 40.611 121.741 121.944 8.229351177589713 8.243073409944062 24.710546403683733 2.0573377943974283 2.0607683524860154 6.177636600920933
3920 256 79.241 237.553 237.777 8.440850040163681 8.44880931834159 25.328302267765423 2.1102125100409204 2.1122023295853976 6.332075566941356
3920 512 156.555 469.349 495.497 8.101118674785114 8.552441786389233 25.640062597809074 2.0252796686962786 2.138110446597308 6.410015649452268
3920 1024 311.146 932.57 933.013 8.604553205582343 8.60864063823627 25.801906500485302 2.151138301395586 2.1521601595590676 6.4504766251213255
3920 2048 620.331 1860.952 1893.768 8.478504230718862 8.628014048723449 25.883471888395064 2.1196260576797155 2.157003512180862 6.470867972098766
3920 4096 1244.956 3727.701 3734.127 8.599771780659843 8.614596503313972 25.794196742696126 2.1499429451649608 2.153649125828493 6.448549185674032
3920 8192 2473.171 7446.364 7451.551 8.619048571230337 8.62505244170175 25.9687987607812 2.1547621428075843 2.1562631104254373 6.4921996901953
3920 16384 4948.989 14880.616 16225.965 7.916358749695319 8.632072758278285 25.954909174378844 1.9790896874238297 2.1580181895695714 6.488727293594711
3920 32768 9902.071 29992.03 30222.127 8.500431488491857 8.565646273359956 25.94418076784139 2.1251078721229644 2.141411568339989 6.486045191960348
3920 65536 24205.488 59764.598 60081.793 8.551712829209341 8.597100243190793 21.226683799971312 2.1379282073023353 2.1492750607976983 5.306670949992828
3920 131072 119018.514 119270.528 119875.533 8.572262031151928 8.615745207399433 8.633988490227663 2.143065507787982 2.1539363018498583 2.158497122556916
3920 262144 238104.596 238768.856 239028.458 8.598176874822158 8.607525262842486 8.63153838492055 2.1495442187055396 2.1518813157106216 2.1578845962301374

4304 1 10.463 10.573 27.741 0.3102988356584117 0.8141492480847441 0.8227085921819746 0.07757470891460293 0.20353731202118602 0.20567714804549364
4304 2 7.815 7.87 8.019 2.1469011098640727 2.1875476493011434 2.202943058221369 0.5367252774660182 0.5468869123252859 0.5507357645553422
4304 4 9.87 9.926 9.981 3.4497545336138664 3.468869635301229 3.48855116514691 0.8624386334034666 0.8672174088253073 0.8721377912867275
4304 8 13.889 13.907 13.963 4.931891427343694 4.951750916804486 4.958168334653323 1.2329728568359235 1.2379377292011216 1.2395420836633309
4304 16 21.666 21.704 21.833 6.308248980900472 6.345742720235901 6.356872519154436 1.577062245225118 1.5864356800589752 1.589218129788609
4304 32 37.703 37.796 37.814 7.28449780504575 7.287966980632871 7.305943824098877 1.8211244512614375 1.8219917451582177 1.8264859560247193
4304 64 69.722 69.759 69.852 7.886846475405141 7.8973609140039285 7.901551877456184 1.9717116188512853 1.9743402285009821 1.975387969364046
4304 128 133.629 133.665 133.684 8.242003530714221 8.24317510193394 8.245395834736472 2.0605008826785554 2.060793775483485 2.061348958684118
4304 256 261.462 261.499 261.536 8.42579224275052 8.426984424414625 8.428176943494655 2.10644806068763 2.1067461061036563 2.107044235873664
4304 512 517.07 517.182 517.237 8.520844409816004 8.52175056363137 8.523596418279922 2.130211102454001 2.1304376409078425 2.1308991045699806
4304 1024 1028.513 1028.551 1054.734 8.357170623114454 8.56991243020521 8.570229058845149 2.0892926557786136 2.1424781075513026 2.142557264711287
4304 2048 2051.321 2071.026 2077.34 8.48642205897927 8.51229487220344 8.594064020209416 2.1216055147448176 2.12807371805086 2.148516005052354
4304 4096 4110.568 4111.698 4112.829 8.572777521263344 8.575135625233175 8.577492940148417 2.143194380315836 2.1437839063082937 2.1443732350371043
4304 8192 8217.101 8222.007 8330.213 8.46517802125828 8.576584281672346 8.581704910284051 2.11629450531457 2.1441460704180866 2.1454262275710128
4304 16384 16413.016 16417.775 16425.593 8.586202762968739 8.590291437177083 8.592782216260558 2.1465506907421847 2.1475728592942707 2.1481955540651394
4304 32768 32827.513 32841.946 32842.366 8.588508635461888 8.588618469806873 8.592394556358869 2.147127158865472 2.147154617451718 2.148098639089717
4304 65536 65684.525 65949.964 66259.671 8.513985648977942 8.55396809617667 8.588535701521781 2.1284964122444854 2.1384920240441674 2.1471339253804453
4304 131072 102258.481 131378.764 131461.105 8.582521621128924 8.58790067472396 11.033488518179729 2.145630405282231 2.14697516868099 2.758372129544932

4720 1 10.889 12.13 28.444 0.3318801856279004 0.7782357790601813 0.8669299292864359 0.0829700464069751 0.19455894476504532 0.21673248232160897
4720 2 8.13 8.184 8.204 2.3013164310092633 2.3069403714565 2.322263222632226 0.5753291077523158 0.576735092864125 0.5805658056580565
4720 4 10.369 10.462 16.444 2.2962782777912913 3.6092525329764866 3.6416240717523385 0.5740695694478228 0.9023131332441217 0.9104060179380846
4720 8 14.667 14.797 14.908 5.065736517306144 5.103737244035953 5.148973886957114 1.266434129326536 1.2759343110089882 1.2872434717392784
4720 16 23.129 23.463 23.63 6.391874735505713 6.437369475344158 6.530329888884084 1.5979686838764282 1.6093423688360395 1.632582472221021
4720 32 40.797 40.833 40.833 7.397937942350549 7.397937942350549 7.404466014657941 1.8494844855876373 1.8494844855876373 1.8511165036644852
4720 64 75.703 75.72 75.759 7.974762074472999 7.978869519281563 7.980661268377738 1.9936905186182496 1.9947173798203908 1.9951653170944346
4720 128 145.5 145.501 145.648 8.296166099088213 8.304547735067112 8.304604810996562 2.074041524772053 2.076136933766778 2.0761512027491404
4720 256 285.072 285.221 285.276 8.47123487429717 8.472868407305212 8.477296963574114 2.1178087185742926 2.118217101826303 2.1193242408935284
4720 512 564.478 564.571 590.757 8.18150271600675 8.560978158637266 8.562388613905236 2.0453756790016877 2.1402445396593164 2.140597153476309
4720 1024 1123.623 1123.752 1151.566 8.394273537079071 8.602040307825925 8.60302788390768 2.0985683842697678 2.1505100769564813 2.15075697097692
4720 2048 2240.154 2240.266 2240.728 8.628053025623815 8.629832350265549 8.630263812220052 2.157013256405954 2.157458087566387 2.157565953055013
4720 4096 4502.808 4555.122 4585.567 8.432161170036334 8.488519078083968 8.587139402790436 2.1080402925090835 2.122129769520992 2.146784850697609
4720 8192 8970.986 8979.114 9007.672 8.585179389302805 8.61248448343567 8.620287669605101 2.1462948473257013 2.1531211208589176 2.1550719174012753
4720 16384 17923.21 17934.97 18003.789 8.590689437651152 8.623653120133458 8.62931137893268 2.147672359412788 2.1559132800333645 2.15732784473317
4720 32768 35879.274 35899.661 36233.464 8.537133518340946 8.616513676828314 8.621409675123305 2.1342833795852365 2.1541284192070784 2.155352418780826
4720 65536 71740.527 71751.025 72006.36 8.591738840846835 8.622313618516252 8.623575346749265 2.147934710211709 2.155578404629063 2.155893836687316
4720 131072 143515.387 143745.499 143869.51 8.600291194430286 8.607710770825596 8.621512339997382 2.1500727986075714 2.151927692706399 2.1553780849993456

5184 1 10.963 11.241 26.814 0.38666368315059296 0.922337870296237 0.945726534707653 0.09666592078764824 0.23058446757405926 0.23643163367691325
5184 2 8.371 8.444 8.463 2.450194966323999 2.4557081951681665 2.477123402221957 0.6125487415809997 0.6139270487920416 0.6192808505554892
5184 4 10.721 10.852 10.925 3.7960640732265443 3.821599705123479 3.8682958679227686 0.9490160183066361 0.9553999262808698 0.9670739669806921
5184 8 15.63 15.668 15.722 5.275664673705635 5.2938473321419455 5.3067178502879075 1.3189161684264088 1.3234618330354864 1.3266794625719769
5184 16 25.149 25.149 25.296 6.557874762808349 6.596206608612668 6.596206608612668 1.6394686907020872 1.649051652153167 1.649051652153167
5184 32 44.203 44.222 44.389 7.474284169501452 7.502510062864636 7.505734904870709 1.868571042375363 1.875627515716159 1.8764337262176773
5184 64 82.554 82.574 82.611 8.032247521516505 8.035846634533872 8.03779344429101 2.008061880379126 2.008961658633468 2.0094483610727525
5184 128 159.184 159.387 184.869 7.178618373010077 8.326300137401418 8.336918283244549 1.7946545932525193 2.0815750343503545 2.084229570811137
5184 256 312.015 312.35 312.553 8.492025352500216 8.497544421322234 8.506667948656315 2.123006338125054 2.1243861053305584 2.1266669871640786
5184 512 618.867 618.904 632.478 8.39304450115261 8.577123431097553 8.57763622878583 2.0982611252881527 2.144280857774388 2.1444090571964574
5184 1024 1229.936 1230.049 1231.603 8.620336260954218 8.6312268860834 8.63201987745704 2.1550840652385546 2.15780672152085 2.15800496936426
5184 2048 2469.43 2470.819 2503.468 8.481699786056781 8.593775586151798 8.598609395690504 2.1204249465141953 2.1484438965379495 2.149652348922626
5184 4096 4916.12 4916.159 4917.379 8.636171423841848 8.638314586651896 8.638383115139582 2.159042855960462 2.159578646662974 2.1595957787848956
5184 8192 9824.48 9828.685 9839.239 8.632238326561637 8.641507587230642 8.645206260280442 2.1580595816404093 2.1603768968076604 2.1613015650701106
5184 16384 19653.035 19665.219 19682.39 8.630522614377623 8.638058493017544 8.64341370175141 2.157630653594406 2.159514623254386 2.1608534254378524
5184 32768 39320.094 39454.659 39483.16 8.604646233989376 8.61086200238101 8.640330920877249 2.151161558497344 2.1527155005952525 2.160082730219312
5184 65536 78620.265 78676.189 78813.321 8.621350291786335 8.636377239878765 8.642520449403218 2.155337572946584 2.1590943099696913 2.1606301123508045
5184 131072 157258.769 157639.383 158592.63 8.568837631357773 8.620653482258302 8.641518082848531 2.1422094078394434 2.1551633705645754 2.160379520712133

5696 1 4.852 10.277 27.296 0.41735052754982416 1.1084946968959815 2.3478977741137674 0.10433763188745604 0.27712367422399536 0.5869744435284419
5696 2 2.889 8.631 8.648 2.6345975948196116 2.6397868149692965 7.886465905157495 0.6586493987049029 0.6599467037423241 1.9716164762893738
5696 4 3.796 11.241 11.426 3.9880973218974267 4.0537318743884 12.004214963119074 0.9970243304743567 1.0134329685971 3.0010537407797684
5696 8 5.556 16.482 16.5 5.523393939393939 5.529426040529063 16.403167746580273 1.3808484848484848 1.3823565101322657 4.100791936645068
5696 16 9.037 27.055 27.129 6.718714290980132 6.737091110700425 20.16952528493969 1.679678572745033 1.6842727776751063 5.042381321234923
5696 32 16.037 48.055 48.204 7.56252593145797 7.585974404328374 22.73143355989275 1.8906314828644926 1.8964936010820934 5.6828583899731875
5696 64 30.036 89.999 90.091 8.092795062769868 8.101067789642109 24.273804767612198 2.023198765692467 2.025266947410527 6.0684511919030495
5696 128 58.092 174.166 174.166 8.372334439557664 8.372334439557664 25.101149900158372 2.093083609889416 2.093083609889416 6.275287475039593
5696 256 114.165 342.35 367.665 7.932090353990724 8.51862713597196 25.545061971707618 1.983022588497681 2.12965678399299 6.3862654929269045
5696 512 226.296 678.885 678.922 8.591125342822886 8.591593568866598 25.774666808074382 2.1477813357057216 2.1478983922166495 6.443666702018596
5696 1024 450.572 1351.715 1366.047 8.539536340989732 8.6300795655889 25.890219543158477 2.134884085247433 2.157519891397225 6.472554885789619
5696 2048 911.476 2697.336 2720.855 8.574810491555045 8.649577212479276 25.596741987721014 2.1437026228887612 2.162394303119819 6.3991854969302535
5696 4096 1796.286 3502.905 5425.358 8.600654924522953 13.320838561137114 25.976727536706292 2.150163731130738 3.3302096402842785 6.494181884176573
5696 8192 3595.443 3599.313 10796.4 8.643924271053315 25.92807683021732 25.955984839698473 2.1609810677633288 6.48201920755433 6.488996209924618
5696 16384 7187.088 7187.367 21607.911 8.637879339654814 25.968693125034523 25.969701219742966 2.1594698349137036 6.492173281258631 6.492425304935741
5696 32768 14373.084 14439.863 43216.952 8.63765348375332 25.85156493520749 25.971674276724464 2.15941337093833 6.462891233801873 6.492918569181116
5696 65536 28759.71 28884.925 86569.107 8.62416325953322 25.84691190993226 25.959445070899534 2.156040814883305 6.461727977483065 6.4898612677248835
5696 131072 106908.38 138882.982 173138.27 8.624160470125988 10.751297261172 13.966839867931775 2.156040117531497 2.687824315293 3.4917099669829437

6256 1 10.741 11.26 25.574 0.4892468913740517 1.111190053285968 1.1648822269807282 0.12231172284351292 0.277797513321492 0.29122055674518205
6256 2 8.926 8.982 9.037 2.769060528936594 2.786016477399243 2.803495406677123 0.6922651322341485 0.6965041193498107 0.7008738516692807
6256 4 11.832 11.908 12.0 4.1706666666666665 4.202888814242526 4.229885057471264 1.0426666666666666 1.0507222035606314 1.057471264367816
6256 8 17.574 17.629 17.703 5.654182906851946 5.677917068466731 5.695686810060316 1.4135457267129865 1.4194792671166827 1.423921702515079
6256 16 29.0 29.167 29.185 6.8594140825766665 6.8636472726025985 6.903172413793103 1.7148535206441666 1.7159118181506496 1.7257931034482759
6256 32 52.0 52.13 52.148 7.677839993863619 7.6804910799923265 7.699692307692308 1.9194599984659046 1.9201227699980816 1.924923076923077
6256 64 98.166 98.278 98.296 8.14649629689916 8.147988359551475 8.157284599555854 2.03662407422479 2.0369970898878687 2.0393211498889636
6256 128 190.461 190.462 190.499 8.407057254893726 8.408690447438333 8.408734596584077 2.1017643137234314 2.1021726118595834 2.1021836491460193
6256 256 374.831 374.961 374.979 8.542003685539724 8.542413744362747 8.54537644965331 2.135500921384931 2.135603436090687 2.1363441124133273
6256 512 743.791 743.829 743.958 8.610894701044952 8.61238806231002 8.612828065948634 2.152723675261238 2.153097015577505 2.1532070164871584
6256 1024 1496.139 1500.196 1507.064 8.501488987859839 8.54040938650683 8.563567957255309 2.1253722469649596 2.1351023466267076 2.140891989313827
6256 2048 2957.613 2957.742 2957.78 8.663448938054891 8.663560242915034 8.663938114959597 2.165862234513723 2.1658900607287586 2.1659845287398993
6256 4096 5936.04 5957.318 6128.724 8.362124318210446 8.602722231715681 8.633559073052067 2.0905310795526115 2.1506805579289203 2.158389768263017
6256 8192 5260.359 11866.413 11901.675 8.612090651105833 8.637682170677861 19.485039709266992 2.153022662776458 2.1594205426694653 4.871259927316748
6256 16384 7895.566 23702.85 23721.233 8.641903563781865 8.648605884946326 25.96351015240706 2.160475890945466 2.1621514712365815 6.490877538101765
6256 32768 15771.742 47394.568 47434.837 8.643293451182302 8.650637262903208 25.995430054587498 2.1608233627955755 2.162659315725802 6.4988575136468745
6256 65536 31570.557 94988.505 95130.152 8.619627055783534 8.632480656475222 25.973137946219953 2.1549067639458834 2.1581201641188055 6.493284486554988
6256 131072 103568.841 189945.084 190622.617 8.603243884748471 8.633931605200162 15.834616359180847 2.1508109711871177 2.1584829013000406 3.958654089795212

6880 1 10.241 11.778 27.666 0.4973613822019808 1.1682798437765325 1.34361878722781 0.1243403455504952 0.2920699609441331 0.3359046968069525
6880 2 9.222 9.278 9.352 2.942686056458512 2.9661564992455274 2.984168293211885 0.735671514114628 0.7415391248113818 0.7460420733029712
6880 4 12.37 12.499 12.537 4.390204993220069 4.403552284182735 4.4494745351657246 1.0975512483050172 1.1008880710456836 1.1123686337914311
6880 8 18.815 18.833 18.852 5.83916825800976 5.845059204587693 5.850651076268934 1.45979206450244 1.4612648011469231 1.4626627690672336
6880 16 31.611 31.629 31.741 6.936139378091427 6.960700622846123 6.964664199171175 1.7340348445228568 1.7401751557115308 1.7411660497927937
6880 32 56.999 57.111 57.185 7.699921308035324 7.70989826828457 7.725047807856278 1.924980327008831 1.9274745670711424 1.9312619519640695
6880 64 107.889 108.019 108.314 8.130435585427554 8.152639813366166 8.162463272437414 2.0326088963568885 2.0381599533415415 2.0406158181093534
6880 128 209.888 209.98 210.166 8.380423094125597 8.387846461567769 8.391523098033236 2.095105773531399 2.096961615391942 2.097880774508309
6880 256 413.868 413.924 413.997 8.508660690777951 8.51016128564664 8.511312785719118 2.127165172694488 2.12754032141166 2.1278281964297796
6880 512 821.755 821.847 848.681 8.30125806987549 8.572301170412498 8.573260886760654 2.0753145174688723 2.1430752926031245 2.1433152216901634
6880 1024 1637.527 1637.62 1677.009 8.40200619078371 8.60409618837093 8.604584840433166 2.1005015476959277 2.1510240470927324 2.1511462101082914
6880 2048 3269.259 3283.018 3292.814 8.558175469370575 8.583711694544471 8.619837094583207 2.1395438673426437 2.1459279236361177 2.154959273645802
6880 4096 6563.037 6563.186 6567.609 8.58165582025361 8.587439088272069 8.587634048078657 2.1454139550634026 2.146859772068017 2.1469085120196643
6880 8192 13121.497 13198.278 13311.867 8.467776909129276 8.540653561017582 8.590629560026574 2.116944227282319 2.1351633902543954 2.1476573900066436
6880 16384 26226.089 26346.087 26478.277 8.5142941891574 8.557014178234514 8.596166969463118 2.12857354728935 2.1392535445586285 2.1490417423657795
6880 32768 52377.492 52488.41 52523.491 8.58449564976555 8.590233158139101 8.608424397258274 2.1461239124413876 2.1475582895347753 2.1521060993145684
6880 65536 104808.13 104862.632 104904.542 8.596151728111067 8.599587315336507 8.604059246167258 2.149037932027767 2.1498968288341267 2.1510148115418146
6880 131072 209661.447 209993.675 210008.727 8.58797986999845 8.588595442219868 8.602204867926913 2.1469949674996127 2.147148860554967 2.1505512169817282

7568 1 6.055 13.463 26.074 0.5805016491524123 1.1242665082076804 2.499752270850537 0.14512541228810308 0.2810666270519201 0.6249380677126343
7568 2 3.241 9.537 9.685 3.1256582343830663 3.174163783160323 9.340327059549523 0.7814145585957666 0.7935409457900807 2.3350817648873807
7568 4 4.408 13.037 13.185 4.591884717481987 4.6440131932192985 13.73502722323049 1.1479711793704968 1.1610032983048246 3.4337568058076227
7568 8 6.74 20.055 20.092 6.02667728449134 6.03779606083271 17.965578635014836 1.506669321122835 1.5094490152081774 4.491394658753709
7568 16 11.37 33.945 33.945 7.134364413021063 7.134364413021063 21.299560246262093 1.7835911032552658 1.7835911032552658 5.324890061565523
7568 32 20.611 61.851 61.999 7.812255036371554 7.8309485699503645 23.499684634418514 1.9530637590928885 1.9577371424875911 5.874921158604629
7568 64 39.24 117.593 117.758 8.22622666825184 8.23776925497266 24.686646279306828 2.05655666706296 2.059442313743165 6.171661569826707
7568 128 76.463 229.313 257.276 7.530465336836704 8.448749089672196 25.337849678929683 1.882616334209176 2.112187272418049 6.334462419732421
7568 256 150.814 452.59 551.035 7.03188726668905 8.561426456616363 25.692681050830828 1.7579718166722624 2.140356614154091 6.423170262707707
7568 512 299.591 898.68 899.032 8.619973482590163 8.623349801931724 25.867372517866027 2.154993370647541 2.155837450482931 6.466843129466507
7568 1024 745.292 1791.119 1811.952 8.553904297685591 8.653397122134264 20.796230202390472 2.1384760744213978 2.163349280533566 5.199057550597618
7568 2048 3576.498 3591.867 3606.831 8.59439435892616 8.630199280764014 8.667285148768432 2.14859858973154 2.1575498201910035 2.166821287192108
7568 4096 7175.514 7176.83 7180.125 8.63453714245922 8.638501399643019 8.6400857137203 2.158634285614805 2.1596253499107547 2.160021428430075
7568 8192 14334.101 14341.566 14346.049 8.643084378144811 8.645786101740912 8.650288706630434 2.160771094536203 2.161446525435228 2.1625721766576085
7568 16384 28657.704 28739.258 28884.06 8.585642877074761 8.628901414225796 8.653457513553771 2.1464107192686903 2.157225353556449 2.163364378388443
7568 32768 57346.056 57358.981 57419.827 8.637721043638813 8.6468838768248 8.648832763669049 2.159430260909703 2.1617209692062 2.162208190917262
7568 65536 114763.061 114786.425 115004.147 8.625366318311983 8.641726545625932 8.643485868680342 2.1563415795779957 2.160431636406483 2.1608714671700855
7568 131072 228808.613 229582.188 229714.639 8.636392528732138 8.641375053015873 8.670590525366281 2.1590981321830345 2.160343763253968 2.1676476313415702

8320 1 11.389 13.148 28.295 0.5880897685103375 1.2655917249771829 1.4610589164983758 0.14702244212758436 0.3163979312442957 0.36526472912459396
8320 2 9.944 10.019 10.093 3.297334786485683 3.3216887912965367 3.3467417538213997 0.8243336966214208 0.8304221978241342 0.8366854384553499
8320 4 13.796 13.815 13.962 4.767225325884544 4.81795150199059 4.824586836764279 1.191806331471136 1.2044878754976476 1.2061467091910698
8320 8 21.518 21.703 21.778 6.112590687850124 6.133714233055338 6.1864485546983925 1.528147671962531 1.5334285582638345 1.5466121386745981
8320 16 37.074 37.074 37.093 7.177634594128271 7.181313049576523 7.181313049576523 1.7944086485320678 1.7953282623941307 1.7953282623941307
8320 32 67.87 68.017 68.018 7.828515981063836 7.8286310775247365 7.8455871519080596 1.957128995265959 1.9571577693811841 1.9613967879770149
8320 64 129.703 129.703 129.796 8.204875342845696 8.210758425017154 8.210758425017154 2.051218835711424 2.0526896062542885 2.0526896062542885
8320 128 253.387 253.389 253.405 8.405201160198102 8.405731898385486 8.405798245371704 2.1013002900495255 2.1014329745963716 2.101449561342926
8320 256 500.608 500.683 531.682 8.012007177222475 8.50805799278186 8.50933265149578 2.003001794305619 2.127014498195465 2.127333162873945
8320 512 995.198 1024.568 1035.661 8.226321161074909 8.315387558463664 8.56078890833784 2.056580290268727 2.078846889615916 2.14019722708446
8320 1024 1983.988 1984.229 1984.378 8.586751112943201 8.587395910451868 8.588439042978083 2.1466877782358003 2.146848977612967 2.1471097607445206
8320 2048 3976.773 3977.051 3978.606 8.565492536833252 8.568841586391525 8.5694405991994 2.141373134208313 2.142210396597881 2.14236014979985
8320 4096 7942.306 7945.991 8031.77 8.485980051719608 8.577588371293148 8.581568123917663 2.121495012929902 2.144397092823287 2.1453920309794157
8320 8192 15872.965 15883.259 15987.817 8.526172147204338 8.582299136468151 8.58786496410721 2.1315430368010846 2.145574784117038 2.1469662410268024
8320 16384 31906.407 31938.043 31984.407 8.52383350424474 8.536207431369542 8.544671294389243 2.130958376061185 2.1340518578423855 2.1361678235973107
8320 32768 63505.463 63525.219 63615.983 8.571108930282504 8.583355218342499 8.586025425875567 2.142777232570626 2.1458388045856247 2.1465063564688918
8320 65536 127024.023 127046.345 127117.706 8.578813088398558 8.58363174477786 8.585140151009073 2.1447032720996395 2.145907936194465 2.146285037752268

9152 1 10.908 13.056 14.481 1.2640011048960709 1.4019607843137256 1.678034470113678 0.3160002762240177 0.3504901960784314 0.4195086175284195
9152 2 3.556 10.481 10.501 3.486144176745072 3.492796488884648 10.294713160854894 0.871536044186268 0.873199122221162 2.5736782902137234
9152 4 4.982 14.648 14.777 4.954726940515666 4.998361551064992 14.69610598153352 1.2386817351289166 1.249590387766248 3.67402649538338
9152 8 7.796 23.241 23.482 6.235925389660165 6.300589475495891 18.782965623396613 1.5589813474150414 1.5751473688739728 4.695741405849153
9152 16 13.463 40.148 40.445 7.241043392261094 7.294609943210122 21.753249647181164 1.8102608480652735 1.8236524858025305 5.438312411795291
9152 32 33.055 74.073 74.239 7.889761446140168 7.907442657918541 17.7198003327787 1.972440361535042 1.9768606644796352 4.429950083194675
9152 64 47.518 142.314 142.74 8.206921675774135 8.231488117823966 24.652889431373374 2.0517304189435337 2.0578720294559916 6.163222357843344
9152 128 92.704 278.054 302.962 7.733352697698061 8.426104281902077 25.27304107697618 1.9333381744245153 2.1065260704755193 6.318260269244045
9152 256 183.276 549.424 549.719 8.524035006976291 8.528611782521331 25.567035509286537 2.131008751744073 2.1321529456303328 6.391758877321634
9152 512 364.387 1092.808 1092.827 8.575600712647107 8.575749811494791 25.718941674648107 2.143900178161777 2.143937452873698 6.429735418662027
9152 1024 726.552 2193.041 2200.71 8.516931353972126 8.546714812901353 25.79759741904227 2.1292328384930315 2.1366787032253383 6.449399354760567
9152 2048 1450.899 4365.882 4366.475 8.58509255177231 8.586258629985878 25.83680325094993 2.1462731379430773 2.1465646574964694 6.459200812737483
9152 4096 2909.169 8723.338 8737.08 8.581034395930907 8.594552223013714 25.77134020058649 2.1452585989827266 2.1486380557534286 6.4428350501466225
9152 8192 5807.56 17435.51 17457.305 8.589319370888004 8.600056321839741 25.819168118796874 2.147329842722001 2.1500140804599353 6.4547920296992185
9152 16384 11605.12 34902.278 34925.871 8.586549953185134 8.59235422971532 25.841416202503723 2.1466374882962835 2.14808855742883 6.460354050625931
9152 32768 40101.09 69761.466 69789.278 8.594235234816441 8.597661522766739 14.95683713335473 2.1485588087041103 2.1494153806916847 3.7392092833386825
9152 65536 139741.217 139772.409 139810.06 8.58000450039146 8.582315727276331 8.584231408260885 2.145001125097865 2.1455789318190828 2.1460578520652214

10064 1 6.296 11.519 27.852 0.7226770070371966 1.7473739039847211 3.1969504447268107 0.18066925175929915 0.4368434759961803 0.7992376111817027
10064 2 3.666 10.98 11.0 3.659636363636364 3.6663023679417126 10.980905619203492 0.914909090909091 0.9165755919854282 2.745226404800873
10064 4 5.166 15.63 15.759 5.108953613807984 5.151119641714652 15.584978706929927 1.277238403451996 1.287779910428663 3.896244676732482
10064 8 8.279 24.907 25.149 6.4027993160761865 6.465009836592123 19.449691991786448 1.6006998290190466 1.6162524591480307 4.862422997946612
10064 16 14.481 43.629 43.666 7.375257637521184 7.381512296866764 22.239348111318282 1.843814409380296 1.845378074216691 5.559837027829571
10064 32 26.889 80.851 80.925 7.959172072907013 7.966456815623802 23.95388448808063 1.9897930182267531 1.9916142039059506 5.988471122020157
10064 64 51.686 155.202 155.222 8.299029776706911 8.300099225525445 24.923422203304572 2.074757444176728 2.075024806381361 6.230855550826143
10064 128 101.296 303.943 303.961 8.476034754458631 8.476536719055876 25.434212604643818 2.1190086886146577 2.119134179763969 6.3585531511609545
10064 256 200.462 601.589 601.662 8.56422376683254 8.565262995167798 25.70446269118337 2.141055941708135 2.1413157487919494 6.426115672795842
10064 512 398.885 1214.863 1217.79 8.462490248729255 8.482879139458523 25.835857452649265 2.1156225621823137 2.120719784864631 6.458964363162316
10064 1024 795.68 2387.171 2387.412 8.633227947249994 8.634099526175545 25.903720088477783 2.1583069868124984 2.158524881543886 6.475930022119446
10064 2048 1595.508 4781.51 4875.491 8.454972842735224 8.62115607830999 25.83637562456597 2.113743210683806 2.1552890195774976 6.459093906141493
10064 4096 4531.752 9566.649 9592.836 8.594360207971867 8.61788574034649 18.192586002058366 2.148590051992967 2.1544714350866223 4.548146500514592
10064 8192 19121.686 19124.615 19124.852 8.621691608384735 8.621798451890404 8.623119111986254 2.1554229020961837 2.155449612972601 2.1557797779965635
10064 16384 38230.982 38301.527 38452.666 8.576184340508407 8.610026226891685 8.625913715739763 2.1440460851271017 2.1525065567229213 2.156478428934941
10064 32768 76529.334 76534.036 76540.831 8.617025650008948 8.61779070425608 8.6183201855644 2.154256412502237 2.15444767606402 2.1545800463911
10064 65536 153061.242 153080.294 155193.613 8.499760927661372 8.617102655943423 8.618175253014085 2.124940231915343 2.154275663985856 2.1545438132535213

11056 1 12.518 12.704 29.649 0.745792438193531 1.7405541561712847 1.7664163604409648 0.18644810954838276 0.4351385390428212 0.4416040901102412
11056 2 11.425 11.462 11.593 3.814715776761839 3.858314430291398 3.870809628008753 0.9536789441904597 0.9645786075728495 0.9677024070021882
11056 4 16.574 16.63 16.741 5.2833164088166775 5.31858087793145 5.336551224809943 1.3208291022041694 1.3296452194828625 1.3341378062024858
11056 8 26.704 26.741 26.943 6.565564339531603 6.615160240828691 6.6243259436788495 1.6413910848829008 1.6537900602071727 1.6560814859197124
11056 16 47.129 47.166 47.352 7.471532353438081 7.500996480515627 7.50688535721106 1.8678830883595203 1.8752491201289068 1.876721339302765
11056 32 88.001 88.111 88.221 8.020584668049556 8.030597768723542 8.040635901864752 2.005146167012389 2.0076494421808855 2.010158975466188
11056 64 169.776 169.851 169.851 8.331820242447794 8.331820242447794 8.335500895297333 2.0829550606119485 2.0829550606119485 2.083875223824333
11056 128 333.238 333.369 333.386 8.489666632672037 8.490099559347149 8.493437123017182 2.1224166581680093 2.122524889836787 2.1233592807542956
11056 256 660.219 682.31 687.996 8.227768766097478 8.296334510706277 8.573930771456137 2.0569421915243695 2.0740836276765693 2.1434826928640343
11056 512 1314.105 1314.14 1314.197 8.614647575667881 8.615021230614698 8.615250683925561 2.1536618939169703 2.1537553076536744 2.1538126709813903
11056 1024 2635.855 2640.317 2640.449 8.575317303988829 8.575746018375824 8.590263121453951 2.143829325997207 2.143936504593956 2.1475657803634878
11056 2048 5251.043 5253.212 5261.858 8.60634703559085 8.6205117935465 8.624072589007557 2.1515867588977127 2.155127948386625 2.1560181472518893
11056 4096 10492.661 10523.367 10527.456 8.60328953167793 8.606632458983897 8.631819135298471 2.1508223829194826 2.1516581147459743 2.157954783824618
11056 8192 20999.953 21027.327 21036.97 8.610627100765937 8.614575880234325 8.62580521013547 2.1526567751914842 2.153643970058581 2.1564513025338674
11056 16384 41992.793 41997.273 42023.616 8.62093847421412 8.626346001084404 8.627266302577207 2.15523461855353 2.156586500271101 2.1568165756443016
11056 32768 84013.4 84211.01 84215.291 8.603734635317 8.604172019786963 8.6244101060069 2.15093365882925 2.151043004946741 2.156102526501725
11056 65536 167980.637 168301.224 168402.15 8.605187237811394 8.610347551601883 8.626780192528976 2.1512968094528486 2.152586887900471 2.156695048132244

12160 1 4.907 13.11 16.204 1.500863984201432 1.855072463768116 4.956185041777053 0.375215996050358 0.463768115942029 1.2390462604442634
12160 2 3.963 11.963 12.075 4.028157349896481 4.0658697651090865 12.273530153923796 1.0070393374741202 1.0164674412772716 3.068382538480949
12160 4 5.889 17.555 17.758 5.478094379997748 5.5414411848476215 16.518933605026323 1.369523594999437 1.3853602962119054 4.129733401256581
12160 8 9.649 29.037 29.111 6.683384287726289 6.700416709715191 20.16374753860504 1.6708460719315723 1.6751041774287978 5.04093688465126
12160 16 17.111 51.444 75.202 5.1743304699343105 7.563953036311329 22.740926889135647 1.2935826174835776 1.8909882590778322 5.685231722283912
12160 32 32.111 96.296 96.37 8.075542181176715 8.081747943839828 24.235931612220114 2.0188855452941787 2.020436985959957 6.058982903055028
12160 64 62.037 186.147 186.147 8.36156371040092 8.36156371040092 25.089543337040798 2.09039092760023 2.09039092760023 6.2723858342601995
12160 128 122.016 365.868 365.924 8.507121697401647 8.508423803120252 25.512719643325465 2.126780424350412 2.127105950780063 6.378179910831366
12160 256 241.813 725.311 725.514 8.581391951085713 8.583793710560021 25.746837432230695 2.1453479877714283 2.1459484276400054 6.436709358057674
12160 512 481.479 1444.398 1469.695 8.472397334140757 8.620781806676554 25.861647133104455 2.118099333535189 2.1551954516691385 6.465411783276114
12160 1024 960.829 2902.557 2908.41 8.562644193906637 8.57991074766146 25.918951238982174 2.1406610484766593 2.144977686915365 6.479737809745544
12160 2048 1927.379 5772.855 5779.799 8.617489985378384 8.627855714373565 25.84201654163504 2.154372496344596 2.1569639285933913 6.46050413540876
12160 4096 3842.59 11540.581 11577.858 8.603898924999772 8.631690206931523 25.923848237777122 2.150974731249943 2.157922551732881 6.4809620594442805
12160 8192 7883.234 23092.125 23099.718 8.624756371484708 8.627592306901162 25.272551848644856 2.156189092871177 2.1568980767252905 6.318137962161214
12160 16384 15359.878 46172.029 46191.268 8.626281486795298 8.629875893043383 25.94153937941434 2.1565703716988245 2.157468973260846 6.485384844853585
12160 32768 30718.717 83111.314 92366.925 8.627739420793754 9.588559266431524 25.94241680080584 2.1569348551984384 2.397139816607881 6.48560420020146
12160 65536 61555.885 135591.61 184926.774 8.618738571625112 11.754676561477517 25.892496225178142 2.154684642906278 2.938669140369379 6.473124056294536

13376 1 12.926 13.649 29.13 0.9183659457603844 1.9599970693823725 2.069627108154108 0.2295914864400961 0.4899992673455931 0.517406777038527
13376 2 12.426 12.629 12.74 4.199686028257457 4.236598305487371 4.3058103975535165 1.0499215070643642 1.0591495763718428 1.0764525993883791
13376 4 18.834 18.87 19.056 5.615449202350965 5.670800211976682 5.681639587979187 1.4038623005877413 1.4177000529941706 1.4204098969947967
13376 8 31.223 31.296 31.37 6.822314313037935 6.838445807770961 6.854434231175737 1.7055785782594837 1.7096114519427403 1.7136085577939342
13376 16 55.888 55.925 55.963 7.648482032771653 7.6536790344211 7.658746063555683 1.9121205081929133 1.913419758605275 1.9146865158889208
13376 32 105.13 105.185 105.315 8.128604662203864 8.138650948329134 8.142908779606202 2.032151165550966 2.0346627370822836 2.0357271949015505
13376 64 203.777 203.813 203.907 8.396612181043318 8.400484758087071 8.401968818855908 2.0991530452608296 2.1001211895217677 2.100492204713977
13376 128 401.072 401.09 401.146 8.536183833317546 8.537375651350072 8.537758806398852 2.1340459583293865 2.134343912837518 2.134439701599713
13376 256 795.643 795.645 795.828 8.605517775197656 8.607497062131982 8.607518698712864 2.151379443799414 2.1518742655329954 2.151879674678216
13376 512 1584.732 1604.824 1610.935 8.502530517991104 8.534907254627297 8.643116943432707 2.125632629497776 2.1337268136568244 2.1607792358581768
13376 1024 3162.555 3163.112 3187.761 8.59350748064237 8.660473609533902 8.661998921757883 2.1483768701605923 2.1651184023834755 2.1654997304394707
13376 2048 6343.834 6348.407 6370.927 8.599705505964831 8.630211642070208 8.636432794426842 2.1499263764912078 2.157552910517552 2.1591081986067104
13376 4096 12674.244 12676.223 12745.778 8.59705794342252 8.644230383135419 8.645580122964336 2.14926448585563 2.1610575957838547 2.161395030741084
13376 8192 25338.413 25360.223 25387.983 8.632130563503214 8.641579531851908 8.649017758136628 2.1580326408758035 2.160394882962977 2.162254439534157
13376 16384 50694.631 50768.224 56809.719 7.715313078735701 8.633446937202294 8.645980044711242 1.9288282696839252 2.1583617343005734 2.1614950111778106
13376 32768 101386.653 101484.169 101689.8 8.62042737816379 8.63789440892993 8.646202533187479 2.1551068445409474 2.1594736022324823 2.1615506332968697
13376 65536 202927.954 202954.616 203041.418 8.634785401272168 8.638478427117914 8.63961340683502 2.158696350318042 2.1596196067794784 2.159903351708755

14704 1 13.148 14.222 30.296 0.9706891998943755 2.06778230909858 2.2366899908731366 0.24267229997359388 0.516945577274645 0.5591724977182841
14704 2 13.296 13.37 13.481 4.362881091907129 4.3991024682124165 4.423586040914561 1.0907202729767822 1.0997756170531041 1.1058965102286402
14704 4 20.111 20.204 20.406 5.764579045378811 5.822213423084538 5.849137288051315 1.4411447613447028 1.4555533557711344 1.4622843220128288
14704 8 33.667 33.832 33.908 6.938303645157485 6.953889808465357 6.987970416134494 1.7345759112893713 1.7384724521163393 1.7469926040336234
14704 16 60.759 60.814 60.814 7.7371657841944295 7.7371657841944295 7.74416958804457 1.9342914460486074 1.9342914460486074 1.9360423970111424
14704 32 114.981 115.037 115.222 8.16732915589037 8.180463676903953 8.184447865299486 2.0418322889725924 2.0451159192259882 2.0461119663248715
14704 64 223.369 223.406 223.445 8.423155586385912 8.424626017206343 8.426021515966854 2.105788896596478 2.1061565043015857 2.1065053789917134
14704 128 440.183 440.367 494.516 7.611935710876899 8.547924799088033 8.551497899737155 1.9029839277192246 2.1369811997720083 2.137874474934289
14704 256 873.865 873.884 889.032 8.468140629358674 8.614928297119526 8.615115607101783 2.1170351573396684 2.1537320742798816 2.153778901775446
14704 512 1740.861 1740.971 1763.768 8.536778079656735 8.64856221039868 8.649108688172117 2.1341945199141836 2.16214055259967 2.162277172043029
14704 1024 3477.296 3488.35 3505.202 8.591171635757368 8.632675046941964 8.660117516599104 2.147792908939342 2.158168761735491 2.165029379149776
14704 2048 6965.33 6974.258 6982.367 8.625668630709328 8.63569773300615 8.646766771997882 2.156417157677332 2.1589244332515376 2.1616916929994705
14704 4096 13916.438 13955.883 14125.625 8.527422184859077 8.631139140389756 8.655603395064169 2.1318555462147692 2.157784785097439 2.1639008487660423
14704 8192 27838.782 27857.51 27860.263 8.64709482462531 8.647949368051918 8.653767108058105 2.1617737061563274 2.1619873420129796 2.1634417770145262
14704 16384 55717.085 55788.891 55884.582 8.621710224118702 8.636498474221328 8.647628855673265 2.1554275560296756 2.159124618555332 2.161907213918316
14704 32768 111492.851 111657.76 111887.484 8.612592843717891 8.630312340136504 8.643077429242528 2.153148210929473 2.157578085034126 2.160769357310632
14704 65536 223240.966 223269.2 224509.243 8.58442468669319 8.632102806835874 8.63319453652606 2.1461061716732974 2.1580257017089686 2.158298634131515

16160 1 10.648 12.963 13.851 2.333405530286622 2.4932500192856595 3.0353117956423743 0.5833513825716555 0.6233125048214149 0.7588279489105936
16160 2 4.741 4.759 14.24 4.53932584269663 13.58268543811725 13.634254376713775 1.1348314606741574 3.3956713595293126 3.408563594178444
16160 4 7.222 7.222 21.686 5.9614497832703135 17.900858487953474 17.900858487953474 1.4903624458175784 4.475214621988369 4.475214621988369
16160 8 12.184 12.222 36.555 7.073177403911915 21.155293732613323 21.22127380170716 1.7682943509779787 5.288823433153331 5.30531845042679
16160 16 22.111 22.129 66.166 7.815494362663604 23.368430566225317 23.387454208312604 1.953873590665901 5.842107641556329 5.846863552078151
16160 32 41.924 41.944 125.592 8.234919421619212 24.657638756437155 24.669401774639827 2.058729855404803 6.164409689109289 6.167350443659957
16160 64 81.61 81.612 244.665 8.454335519996732 25.345292358966823 25.345913490993752 2.113583879999183 6.336323089741706 6.336478372748438
16160 128 160.852 160.906 482.35 8.57667668705297 25.71041477632904 25.71904607962599 2.1441691717632425 6.42760369408226 6.4297615199064975
16160 256 319.368 319.388 975.105 8.485158008624714 25.905544353576218 25.907166654141932 2.1212895021561784 6.4763860883940545 6.476791663535483
16160 512 636.441 636.478 1909.322 8.666867086850726 25.999076166026164 26.000587642845133 2.1667167717126814 6.499769041506541 6.500146910711283
16160 1024 1271.233 1277.678 3826.682 8.64866220919324 25.902989642147705 26.034314716499654 2.16216555229831 6.475747410536926 6.508578679124914
16160 2048 2540.114 2548.356 7644.585 8.65859428602076 25.974141760413378 26.058421000002365 2.16464857150519 6.4935354401033445 6.514605250000591
16160 4096 5084.118 5118.731 15290.448 8.657870586918056 25.86241003873812 26.038482977775104 2.164467646729514 6.46560250968453 6.509620744443776
16160 8192 10166.459 10259.053 30701.637 8.623821589708719 25.807980522178802 26.043034256076773 2.1559553974271797 6.4519951305447005 6.510758564019193
16160 16384 20330.531 20398.738 61106.961 8.66563925507603 25.959001973553466 26.04609195893605 2.1664098137690075 6.4897504933883665 6.511522989734012
16160 32768 41056.707 88889.242 122497.456 8.645581668242972 11.914397470056052 25.795097497712128 2.161395417060743 2.978599367514013 6.448774374428032
16160 65536 244540.965 244865.432 245593.068 8.624524858331915 8.650153280925338 8.661630659713804 2.1561312145829787 2.1625383202313344 2.165407664928451

17776 1 14.001 14.462 30.815 1.153723835794256 2.4583045221961 2.5392471966288124 0.288430958948564 0.614576130549025 0.6348117991572031
17776 2 14.944 15.055 15.277 4.654316947044577 4.722949186316839 4.758029978586723 1.1635792367611442 1.1807372965792098 1.1895074946466808
17776 4 23.332 23.648 23.667 6.008704102759116 6.013531799729364 6.094976855820333 1.502176025689779 1.503382949932341 1.5237442139550832
17776 8 39.814 39.907 39.943 7.120546779160303 7.12697020572832 7.143617822876375 1.7801366947900759 1.78174255143208 1.7859044557190937
17776 16 72.388 72.462 72.518 7.844011142061282 7.85007314178466 7.858098027297342 1.9610027855153205 1.962518285446165 1.9645245068243355
17776 32 137.814 137.962 137.999 8.244001768128754 8.246212725243184 8.255068425559088 2.0610004420321886 2.061553181310796 2.063767106389772
17776 64 268.646 268.739 268.813 8.464352542473765 8.466683287502 8.469614287947708 2.1160881356184413 2.1166708218755 2.117403571986927
17776 128 530.775 530.923 555.848 8.18687123098401 8.57121654175841 8.573606518769726 2.0467178077460026 2.1428041354396026 2.1434016296924314
17776 256 1053.92 1053.976 1076.197 8.456920062033253 8.635217500208732 8.635676332169425 2.1142300155083134 2.158804375052183 2.158919083042356
17776 512 2100.821 2101.155 2126.32 8.560623048271191 8.663151457174743 8.66452877232282 2.140155762067798 2.165787864293686 2.166132193080705
17776 1024 4211.791 4216.92 4225.845 8.614903764809167 8.633136981493603 8.643650171625325 2.1537259412022918 2.158284245373401 2.160912542906331
17776 2048 8409.044 8410.414 8468.972 8.597323972732465 8.657183344363307 8.658593771182552 2.149330993183116 2.164295836090827 2.164648442795638
17776 4096 16809.884 16818.218 17135.479 8.498215427768317 8.658526842736848 8.66281956496547 2.124553856942079 2.164631710684212 2.1657048912413677
17776 8192 33627.49 33636.045 33654.423 8.653899191794196 8.658627493214498 8.660830290931617 2.163474797948549 2.1646568733036244 2.1652075727329043
17776 16384 67255.608 67623.941 68069.73 8.557165835680559 8.613576188941723 8.660749420330868 2.1392914589201397 2.1533940472354307 2.165187355082717
17776 32768 134519.053 134617.753 135257.742 8.612948277666797 8.653895270410583 8.660244850222071 2.1532370694166993 2.163473817602646 2.1650612125555178

19552 1 15.685 16.315 18.223 2.14585962794271 2.3968127490039834 2.4930825629582403 0.5364649069856775 0.5992031872509959 0.6232706407395601
19552 2 15.963 15.981 16.222 4.821107138453951 4.893811401038733 4.899329699931091 1.2052767846134878 1.2234528502596833 1.2248324249827727
19552 4 25.185 25.203 25.314 6.179031366042506 6.206245288259334 6.210680960889418 1.5447578415106265 1.5515613220648334 1.5526702402223544
19552 8 42.907 43.111 43.222 7.2377955670723235 7.256431073275962 7.290931549630597 1.8094488917680809 1.8141077683189906 1.8227328874076492
19552 16 78.925 78.962 79.186 7.901194655620942 7.923608824497858 7.927323408299018 1.9752986639052355 1.9809022061244645 1.9818308520747545
19552 32 150.851 151.129 151.221 8.274829554096323 8.279866868701573 8.295125653790826 2.0687073885240808 2.0699667171753933 2.0737814134477066
19552 64 294.721 294.961 295.09 8.480992239655698 8.484701367299404 8.491610709789937 2.1202480599139246 2.121175341824851 2.122902677447484
19552 128 582.498 582.7 582.904 8.586854782262602 8.5898609919341 8.592839803741814 2.1467136955656505 2.147465247983525 2.1482099509354535
19552 256 1158.067 1158.345 1158.493 8.641074223150246 8.64217828021876 8.644252880014713 2.1602685557875616 2.16054457005469 2.1610632200036783
19552 512 2326.097 2335.876 2360.431 8.48203061220599 8.571194703828455 8.607228331406644 2.1205076530514977 2.142798675957114 2.151807082851661
19552 1024 4626.991 4629.085 4641.918 8.626282497881263 8.650196745145099 8.654111494921862 2.1565706244703158 2.1625491862862747 2.1635278737304655
19552 2048 9241.298 9261.205 9263.485 8.645233624278552 8.647361979353658 8.665989561206661 2.161308406069638 2.1618404948384145 2.1664973903016653
19552 4096 18483.744 18551.929 19150.356 8.363812348971475 8.633602683580774 8.665451328475443 2.0909530872428688 2.1584006708951935 2.166362832118861
19552 8192 36969.823 37109.747 37283.569 8.591987746666634 8.632232604549957 8.664904021855879 2.1479969366666585 2.1580581511374892 2.1662260054639697
19552 16384 73943.237 74096.343 74207.83 8.633589420415607 8.646579710418367 8.664483217038496 2.1583973551039017 2.1616449276045917 2.166120804259624
19552 32768 147890.439 148090.892 148128.749 8.650311844596756 8.652523154496226 8.664250918884619 2.162577961149189 2.1631307886240565 2.1660627297211548

21504 1 6.778 9.111 17.759 2.4217579818683483 4.72044781033915 6.345234582472706 0.6054394954670871 1.1801119525847874 1.5863086456181765
21504 2 5.686 5.778 42.037 2.046197397530747 14.88681204569055 15.127682026028841 0.5115493493826867 3.7217030114226377 3.7819205065072103
21504 4 8.982 9.037 27.129 6.341258431936304 19.03640588690937 19.152972611890448 1.585314607984076 4.759101471727343 4.788243152972612
21504 8 15.574 15.611 46.723 7.363910707788455 22.03984369995516 22.09220495697958 1.8409776769471138 5.50996092498879 5.523051239244895
21504 16 28.703 28.74 86.074 7.994609289680971 23.94321503131524 23.974079364526357 1.9986523224202428 5.98580375782881 5.993519841131589
21504 32 55.019 55.055 165.018 8.340035632476456 24.997838525111252 25.014195096239483 2.085008908119114 6.249459631277813 6.253548774059871
21504 64 107.666 107.759 322.98 8.5222366710013 25.543221447860503 25.565285233964296 2.130559167750325 6.385805361965126 6.391321308491074
21504 128 213.017 219.091 638.94 8.615870034745045 25.126655134167994 25.84312050211955 2.1539675086862613 6.281663783541998 6.460780125529888
21504 256 423.628 423.701 1270.955 8.662814969845511 25.985418962900724 25.989896796245763 2.165703742461378 6.496354740725181 6.497474199061441
21504 512 845.032 851.94 2549.893 8.635694125204468 25.84700331009226 26.058298383966523 2.158923531301117 6.461750827523065 6.514574595991631
21504 1024 1687.565 1687.584 5076.119 8.67595736033769 26.09659252517208 26.09688634215571 2.1689893400844227 6.52414813129302 6.524221585538927
21504 2048 3377.315 3377.407 10153.978 8.674470636040377 26.079292190725013 26.080002605620145 2.1686176590100943 6.519823047681253 6.520000651405036
21504 4096 6751.555 6751.702 20302.364 8.676859896709566 26.091312679380696 26.09188075932137 2.1692149741773914 6.522828169845174 6.5229701898303425
21504 8192 13496.276 13502.181 40580.413 8.682058903639053 26.093675977236565 26.105092693717882 2.1705147259097632 6.523418994309141 6.5262731734294706
21504 16384 26999.738 80100.792 81396.436 8.656927829125097 8.796955116249038 26.09814480421995 2.1642319572812743 2.1992387790622594 6.524536201054987
21504 32768 81652.338 162537.666 162631.298 8.665528476566669 8.670520370336805 17.259593277047376 2.1663821191416672 2.167630092584201 4.314898319261844

23648 1 16.075 16.167 19.407 2.437058793218942 2.925465454320529 2.9422083981337486 0.6092646983047355 0.7313663635801323 0.7355520995334371
23648 2 18.037 18.204 18.259 5.180568486773646 5.196220610854757 5.244331097189112 1.2951421216934116 1.2990551527136893 1.311082774297278
23648 4 29.019 29.13 29.222 6.474026418451851 6.494473051836595 6.519314931596541 1.6185066046129628 1.6236182629591487 1.6298287328991352
23648 8 50.851 50.851 50.852 7.4405726421773 7.440718963245561 7.440718963245561 1.860143160544325 1.8601797408113903 1.8601797408113903
23648 16 94.185 94.332 94.333 8.021964741924885 8.022049781622357 8.034570260657217 2.005491185481221 2.0055124454055893 2.0086425651643043
23648 32 181.147 181.351 257.868 5.869173375525462 8.345539864682301 8.354938254566735 1.4672933438813656 2.0863849661705753 2.0887345636416836
23648 64 354.942 355.11 355.146 8.523097542982322 8.523961589366676 8.527996123310288 2.1307743857455805 2.130990397341669 2.131999030827572
23648 128 702.718 719.681 726.477 8.33321357730527 8.41190471889629 8.614960766623312 2.0833033943263173 2.1029761797240725 2.153740191655828
23648 256 1398.196 1398.326 1398.417 8.658201380561021 8.65876483738413 8.659569902932065 2.1645503451402552 2.1646912093460324 2.164892475733016
23648 512 2810.892 2816.836 2820.225 8.586390092989035 8.596720575851773 8.614899469634551 2.1465975232472587 2.149180143962943 2.1537248674086378
23648 1024 5586.078 5586.191 5635.616 8.593755145843861 8.669790202304219 8.669965582292264 2.1484387864609653 2.1674475505760546 2.167491395573066
23648 2048 11166.75 11177.271 11182.547 8.661909312788937 8.66599798823881 8.674162849530974 2.1654773281972344 2.1664994970597027 2.1685407123827436
23648 4096 22334.912 22345.074 22566.906 8.584447331858431 8.669669923670874 8.673614474057475 2.146111832964608 2.1674174809177185 2.1684036185143687
23648 8192 44675.305 44687.37 45285.366 8.555718242400868 8.670208875572673 8.672550349684238 2.138929560600217 2.167552218893168 2.1681375874210596
23648 16384 89383.239 89481.776 89666.962 8.641952919069569 8.659837775235932 8.669384469273933 2.160488229767392 2.164959443808983 2.167346117318483
23648 32768 146708.002 179174.811 179183.664 8.64919989581193 8.649627251455565 10.563809109744403 2.1622999739529827 2.162406812863891 2.6409522774361007

26000 1 15.463 18.832 19.74 2.634245187436677 2.76125743415463 3.3628661967276723 0.6585612968591692 0.6903143585386575 0.8407165491819181
26000 2 19.334 19.444 19.592 5.308289097590854 5.348693684427072 5.379124857763526 1.3270722743977135 1.337173421106768 1.3447812144408815
26000 4 31.443 31.481 31.499 6.60338423442014 6.607159874209841 6.615144865311833 1.650846058605035 1.6517899685524602 1.6537862163279582
26000 8 55.555 55.574 55.648 7.475560667050027 7.485514809083384 7.488074880748807 1.8688901667625069 1.871378702270846 1.8720187201872018
26000 16 103.111 103.148 103.241 8.058813843337434 8.06607980765502 8.068974212256693 2.0147034608343586 2.016519951913755 2.0172435530641732
26000 32 194.832 198.518 198.629 8.377427263893994 8.382111445813477 8.540691467520736 2.0943568159734984 2.0955278614533692 2.135172866880184
26000 64 389.609 389.701 391.684 8.496645254848296 8.539880575107581 8.54189713276644 2.124161313712074 2.1349701437768953 2.13547428319161
26000 128 771.866 792.625 883.088 7.537187686844346 8.397413657151867 8.623258441232027 1.8842969217110865 2.099353414287967 2.1558146103080067
26000 256 1536.066 1568.492 1597.714 8.331904208137377 8.487132863922799 8.66629428683403 2.0829760520343443 2.1217832159806997 2.1665735717085073
26000 512 3064.538 3078.686 3150.483 8.450767707681646 8.647845217082871 8.687769575707659 2.1126919269204114 2.1619613042707178 2.1719423939269147
26000 1024 6135.391 6147.853 6542.092 8.139292446514052 8.661235068567839 8.678827478150945 2.034823111628513 2.1653087671419597 2.169706869537736
26000 2048 12267.466 12279.355 12673.781 8.4028594150396 8.672768235790887 8.68117343875255 2.1007148537599 2.1681920589477217 2.1702933596881375
26000 4096 24547.321 24592.524 25350.969 8.40173012716003 8.660843433557286 8.676792062156192 2.1004325317900077 2.1652108583893215 2.169198015539048
26000 8192 49085.64 49387.195 50656.864 8.409205907416613 8.62539368757428 8.678383331662783 2.1023014768541533 2.15634842189357 2.1695958329156957
26000 16384 98300.282 98474.742 101347.376 8.4064139953658 8.651639828617169 8.666994464980272 2.10160349884145 2.1629099571542922 2.166748616245068
26000 32768 95312.539 196615.879 202722.272 8.405272805940138 8.666319366809637 17.877353996413838 2.1013182014850345 2.166579841702409 4.4693384991034595

28592 1 8.389 19.87 20.463 2.79450715926306 2.8779063915450425 6.816545476218859 0.698626789815765 0.7194765978862606 1.7041363690547147
28592 2 7.073 20.907 21.074 5.42697162380184 5.470320945137992 16.169659267637492 1.35674290595046 1.367580236284498 4.042414816909373
28592 4 11.352 34.092 34.148 6.698371793370035 6.709374633345067 20.14940098661029 1.6745929483425088 1.6773436583362666 5.037350246652572
28592 8 20.13 60.333 60.426 7.570780789726276 7.582450731771999 22.72588176850472 1.892695197431569 1.8956126829429998 5.68147044212618
28592 16 36.667 112.554 112.591 8.12626231226297 8.128933667395206 24.95279133826056 2.0315655780657425 2.0322334168488014 6.23819783456514
28592 32 76.517 217.721 217.869 8.399028774171635 8.404738174085182 23.914790177346212 2.0997571935429087 2.1011845435212955 5.978697544336553
28592 64 147.074 427.887 444.165 8.239676696723064 8.553136692631465 24.883908780613837 2.059919174180766 2.1382841731578663 6.220977195153459
28592 128 294.85 848.254 848.347 8.628016601697183 8.628962551311282 24.82466338816347 2.157004150424296 2.1572406378278206 6.206165847040867
28592 256 590.385 1689.027 1706.787 8.576995254826759 8.667181756123496 24.795860328429754 2.1442488137066897 2.166795439030874 6.1989650821074385
28592 512 1181.475 3384.295 3385.073 8.649210223826783 8.651198550953742 24.78106434753169 2.1623025559566957 2.1627996377384355 6.195266086882922
28592 1024 2386.32 6747.664 6760.906 8.661030932836516 8.678027833039701 24.53837540648362 2.165257733209129 2.1695069582599253 6.134593851620905
28592 2048 4753.936 13511.681 13892.288 8.430060764648703 8.667524936386522 24.63491978015691 2.1075151911621757 2.1668812340966306 6.158729945039227
28592 4096 9545.873 27014.473 27043.658 8.66102004396003 8.67037694942263 24.53685105594847 2.1652550109900073 2.1675942373556576 6.134212763987118
28592 8192 20348.331 53992.224 54031.704 8.66993437778679 8.676273976045142 23.021609388996083 2.1674835944466975 2.1690684940112854 5.755402347249021
28592 16384 108013.557 108322.039 115102.152 8.139749255079089 8.649233938441649 8.673935772710458 2.034937313769772 2.162308484610412 2.1684839431776144
28592 32768 216176.691 216267.89 229673.564 8.158558953698302 8.664278881159841 8.667934102109093 2.0396397384245755 2.1660697202899604 2.1669835255272734

31440 1 22.094 23.556 34.666 1.8138810361737725 2.6693835965359143 2.846021544310672 0.4534702590434431 0.6673458991339786 0.711505386077668
31440 2 22.425 22.444 22.444 5.603279272856888 5.603279272856888 5.608026755852842 1.400819818214222 1.400819818214222 1.4020066889632106
31440 4 36.796 37.056 37.092 6.78097703008735 6.7875647668393775 6.8355256006087615 1.6952442575218376 1.6968911917098444 1.7088814001521904
31440 8 65.907 65.907 66.018 7.6197400708897565 7.632573171286814 7.632573171286814 1.9049350177224391 1.9081432928217035 1.9081432928217035
31440 16 123.592 123.666 123.74 8.130596411831258 8.135461646693512 8.140332707618615 2.0326491029578144 2.033865411673378 2.035083176904654
31440 32 236.277 239.016 239.072 8.4165439700174 8.418515915252534 8.516106095811272 2.10413599250435 2.1046289788131336 2.129026523952818
31440 64 469.942 472.887 486.793 8.26700466111879 8.510109180417308 8.563439743627937 2.0667511652796975 2.127527295104327 2.140859935906984
31440 128 931.975 931.975 947.753 8.492339248728307 8.636111483677135 8.636111483677135 2.1230848121820767 2.159027870919284 2.159027870919284
31440 256 1856.008 1872.063 1916.675 8.39854435415498 8.59868498015291 8.673066064370412 2.099636088538745 2.1496712450382276 2.168266516092603
31440 512 3717.978 3721.201 3797.701 8.477381447354595 8.651658429630649 8.659158284422338 2.119345361838649 2.162914607407662 2.1647895711055845
31440 1024 7413.901 7425.919 7614.013 8.456660108145336 8.67086215187642 8.684917697174537 2.114165027036334 2.167715537969105 2.1712294242936343
31440 2048 14856.488 15153.412 15241.1 8.449405882777489 8.49829992083631 8.668148219148428 2.1123514706943722 2.1245749802090774 2.167037054787107
31440 4096 29663.92 29826.789 30425.959 8.46502422487324 8.635072317036876 8.682482962467535 2.11625605621831 2.158768079259219 2.170620740616884
31440 8192 59358.545 59433.821 61171.991 8.42073229233294 8.66700056185181 8.6779916859485 2.105183073083235 2.1667501404629523 2.169497921487125
31440 16384 118865.586 119574.473 122068.204 8.439756515136406 8.615768015971101 8.66715047364508 2.1099391287841014 2.1539420039927752 2.16678761841127
31440 32768 237536.58 239473.76 244020.705 8.443758245842295 8.604081883543316 8.6742506775167 2.1109395614605737 2.151020470885829 2.168562669379175

34576 1 13.111 19.629 20.759 3.3311816561491407 3.522950736155688 5.2743497826252765 0.8327954140372852 0.880737684038922 1.3185874456563191
34576 2 8.168 24.074 24.093 5.740422529365376 5.744953061394035 16.932419196865823 1.435105632341344 1.4362382653485088 4.233104799216456
34576 4 13.537 39.907 39.981 6.918486280983467 6.931315308091314 20.433478614168575 1.7296215702458668 1.7328288270228285 5.108369653542144
34576 8 24.388 71.499 71.518 7.735339355127381 7.7373949286004 22.683942922748894 1.9338348387818451 1.9343487321501 5.670985730687224
34576 16 46.185 134.815 134.943 8.19925450004817 8.207039276044952 23.95652268052398 2.0498136250120425 2.051759819011238 5.989130670130995
34576 32 89.481 259.257 278.851 7.9356502218030425 8.535406951403434 24.729987371620794 1.9839125554507606 2.1338517378508586 6.1824968429051985
34576 64 176.313 513.719 542.348 8.1603103542375 8.615075556870584 25.10154100945478 2.040077588559375 2.153768889217646 6.275385252363695
34576 128 350.072 1031.995 1041.012 8.502741563017526 8.57703380345835 25.28467286729587 2.1256853907543816 2.1442584508645877 6.321168216823968
34576 256 697.478 2046.007 2065.767 8.569655725936178 8.652420055258855 25.381319554165152 2.1424139314840445 2.1631050138147137 6.345329888541288
34576 512 1400.232 4126.403 4176.864 8.476652340128863 8.580311714585319 25.285684086637072 2.119163085032216 2.1450779286463297 6.321421021659268
34576 1024 2786.558 8283.38 8339.729 8.490881178513117 8.548641738034474 25.411869410218628 2.1227202946282793 2.1371604345086186 6.352967352554657
34576 2048 5566.374 16495.037 16640.254 8.510885470858799 8.585812568956348 25.442648302108342 2.1277213677146998 2.146453142239087 6.3606620755270855
34576 4096 11089.936 33013.129 33443.38 8.469436761475666 8.57981659357403 25.540868044684842 2.1173591903689166 2.1449541483935075 6.3852170111712105
34576 8192 30235.25 66057.962 66775.132 8.483595120410994 8.575698777991365 18.736183229839344 2.1208987801027486 2.143924694497841 4.684045807459836
34576 16384 98976.575 133471.242 133626.836 8.478733777697169 8.488617855223076 11.44701529629612 2.1196834444242922 2.122154463805769 2.86175382407403

38032 1 10.463 19.944 20.185 3.7683428288332923 3.813878860810269 7.2698078944853295 0.9420857072083231 0.9534697152025673 1.8174519736213324
38032 2 8.704 26.204 26.333 5.777085785896024 5.805525873912379 17.477941176470587 1.444271446474006 1.4513814684780948 4.369485294117647
38032 4 14.407 43.168 44.054 6.906433014028237 7.048183839881394 21.118622891649892 1.7266082535070593 1.7620459599703484 5.279655722912473
38032 8 25.981 78.037 79.333 7.670351556098975 7.797736970924047 23.421423347831105 1.9175878890247438 1.9494342427310118 5.855355836957776
38032 16 49.314 147.926 150.351 8.094552081462709 8.227248759514893 24.679076935555823 2.023638020365677 2.0568121898787233 6.169769233888956
38032 32 95.258 287.406 320.092 7.604213788535795 8.469022915318398 25.552163597808057 1.9010534471339489 2.1172557288295994 6.388040899452014
38032 64 190.61 576.588 590.718 8.240981314265014 8.44293672431615 25.53956245737369 2.0602453285662534 2.1107341810790374 6.384890614343423
38032 128 381.554 1133.106 1144.864 8.504234564105431 8.592481197699067 25.517205952499516 2.1260586410263578 2.148120299424767 6.379301488124879
38032 256 763.661 2267.395 2297.338 8.47606403585367 8.587998121191939 25.4987278386614 2.1190160089634174 2.1469995302979847 6.37468195966535
38032 512 1534.64 4566.16 4570.177 8.521501027203104 8.528997669814462 25.3771360058385 2.130375256800776 2.1322494174536155 6.344284001459625
38032 1024 3060.816 9113.857 9145.521 8.516686583519954 8.54627585225443 25.44731078248415 2.1291716458799885 2.1365689630636076 6.361827695621037
38032 2048 6116.983 18222.454 18262.727 8.529891072674962 8.548742776357123 25.466651125236083 2.1324727681687405 2.137185694089281 6.366662781309021
38032 4096 12243.688 36444.833 36500.769 8.535659728155315 8.548760368856678 25.446429539857593 2.1339149320388286 2.1371900922141696 6.361607384964398
38032 8192 24490.414 72917.628 73043.26 8.530784195557537 8.545482143220566 25.44327294752959 2.1326960488893842 2.1363705358051415 6.360818236882397
38032 16384 72411.784 146007.149 146646.197 8.498226353595792 8.535421618293498 17.210355927703702 2.124556588398948 2.1338554045733744 4.3025889819259255

41824 1 21.278 21.556 22.518 3.714717115196731 3.8804973093338275 3.9311965410282923 0.9286792787991828 0.9701243273334569 0.9827991352570731
41824 2 28.0 28.483 28.667 5.835839118149789 5.873538601973106 5.974857142857143 1.4589597795374472 1.4683846504932765 1.4937142857142858
41824 4 47.927 47.999 48.111 6.9545841907256145 6.970811891914415 6.981284036138294 1.7386460476814036 1.7427029729786037 1.7453210090345734
41824 8 87.054 87.222 87.426 7.654290485667879 7.672192795395657 7.686998874261953 1.9135726214169697 1.9180481988489142 1.9217497185654882
41824 16 165.684 165.795 165.981 8.063380748398913 8.072426792122803 8.077834914656815 2.0158451870997283 2.0181066980307008 2.019458728664204
41824 32 319.221 322.646 323.368 8.277677444892506 8.296200789720002 8.385212752293866 2.0694193612231264 2.0740501974300005 2.0963031880734664
41824 64 636.645 638.291 639.681 8.368971409186766 8.387196435481622 8.40888093050287 2.0922428522966916 2.0967991088704054 2.1022202326257173
41824 128 1281.418 1297.122 1299.104 8.241791265364434 8.254384707066874 8.355543624328673 2.0604478163411084 2.0635961767667186 2.0888859060821683
41824 256 2525.412 2527.745 2562.079 8.358012379790006 8.471538070493661 8.479364159194619 2.0895030949475015 2.1178845176234153 2.1198410397986547
41824 512 5065.453 5079.823 5156.47 8.305638547300768 8.430958322760457 8.45487580281566 2.076409636825192 2.1077395806901142 2.113718950703915
41824 1024 10114.314 10115.478 10284.163 8.328879268055163 8.467771073200892 8.468745581756705 2.0822198170137907 2.116942768300223 2.1171863954391763
41824 2048 20239.882 20245.664 20596.085 8.3176537676942 8.46161943614198 8.464036697447149 2.07941344192355 2.115404859035495 2.1160091743617873
41824 4096 40444.847 40568.264 41183.76 8.319352288377749 8.445572332106693 8.471343901980887 2.079838072094437 2.111393083026673 2.117835975495222
41824 8192 80922.435 80937.807 82629.114 8.293014203202032 8.466308161771668 8.467916418975776 2.073253550800508 2.116577040442917 2.116979104743944
41824 16384 161820.649 161907.502 164838.748 8.314118182940822 8.464640705777796 8.46918388023521 2.0785295457352055 2.116160176444449 2.1172959700588025

46000 1 11.074 14.313 21.759 4.228135484167471 6.427723048976455 8.307747877912227 1.0570338710418679 1.6069307622441138 2.076936969478057
46000 2 10.185 10.334 30.408 6.051039200210471 17.805302883684924 18.065783014236622 1.5127598000526177 4.451325720921231 4.516445753559156
46000 4 17.333 17.611 52.388 7.024509429640376 20.896030889784793 21.231177522644668 1.756127357410094 5.224007722446198 5.307794380661167
46000 8 31.722 32.074 95.722 7.688932533795785 22.94693521232151 23.20156358363281 1.9222331334489462 5.736733803080377 5.800390895908203
46000 16 60.296 61.221 182.277 8.075621169977563 24.044037176785743 24.412896377869178 2.0189052924943907 6.011009294196436 6.103224094467294
46000 32 117.593 119.277 355.591 8.279174669775108 24.682042640240784 25.035503814002535 2.069793667443777 6.170510660060196 6.258875953500634
46000 64 232.277 235.443 733.126 8.031361594050683 25.00817607658754 25.34904445984751 2.0078403985126707 6.252044019146885 6.337261114961877
46000 128 461.628 467.851 1395.325 8.439610843351907 25.170406817555165 25.50971778141707 2.109902710837977 6.292601704388791 6.3774294453542675
46000 256 929.439 932.532 2802.983 8.402476932610721 25.255969768329667 25.340016934946778 2.1006192331526803 6.313992442082417 6.3350042337366945
46000 512 1837.915 1868.823 5587.69 8.429959428672673 25.2051692428871 25.62904160420912 2.107489857168168 6.301292310721775 6.40726040105228
46000 1024 3678.664 3726.294 11163.658 8.438811006213196 25.28195574476947 25.609297288363383 2.109702751553299 6.320488936192367 6.402324322090846
46000 2048 7352.903 7503.329 22329.555 8.43796484076821 25.11098740305803 25.624709043489354 2.1094912101920524 6.277746850764507 6.406177260872338
46000 4096 14697.894 14912.138 44763.148 8.418353418754194 25.27015240872905 25.638503039959332 2.1045883546885484 6.3175381021822625 6.409625759989833
46000 8192 29815.87 84714.304 89675.239 8.404371244552802 8.896537708673142 25.277276832773957 2.1010928111382006 2.2241344271682855 6.319319208193489
46000 16384 157623.265 176778.768 178973.778 8.422060576941053 8.526634827548973 9.562852285796769 2.1055151442352633 2.1316587068872432 2.390713071449192

50592 1 23.871 24.889 36.797 2.7497893850042123 4.0654104222749 4.238783461103431 0.6874473462510531 1.016352605568725 1.0596958652758577
50592 2 33.148 33.481 33.555 6.030934286991506 6.044263910874824 6.104983709424399 1.5077335717478766 1.511065977718706 1.5262459273560998
50592 4 56.852 57.241 57.63 7.023008849557522 7.0707360109012765 7.119116301977064 1.7557522123893805 1.7676840027253191 1.779779075494266
50592 8 104.073 104.667 105.462 7.675485008818342 7.733784287311186 7.777925110259146 1.9188712522045854 1.9334460718277966 1.9444812775647864
50592 16 197.721 199.257 200.424 8.077595497545204 8.124904018428461 8.188022516576387 2.019398874386301 2.0312260046071153 2.047005629144097
50592 32 386.128 388.701 391.386 8.272876393125967 8.330022305062245 8.385530186881034 2.068219098281492 2.0825055762655613 2.0963825467202586
50592 64 773.254 786.2 791.347 8.183231881841973 8.23680488425337 8.37470740532865 2.0458079704604932 2.0592012210633426 2.0936768513321624
50592 128 1521.64 1524.251 1536.935 8.42687036211681 8.496994261443819 8.511574353986488 2.1067175905292026 2.1242485653609546 2.127893588496622
50592 256 3053.335 3067.278 3074.242 8.425850664976927 8.44498085925045 8.483544714222317 2.106462666244232 2.1112452148126124 2.1208861785555793
50592 512 6098.411 6123.853 6139.316 8.438433206565684 8.45974062408095 8.495033870298345 2.109608301641421 2.1149351560202376 2.123758467574586
50592 1024 12206.209 12272.947 12295.521 8.426842262316496 8.442342006365708 8.488500893274889 2.106710565579124 2.110585501591427 2.122125223318722
50592 2048 24380.011 24545.727 24608.376 8.420906442586865 8.442399444921717 8.499784187956273 2.1052266106467163 2.1105998612304293 2.124946046989068
50592 4096 48796.43 49031.695 49593.675 8.35690567395943 8.452688898476792 8.49344232764569 2.0892264184898575 2.113172224619198 2.1233605819114225
50592 8192 97376.732 98067.467 98373.282 8.426061539758326 8.452337491290562 8.512293552837653 2.1065153849395815 2.1130843728226405 2.128073388209413
50592 16384 194939.759 196020.49 197083.672 8.411648916303935 8.457272278015425 8.504158743727595 2.102912229075984 2.1143180695038564 2.126039685931899

55648 1 24.631 27.87 41.5 2.681831325301205 3.993397918909221 4.518533555275871 0.6704578313253012 0.9983494797273053 1.1296333888189678
55648 2 35.981 36.055 36.333 6.126441526986486 6.173679101372903 6.186376142964343 1.5316103817466216 1.5434197753432257 1.5465940357410857
55648 4 61.852 62.166 62.427 7.131273327246223 7.161213525078017 7.19756838905775 1.7828183318115558 1.7903033812695042 1.7993920972644375
55648 8 114.5 115.055 115.369 7.717567110748988 7.7386293511798705 7.776139737991266 1.929391777687247 1.9346573377949676 1.9440349344978165
55648 16 219.703 220.165 221.294 8.046924001554492 8.088188404151431 8.105196560811642 2.011731000388623 2.022047101037858 2.0262991402029105
55648 32 430.22 430.59 433.072 8.223741086932426 8.271144243944356 8.278257635628282 2.0559352717331065 2.067786060986089 2.0695644089070706
55648 64 856.847 879.033 881.847 8.07730139128443 8.103158812012746 8.312970693717782 2.0193253478211073 2.0257897030031864 2.0782426734294455
55648 128 1691.064 1694.807 1731.694 8.226561967645553 8.405610786360924 8.424215760018544 2.0566404919113883 2.101402696590231 2.106053940004636
55648 256 3397.073 3397.314 3415.536 8.341816921267993 8.386559499651785 8.387154470922468 2.0854542303169983 2.0966398749129462 2.096788617730617
55648 512 6789.425 6793.682 6805.053 8.373711710988879 8.38772730310309 8.392986445833042 2.0934279277472196 2.0969318257757723 2.0982466114582605
55648 1024 13540.924 13626.661 13655.31 8.345991705790642 8.363538507342334 8.416493881805998 2.0864979264476604 2.0908846268355834 2.1041234704514995
55648 2048 27219.237 27233.434 27247.083 8.365453579012478 8.369646222360354 8.37401165947451 2.0913633947531194 2.0924115555900884 2.0935029148686275
55648 4096 54200.511 54504.703 55120.495 8.270397716856497 8.363836346379136 8.410777086585032 2.067599429214124 2.090959086594784 2.102694271646258
55648 8192 108757.594 109072.979 109087.773 8.35782789332403 8.358961498612777 8.383201562917987 2.0894569733310075 2.089740374653194 2.095800390729497
55648 16384 191351.22 216918.191 218056.902 8.362375358336514 8.406273607546359 9.529459305250315 2.0905938395841286 2.1015684018865897 2.3823648263125787

61200 1 13.389 34.945 42.74 2.863827795975667 3.5026470167405925 9.141832847860183 0.7159569489939167 0.8756617541851481 2.2854582119650457
61200 2 12.889 38.481 38.537 6.352336715364454 6.361581039993763 18.99293971603693 1.5880841788411135 1.5903952599984408 4.748234929009232
61200 4 22.332 67.075 67.131 7.293202842204048 7.29929183749534 21.923696937130572 1.823300710551012 1.824822959373835 5.480924234282643
61200 8 41.166 123.24 123.998 7.896901562928434 7.945472249269717 23.78662002623524 1.9742253907321086 1.9863680623174294 5.94665500655881
61200 16 78.796 236.48 238.092 8.225391865329367 8.28146143437077 24.85405350525407 2.056347966332342 2.0703653585926927 6.213513376313517
61200 32 153.11 462.499 465.997 8.405204325349734 8.468775067621767 25.581607994252497 2.1013010813374335 2.1171937669054417 6.395401998563124
61200 64 305.646 936.328 942.198 8.314176001222673 8.366298989243086 25.62964998724014 2.0785440003056683 2.0915747473107715 6.407412496810035
61200 128 611.664 1819.749 1829.452 8.563875958483742 8.609539007852181 25.61406262261634 2.1409689896209354 2.1523847519630452 6.403515655654085
61200 256 1233.715 3646.295 3672.349 8.532522371920534 8.593490104338787 25.398410491888324 2.1331305929801334 2.148372526084697 6.349602622972081
61200 512 2446.597 7278.051 7321.661 8.559369246950931 8.610656891522193 25.614680309016972 2.1398423117377328 2.1526642228805484 6.403670077254243
61200 1024 4903.694 14546.993 14635.137 8.564156249442693 8.61604869129998 25.559833056467223 2.141039062360673 2.154012172824995 6.389958264116806
61200 2048 12867.5 29163.3 29253.533 8.56905728275624 8.595570460133112 19.481266757334367 2.14226432068906 2.148892615033278 4.870316689333592
61200 4096 58243.821 58805.788 60278.466 8.317238862714255 8.525528133387143 8.607786910134209 2.079309715678564 2.1313820333467857 2.151946727533552
61200 8192 116607.568 117061.412 117978.557 8.49900884954882 8.565596321356521 8.598934161803289 2.124752212387205 2.1413990803391303 2.149733540450822
61200 16384 233198.026 234055.527 236245.168 8.488645998465458 8.568059151194493 8.599565075220662 2.1221614996163645 2.1420147877986233 2.1498912688051655

67312 1 28.019 32.834 34.055 3.9531346351490235 4.100140098678199 4.804739640957922 0.9882836587872559 1.0250350246695497 1.2011849102394805
67312 2 42.333 42.351 42.537 6.329736464724828 6.357535831503387 6.360239057000449 1.582434116181207 1.5893839578758469 1.5900597642501122
67312 4 74.314 74.703 74.74 7.204923735616805 7.208492296159457 7.246225475684259 1.8012309339042012 1.8021230740398642 1.8115563689210648
67312 8 138.037 138.166 138.628 7.768935568572005 7.794913365082581 7.802197961416141 1.9422338921430014 1.9487283412706453 1.9505494903540352
67312 16 265.221 265.592 293.295 7.344087011370804 8.110123798909605 8.121468511166158 1.836021752842701 2.027530949727401 2.0303671277915396
67312 32 518.461 520.349 521.831 8.255485013347231 8.278997365229873 8.309145721664695 2.0638712533368078 2.0697493413074683 2.077286430416174
67312 64 1024.864 1028.364 1029.828 8.366383512586568 8.378294067081306 8.406906672495081 2.091595878146642 2.0945735167703265 2.1017266681237703
67312 128 2037.969 2070.562 2081.655 8.277967290449183 8.32231635662202 8.4554141893228 2.069491822612296 2.080579089155505 2.1138535473307
67312 256 4092.718 4099.069 4113.476 8.378253331245885 8.407700382696655 8.420747288232418 2.0945633328114712 2.1019250956741637 2.1051868220581045
67312 512 8166.786 8194.973 8208.453 8.397135002173979 8.410947540644734 8.439977244414141 2.0992837505434947 2.1027368851611836 2.1099943111035353
67312 1024 16383.5 16384.128 16413.941 8.398651853323953 8.413934266138545 8.41425678273873 2.0996629633309882 2.1034835665346363 2.1035641956846827
67312 2048 32611.051 32796.902 32942.5 8.369430128253775 8.406585231739264 8.454494520891092 2.0923575320634438 2.101646307934816 2.113623630222773
67312 4096 65295.714 65650.507 65733.63 8.388703073297489 8.399324379932054 8.444963232961966 2.097175768324372 2.0998310949830135 2.1112408082404914
67312 8192 130692.835 131100.7 131176.82 8.407276590482983 8.412158043397174 8.438410629014205 2.1018191476207457 2.1030395108492934 2.1096026572535513

74032 1 21.722 24.315 29.407 5.034991668650321 6.089409829323463 6.816315256422061 1.2587479171625802 1.5223524573308658 1.7040788141055152
74032 2 15.222 15.241 46.166 6.414417536715332 19.429696214159176 19.453948232820917 1.603604384178833 4.857424053539794 4.863487058205229
74032 4 26.815 26.889 80.851 7.325277362061075 22.02595857041913 22.086742494872272 1.8313193405152688 5.506489642604783 5.521685623718068
74032 8 49.832 49.833 150.573 7.866695888373081 23.769630566090743 23.770107561406324 1.9666739720932702 5.942407641522686 5.942526890351581
74032 16 95.926 96.0 289.35 8.187399343355796 24.677333333333333 24.696370118633112 2.046849835838949 6.169333333333333 6.174092529658278
74032 32 188.036 188.314 567.867 8.343587494959207 25.16035982454836 25.197557914441912 2.085896873739802 6.29008995613709 6.299389478610478
74032 64 372.442 372.979 1124.29 8.428515774399843 25.40651350344121 25.443145509904898 2.1071289435999607 6.351628375860303 6.3607863774762246
74032 128 741.033 742.163 2272.431 8.340051689138196 25.536427981454207 25.575368438382636 2.085012922284549 6.384106995363552 6.393842109595659
74032 256 1478.251 1492.197 4488.492 8.444792594038265 25.401729128258538 25.641372135043373 2.1111981485095663 6.350432282064634 6.410343033760843
74032 512 2961.131 2965.798 8975.263 8.446411876732748 25.56100179445802 25.601288156451034 2.111602969183187 6.390250448614505 6.400322039112758
74032 1024 5914.449 5936.354 17905.396 8.467700798128117 25.540514598691384 25.635107513819126 2.1169251995320293 6.385128649672846 6.408776878454781
74032 2048 11814.637 11843.061 35775.719 8.476002173429414 25.604450741239955 25.66605067933953 2.1190005433573535 6.401112685309989 6.416512669834883
74032 4096 23688.585 23708.293 71789.14 8.447937167097976 25.580506534148196 25.601788540767632 2.111984291774494 6.395126633537049 6.400447135191908
74032 8192 126289.247 143040.838 143409.973 8.45785172834528 8.479678286001095 9.604462112281025 2.11446293208632 2.1199195715002737 2.4011155280702563

81424 1 37.055 45.203 48.722 3.342391527441402 3.60259274826892 4.394764539198489 0.8355978818603506 0.90064818706723 1.0986911347996222
81424 2 48.87 49.517 49.594 6.567246037827156 6.577458246662762 6.664538571720892 1.641811509456789 1.6443645616656906 1.666134642930223
81424 4 86.981 87.517 88.017 7.400752127429929 7.443033924837461 7.488899874685276 1.8501880318574822 1.8607584812093652 1.872224968671319
81424 8 162.129 163.074 163.111 7.987100808651777 7.988913008818082 8.035477921901697 1.9967752021629444 1.9972282522045206 2.008869480475424
81424 16 312.776 313.887 314.054 8.296560464124004 8.300974554537142 8.330460137606465 2.074140116031001 2.0752436386342854 2.0826150344016163
81424 32 613.96 615.978 645.773 8.069609599658085 8.45993850429723 8.487745129975893 2.017402399914521 2.1149846260743077 2.1219362824939734
81424 64 1216.4 1218.77 1220.012 8.542761874473367 8.551467463098042 8.568128904965471 2.1356904686183418 2.1378668657745106 2.142032226241368
81424 128 2425.541 2453.708 2462.875 8.463500583667463 8.495120038733214 8.593771039120757 2.1158751459168657 2.1237800096833035 2.148442759780189
81424 256 4850.565 4865.583 4870.657 8.559232974114169 8.568158841396807 8.594687010688446 2.139808243528542 2.1420397103492017 2.1486717526721115
81424 512 9711.483 9735.906 9891.332 8.429418403911626 8.563987367996363 8.585524579510668 2.1073546009779065 2.140996841999091 2.146381144877667
81424 1024 19358.244 19410.553 19545.164 8.531847161783856 8.591015000963651 8.614229265836302 2.132961790445964 2.1477537502409128 2.1535573164590756
81424 2048 38731.727 38834.311 38914.423 8.570413699825382 8.588093760695276 8.610839996884208 2.1426034249563455 2.147023440173819 2.152709999221052
81424 4096 77578.234 77715.827 77977.378 8.554088699930382 8.58287730760428 8.598099925811665 2.1385221749825956 2.14571932690107 2.1495249814529163
81424 8192 154868.446 155222.355 155405.303 8.584332646615024 8.594450303244013 8.614090542369102 2.146083161653756 2.1486125758110033 2.1535226355922754

89552 1 41.908 48.537 53.351 3.3570879646117224 3.690050889012506 4.273742483535363 0.8392719911529306 0.9225127222531265 1.0684356208838408
89552 2 53.964 54.148 54.352 6.590521047983515 6.615350520794858 6.637906752649915 1.6476302619958787 1.6538376301987145 1.6594766881624787
89552 4 95.722 96.055 96.37 7.434014734875999 7.458393628650252 7.484340068113914 1.8585036837189997 1.864598407162563 1.8710850170284785
89552 8 179.573 180.406 199.888 7.168174177539422 7.942263561078899 7.979105990321484 1.7920435443848555 1.9855658902697249 1.994776497580371
89552 16 346.554 348.035 348.294 8.227715665500986 8.233838550720472 8.269025894954323 2.0569289163752464 2.058459637680118 2.067256473738581
89552 32 681.163 683.329 684.384 8.37443306681629 8.387362456444846 8.414033058166694 2.0936082667040723 2.0968406141112115 2.1035082645416736
89552 64 1354.196 1365.603 1374.473 8.339673460300784 8.393842134207379 8.464547229500013 2.084918365075196 2.0984605335518447 2.1161368073750033
89552 128 2688.763 2712.354 2717.836 8.435134423121925 8.452182864036185 8.526341667153261 2.108783605780481 2.1130457160090463 2.1315854167883153
89552 256 5397.266 5401.191 5407.395 8.479244442101972 8.488984003713256 8.49515736300564 2.119811110525493 2.122246000928314 2.12378934075141
89552 512 10765.439 10794.956 10815.733 8.478505155406479 8.4948236935843 8.518115053180832 2.1196262888516197 2.123705923396075 2.129528763295208
89552 1024 21532.509 21570.874 21636.133 8.476676308099972 8.502321046425843 8.517469840602413 2.119169077024993 2.1255802616064607 2.129367460150603
89552 2048 43013.092 43157.268 43222.638 8.486409182151261 8.499263484426308 8.52775224808298 2.1216022955378153 2.124815871106577 2.131938062020745
89552 4096 86027.388 86394.406 86525.292 8.478561204971143 8.491406075527621 8.527632897560483 2.119640301242786 2.1228515188819053 2.131908224390121
89552 8192 172321.293 172792.68 173028.237 8.47965623090756 8.491215993640472 8.514443818617353 2.11991405772689 2.122803998410118 2.1286109546543384

98496 1 32.204 44.704 45.536 4.326071679550246 4.406585540443809 6.117004098869706 1.0815179198875615 1.1016463851109521 1.5292510247174265
98496 2 19.87 59.259 59.278 6.646378082931274 6.648509087227256 19.828082536487166 1.6615945207328184 1.662127271806814 4.9570206341217915
98496 4 35.129 105.369 105.573 7.46372652098548 7.478176693334852 22.4306982834695 1.86593163024637 1.869544173333713 5.607674570867375
98496 8 65.796 197.702 197.74 7.9697380398503075 7.971269891048144 23.951851176363302 1.9924345099625769 1.992817472762036 5.9879627940908255
98496 16 127.26 382.294 382.942 8.230677230494436 8.244628479651787 24.767185289957567 2.057669307623609 2.061157119912947 6.191796322489392
98496 32 250.073 769.736 890.587 7.078190002773452 8.189488344055624 25.207615376310116 1.769547500693363 2.047372086013906 6.301903844077529
98496 64 495.701 1489.622 1537.417 8.200434885265352 8.46354847068585 25.43365456192342 2.050108721316338 2.1158871176714626 6.358413640480855
98496 128 995.105 2984.019 2992.815 8.425170282827372 8.450005177580975 25.339010456183015 2.106292570706843 2.1125012943952437 6.334752614045754
98496 256 1970.379 5943.744 5944.855 8.482957448079054 8.484543075879445 25.594036477246256 2.1207393620197634 2.1211357689698613 6.398509119311564
98496 512 3942.348 11883.467 11892.024 8.481306798573565 8.48741398448786 25.583714070903937 2.120326699643391 2.121853496121965 6.395928517725984
98496 1024 7879.677 23754.27 23761.881 8.489218845932273 8.491938838785616 25.600009746592406 2.122304711483068 2.122984709696404 6.400002436648101
98496 2048 15755.763 47524.649 47528.557 8.488362396527208 8.489060403160474 25.605844413882078 2.122090599131802 2.1222651007901185 6.4014611034705196
98496 4096 92770.147 94946.874 95012.949 8.49230805371592 8.498217982405613 8.697617262587716 2.12307701342898 2.1245544956014033 2.174404315646929
98496 8192 69872.058 189759.268 189997.154 8.493592825079896 8.50424056231077 23.095905719565323 2.123398206269974 2.1260601405776924 5.773976429891331

108336 1 57.962 59.593 60.388 3.5879976154202824 3.6358632725320086 3.7381732859459644 0.8969994038550706 0.9089658181330021 0.9345433214864911
108336 2 63.925 64.259 64.5 6.718511627906977 6.743709052428454 6.778944075087995 1.6796279069767444 1.6859272631071136 1.6947360187719986
108336 4 114.369 114.685 114.814 7.548626474123366 7.557117321358503 7.577997534296881 1.8871566185308415 1.8892793303396258 1.8944993835742203
108336 8 214.813 215.795 216.24 8.015982241953385 8.032512338098659 8.069232309031577 2.003995560488346 2.0081280845246647 2.017308077257894
108336 16 415.72 418.22 419.627 8.261508434871923 8.289302281096074 8.339151351871452 2.0653771087179806 2.0723255702740184 2.084787837967863
108336 32 817.682 823.162 825.366 8.400520496361613 8.423012724105341 8.479462676199304 2.1001301240904033 2.1057531810263352 2.119865669049826
108336 64 1621.361 1637.472 1652.38 8.39214224330965 8.468546637744035 8.552696160817979 2.0980355608274124 2.117136659436009 2.1381740402044946
108336 128 3250.908 3268.832 3278.962 8.458169384091674 8.484380965433525 8.531159909785206 2.1145423460229185 2.1210952413583812 2.1327899774463015
108336 256 6476.778 6508.499 6539.388 8.48214420064997 8.522400018806179 8.564139762085407 2.1205360501624924 2.1306000047015448 2.141034940521352
108336 512 12922.964 13047.368 13051.46 8.499896869775489 8.502562662446556 8.584413297135239 2.124974217443872 2.125640665611639 2.1461033242838097
108336 1024 25844.374 26032.738 26094.478 8.502646728553067 8.52281185329027 8.584929470530028 2.125661682138267 2.1307029633225674 2.146232367632507
108336 2048 51642.34 52164.049 52207.4 8.499642885874415 8.506706525024544 8.592644252758493 2.124910721468604 2.126676631256136 2.1481610631896233
108336 4096 103500.178 104080.027 104869.371 8.462799991429337 8.526981953992 8.57475348496502 2.1156999978573343 2.131745488498 2.143688371241255
108336 8192 206652.23 208147.738 208729.916 8.503702095103607 8.527486491349716 8.58919850030169 2.125925523775902 2.131871622837429 2.1472996250754224

119168 1 45.76 64.501 65.926 3.615204926736037 3.6950744949690693 5.208391608391609 0.9038012316840093 0.9237686237422673 1.3020979020979022
119168 2 23.519 69.648 69.888 6.820512820512819 6.844015621410522 20.26752838130873 1.7051282051282048 1.7110039053526305 5.066882095327182
119168 4 41.908 124.962 125.406 7.602060507471732 7.629071237656247 22.748496707072636 1.900515126867933 1.9072678094140618 5.687124176768159
119168 8 79.074 235.536 236.628 8.057744645604071 8.09510223490252 24.11270455522675 2.0144361614010178 2.02377555872563 6.028176138806687
119168 16 153.351 457.035 458.923 8.309402666678288 8.3437285984662 24.86697836988347 2.077350666669572 2.08593214961655 6.216744592470867
119168 32 301.925 899.791 903.512 8.441229336190332 8.476137236313765 25.260418978223065 2.110307334047583 2.119034309078441 6.315104744555766
119168 64 598.922 1785.23 1812.304 8.416636502485234 8.544279448586456 25.468264648819044 2.1041591256213086 2.136069862146614 6.367066162204761
119168 128 1207.401 3557.201 3602.496 8.468297535930644 8.576127129167006 25.266674451984052 2.117074383982661 2.1440317822917514 6.316668612996013
119168 256 2381.115 7135.497 7157.403 8.524602568836768 8.550773127646188 25.624136591470805 2.131150642209192 2.137693281911547 6.406034147867701
119168 512 4765.843 14246.624 14335.88 8.512071250596406 8.565399915095675 25.60471085598078 2.1280178126491016 2.1413499787739187 6.401177713995195
119168 1024 9528.204 28462.508 28950.721 8.430051327564518 8.574650694872004 25.614067876800284 2.1075128318911296 2.143662673718001 6.403516969200071
119168 2048 19045.315 57000.457 57367.853 8.508460792492965 8.563302010017217 25.628986866323817 2.1271151981232412 2.1408255025043044 6.407246716580954
119168 4096 83690.161 114481.024 114745.391 8.507742642142375 8.527389272828307 11.664743433818941 2.126935660535594 2.1318473182070767 2.9161858584547353
119168 8192 159797.585 229183.369 229686.262 8.50050192379377 8.519154424333468 12.218260444924747 2.1251254809484426 2.129788606083367 3.0545651112311867

131072 1 57.278 72.314 74.092 3.5380877827565733 3.625079514340239 4.5766961136911215 0.8845219456891433 0.9062698785850597 1.1441740284227804
131072 2 75.5 76.11 105.074 4.989702495384206 6.888556037314413 6.944211920529801 1.2474256238460515 1.7221390093286033 1.7360529801324502
131072 4 135.703 135.832 136.462 7.68401459747036 7.719653689852172 7.726992034074413 1.92100364936759 1.929913422463043 1.9317480085186032
131072 8 256.536 256.758 257.906 8.131458748536287 8.167815608471791 8.174883836966352 2.032864687134072 2.041953902117948 2.043720959241588
131072 16 498.533 498.905 500.719 8.376562503120514 8.407019372425612 8.413292600489838 2.0941406257801285 2.101754843106403 2.1033231501224594
131072 32 982.55 983.698 985.661 8.510642097029304 8.527625348430107 8.537588926772175 2.127660524257326 2.1319063371075266 2.1343972316930437
131072 64 1953.285 1969.971 1974.859 8.495399418388859 8.51647866897533 8.589230962199577 2.1238498545972146 2.1291196672438324 2.1473077405498944
131072 128 3904.57 3906.218 3914.699 8.571395144301006 8.590004961320643 8.593630540622911 2.1428487860752514 2.1475012403301608 2.1484076351557277
131072 256 7792.159 7801.104 7812.584 8.5898422340163 8.602482930621102 8.612358141049228 2.147460558504075 2.1506207326552755 2.153089535262307
131072 512 15593.34 15619.354 15692.613 8.552924105118759 8.593039635313984 8.607375199925096 2.1382310262796898 2.148259908828496 2.151843799981274
131072 1024 31131.264 31140.511 31258.708 8.587541622001782 8.620136516064235 8.62269697754643 2.1468854055004454 2.155034129016059 2.1556742443866077
131072 2048 62320.057 62427.526 62543.989 8.583893042063561 8.59990690645021 8.614737178433582 2.1459732605158903 2.1499767266125525 2.1536842946083956
131072 4096 124529.704 124615.671 124799.033 8.603767178228058 8.616426933976868 8.622375140311906 2.1509417945570144 2.154106733494217 2.1555937850779765
131072 8192 249058.362 249363.129 249621.66 8.60295395840249 8.611873201190061 8.62241135272543 2.1507384896006223 2.1529683002975153 2.1556028381813577

144176 1 68.055 73.408 81.999 3.5165306893986514 3.928073234524848 4.237043567702593 0.8791326723496629 0.982018308631212 1.0592608919256483
144176 2 82.518 83.036 83.962 6.868631047378576 6.94522857555759 6.988826680239463 1.717157761844644 1.7363071438893976 1.7472066700598659
144176 4 149.24 149.277 150.425 7.6676616253947145 7.726629018536012 7.728544626105602 1.9169154063486786 1.931657254634003 1.9321361565264006
144176 8 282.665 282.869 285.146 8.089946904392837 8.155068247139134 8.160953779208603 2.0224867260982093 2.0387670617847835 2.0402384448021507
144176 16 549.664 554.108 570.385 8.088627856623159 8.326232431222795 8.393549513884848 2.0221569641557897 2.081558107805699 2.098387378471212
144176 32 1084.105 1092.623 1109.419 8.317203869773277 8.445057444333498 8.51141171749969 2.079300967443319 2.1112643610833746 2.1278529293749227
144176 64 2148.433 2151.303 2188.043 8.434262032327519 8.578302545015744 8.589761933464995 2.1085655080818797 2.144575636253936 2.147440483366249
144176 128 4305.809 4310.623 4340.086 8.504222266563382 8.562348412282866 8.57192132767617 2.1260555666408454 2.1405871030707164 2.1429803319190426
144176 256 8610.006 8618.839 8661.82 8.522240360570875 8.56473963604611 8.573526197310432 2.1305600901427186 2.1411849090115274 2.143381549327608
144176 512 17211.9 17296.848 17306.177 8.530839826727764 8.535440908077588 8.577566915912827 2.132709956681941 2.133860227019397 2.144391728978207
144176 1024 34380.617 34468.122 34629.687 8.52656993405687 8.566537161496642 8.588340575737778 2.1316424835142174 2.1416342903741605 2.1470851439344445
144176 2048 68812.892 69058.712 69247.561 8.528024488833623 8.551345353791135 8.581893288251859 2.1320061222084057 2.1378363384477836 2.1454733220629647
144176 4096 107125.34 137265.712 137942.534 8.562187149614056 8.604405097173867 11.025307289573131 2.140546787403514 2.1511012742934668 2.756326822393283

158592 1 51.204 76.166 76.907 4.124253969079537 4.164377806370296 6.1945160534333255 1.0310634922698843 1.041094451592574 1.5486290133583314
158592 2 30.833 90.667 91.555 6.928818742832177 6.99668015926412 20.574319722375375 1.7322046857080442 1.74917003981603 5.143579930593844
158592 4 54.63 164.036 165.055 7.68674684196177 7.734497305469531 23.22416254805052 1.9216867104904425 1.9336243263673827 5.80604063701263
158592 8 103.722 312.905 330.332 7.681580954918083 8.109400616800626 24.464163822525595 1.9203952387295207 2.0273501542001564 6.116040955631399
158592 16 201.758 605.386 608.497 8.340129860952478 8.382988704727232 25.153619682986545 2.0850324652381196 2.095747176181808 6.288404920746636
158592 32 397.999 1193.863 1200.234 8.456590964761872 8.501719208987964 25.502295231897566 2.114147741190468 2.125429802246991 6.3755738079743915
158592 64 790.495 2389.191 2403.726 8.445128937324803 8.49650613952589 25.679828461913104 2.1112822343312008 2.1241265348814724 6.419957115478276
158592 128 1574.693 4737.696 4765.694 8.519126909952673 8.569471743227087 25.78251887828294 2.1297817274881683 2.1423679358067718 6.445629719570735
158592 256 3151.685 9468.743 9512.278 8.536241686796789 8.575489270328701 25.763711792263503 2.134060421699197 2.1438723175821752 6.440927948065876
158592 512 6299.853 18944.671 19018.834 8.538809897599402 8.572236910316363 25.778094822212516 2.1347024743998504 2.1430592275790907 6.444523705553129
158592 1024 12594.186 37848.232 38042.243 8.537783011375012 8.581547904271988 25.789393296240025 2.134445752843753 2.145386976067997 6.447348324060006
158592 2048 71788.01 75854.389 76014.929 8.545595457965893 8.563681555723823 9.048764995714464 2.1363988644914733 2.140920388930956 2.262191248928616
158592 4096 151458.447 151893.527 152396.207 8.525052490315588 8.553265498930708 8.577835635671082 2.131263122578897 2.138316374732677 2.1444589089177706

174448 1 88.852 103.425 104.371 3.3428442766668907 3.373420352912739 3.926709584477558 0.8357110691667227 0.8433550882281847 0.9816773961193895
174448 2 99.295 99.39 100.5 6.9432039800995025 7.020746553979274 7.027463618510499 1.7358009950248756 1.7551866384948185 1.7568659046276247
174448 4 180.241 180.277 181.185 7.702536081905236 7.741331395574589 7.742877591668932 1.925634020476309 1.9353328488936472 1.935719397917233
174448 8 343.055 343.257 344.628 8.099074944577923 8.13142339413326 8.136211394674325 2.024768736144481 2.032855848533315 2.034052848668581
174448 16 669.385 669.497 672.533 8.300464066447297 8.338104577018271 8.339499690013968 2.0751160166118243 2.0845261442545677 2.084874922503492
174448 32 1321.401 1328.011 1343.325 8.31122178177284 8.407062893304348 8.449117262662886 2.07780544544321 2.101765723326087 2.1122793156657216
174448 64 2626.911 2644.503 2659.578 8.395822194348126 8.443682612574083 8.500228595487247 2.0989555485870315 2.1109206531435207 2.1250571488718117
174448 128 5250.026 5277.488 5291.915 8.439041065474408 8.462110761786668 8.506374635097046 2.109760266368602 2.115527690446667 2.1265936587742615
174448 256 10504.05 10521.256 10521.439 8.489083670018902 8.489231323712684 8.503136980497999 2.1222709175047254 2.122307830928171 2.1257842451244997
174448 512 21012.956 21057.915 21203.008 8.424972154894249 8.483021799641607 8.501171943633253 2.106243038723562 2.1207554499104018 2.125292985908313
174448 1024 41918.209 42015.886 42042.145 8.49788953441838 8.503200527533801 8.52301452096868 2.124472383604595 2.1258001318834503 2.13075363024217
174448 2048 83974.884 84012.641 84296.399 8.476506902744445 8.505136840061962 8.508960941226189 2.1191267256861113 2.1262842100154904 2.127240235306547
174448 4096 167868.484 168223.729 168841.464 8.464022889543294 8.495103660435444 8.513081085547899 2.1160057223858235 2.123775915108861 2.1282702713869748

191888 1 86.833 91.74 109.907 3.4918249065118694 4.183300632221496 4.419702186956572 0.8729562266279673 1.045825158055374 1.104925546739143
191888 2 108.462 108.61 108.926 7.046545361070819 7.067047233219777 7.076690453799487 1.7616363402677047 1.7667618083049443 1.7691726134498718
191888 4 196.888 196.908 197.407 7.776340251358868 7.796046884839622 7.796838811913371 1.944085062839717 1.9490117212099054 1.9492097029783428
191888 8 374.757 374.887 375.498 8.17636312310585 8.189689159666779 8.192530092833488 2.0440907807764623 2.0474222899166947 2.048132523208372
191888 16 730.625 748.737 752.348 8.161669865540947 8.201031871004105 8.404333276304534 2.040417466385237 2.050257967751026 2.1010833190761335
191888 32 1444.585 1463.176 11166.734 1.0997693685548522 8.393270529314314 8.501287220897352 0.27494234213871305 2.0983176323285786 2.125321805224338
191888 64 2864.04 2887.744 2910.595 8.438708923776755 8.505485250770151 8.57588022513652 2.1096772309441887 2.126371312692538 2.14397005628413
191888 128 5737.392 5743.188 5786.986 8.48858594093713 8.55332055993988 8.561961253475447 2.1221464852342824 2.13833013998497 2.1404903133688618
191888 256 11453.844 11466.248 11537.766 8.515223484338303 8.568335169446884 8.577614292633985 2.128805871084576 2.142083792361721 2.1444035731584963
191888 512 22922.386 22949.996 23031.371 8.53155081388772 8.561801579398969 8.572114264195708 2.13288770347193 2.140450394849742 2.143028566048927
191888 1024 44695.565 45815.419 46209.268 8.504497928857043 8.577606242125604 8.792519436771858 2.126124482214261 2.144401560531401 2.1981298591929646
191888 2048 30416.107 91709.431 91794.059 8.562354215102308 8.57025541898739 25.84069184133262 2.140588553775577 2.1425638547468475 6.460172960333155
191888 4096 60831.659 183682.343 183781.654 8.55333740766094 8.557961915805919 25.840927599886765 2.138334351915235 2.1394904789514797 6.460231899971691

211072 1 78.647 106.185 120.592 3.5005970545309806 3.975552102462683 5.367579182931325 0.8751492636327451 0.9938880256156708 1.3418947957328313
211072 2 118.406 118.463 119.055 7.091579522069631 7.127018562757993 7.130449470466023 1.7728948805174078 1.7817546406894982 1.7826123676165058
211072 4 215.888 216.073 216.388 7.8034641477346245 7.814840354880063 7.82153709330764 1.9508660369336561 1.9537100887200158 1.95538427332691
211072 8 411.59 412.442 436.85 7.730690168249971 8.188186460156823 8.205136179207464 1.9326725420624928 2.0470466150392057 2.051284044801866
211072 16 803.013 803.2 804.867 8.391826227190332 8.409243027888445 8.411201313054708 2.097956556797583 2.1023107569721113 2.102800328263677
211072 32 1585.417 1589.398 1605.638 8.413233867160594 8.499197809485102 8.520539391213795 2.1033084667901485 2.1247994523712754 2.1301348478034487
211072 64 3151.778 3174.63 3191.111 8.466398066378764 8.510351127532973 8.572055519138722 2.116599516594691 2.127587781883243 2.1430138797846805
211072 128 6323.962 6326.465 6333.759 8.531179036019527 8.541014926977388 8.544395428056019 2.1327947590048817 2.135253731744347 2.1360988570140047
211072 256 12590.335 12602.948 12614.205 8.56723543021538 8.574887716746906 8.583478040894068 2.141808857553845 2.1437219291867264 2.145869510223517
211072 512 25153.169 25171.655 25202.447 8.576061205485324 8.58655213572568 8.592862712447882 2.144015301371331 2.14663803393142 2.1482156781119706
211072 1024 50320.125 50322.969 50461.262 8.566481274289176 8.590022897893803 8.590508390032815 2.141620318572294 2.147505724473451 2.1476270975082037
211072 2048 100586.862 100599.14 101446.559 8.522230034436161 8.594018915072237 8.59506793243038 2.1305575086090403 2.148504728768059 2.148766983107595
211072 4096 201424.832 201628.513 201698.442 8.572707884377213 8.575681079391781 8.584352817034992 2.143176971094303 2.1439202698479454 2.146088204258748

232176 1 117.184 126.258 129.018 3.5991257033902246 3.6778025946870696 3.9625887493173133 0.8997814258475562 0.9194506486717674 0.9906471873293283
232176 2 129.981 130.517 130.74 7.103441945846718 7.115578813487899 7.1449211807879625 1.7758604864616796 1.7788947033719746 1.7862302951969906
232176 4 238.036 238.406 238.647 7.7830770971351 7.790944858770333 7.80305500008402 1.945769274283775 1.9477362146925832 1.950763750021005
232176 8 455.09 455.108 455.146 8.161811814231038 8.16249329829403 8.162816146256786 2.0404529535577596 2.0406233245735077 2.0407040365641964
232176 16 888.679 888.921 889.014 8.357159729768036 8.358034066019364 8.36031007821722 2.089289932442009 2.089508516504841 2.090077519554305
232176 32 1756.916 1774.008 1777.23 8.360912206073497 8.37609751478009 8.457583629496233 2.090228051518374 2.0940243786950226 2.114395907374058
232176 64 3506.536 3508.887 3510.573 8.465435129820689 8.469502722658211 8.475181204470736 2.116358782455172 2.1173756806645527 2.118795301117684
232176 128 6976.496 6993.514 6995.609 8.496337631219811 8.49888282199764 8.519614431084028 2.124084407804953 2.12472070549941 2.129903607771007
232176 256 13953.215 13967.311 13969.678 8.509438227566879 8.510880297574817 8.519478270778455 2.1273595568917196 2.127720074393704 2.1298695676946138
232176 512 25063.02 27913.783 27993.64 8.4929371100007 8.517234084681393 9.486016609331198 2.123234277500175 2.129308521170348 2.3715041523327995
232176 1024 18555.022 55787.52 55816.343 8.518946646146274 8.523348017621146 25.62629394888349 2.1297366615365685 2.1308370044052865 6.406573487220872
232176 2048 37070.469 111540.968 111697.279 8.514020256482704 8.525951612684588 25.653651589894917 2.128505064120676 2.131487903171147 6.413412897473729
232176 4096 133588.575 223068.8 223478.931 8.510805844153603 8.526453686037671 14.237638151316457 2.127701461038401 2.131613421509418 3.559409537829114

255392 1 84.629 129.722 139.388 3.6644761385485123 3.937527944373352 6.035567004218412 0.9161190346371281 0.984381986093338 1.508891751054603
255392 2 49.426 142.887 144.203 7.084235418125837 7.149481758312514 20.668635940598065 1.7710588545314592 1.7873704395781285 5.167158985149516
255392 4 87.111 260.813 281.961 7.246165249804051 7.833719944941396 23.454397263261818 1.8115413124510127 1.958429986235349 5.8635993158154545
255392 8 166.24 498.886 499.941 8.173508473999933 8.19079308699783 24.58055822906641 2.043377118499983 2.0476982717494576 6.145139557266602
255392 16 324.758 973.919 974.514 8.386276646615647 8.391400106168994 25.165027497398064 2.0965691616539117 2.0978500265422486 6.291256874349516
255392 32 641.108 1924.841 1942.248 8.415551464076678 8.491656193940177 25.495061674476066 2.1038878660191696 2.122914048485044 6.3737654186190165
255392 64 1274.604 3839.626 3950.829 8.274257377375735 8.513895884651266 25.647319481187882 2.0685643443439337 2.1284739711628164 6.4118298702969705
255392 128 2549.745 7654.55 7659.104 8.536292495832411 8.541371079945915 25.641917917281926 2.134073123958103 2.1353427699864787 6.410479479320482
255392 256 5085.954 11495.285 15304.985 8.543667569749333 11.375159815524366 25.71016253784443 2.1359168924373333 2.8437899538810916 6.427540634461107
255392 512 10169.682 10170.351 30578.619 8.55242704060638 25.714098559626898 25.715790129917533 2.138106760151595 6.428524639906724 6.428947532479383
255392 1024 20320.346 20322.721 61153.922 8.552890785974448 25.73684970629671 25.73985777604377 2.138222696493612 6.434212426574177 6.434964444010943
255392 2048 40646.857 79895.495 122272.437 8.555367486459765 13.093174177092214 25.735953754062706 2.1388418716149413 3.2732935442730535 6.4339884385156765
255392 4096 187581.931 244801.096 244842.793 8.544957514840961 8.546412978477841 11.15337310393718 2.1362393787102403 2.1366032446194603 2.788343275984295

280928 1 138.981 141.481 159.796 3.5160830058324364 3.971247022568402 4.042682093235767 0.8790207514581091 0.9928117556421004 1.0106705233089417
280928 2 156.221 156.943 157.24 7.14647672348003 7.160000764608807 7.193091837845103 1.7866191808700076 1.7900001911522017 1.7982729594612759
280928 4 286.072 286.091 325.887 6.89632909566813 7.855626356648759 7.856148102575576 1.7240822739170325 1.9639065891621899 1.964037025643894
280928 8 547.83 548.218 548.645 8.192634581560027 8.199015720023787 8.204822663965098 2.0481586453900067 2.049753930005947 2.0512056659912745
280928 16 1072.161 1072.365 1072.698 8.380453771704616 8.383056142264994 8.384651185782731 2.095113442926154 2.0957640355662486 2.096162796445683
280928 32 2140.84 2144.598 2144.637 8.383419664959618 8.383572119343578 8.39828852226229 2.0958549162399045 2.0958930298358944 2.0995721305655723
280928 64 4233.829 4235.44 4245.827 8.46920611697085 8.489976011937369 8.493206504088853 2.1173015292427126 2.122494002984342 2.1233016260222133
280928 128 8444.654 8445.988 8464.192 8.496684385231339 8.514997653323684 8.516342765494002 2.1241710963078346 2.128749413330921 2.1290856913735006
280928 256 16854.902 16865.201 16888.032 8.516986230248735 8.52851596610085 8.533727220721902 2.1292465575621837 2.1321289915252124 2.1334318051804755
280928 512 33714.898 33733.822 33757.106 8.521769372054584 8.527651328687273 8.532437855810805 2.130442343013646 2.1319128321718184 2.1331094639527013
280928 1024 67399.733 67425.961 67998.051 8.461132863940467 8.532923157001797 8.53624366731542 2.1152832159851167 2.133230789250449 2.134060916828855
280928 2048 135203.013 135749.081 141586.891 8.12703125178446 8.476529487518226 8.510765126218008 2.031757812946115 2.1191323718795565 2.127691281554502

309008 1 153.148 161.352 167.757 3.683995302729543 3.8302345183201942 4.035416721080262 0.9209988256823858 0.9575586295800486 1.0088541802700655
309008 2 169.627 170.128 170.296 7.258138770141401 7.26530612244898 7.286764489143827 1.8145346925353503 1.816326530612245 1.8216911222859566
309008 4 310.591 310.628 310.85 7.952594498954478 7.958278068944204 7.959226120525064 1.9881486247386195 1.989569517236051 1.989806530131266
309008 8 595.404 595.701 596.22 8.292455804904229 8.299680544434205 8.303820599122613 2.0731139512260572 2.074920136108551 2.075955149780653
309008 16 1182.216 1184.29 1186.215 8.335972821115902 8.34952249871231 8.36417033773862 2.0839932052789756 2.0873806246780773 2.091042584434655
309008 32 2303.32 2303.783 2305.005 8.57981305897384 8.584364065539159 8.586089644513137 2.14495326474346 2.1460910163847897 2.1465224111282843
309008 64 4595.529 4599.177 4602.991 8.59289622769195 8.600022134394916 8.60684896124037 2.1482240569229876 2.150005533598729 2.1517122403100926
309008 128 9180.928 9187.65 9198.078 8.600280188969913 8.610041523131594 8.61634553718317 2.1500700472424783 2.1525103807828985 2.1540863842957925
309008 256 18304.656 18311.709 18322.967 8.634633026408878 8.639941580548271 8.643270652013346 2.1586582566022194 2.1599853951370678 2.1608176630033364
309008 512 36626.232 36638.807 36694.701 8.62315765973948 8.636312639764716 8.639277772280806 2.15578941493487 2.159078159941179 2.1598194430702016
309008 1024 73275.426 73350.218 73436.001 8.617685813256633 8.627764187422047 8.636570519562724 2.1544214533141584 2.1569410468555117 2.159142629890681
309008 2048 146393.962 146425.789 146472.133 8.641212100051822 8.643947057713993 8.645826308054973 2.1603030250129556 2.160986764428498 2.1614565770137433

339904 1 118.424 119.129 173.776 3.911978639167664 5.706486246002232 5.740458015267175 0.977994659791916 1.426621561500558 1.4351145038167938
339904 2 68.11 68.72 190.091 7.152448038044936 19.7848661233993 19.962061371311115 1.788112009511234 4.946216530849825 4.990515342827779
339904 4 114.665 114.999 346.628 7.844813459962842 23.64570126696754 23.714577246762307 1.9612033649907106 5.911425316741885 5.928644311690577
339904 8 220.127 220.295 662.515 8.208816404156886 24.687187634762477 24.706028792469798 2.0522041010392216 6.171796908690619 6.1765071981174495
339904 16 430.775 432.127 1296.326 8.390580764406483 25.170674361935262 25.24967326330451 2.0976451911016207 6.2926685904838155 6.312418315826127
339904 32 852.051 864.477 2586.93 8.409139791181053 25.164181348954337 25.531166561626 2.102284947795263 6.291045337238584 6.3827916404065
339904 64 1694.546 1705.379 5111.674 8.511441066077374 25.512048641387047 25.675143666799244 2.1278602665193436 6.378012160346762 6.418785916699811
339904 128 3385.518 3385.721 10215.071 8.518337660110243 25.700707175812774 25.70224822316703 2.1295844150275607 6.425176793953193 6.425562055791757
339904 256 6943.812 19091.004 20322.474 8.563467617180862 9.11585624307658 25.062724624456997 2.1408669042952155 2.278964060769145 6.265681156114249
339904 512 13525.164 40634.735 40637.432 8.565051453054414 8.565619930830113 25.734378969452788 2.1412628632636035 2.1414049827075283 6.433594742363197
339904 1024 27023.418 81264.342 81321.86 8.560101699592213 8.566160444638806 25.760005340553143 2.1400254248980533 2.1415401111597014 6.440001335138286
339904 2048 144464.348 162482.57 163310.551 8.525149021143159 8.568591597240244 9.637303620406053 2.1312872552857898 2.142147899310061 2.4093259051015132

373888 1 115.129 175.184 182.406 4.099514270363914 4.268517672846835 6.4951141762718345 1.0248785675909784 1.0671294182117088 1.6237785440679586
373888 2 75.167 205.443 209.85 7.126766738146295 7.279644475596638 19.896390703367167 1.7816916845365738 1.8199111188991595 4.974097675841792
373888 4 125.87 377.295 383.702 7.795382875252149 7.927759445526709 23.7634384682609 1.9488457188130373 1.9819398613816772 5.940859617065225
373888 8 241.072 723.366 768.513 7.784133775225662 8.269960158481322 24.815026216234155 1.9460334438064155 2.0674900396203304 6.203756554058539
373888 16 472.182 1415.936 1435.826 8.33277569844814 8.449828240824445 25.33856860278452 2.083193924612035 2.1124570602061112 6.33464215069613
373888 32 933.772 2799.893 2816.539 8.495828390801618 8.546338020774366 25.625990070381206 2.1239570977004045 2.1365845051935914 6.406497517595302
373888 64 1881.544 5587.431 5597.838 8.549312073697024 8.565235794410706 25.435314826546705 2.137328018424256 2.1413089486026764 6.358828706636676
373888 128 3709.756 11144.324 11150.217 8.584167285712915 8.588706502072265 25.800976668007277 2.146041821428229 2.147176625518066 6.450244167001819
373888 256 7400.66 22270.042 22825.682 8.386634668791057 8.59588212720928 25.866700537519627 2.0966586671977643 2.14897053180232 6.466675134379907
373888 512 24736.023 44496.046 44543.594 8.59520477849183 8.604389522610616 15.477884702807724 2.1488011946229575 2.151097380652654 3.869471175701931
373888 1024 89043.132 89085.074 89617.404 8.544351764530024 8.595408743781254 8.599457440468289 2.136087941132506 2.1488521859453136 2.149864360117072
373888 2048 178318.406 178360.426 178439.818 8.582418796235267 8.586239012458963 8.588262324417594 2.1456046990588167 2.1465597531147407 2.1470655811043984

411264 1 212.518 228.369 263.665 3.119594940549561 3.6017497996663295 3.8703921550174574 0.7798987351373903 0.9004374499165824 0.9675980387543643
411264 2 230.332 232.277 236.739 6.9488170516898355 7.08230259560783 7.142107913794002 1.7372042629224589 1.7705756489019575 1.7855269784485004
411264 4 414.016 414.534 421.942 7.797545634234089 7.936892993095862 7.946823311176379 1.9493864085585222 1.9842232482739655 1.9867058277940948
411264 8 794.68 795.681 801.865 8.206149414178197 8.269927269848091 8.280344289525344 2.0515373535445494 2.067481817462023 2.070086072381336
411264 16 1556.325 1581.917 1623.806 8.104692309302958 8.319303730853136 8.456105247939858 2.0261730773257396 2.079825932713284 2.1140263119849645
411264 32 3080.908 3186.185 3249.741 8.099382689266621 8.26094404436654 8.543226866884698 2.0248456723166552 2.065236011091635 2.1358067167211745
411264 64 6168.223 6261.167 6296.558 8.360407702112806 8.407664577546006 8.534352924659178 2.0901019255282014 2.1019161443865015 2.1335882311647945
411264 128 12268.41 12281.116 12575.243 8.372290221349997 8.572802667119177 8.581681244757878 2.0930725553374994 2.1432006667797943 2.1454203111894694
411264 256 24501.821 24936.23 24945.391 8.441125176189862 8.444226252324428 8.593939528004878 2.1102812940474656 2.111056563081107 2.1484848820012195
411264 512 48952.419 48968.447 52229.512 8.063148972174965 8.600116234031274 8.602932083907845 2.015787243043741 2.1500290585078186 2.1507330209769613
411264 1024 97908.951 98061.098 98290.947 8.56913782710833 8.589223343185491 8.6025706883531 2.1422844567770825 2.147305835796373 2.150642672088275
411264 2048 195929.307 195969.472 196057.661 8.592050600868895 8.595917143666131 8.597679284396182 2.1480126502172237 2.148979285916533 2.1494198210990456

452384 1 214.11 242.61 247.111 3.6613829412693084 3.7293104158938215 4.2257157535846055 0.9153457353173271 0.9323276039734554 1.0564289383961514
452384 2 248.574 253.388 253.443 7.139814475049617 7.1413642319288995 7.279667221833337 1.7849536187624042 1.7853410579822249 1.8199168054583343
452384 4 453.979 453.979 482.942 7.493802568424366 7.971892973022982 7.971892973022982 1.8734506421060915 1.9929732432557454 1.9929732432557454
452384 8 871.458 895.735 898.661 8.054365327971283 8.080675646256985 8.305786394754538 2.0135913319928207 2.0201689115642463 2.0764465986886345
452384 16 1706.175 1707.528 1707.638 8.477375181390904 8.477921299094364 8.484644306709454 2.119343795347726 2.119480324773591 2.1211610766773634
452384 32 3392.332 3400.85 3411.11 8.487728627924634 8.513335195612862 8.534711814763414 2.1219321569811584 2.1283337989032156 2.1336779536908534
452384 64 6752.018 6754.201 6758.591 8.567636656812049 8.57320532806175 8.575977137501706 2.141909164203012 2.1433013320154375 2.1439942843754265
452384 128 13446.257 13463.886 13474.2 8.59496697392053 8.60155114206998 8.612828387855446 2.1487417434801324 2.150387785517495 2.1532070969638615
452384 256 26885.553 26979.547 27150.009 8.531142954685578 8.58504436712744 8.615058354946243 2.1327857386713944 2.14626109178186 2.1537645887365606
452384 512 53730.68 53740.576 53758.819 8.61702739414718 8.619952566195048 8.621540170345881 2.154256848536795 2.154988141548762 2.1553850425864702
452384 1024 107533.82 107571.655 107846.042 8.590787522828144 8.61270036237706 8.61573067896221 2.147696880707036 2.153175090594265 2.1539326697405525
452384 2048 174982.705 215010.088 215786.047 8.587046705573137 8.618036861600652 10.589417188401564 2.146761676393284 2.154509215400163 2.647354297100391

497616 1 253.61 255.776 272.443 3.652991634947494 3.8910296509445765 3.924261661606403 0.9132479087368734 0.9727574127361441 0.9810654154016007
497616 2 276.257 278.628 281.739 7.064921789315643 7.143804642749473 7.205116974411507 1.7662304473289108 1.7859511606873681 1.8012792436028768
497616 4 501.237 501.646 523.348 7.606655609651704 7.935731571666075 7.942206979931649 1.901663902412926 1.9839328929165188 1.9855517449829123
497616 8 966.994 969.587 988.402 8.055281150786826 8.211595246223393 8.233614686337248 2.0138202876967064 2.052898811555848 2.058403671584312
497616 16 1886.656 1887.804 1915.192 8.314420695157457 8.435045163586897 8.440177753655144 2.0786051737893643 2.1087612908967244 2.110044438413786
497616 32 3751.423 3754.237 3771.553 8.444114135476818 8.483061671386222 8.489424946213743 2.1110285338692045 2.1207654178465556 2.122356236553436
497616 64 7460.661 7464.734 7474.161 8.522006416506146 8.53276861573366 8.537426911636917 2.1305016041265366 2.133192153933415 2.1343567279092293
497616 128 14882.195 14892.673 14905.876 8.546273697701496 8.553850339693888 8.559872787582746 2.136568424425374 2.138462584923472 2.1399681968956865
497616 256 29733.419 29752.777 29765.587 8.559528558936197 8.563213847231808 8.56878894418432 2.1398821397340493 2.140803461807952 2.14219723604608
497616 512 59452.157 59479.727 60875.603 8.37049259290294 8.566932124621218 8.570904904257722 2.092623148225735 2.1417330311553044 2.1427262260644304
497616 1024 119031.235 119082.329 119703.123 8.513709103479279 8.558092342987345 8.561765892792762 2.1284272758698197 2.1395230857468364 2.1404414731981904
497616 2048 237699.136 237846.85 237989.51 8.564390657386538 8.56952755943583 8.574852943512592 2.1410976643466344 2.1423818898589575 2.143713235878148

547376 1 214.535 271.85 306.98 3.5661997524268685 4.027044325915027 5.10290628568765 0.8915499381067171 1.0067610814787566 1.2757265714219126
547376 2 143.444 308.221 308.405 7.09944391303643 7.103682098234708 15.263824210144728 1.7748609782591076 1.775920524558677 3.815956052536182
547376 4 182.794 547.497 548.218 7.9877129171242105 7.998231953782396 23.955972296683697 1.9969282292810526 1.999557988445599 5.988993074170924
547376 8 353.277 1052.346 1054.032 8.309060825477786 8.322373059811127 24.79079022976305 2.0772652063694466 2.080593264952782 6.197697557440763
547376 16 690.977 2088.062 2103.506 8.327065385123694 8.388655126140891 25.349659974210432 2.0817663462809235 2.097163781535223 6.337414993552608
547376 32 1369.455 4102.532 4102.735 8.53870990936534 8.539132418711176 25.581026028602622 2.134677477341335 2.134783104677794 6.3952565071506555
547376 64 2734.113 8188.121 8227.896 8.51543675321127 8.556801737541495 25.625907926994973 2.1288591883028176 2.1392004343853737 6.406476981748743
547376 128 5410.247 16280.349 16283.52 8.60552607789962 8.60720221661096 25.9005283862271 2.151381519474905 2.15180055415274 6.475132096556775
547376 256 10811.845 32497.132 32516.848 8.618809301565761 8.624038330520984 25.921247668644902 2.1547023253914404 2.156009582630246 6.480311917161226
547376 512 21616.449 65041.27 65140.801 8.604638189819005 8.61780564862894 25.929930674552516 2.151159547454751 2.154451412157235 6.482482668638129
547376 1024 43198.065 130237.417 130922.369 8.562524926508166 8.607557442574281 25.950839418385986 2.1406312316270415 2.1518893606435703 6.487709854596496

602112 1 254.868 308.684 336.499 3.578685226404833 3.9011545787925512 4.7248928857290835 0.8946713066012083 0.9752886446981378 1.1812232214322709
602112 2 198.573 338.647 340.331 7.076781133661053 7.111972053495234 12.12877883700201 1.7691952834152633 1.7779930133738084 3.0321947092505024
602112 4 206.11 631.663 635.885 7.575105561540216 7.625737141482088 23.370510892242006 1.893776390385054 1.906434285370522 5.8426277230605015
602112 8 387.166 1154.567 1156.809 8.327902013210478 8.344073579099351 24.882846117685954 2.0819755033026195 2.086018394774838 6.2207115294214885
602112 16 757.68 2262.894 2292.635 8.404121894675777 8.514576467125726 25.429711751662975 2.1010304736689442 2.1286441167814316 6.357427937915744
602112 32 1504.158 4519.585 4546.419 8.475938535361568 8.526262477638987 25.619095866258736 2.118984633840392 2.1315656194097468 6.404773966564684
602112 64 3069.556 8991.505 9259.094 8.323744850198088 8.57146117363 25.10797522508141 2.080936212549522 2.1428652934075 6.276993806270353
602112 128 6017.28 17923.232 18011.617 8.557847526959963 8.600048919748403 25.616336949585197 2.1394618817399906 2.1500122299371007 6.404084237396299
602112 256 11929.061 35886.385 36048.853 8.551765683085671 8.590481989200082 25.84288436449441 2.137941420771418 2.1476204973000206 6.460721091123602
602112 512 23831.27 71386.716 71672.449 8.60250621546363 8.636938670774546 25.872002960815767 2.1506265538659073 2.1592346676936365 6.468000740203942
602112 1024 47738.037 143027.264 143545.231 8.590500481343055 8.621610604255146 25.83108677049289 2.1476251203357637 2.1554026510637865 6.457771692623223

662320 1 343.535 365.961 384.443 3.4456083216497633 3.6196206699621 3.8559098781783514 0.8614020804124408 0.904905167490525 0.9639774695445879
662320 2 376.683 382.109 386.312 6.857876535028681 6.933309605374383 7.033181746986193 1.7144691337571702 1.7333274013435958 1.7582954367465482
662320 4 666.144 668.162 683.441 7.752768710100798 7.930052891364668 7.954075995580535 1.9381921775251996 1.982513222841167 1.9885189988951337
662320 8 1277.77 1292.16 1342.363 7.8943773033076745 8.201089648340762 8.293448742731478 1.9735943258269186 2.0502724120851905 2.0733621856828695
662320 16 2497.893 2530.152 2557.652 8.286600366273442 8.376666698285321 8.484847029076105 2.0716500915683604 2.0941666745713303 2.1212117572690263
662320 32 4988.1 5018.453 5047.415 8.398057223350964 8.446523261252022 8.497921052104006 2.099514305837741 2.1116308153130054 2.1244802630260016
662320 64 5205.063 9904.147 9910.923 8.553891499308389 8.559743711396852 16.287403245647553 2.138472874827097 2.139935927849213 4.071850811411888
662320 128 6754.258 19758.182 19761.866 8.579853744580596 8.581453496075701 25.103263748586446 2.144963436145149 2.1453633740189253 6.275815937146612
662320 256 13539.239 39573.011 39600.4 8.563242795527318 8.569169528191829 25.046299869586466 2.1408106988818294 2.142292382047957 6.261574967396617
662320 512 27274.976 79190.967 79269.391 8.555833108393628 8.56430607798993 24.865857993788886 2.138958277098407 2.1410765194974823 6.2164644984472215
662320 1024 100236.937 157970.989 160913.493 8.429568799429394 8.586585224202148 13.532250691179838 2.1073921998573484 2.146646306050537 3.3830626727949595

728544 1 389.444 432.238 451.276 3.228817840966504 3.3710317001281704 3.7414570515914995 0.807204460241626 0.8427579250320426 0.9353642628978749
728544 2 422.423 422.553 450.145 6.47386064490331 6.896592853440871 6.898715268818223 1.6184651612258274 1.7241482133602177 1.7246788172045557
728544 4 745.477 754.052 813.346 7.165894957373615 7.7293767538578235 7.818285473596101 1.7914737393434037 1.9323441884644559 1.9545713683990253
728544 8 1425.437 1432.769 1468.418 7.938273706805556 8.135787415836049 8.177635349720823 1.984568426701389 2.033946853959012 2.044408837430206
728544 16 2836.818 2853.204 2913.502 8.001850693769903 8.170957281708564 8.218154284131023 2.0004626734424757 2.042739320427141 2.0545385710327557
728544 32 5589.745 5597.448 5675.172 8.215930019389722 8.330013248894852 8.341492500999598 2.0539825048474305 2.082503312223713 2.0853731252498995
728544 64 11068.25 11105.324 11389.973 8.187344430052644 8.397200477896908 8.425327581144264 2.046836107513161 2.099300119474227 2.106331895286066
728544 128 22124.112 22165.316 23081.648 8.080327019977084 8.41437424126956 8.430045192322295 2.020081754994271 2.10359356031739 2.1075112980805737
728544 256 44036.671 44286.299 45243.153 8.244662523851952 8.422797488677029 8.47054328879674 2.061165630962988 2.105699372169257 2.117635822199185
728544 512 88117.396 89190.796 90304.253 8.261283729349934 8.3644175123182 8.46630846876138 2.0653209323374835 2.09110437807955 2.116577117190345
728544 1024 177095.026 178514.743 180711.078 8.256594606778894 8.358178640741176 8.425183618652282 2.0641486516947234 2.089544660185294 2.1062959046630705

801392 1 370.294 436.534 496.868 3.2257742499013817 3.671613207676836 4.328409318001372 0.8064435624753454 0.917903301919209 1.082102329500343
801392 2 433.034 508.739 633.904 5.056866654887806 6.3010069996599425 7.402578088556556 1.2642166637219514 1.5752517499149856 1.850644522139139
801392 4 324.331 865.532 1029.976 6.224548921528267 7.407162300180698 19.767262457181086 1.5561372303820669 1.8517905750451744 4.941815614295272
801392 8 589.515 1651.158 1708.565 7.504702484248477 7.765623883359436 21.750544091329314 1.8761756210621192 1.941405970839859 5.437636022832328
801392 16 1146.29 3099.408 3376.982 7.593923805338612 8.274013618084485 22.37177677551056 1.898480951334653 2.0685034045211212 5.59294419387764
801392 32 2239.432 6210.316 6673.037 7.686018824712045 8.258692150286716 22.902721761589543 1.9215047061780113 2.064673037571679 5.725680440397386
801392 64 4409.974 12268.318 13212.371 7.763797731686463 8.361225719776746 23.260494506316814 1.9409494329216157 2.0903064299441865 5.8151236265792035
801392 128 8764.912 24640.154 26022.78 7.883721570101272 8.326098611234329 23.406550117103286 1.970930392525318 2.0815246528085822 5.851637529275822
801392 256 17626.435 50722.04 51577.081 7.95533008159186 8.089436150438743 23.27825813898272 1.988832520397965 2.022359037609686 5.81956453474568
801392 512 34764.168 98442.152 103180.661 7.95328698272247 8.33611812955897 23.605495405499134 1.9883217456806175 2.0840295323897426 5.9013738513747835
801392 1024 164722.893 197255.08 208122.887 7.885969869330133 8.320448913153465 9.963708056050228 1.9714924673325334 2.080112228288366 2.490927014012557

881520 1 419.443 509.534 512.756 3.4383605457566566 3.4601027605616115 4.203288647086732 0.8595901364391642 0.8650256901404029 1.050822161771683
881520 2 604.774 631.274 720.439 4.894349139899422 5.585656941359853 5.8304093760644475 1.2235872849748555 1.3964142353399633 1.4576023440161119
881520 4 587.293 1044.844 1137.493 6.1997392511426455 6.74948604767793 12.007907466971341 1.5499348127856614 1.6873715119194825 3.0019768667428353
881520 8 1017.995 1934.377 2162.932 6.520926224217868 7.29140183118389 13.854999287815755 1.630231556054467 1.8228504577959725 3.4637498219539387
881520 16 1657.564 3636.793 3981.533 7.0848690692755785 7.756460155967084 17.018130220009603 1.7712172673188946 1.939115038991771 4.254532555002401
881520 32 3270.721 7071.829 8004.362 7.048316905207436 7.977749461985011 17.249187564454445 1.762079226301859 1.9944373654962528 4.312296891113611
881520 64 6416.389 14099.363 15311.266 7.369381473746194 8.002812609335614 17.585367720068096 1.8423453684365485 2.0007031523339034 4.396341930017024
881520 128 13356.276 28287.613 30150.923 7.484650469904354 7.977665701238206 16.896110862039688 1.8711626174760885 1.9944164253095515 4.224027715509922
881520 256 25347.353 56597.486 66016.37 6.836762457554089 7.974528055892801 17.806129105473065 1.7091906143885223 1.9936320139732002 4.451532276368266
881520 512 82383.967 114708.316 145571.757 6.200903929462085 7.869320302810478 10.956943600445946 1.5502259823655213 1.9673300757026195 2.7392359001114865
881520 1024 224915.364 225110.359 250346.464 7.211417853299498 8.019857318072155 8.026810298295139 1.8028544633248744 2.004964329518039 2.0067025745737848

969664 1 585.145 586.497 604.033 3.210632531666316 3.3066290194152743 3.3142691127840105 0.802658132916579 0.8266572548538186 0.8285672781960026
969664 2 829.199 864.865 995.328 3.8968621399176953 4.48469529926636 4.677593677754073 0.9742155349794238 1.12117382481659 1.1693984194385183
969664 4 1278.993 1322.233 1531.824 5.0641013589028505 5.866826799815161 6.065171584207263 1.2660253397257126 1.4667066999537903 1.5162928960518158
969664 8 2484.616 2514.282 2686.745 5.774505582033278 6.170598206565532 6.244274366743191 1.4436263955083195 1.542649551641383 1.5610685916857978
969664 16 4374.733 4780.805 4979.38 6.231548506038904 6.490381431578991 7.092832408286402 1.557887126509726 1.6225953578947478 1.7732081020716004
969664 32 8515.284 9148.058 9430.448 6.580651947818385 6.78378908397826 7.2878950367362965 1.6451629869545963 1.695947270994565 1.8219737591840741
969664 64 17119.105 17487.046 19189.393 6.467999899736276 7.097653428715176 7.250203325465905 1.616999974934069 1.774413357178794 1.8125508313664762
969664 128 33611.119 33632.046 37183.124 6.675985159288928 7.380876679343267 7.385472170682564 1.668996289822232 1.8452191698358167 1.846368042670641
969664 256 66645.614 68168.456 74546.988 6.659799159155834 7.282957501633893 7.449371957170354 1.6649497897889585 1.8207393754084733 1.8623429892925885
969664 512 133963.389 136524.688 150821.19 6.583530709444741 7.2729405248668275 7.411994750297039 1.6458826773611852 1.8182351312167069 1.8529986875742597
969664 1024 237829.858 268177.595 301549.492 6.5855586717420165 7.405062574298945 8.349968707461448 1.6463896679355041 1.8512656435747363 2.087492176865362

1066624 1 580.145 610.182 619.275 3.444750716563724 3.4960847747065626 3.6770945194735796 0.861187679140931 0.8740211936766407 0.9192736298683949
1066624 2 1130.253 1246.752 1251.086 3.410233988710608 3.4220887554220885 3.774815019292141 0.852558497177652 0.8555221888555221 0.9437037548230353
1066624 4 1713.36 1742.083 1799.675 4.741407198521955 4.89815468034531 4.980268011392819 1.1853517996304888 1.2245386700863274 1.2450670028482047
1066624 8 2847.446 2939.224 3231.185 5.281648683068286 5.806289006894336 5.99343552081409 1.3204121707670715 1.451572251723584 1.4983588802035226
1066624 16 5060.082 5454.45 5702.282 5.985668193891498 6.257636975313735 6.745338909527552 1.4964170484728745 1.5644092438284338 1.686334727381888
1066624 32 9343.094 10270.959 11050.861 6.177250442295853 6.646305958382269 7.306352264035875 1.5443126105739633 1.6615764895955671 1.8265880660089688
1066624 64 18175.287 20350.493 21782.003 6.267920906998314 6.708823810803994 7.511731286554099 1.5669802267495785 1.6772059527009986 1.8779328216385247
1066624 128 34732.046 40117.729 43391.951 6.292774067706705 6.806360948297946 7.861781134344921 1.5731935169266762 1.7015902370744864 1.9654452835862302
1066624 256 80784.976 86193.312 86395.536 6.3210614029873025 6.335891675678966 6.760062514594298 1.5802653507468256 1.5839729189197416 1.6900156286485746
1066624 512 158265.064 173425.492 178539.905 6.117528605159726 6.297937883318792 6.901226009045179 1.5293821512899315 1.574484470829698 1.7253065022612948

1173280 1 694.977 791.718 819.551 2.8632263275866907 2.96388360502098 3.3764570626078276 0.7158065818966727 0.740970901255245 0.8441142656519569
1173280 2 1505.529 1560.64 1622.86 2.8918822326017035 3.007176542956736 3.117256459357475 0.7229705581504259 0.751794135739184 0.7793141148393687
1173280 4 2328.19 2340.487 2417.82 3.8821086764109816 4.0103790364996685 4.031560998028512 0.9705271691027454 1.0025947591249171 1.007890249507128
1173280 8 3792.7 3865.423 3995.107 4.698867890146622 4.8565137631767605 4.949634824795001 1.1747169725366555 1.2141284407941901 1.2374087061987502
1173280 16 6782.997 7027.663 7133.367 5.263287308784197 5.342453102830913 5.535157984000287 1.3158218271960493 1.3356132757077281 1.3837894960000718
1173280 32 13714.698 13924.05 16525.942 4.543760349636953 5.392821772400991 5.475142070208181 1.1359400874092382 1.3482054431002477 1.3687855175520454
1173280 64 26376.94 27097.731 27498.327 5.461417343680582 5.5421555406244165 5.693603579490268 1.3653543359201454 1.3855388851561041 1.423400894872567
1173280 128 52657.992 53757.836 53987.753 5.563478072517669 5.587272523395473 5.703971393364183 1.3908695181294173 1.3968181308488683 1.4259928483410458
1173280 256 104143.063 107226.562 108244.504 5.549652294586707 5.602337226852429 5.768212905356933 1.3874130736466768 1.4005843067131072 1.4420532263392332
1173280 512 207311.28 216837.079 221986.71 5.412210127354021 5.540743887257401 5.795336944521302 1.3530525318385052 1.3851859718143502 1.4488342361303255

1290608 1 825.995 929.439 968.401 2.6654412789743094 2.7771763397059948 3.1249777541026273 0.6663603197435773 0.6942940849264987 0.7812444385256568
1290608 2 1914.804 1932.082 2102.229 2.4556944081734198 2.671952846721826 2.696062886854216 0.6139236020433549 0.6679882116804565 0.674015721713554
1290608 4 2881.891 2948.686 3076.13 3.3564459239368944 3.5015135555294794 3.582669851149818 0.8391114809842236 0.8753783888823699 0.8956674627874545
1290608 8 4752.565 4778.158 4854.973 4.253314694026105 4.321692166730359 4.344964876861233 1.0633286735065262 1.0804230416825897 1.0862412192153081
1290608 16 8579.746 8795.857 8850.153 4.666524522231423 4.6953305402759495 4.813598910736985 1.1666311305578558 1.1738326350689874 1.2033997276842463
1290608 32 16859.128 16992.717 17093.697 4.832126835991067 4.860841971298645 4.899358495884247 1.2080317089977668 1.2152104928246612 1.2248396239710617
1290608 64 32741.273 33507.813 33604.027 4.916012714785642 4.93012850465651 5.045552871447606 1.2290031786964104 1.2325321261641276 1.2613882178619016
1290608 128 65073.086 65931.833 66615.038 4.959775719110151 5.011170370464295 5.077301051927981 1.2399439297775376 1.2527925926160737 1.2693252629819953
1290608 256 130980.261 135593.331 137407.85 4.808977769465136 4.8733318307520594 5.044968539190802 1.202244442366284 1.2183329576880149 1.2612421347977005
1290608 512 257751.415 264058.092 265604.364 4.975756317015936 5.0048933626317345 5.127353392026965 1.243939079253984 1.2512233406579336 1.2818383480067412

1419664 1 859.587 1010.642 1046.513 2.713132087226819 2.8094300454562546 3.3031304568356665 0.6782830218067047 0.7023575113640637 0.8257826142089166
1419664 2 2359.005 2437.911 2676.447 2.1217143474165563 2.3293122677571083 2.407225080065536 0.5304285868541391 0.5823280669392771 0.601806270016384
1419664 4 3440.702 3469.869 3643.664 3.117003104567271 3.2731241438797833 3.3008705781552714 0.7792507761418177 0.8182810359699458 0.8252176445388179
1419664 8 5645.171 5685.152 6009.243 3.779947657300595 3.9954294977513354 4.02372647347618 0.9449869143251487 0.9988573744378338 1.005931618369045
1419664 16 10163.184 10492.606 10554.994 4.304052470328264 4.329643941648052 4.469981848208199 1.076013117582066 1.082410985412013 1.1174954620520499
1419664 32 20055.776 20082.772 21153.248 4.295250355879154 4.524200941981515 4.530290725225491 1.0738125889697885 1.1310502354953786 1.1325726813063728
1419664 64 39319.687 39636.733 40039.101 4.538488314210651 4.584560286540265 4.621526921106976 1.1346220785526628 1.1461400716350663 1.155381730276744
1419664 128 72769.728 77172.918 79535.482 4.569457239223118 4.709346146532906 4.994301806377509 1.1423643098057794 1.1773365366332265 1.2485754515943772
1419664 256 146427.022 153708.49 159510.721 4.5568596483242025 4.728873258725006 4.964028893519394 1.1392149120810506 1.1822183146812515 1.2410072233798486
1419664 512 297478.296 307262.979 316715.511 4.59003706957693 4.731243382236427 4.886863867204618 1.1475092673942324 1.1828108455591066 1.2217159668011546

1561616 1 938.717 981.18 1158.031 2.697019337133462 3.1831386697649773 3.3271284103728815 0.6742548342833655 0.7957846674412443 0.8317821025932204
1561616 2 2759.947 2871.837 2891.835 2.1600347184400217 2.1750760924105372 2.263255055260119 0.5400086796100054 0.5437690231026343 0.5658137638150298
1561616 4 3963.717 4174.273 4279.309 2.919379740981546 2.9928392321249713 3.15182138381726 0.7298449352453865 0.7482098080312428 0.787955345954315
1561616 8 6352.037 6797.479 6808.073 3.6700335028722515 3.675753319723386 3.933518649214417 0.9175083757180629 0.9189383299308465 0.9833796623036043
1561616 16 11635.71 11754.82 12313.913 4.05815048392822 4.2511677762824105 4.294685240522496 1.014537620982055 1.0627919440706026 1.073671310130624
1561616 32 22179.519 22374.111 23376.758 4.275332961054737 4.466922685777325 4.506113229957782 1.0688332402636842 1.1167306714443312 1.1265283074894454
1561616 64 43832.189 46504.86 49642.5 4.026526625371406 4.29819266201425 4.560275280798775 1.0066316563428515 1.0745481655035625 1.1400688201996938
1561616 128 86066.334 93300.791 97182.213 4.1136508797139655 4.284783566304385 4.644948581172285 1.0284127199284914 1.0711958915760962 1.1612371452930712
1561616 256 171473.044 175283.312 184905.332 4.324090513517479 4.561457579030684 4.6628168098537985 1.0810226283793698 1.140364394757671 1.1657042024634496
1561616 512 341888.428 365887.926 371906.877 4.29971824371508 4.370449720715846 4.677241617548986 1.07492956092877 1.0926124301789615 1.1693104043872464

1717776 1 1208.511 1350.159 1367.88 2.5115887358540223 2.5445536414600056 2.842797459021887 0.6278971839635056 0.6361384103650014 0.7106993647554718
1717776 2 3084.371 3377.981 3498.944 1.9637650674031937 2.034086041336526 2.2277164452655014 0.4909412668507984 0.5085215103341315 0.5569291113163753
1717776 4 4518.862 4913.102 5049.526 2.7214847492616143 2.797053266958431 3.041077156151261 0.6803711873154036 0.6992633167396077 0.7602692890378152
1717776 8 7461.679 7962.215 8323.915 3.3018616840753414 3.4518555452220268 3.683409055790259 0.8254654210188354 0.8629638863055067 0.9208522639475647
1717776 16 13499.774 14102.18 14611.878 3.761927932877622 3.897896069969324 4.0718334988422775 0.9404819832194055 0.974474017492331 1.0179583747105694
1717776 32 26357.718 27128.533 28359.983 3.87650669607242 4.052473607769355 4.170985667272106 0.969126674018105 1.0131184019423387 1.0427464168180265
1717776 64 53977.142 54026.78 55070.476 3.9926171693159147 4.069747040264106 4.073489626405192 0.9981542923289787 1.0174367600660266 1.018372406601298
1717776 128 99650.662 106059.163 108658.313 4.047096295338213 4.146276885100442 4.412922575466684 1.0117740738345533 1.0365692212751105 1.103230643866671
1717776 256 196184.178 211408.072 217206.83 4.049142064271184 4.160206862867565 4.483038953324768 1.012285516067796 1.0400517157168911 1.120759738331192
1717776 512 394933.064 423353.9 431322.16 4.078164275167314 4.154922451405314 4.4539259543992 1.0195410687918285 1.0387306128513285 1.1134814885998

1889552 1 1309.566 1415.269 1500.899 2.517893609096948 2.670237248183914 2.885768262157081 0.629473402274237 0.6675593120459785 0.7214420655392703
1889552 2 3331.425 3839.922 4005.385 1.8870116106192039 1.9683233149006674 2.2687612658246845 0.47175290265480097 0.49208082872516684 0.5671903164561711
1889552 4 5191.58 5817.725 5861.708 2.5788415253711037 2.598338010132827 2.911717820008552 0.6447103813427759 0.6495845025332068 0.727929455002138
1889552 8 8222.639 9396.574 9676.909 3.1242240678299242 3.217431374456264 3.676779681073194 0.7810560169574811 0.804357843614066 0.9191949202682985
1889552 16 14872.506 16347.132 16707.033 3.619174272295985 3.6988545758363 4.065600242487716 0.9047935680739962 0.924713643959075 1.016400060621929
1889552 32 29069.518 31023.492 31978.536 3.781640535389112 3.8980566081987162 4.160073379957659 0.945410133847278 0.9745141520496791 1.0400183449894147
1889552 64 57952.981 61372.173 62948.727 3.8422167933594595 3.940917262290843 4.173429076927035 0.9605541983398649 0.9852293155727108 1.0433572692317588
1889552 128 111932.666 123339.432 123801.767 3.9072569295396242 3.9219031915113733 4.321574114923699 0.9768142323849061 0.9804757978778433 1.0803935287309248
1889552 256 232229.803 241087.109 249082.757 3.8840529776214097 4.012867498444307 4.165919324316871 0.9710132444053524 1.0032168746110768 1.0414798310792177
1889552 512 490135.161 491976.844 492858.009 3.9258796908380966 3.932911216447415 3.947689131406755 0.9814699227095242 0.9832278041118537 0.9869222828516887

2078496 1 1722.121 1732.916 1747.156 2.379290687265476 2.3988421827716984 2.413879164123775 0.594822671816369 0.5997105456929246 0.6034697910309438
2078496 2 4359.493 4433.345 4578.141 1.8160174621096206 1.8753298017636795 1.907098830070377 0.45400436552740514 0.46883245044091987 0.47677470751759427
2078496 4 6513.647 6569.092 6782.184 2.451712899561557 2.5312429784816532 2.5527892438752056 0.6129282248903892 0.6328107446204133 0.6381973109688014
2078496 8 10564.976 10813.976 10843.14 3.067002362784212 3.0752737013657137 3.1477531042190723 0.766750590696053 0.7688184253414284 0.7869382760547681
2078496 16 18920.15 19008.579 19274.666 3.4507405731440426 3.499044931238679 3.515398767980169 0.8626851432860106 0.8747612328096698 0.8788496919950423
2078496 32 35704.892 36173.29 36449.309 3.6495546184428354 3.677402414875727 3.725644765988929 0.9123886546107088 0.9193506037189317 0.9314111914972323
2078496 64 69358.648 70808.089 72555.598 3.666808562448896 3.757303604112236 3.8358228666741025 0.916702140612224 0.939325901028059 0.9589557166685256
2078496 128 137471.08 138902.714 139621.466 3.8109825891671987 3.8307025160069945 3.8705957354812375 0.9527456472917997 0.9576756290017486 0.9676489338703094
2078496 256 260192.415 275798.514 276111.783 3.8541997028790327 3.8585775411393253 4.090011432500828 0.9635499257197582 0.9646443852848313 1.022502858125207
2078496 512 514156.364 521482.367 549415.373 3.8738994367381854 4.081403396713507 4.139557638539703 0.9684748591845463 1.0203508491783768 1.0348894096349257

2286336 1 1785.805 1884.174 2068.765 2.210339018689895 2.4268841412735767 2.5605662432348435 0.5525847546724737 0.6067210353183942 0.6401415608087109
2286336 2 4570.751 4871.768 4913.602 1.8612301118405603 1.8772125437828728 2.0008405620870615 0.4653075279601401 0.4693031359457182 0.5002101405217654
2286336 4 6908.775 7339.218 7383.068 2.477383114986886 2.4921848622019405 2.647457472562068 0.6193457787467215 0.6230462155504851 0.661864368140517
2286336 8 11345.619 11903.525 12015.727 3.0444579841069954 3.07315488479253 3.224273263538992 0.7611144960267489 0.7682887211981325 0.806068315884748
2286336 16 20312.696 21334.212 21410.968 3.417068859287445 3.4293627531216058 3.6018238051709135 0.8542672148218613 0.8573406882804014 0.9004559512927284
2286336 32 37662.65 40096.682 40160.378 3.643529052440692 3.6493170183009154 3.8851621964997154 0.910882263110173 0.9123292545752288 0.9712905491249288
2286336 64 73757.553 78506.027 78556.318 3.725365641500662 3.727752112586209 3.9677429103430257 0.9313414103751655 0.9319380281465522 0.9919357275857564
2286336 128 145284.249 154270.059 157195.905 3.7233922601228064 3.7940091537788283 4.028668076743818 0.9308480650307016 0.9485022884447071 1.0071670191859545
2286336 256 291541.565 308105.27 309878.852 3.7776183319538044 3.7993638732631863 4.015221747197522 0.9444045829884511 0.9498409683157966 1.0038054367993805

2514960 1 2065.155 2184.617 2354.764 2.136061193393478 2.302426466515641 2.435613791700865 0.5340152983483695 0.5756066166289102 0.6089034479252162
2514960 2 5059.582 5324.321 5433.618 1.8514072943662951 1.889412753288166 1.988274920734559 0.4628518235915738 0.4723531883220415 0.49706873018363973
2514960 4 7768.214 8112.527 8161.324 2.465247060403435 2.4800755670828587 2.590000738908583 0.6163117651008587 0.6200188917707147 0.6475001847271458
2514960 8 12435.0 13288.444 13447.625 2.9923023582231068 3.0281468620404315 3.235975874547648 0.7480755895557767 0.7570367155101079 0.808993968636912
2514960 16 22239.741 23695.567 23700.071 3.39571640945717 3.3963618595832714 3.6186896241282667 0.8489291023642925 0.8490904648958179 0.9046724060320667
2514960 32 41783.22 43627.404 45274.219 3.5551676772160334 3.6893655189751837 3.8522028699559296 0.8887919193040084 0.9223413797437959 0.9630507174889824
2514960 64 77829.287 82801.127 85852.021 3.749648246486825 3.887807952179202 4.13616637654666 0.9374120616217062 0.9719519880448005 1.034041594136665
2514960 128 157764.935 163424.443 173287.527 3.7153843161487328 3.9396172823425197 4.080943335095343 0.9288460790371832 0.9849043205856299 1.0202358337738358
2514960 256 320199.998 320603.766 337091.626 3.8199095458989545 4.0163580611214655 4.0214226359864 0.9549773864747386 1.0040895152803664 1.0053556589966

2766448 1 2033.303 2320.264 2437.523 2.269884632883464 2.384597614754183 2.721136987453419 0.567471158220866 0.5961494036885457 0.6802842468633548
2766448 2 5362.876 5366.728 6055.929 1.827265808433355 2.0619252550157188 2.063406276781339 0.45681645210833877 0.5154813137539297 0.5158515691953347
2766448 4 7967.047 8164.212 9075.801 2.4385268033091516 2.7108046679826536 2.777890478115668 0.6096317008272879 0.6777011669956634 0.694472619528917
2766448 8 13284.609 13556.44 14783.029 2.994187997601845 3.2651026375656143 3.3319134947818183 0.7485469994004612 0.8162756593914036 0.8329783736954546
2766448 16 22558.444 24317.728 26578.424 3.330759415983431 3.640403248198187 3.924310382400488 0.8326898539958577 0.9101008120495467 0.981077595600122
2766448 32 46268.676 47061.374 50761.492 3.4879327818023946 3.762165380041815 3.826620670969707 0.8719831954505987 0.9405413450104537 0.9566551677424268
2766448 64 89581.609 89985.831 98076.226 3.6105115219258135 3.9351233418070004 3.9528799265036647 0.9026278804814534 0.9837808354517501 0.9882199816259162
2766448 128 177649.783 177808.637 184541.963 3.8376674686179646 3.9829937394998423 3.986555322727301 0.9594168671544911 0.9957484348749606 0.9966388306818252
2766448 256 355694.922 355992.241 356038.523 3.9782812378423444 3.9787984480257252 3.982124254222555 0.9945703094605861 0.9946996120064313 0.9955310635556387

3043088 1 2299.95 2331.411 2529.725 2.4058646690845844 2.6105118316761824 2.6462210048044525 0.6014661672711461 0.6526279579190456 0.6615552512011131
3043088 2 5755.411 5824.986 6214.835 1.9585961654653745 2.0896791854950383 2.1149405316145105 0.48964904136634363 0.5224197963737596 0.5287351329036276
3043088 4 8605.747 8785.043 9169.373 2.6550020377620154 2.7711536528620297 2.828889113286738 0.6637505094405038 0.6927884132155074 0.7072222783216845
3043088 8 14127.122 15566.966 15584.801 3.1241597502592433 3.1277390854454237 3.4465199635141546 0.7810399375648108 0.7819347713613559 0.8616299908785386
3043088 16 25017.818 26673.864 27376.161 3.5570661642441395 3.650720270598965 3.892378464021123 0.8892665410610349 0.9126800676497413 0.9730946160052808
3043088 32 49849.951 51096.435 51817.311 3.7585437808611872 3.811569867839117 3.906877100039677 0.9396359452152968 0.9528924669597792 0.9767192750099193
3043088 64 99630.534 100382.343 102296.887 3.8076942067650603 3.880316521402574 3.909597272659404 0.9519235516912651 0.9700791303506435 0.977399318164851
3043088 128 195796.588 197816.555 197908.536 3.9363159555684857 3.9381462689004976 3.978774788455456 0.9840789888921214 0.9845365672251244 0.994693697113864
3043088 256 389884.42 397969.021 398788.949 3.9069815247061928 3.9150310043856402 3.99621266220384 0.9767453811765482 0.9787577510964101 0.99905316555096

3347392 1 2638.541 2749.281 2906.391 2.303469835958066 2.435103577990027 2.5373052759081625 0.5758674589895165 0.6087758944975068 0.6343263189770406
3347392 2 6334.667 6765.276 6769.0 1.9780717979022011 1.9791606432612652 2.1136972156547453 0.4945179494755503 0.4947901608153163 0.5284243039136863
3347392 4 9317.261 9971.129 10052.998 2.663796013885609 2.6856673903226 2.8741425189226746 0.6659490034714023 0.67141684758065 0.7185356297306686
3347392 8 15617.836 16612.499 16796.902 3.188580370356391 3.223974430337061 3.429301729125597 0.7971450925890977 0.8059936075842653 0.8573254322813992
3347392 16 29537.255 29564.698 30015.146 3.568749723889399 3.623123226220677 3.6264894622062878 0.8921874309723498 0.9057808065551692 0.9066223655515719
3347392 32 56156.545 56730.634 57189.271 3.7460363500699283 3.7763210613863403 3.814926434665808 0.9365090875174821 0.9440802653465851 0.953731608666452
3347392 64 108209.002 110583.712 112141.24 3.820772589994546 3.874586666072486 3.9596167424222246 0.9551931474986365 0.9686466665181215 0.9899041856055562
3347392 128 215880.657 217419.033 218864.457 3.915356397955471 3.941386088309941 3.969472596148343 0.9788390994888677 0.9853465220774853 0.9923681490370857
3347392 256 431226.966 433100.78 433171.177 3.956552963356562 3.957196068776417 3.974391304647678 0.9891382408391405 0.9892990171941043 0.9935978261619195

3682128 1 2847.28 3223.648 3453.093 2.1326549849656526 2.284447929798787 2.5864179146413417 0.5331637462414132 0.5711119824496967 0.6466044786603354
3682128 2 7048.7 7346.051 8319.914 1.7702721446399563 2.0049564044681962 2.0895359427979625 0.4425680361599891 0.5012391011170491 0.5223839856994906
3682128 4 11043.475 11142.62 12312.892 2.3923724824354826 2.64363533890593 2.6673691025696167 0.5980931206088707 0.6609088347264825 0.6668422756424042
3682128 8 18189.175 18519.596 20113.328 2.9291049198819805 3.1811734986011566 3.238962074970415 0.7322762299704951 0.7952933746502892 0.8097405187426038
3682128 16 32628.168 33226.122 33317.53 3.5365195439157704 3.546248821935945 3.6112384857157775 0.8841298859789426 0.8865622054839862 0.9028096214289444
3682128 32 61514.106 62619.119 62652.851 3.7613003756205763 3.763326532907625 3.8309293156272153 0.9403250939051441 0.9408316332269062 0.9577323289068038
3682128 64 120613.543 122981.656 128047.541 3.6807609136359756 3.832379554232055 3.9076240717014668 0.9201902284089939 0.9580948885580137 0.9769060179253667
3682128 128 238470.842 238807.668 245300.546 3.8427340801760788 3.9472131523012903 3.9527883580836263 0.9606835200440197 0.9868032880753226 0.9881970895209066
3682128 256 470801.339 477636.567 480045.782 3.927228624206513 3.9470376982254796 4.004341916283292 0.9818071560516283 0.9867594245563699 1.001085479070823

4050336 1 3429.741 3560.98 3598.776 2.2509519903433834 2.2748434419738386 2.361890300171354 0.5627379975858459 0.5687108604934596 0.5904725750428385
4050336 2 8130.268 8179.49 8296.676 1.952751198190697 1.9807278937928894 1.9927195511882265 0.4881877995476743 0.49518197344822235 0.49817988779705663
4050336 4 12043.097 12092.577 12350.301 2.6236354887220967 2.6795519267729286 2.6905610741157364 0.6559088721805242 0.6698879816932322 0.6726402685289341
4050336 8 19757.311 20302.16 20306.441 3.191370462209503 3.1920434081890794 3.280070653339414 0.7978426155523758 0.7980108520472698 0.8200176633348535
4050336 16 35821.651 36368.9 36425.547 3.558237629211169 3.563779822870639 3.6182238501514075 0.8895594073027923 0.8909449557176597 0.9045559625378519
4050336 32 68661.898 69646.664 71936.954 3.6034539911156096 3.7219514778195255 3.775332630624338 0.9008634977789024 0.9304878694548814 0.9438331576560846
4050336 64 130951.987 132304.879 132445.622 3.914383882013102 3.9185479168912587 3.959031244023812 0.9785959705032755 0.9796369792228147 0.989757811005953
4050336 128 256091.079 262009.798 264547.13 3.919475580778366 3.9574322178592722 4.048895494715769 0.9798688951945915 0.9893580544648181 1.0122238736789422
4050336 256 482544.973 520914.335 525806.97 3.943979730812621 3.9810231599788852 4.297572553926492 0.9859949327031553 0.9952557899947213 1.074393138481623

4455360 1 3708.182 3858.997 4111.513 2.1672605680682513 2.3090766849520747 2.402988850061836 0.5418151420170628 0.5772691712380187 0.600747212515459
4455360 2 8494.821 8883.338 8945.709 1.9921774786101356 2.0061647997633325 2.097918249248572 0.4980443696525339 0.5015411999408331 0.524479562312143
4455360 4 12622.186 13338.589 13533.628 2.6336530012499235 2.6721627002676223 2.8238278219002635 0.6584132503124809 0.6680406750669056 0.7059569554750659
4455360 8 20200.476 21886.966 22118.8 3.222858382914082 3.256995967371631 3.5289148631943132 0.8057145957285206 0.8142489918429078 0.8822287157985783
4455360 16 36034.05 39925.313 40166.86 3.549481338596047 3.5709555990206012 3.956577736890524 0.8873703346490117 0.8927388997551503 0.989144434222631
4455360 32 70533.664 74865.085 76047.906 3.749518625798849 3.808758648975019 4.042651747114682 0.9373796564497122 0.9521896622437548 1.0106629367786706
4455360 64 137049.241 146624.243 147922.966 3.855291003291538 3.889439210949584 4.161176492761459 0.9638227508228845 0.972359802737396 1.0402941231903649
4455360 128 273395.336 286357.175 305388.543 3.734823018557052 3.9830402712975506 4.171878630731287 0.933705754639263 0.9957600678243876 1.0429696576828218

4900896 1 4125.254 4484.233 4800.677 2.041752027891066 2.1858346789740857 2.3760456931864073 0.5104380069727665 0.5464586697435214 0.5940114232966018
4900896 2 9505.5 9799.111 10885.328 1.8009180798226752 2.000547192495319 2.0623411709010573 0.4502295199556688 0.5001367981238297 0.5155852927252643
4900896 4 14680.433 15930.315 16378.0 2.393892294541458 2.461167152061965 2.6707092358924287 0.5984730736353645 0.6152917880154912 0.6676773089731072
4900896 8 23872.806 24139.063 24700.954 3.174546861631336 3.2484415820116963 3.2846719401146225 0.793636715407834 0.8121103955029241 0.8211679850286556
4900896 16 40836.781 42901.881 44248.473 3.5442730871187353 3.65551971951999 3.8403779181321855 0.8860682717796838 0.9138799298799976 0.9600944795330464
4900896 32 78662.08 83560.066 83572.886 3.753099348513584 3.7536751586577255 3.9874021129367545 0.938274837128396 0.9384187896644314 0.9968505282341886
4900896 64 157840.527 160126.943 161491.481 3.8845063783890867 3.917608593826712 3.9743575361985455 0.9711265945972717 0.979402148456678 0.9935893840496364
4900896 128 303343.201 314510.308 321867.134 3.897972931899285 3.989151846813237 4.136006252535061 0.9744932329748213 0.9972879617033092 1.0340015631337653

5390976 1 4530.492 4851.973 4953.176 2.1767754668923534 2.2221788950598036 2.379863379076709 0.5441938667230883 0.5555447237649509 0.5949658447691772
5390976 2 10250.589 10961.531 11051.843 1.9511590962701875 1.9672346864685233 2.1036746278677256 0.48778977406754687 0.4918086716171308 0.5259186569669314
5390976 4 15032.376 16300.516 16532.296 2.6087004491088233 2.645794034986377 2.868994761706333 0.6521751122772058 0.6614485087465942 0.7172486904265832
5390976 8 26038.219 26469.704 27574.562 3.128086531347261 3.2586543468714266 3.3126542180169847 0.7820216328368153 0.8146635867178567 0.8281635545042462
5390976 16 48025.741 48230.405 48793.226 3.5355570053925103 3.5768149158191807 3.592057684232295 0.8838892513481276 0.8942037289547952 0.8980144210580737
5390976 32 89907.978 90104.756 91282.098 3.7797385419428022 3.8291260008517196 3.837506655972176 0.9449346354857006 0.9572815002129299 0.959376663993044
5390976 64 176338.124 178337.997 180200.901 3.829308977761437 3.8693096233440367 3.9131919538851387 0.9573272444403592 0.9673274058360092 0.9782979884712847
5390976 128 349499.646 350032.355 353320.992 3.9060511185251054 3.9427493952666177 3.948758952391042 0.9765127796312764 0.9856873488166544 0.9871897380977604

5930064 1 5041.601 5449.044 5561.727 2.1324541819474416 2.1765520704182237 2.352452722855299 0.5331135454868604 0.5441380176045559 0.5881131807138248
5930064 2 11847.265 11871.099 13032.612 1.8200692232685205 1.9981516454373769 2.002171471643455 0.4550173058171301 0.4995379113593442 0.5005428679108638
5930064 4 17449.38 17879.582 22620.076 2.097274651066601 2.653334513077543 2.7187505802498424 0.5243186627666503 0.6633336282693858 0.6796876450624606
5930064 8 29565.218 29695.642 32623.354 2.908377354455952 3.195116104915327 3.2092110398103606 0.727094338613988 0.7987790262288318 0.8023027599525901
5930064 16 53225.053 53434.023 54040.686 3.5114663052204773 3.5513337260793554 3.565276825558069 0.8778665763051193 0.8878334315198388 0.8913192063895172
5930064 32 97814.97 100504.234 101093.467 3.7541901298132347 3.77620007531225 3.8800205735379767 0.9385475324533087 0.9440500188280625 0.9700051433844942
5930064 64 178687.796 195315.314 195562.325 3.8813620772815005 3.886270750894627 4.247901697774592 0.9703405193203751 0.9715676877236568 1.061975424443648
5930064 128 382575.535 387070.083 391149.68 3.8811137056279836 3.9220194240638326 3.968095827141691 0.9702784264069959 0.9805048560159582 0.9920239567854228

6523056 1 6013.985 6217.962 6262.778 2.0831190248161437 2.0981331182146175 2.169295733195211 0.5207797562040359 0.5245332795536544 0.5423239332988028
6523056 2 13162.112 13230.461 13337.367 1.9563249627906316 1.972132641485433 1.9823736494568656 0.4890812406976579 0.49303316037135825 0.4955934123642164
6523056 4 19405.206 19435.406 20512.844 2.5439889271326783 2.685019700643249 2.689198352235993 0.6359972317831696 0.6712549251608122 0.6722995880589983
6523056 8 31984.556 32415.652 36866.897 2.8309650253450953 3.219706825579199 3.263102855015402 0.7077412563362738 0.8049267063947998 0.8157757137538505
6523056 16 58993.733 59580.608 61983.232 3.3676493668481178 3.5034518613841605 3.538304517871415 0.8419123417120294 0.8758629653460401 0.8845761294678538
6523056 32 110287.176 110474.764 110508.397 3.777772507187848 3.778922614399068 3.785350202456902 0.944443126796962 0.944730653599767 0.9463375506142255
6523056 64 215442.233 216853.3 223060.722 3.7431563948761895 3.850304182597175 3.8755222519439814 0.9357890987190474 0.9625760456492938 0.9688805629859953
6523056 128 422392.495 422923.829 429652.669 3.886633219075849 3.9484706736635546 3.9534375155032055 0.9716583047689622 0.9871176684158887 0.9883593788758014

7175360 1 6162.057 6202.761 6814.293 2.1059734296720145 2.3136019588696066 2.328884656535959 0.5264933574180036 0.5784004897174017 0.5822211641339897
7175360 2 13406.388 13827.457 14723.137 1.9494106452993 2.075684632394807 2.1408779158114775 0.487352661324825 0.5189211580987018 0.5352194789528694
7175360 4 20151.387 21232.414 21518.042 2.667662791995666 2.703549393865436 2.848582085193441 0.6669156979989165 0.675887348466359 0.7121455212983603
7175360 8 35240.5 35471.294 35963.465 3.1922886184632104 3.2365822346373947 3.2577789758942126 0.7980721546158026 0.8091455586593487 0.8144447439735532
7175360 16 64224.399 64463.145 64640.42 3.5521353357543157 3.5619037823860444 3.575144704740639 0.8880338339385789 0.8904759455965111 0.8937861761851598
7175360 32 121481.776 121489.537 122096.961 3.7611340711420334 3.779939008245624 3.780180493903876 0.9402835177855083 0.944984752061406 0.945045123475969
7175360 64 235409.744 236652.833 238991.73 3.8430036051875103 3.8809849362758317 3.901478606594976 0.9607509012968776 0.9702462340689579 0.975369651648744
7175360 128 453190.97 456838.466 457865.729 4.011857720847241 4.020878924849555 4.053240866648337 1.0029644302118101 1.0052197312123887 1.0133102166620842

7892896 1 6956.181 7035.812 7601.159 2.0767611886555724 2.2436347076925878 2.269318754069223 0.5191902971638931 0.5609086769231469 0.5673296885173057
7892896 2 14861.879 15470.355 15915.371 1.9837164964611886 2.040779542550898 2.1243332690301138 0.49592912411529716 0.5101948856377245 0.5310833172575284
7892896 4 22899.982 23356.402 24157.508 2.6138113252409974 2.703462973449421 2.757345748132029 0.6534528313102493 0.6758657433623553 0.6893364370330073
7892896 8 39104.984 39419.215 40026.99 3.155029543815311 3.203674553133542 3.229417917675149 0.7887573859538277 0.8009186382833855 0.8073544794187872
7892896 16 69924.853 70463.585 71843.047 3.5156174820925954 3.584442545748985 3.6120586767626093 0.8789043705231488 0.8961106364372462 0.9030146691906523
7892896 32 124880.576 134323.664 134517.851 3.75522906621516 3.760657868891963 4.0450273387592315 0.93880726655379 0.9401644672229907 1.0112568346898079
7892896 64 243322.966 248626.167 258956.204 3.9013959596040415 4.063492995087682 4.1520564400813695 0.9753489899010104 1.0158732487719204 1.0380141100203424
7892896 128 462589.066 478831.385 514998.907 3.923467309417027 4.219818164174848 4.367983431757118 0.9808668273542568 1.054954541043712 1.0919958579392794

8682176 1 6721.165 7698.899 8232.028 2.109365031314276 2.2554331469993305 2.5835330630924846 0.527341257828569 0.5638582867498326 0.6458832657731212
8682176 2 14353.435 16317.239 17428.791 1.9926054538148972 2.128344384733226 2.419539573628194 0.4981513634537243 0.5320860961833065 0.6048848934070485
8682176 4 21840.613 25722.629 26318.964 2.639063148534266 2.7002452976326796 3.1801949881168623 0.6597657871335665 0.6750613244081699 0.7950487470292156
8682176 8 36272.456 42654.667 43578.563 3.1876869368088157 3.25673193041221 3.829760411040267 0.7969217342022039 0.8141829826030526 0.9574401027600667
8682176 16 70083.463 77671.272 78573.65 3.5359135282629737 3.5769934603362747 3.9642680328168143 0.8839783820657434 0.8942483650840687 0.9910670082042036
8682176 32 137550.794 143114.121 148118.864 3.751441571952645 3.882630589611768 4.0396659869517 0.9378603929881613 0.970657647402942 1.009916496737925
8682176 64 267748.092 273755.998 286223.825 3.8826905062847232 4.059522115018645 4.150612315101017 0.9706726265711808 1.0148805287546612 1.0376530787752543

9550384 1 8323.878 9186.802 9265.483 2.061497279742459 2.07915311552377 2.294695813658009 0.5153743199356148 0.5197882788809425 0.5736739534145022
9550384 2 17443.75 19227.151 19284.463 1.9809489120853407 1.986853694548922 2.1899841490505194 0.4952372280213352 0.4967134236372305 0.5474960372626299
9550384 4 26076.83 28631.95 28883.759 2.6451914378595944 2.66845506505844 2.929921773467097 0.6612978594648986 0.66711376626461 0.7324804433667742
9550384 8 45021.349 46897.477 48132.536 3.174695470024684 3.258302019104354 3.394081861029975 0.793673867506171 0.8145755047760885 0.8485204652574937
9550384 16 86290.26 86676.272 86886.959 3.5173550958320456 3.5259048520222467 3.5416776818148423 0.8793387739580114 0.8814762130055617 0.8854194204537106
9550384 32 162041.58 162578.074 162607.993 3.758883955968881 3.7595756977659858 3.7720230572918387 0.9397209889922202 0.9398939244414964 0.9430057643229597
9550384 64 311324.268 316244.478 317137.48 3.8546347533568097 3.8655193593609565 3.9266105397218833 0.9636586883392024 0.9663798398402391 0.9816526349304708

10505408 1 9857.85 9874.315 10052.348 2.090140134424316 2.127825170657408 2.131379154683831 0.522535033606079 0.531956292664352 0.5328447886709577
10505408 2 20991.92 21365.395 21538.747 1.9509784854244308 1.9668081025415165 2.0018003117389935 0.4877446213561077 0.4917020256353791 0.5004500779347484
10505408 4 31497.896 31670.058 32145.777 2.614441828548739 2.6537136117654097 2.66821834702864 0.6536104571371848 0.6634284029413524 0.66705458675716
10505408 8 52776.917 52898.313 53824.114 3.1228851811661964 3.1775404255330413 3.1848493158476843 0.7807212952915491 0.7943851063832603 0.7962123289619211
10505408 16 90727.306 93711.436 95192.876 3.5314938483421803 3.5873215730041745 3.705312885626738 0.8828734620855451 0.8968303932510436 0.9263282214066845
10505408 32 173363.401 178282.746 183292.803 3.668153364428608 3.7712348899988335 3.8782471278352464 0.917038341107152 0.9428087224997084 0.9695617819588116
10505408 64 344373.277 346372.772 348285.542 3.86089016580539 3.8822111109818995 3.904751947405025 0.9652225414513474 0.9705527777454749 0.9761879868512563

11555936 1 10935.881 11239.289 11342.268 2.0376764153342166 2.056346446825951 2.113398271250391 0.5094191038335542 0.5140866117064877 0.5283495678125978
11555936 2 23180.273 23347.961 23602.808 1.9584002039079418 1.9797764781258627 1.9940983438805917 0.48960005097698545 0.49494411953146566 0.4985245859701479
11555936 4 34285.652 35789.108 36362.479 2.5423868378170806 2.5831179698583155 2.6963899651084366 0.6355967094542702 0.6457794924645789 0.6740974912771092
11555936 8 57311.364 57598.758 65757.786 2.811757926278114 3.2100514389563743 3.2261485872156173 0.7029394815695285 0.8025128597390936 0.8065371468039043
11555936 16 96935.862 105028.836 108654.794 3.4033468601486647 3.5208421428187586 3.8147899484300245 0.8508367150371662 0.8802105357046897 0.9536974871075061
11555936 32 197414.779 200539.298 204939.684 3.6087686365321026 3.687954986259102 3.746324909139654 0.9021921591330256 0.9219887465647755 0.9365812272849136
11555936 64 367895.104 374930.169 383410.41 3.857902053311489 3.9451608067314528 4.020602046392006 0.9644755133278723 0.9862902016828632 1.0051505115980015

12711520 1 11273.953 11946.32 12224.394 2.079697365775351 2.1281063959445254 2.255024479878531 0.5199243414438377 0.5320265989861314 0.5637561199696327
12711520 2 24407.675 25451.223 25582.227 1.9875548755000885 1.9977853323590775 2.0832004687050283 0.4968887188750221 0.4994463330897694 0.5208001171762571
12711520 4 38186.5 38703.931 40551.043 2.507756952145473 2.6274375075751353 2.6630395558639837 0.6269392380363682 0.6568593768937838 0.6657598889659959
12711520 8 62927.757 63531.186 63848.779 3.185406568228971 3.201330445806568 3.232028753225703 0.7963516420572427 0.800332611451642 0.8080071883064257
12711520 16 114192.487 114461.15 114561.153 3.550668174577468 3.553770340416814 3.5621313685899496 0.887667043644367 0.8884425851042035 0.8905328421474874
12711520 32 215788.453 215930.58 216720.745 3.75385051394134 3.7675871569464596 3.770068642180775 0.938462628485335 0.9418967892366149 0.9425171605451937
12711520 64 412812.048 414722.13 419472.183 3.8788616407491316 3.923288491983777 3.9414415540507677 0.9697154101872829 0.9808221229959443 0.9853603885126919

13982672 1 11963.674 13683.606 13789.902 2.0279581392239048 2.0437115771968295 2.3375214001986344 0.5069895348059762 0.5109278942992074 0.5843803500496586
13982672 2 26060.39 28471.484 39768.732 1.4063985746389902 1.9644458293779135 2.1461953562475466 0.35159964365974755 0.49111145734447836 0.5365488390618867
13982672 4 39254.501 41320.409 41846.664 2.6731252938107564 2.7071701056976467 2.849644579611393 0.6682813234526891 0.6767925264244117 0.7124111449028483
13982672 8 69635.689 70157.852 73227.644 3.0551679636176745 3.188848370101183 3.212759939806153 0.7637919909044186 0.7972120925252958 0.8031899849515383
13982672 16 121606.409 125042.184 125364.549 3.56915497697838 3.5783564368965277 3.6794565983771466 0.892288744244595 0.8945891092241319 0.9198641495942866
13982672 32 222888.765 238934.908 240463.628 3.7215233565385617 3.745333888173427 4.014966873722863 0.9303808391346404 0.9363334720433567 1.0037417184307158
13982672 64 431125.408 433090.474 457593.768 3.911290190473049 4.13258227425247 4.15141854965783 0.9778225476182623 1.0331455685631175 1.0378546374144575

15380928 1 13133.408 14116.511 14299.713 2.151221916132163 2.1791401572244022 2.3422599830904516 0.5378054790330408 0.5447850393061006 0.5855649957726129
15380928 2 27637.14 28022.245 32514.274 1.8922062353291356 2.195531157478639 2.2261244108471425 0.4730515588322839 0.5488827893696597 0.5565311027117856
15380928 4 41719.321 41980.683 44655.741 2.75546707421113 2.9310486444443984 2.949410993529832 0.6888667685527825 0.7327621611110996 0.737352748382458
15380928 8 70384.863 73180.446 74977.416 3.282252992020958 3.3628497973352065 3.4964172339157646 0.8205632480052395 0.8407124493338016 0.8741043084789412
15380928 16 125875.607 127362.133 129142.472 3.811214764419253 3.864490052157026 3.910127686613658 0.9528036911048132 0.9661225130392564 0.9775319216534145
15380928 32 239639.053 242690.097 243150.482 4.04843693462224 4.056116850948393 4.107758646500743 1.01210923365556 1.0140292127370982 1.0269396616251858
15380928 64 467936.589 483735.033 491068.222 4.009134975139972 4.069911521169483 4.207319603297789 1.002283743784993 1.0174778802923707 1.0518299008244472

16919008 1 13247.923 15568.19 15568.465 2.173497258721396 2.1735356518644746 2.554212913224209 0.543374314680349 0.5433839129661187 0.6385532283060522
16919008 2 28404.428 31822.26 32504.299 2.0820640371293653 2.1266884250207245 2.3825873909518616 0.5205160092823413 0.5316721062551811 0.5956468477379654
16919008 4 45615.958 46702.571 47639.371 2.8411807536249793 2.8981715803183508 2.9672086246659557 0.7102951884062448 0.7245428950795877 0.7418021561664889
16919008 8 78054.604 78356.17 84111.345 3.2184020835714846 3.4547901971216812 3.4681378692280593 0.8046005208928712 0.8636975492804203 0.8670344673070148
16919008 16 130043.173 141094.225 150841.587 3.589250595725965 3.837210601638727 4.163296261619209 0.8973126489314912 0.9593026504096818 1.0408240654048022
16919008 32 267795.931 268623.415 270481.52 4.003292025274036 4.030983345215829 4.0434390020660915 1.000823006318509 1.0077458363039573 1.0108597505165229

18610896 1 16403.22 16629.181 17252.699 2.1574474811158533 2.2383418642204926 2.2691759300917744 0.5393618702789633 0.5595854660551232 0.5672939825229436
18610896 2 34366.448 35084.778 35739.725 2.082936676205539 2.121820009805962 2.166170446244547 0.5207341690513847 0.5304550024514905 0.5415426115611367
18610896 4 50803.917 52087.569 52320.899 2.8456538562152764 2.8584011666967983 2.93062379422437 0.7114134640538191 0.7146002916741996 0.7326559485560925
18610896 8 84573.011 85259.094 85267.098 3.492253670929436 3.4925815186354194 3.5209144439707836 0.873063417732359 0.8731453796588549 0.8802286109926959
18610896 16 154717.536 159001.301 161438.248 3.6890184288917705 3.745558484455419 3.8492641971754256 0.9222546072229426 0.9363896211138547 0.9623160492938564
18610896 32 295328.457 297718.751 300112.535 3.9688357035803254 4.000746812215398 4.033127576324282 0.9922089258950814 1.0001867030538496 1.0082818940810705

20471984 1 15986.091 16201.539 19038.52 2.150585654767282 2.527165351390383 2.561224504477048 0.5376464136918205 0.6317913378475958 0.640306126119262
20471984 2 32893.365 36886.33 37089.267 2.2078607269321333 2.220007683063075 2.4894970763860735 0.5519651817330333 0.5550019207657687 0.6223742690965184
20471984 4 50424.078 57443.888 57611.973 2.8427402061026448 2.851058270986114 3.247969591035457 0.7106850515256612 0.7127645677465285 0.8119923977588642
20471984 8 88379.47 95736.556 96325.736 3.400459291585376 3.4213863302122545 3.706197197154497 0.850114822896344 0.8553465825530636 0.9265492992886243
20471984 16 171708.812 171730.653 182095.406 3.597583829215329 3.814714942008635 3.8152001657317385 0.8993959573038323 0.9536787355021588 0.9538000414329346
20471984 32 325120.208 329484.549 372430.344 3.517992014098615 3.9765354095557295 4.029915532042229 0.8794980035246538 0.9941338523889324 1.0074788830105572

22519168 1 20216.513 20724.809 21195.839 2.124866866558101 2.173160486062863 2.227799423174511 0.5312167166395253 0.5432901215157158 0.5569498557936278
22519168 2 40125.452 41034.335 41550.914 2.167862589015491 2.1951536926332547 2.244876194790279 0.5419656472538728 0.5487884231583137 0.5612190486975698
22519168 4 62691.322 63861.684 63871.621 2.8205538105882733 2.820992694148184 2.873656803727955 0.7051384526470683 0.705248173537046 0.7184142009319887
22519168 8 102070.092 102590.108 106065.978 3.3970052866528038 3.5120997045836035 3.5299927818229064 0.8492513216632009 0.8780249261459009 0.8824981954557266
22519168 16 188769.015 188890.962 200890.729 3.5870912489943727 3.814970120169116 3.8174346356577638 0.8967728122485932 0.953742530042279 0.9543586589144409
22519168 32 355288.14 357068.655 370989.928 3.8848136923005625 4.036273506001248 4.056501159875474 0.9712034230751406 1.009068376500312 1.0141252899688684

24771072 1 19930.403 21933.502 22329.926 2.2186434473629695 2.258742995076664 2.4857572624095963 0.5546608618407424 0.564685748769166 0.6214393156023991
24771072 2 40594.616 46131.325 50034.764 1.9803088908343807 2.1478743131700644 2.440823384066498 0.49507722270859517 0.5369685782925161 0.6102058460166245
24771072 4 68236.161 70347.552 71634.51 2.7663841910833202 2.8169932053925635 2.904157752954479 0.6915960477708301 0.7042483013481409 0.7260394382386197
24771072 8 116306.03 116984.244 123729.226 3.2032621944955837 3.3879532700147212 3.407709402513352 0.8008155486238959 0.8469883175036803 0.851927350628338
24771072 16 219242.639 223210.679 224978.712 3.523330260687065 3.5512382631119546 3.6155115976322474 0.8808325651717662 0.8878095657779886 0.9038778994080618
24771072 32 419593.46 422737.1 423132.94 3.746691543324422 3.750199847612145 3.7782967541963117 0.9366728858311055 0.9375499619030363 0.9445741885490779

27248176 1 26290.199 26501.532 26983.121 2.019645985355067 2.056347233058074 2.0728771204812864 0.5049114963387668 0.5140868082645185 0.5182192801203216
27248176 2 54395.423 54871.443 55049.903 1.9798891198772866 1.9863283712075879 2.003710937223523 0.49497227996932164 0.49658209280189697 0.5009277343058808
27248176 4 80611.792 81014.084 81220.473 2.683872673334468 2.6907100251852505 2.7041379752480874 0.670968168333617 0.6726775062963126 0.6760344938120219
27248176 8 135565.734 135953.21 139181.726 3.132385468477377 3.2067710354172587 3.215936676151512 0.7830963671193443 0.8016927588543147 0.803984169037878
27248176 16 237546.597 244905.762 246330.741 3.539719112849175 3.5603148936936813 3.6706130208213423 0.8849297782122938 0.8900787234234203 0.9176532552053356
27248176 32 456882.996 465260.212 476156.631 3.662415160191269 3.7481891187377094 3.816914350649198 0.9156037900478172 0.9370472796844274 0.9542285876622995

29972992 1 29278.997 29572.79 31397.502 1.9092596602111849 2.0270655558707853 2.04740565395734 0.4773149150527962 0.5067663889676963 0.511851413489335
29972992 2 59025.139 60170.003 68349.546 1.7541004295771037 1.9925537979447998 2.031201790138944 0.4385251073942759 0.49813844948619995 0.507800447534736
29972992 4 89534.501 89580.499 90509.713 2.64926191954669 2.6767425798777924 2.678117745917856 0.6623154798866725 0.6691856449694481 0.669529436479464
29972992 8 148939.816 149655.408 152732.598 3.1399182511123134 3.2044807361722607 3.219876893093516 0.7849795627780783 0.8011201840430652 0.804969223273379
29972992 16 269247.589 269410.38 272025.802 3.5258998850410515 3.5601291383056584 3.5622816440521596 0.8814749712602629 0.8900322845764146 0.8905704110130399
29972992 32 509500.787 510776.654 512092.711 3.7459456984928656 3.755597427912201 3.765002011665195 0.9364864246232164 0.9388993569780503 0.9412505029162987

32970288 1 30069.732 32761.162 32788.272 2.011102506408389 2.0127667022311355 2.192921972167893 0.5027756266020973 0.5031916755577839 0.5482304930419732
32970288 2 64131.572 64402.183 65499.711 2.0134615861129523 2.047774560685311 2.056415395524688 0.5033653965282381 0.5119436401713278 0.514103848881172
32970288 4 91663.951 98189.004 98481.537 2.6782919117113293 2.6862713058989782 2.8774921997416407 0.6695729779278323 0.6715678264747446 0.7193730499354102
32970288 8 166715.572 172224.402 173682.825 3.037287123813192 3.063007343175446 3.1642191648420224 0.759321780953298 0.7657518357938615 0.7910547912105056
32970288 16 295750.214 299770.63 315156.255 3.3477019708842524 3.519521628920085 3.567365858271197 0.8369254927210631 0.8798804072300213 0.8918414645677992
32970288 32 563078.842 563705.157 565856.835 3.729032330235969 3.7432661486188956 3.747429799537736 0.9322580825589922 0.9358165371547239 0.936857449884434

36267312 1 35170.425 35268.907 35815.477 2.0252312708274136 2.0566167247541864 2.0623755328518207 0.5063078177068534 0.5141541811885466 0.5155938832129552
36267312 2 70141.721 72609.507 72668.874 1.9963051581066196 1.9979373775392801 2.0682305186096017 0.4990762895266549 0.49948434438482003 0.5170576296524004
36267312 4 102751.16 110958.895 113877.302 2.5478167369999687 2.6148286354149435 2.8237004428952432 0.6369541842499922 0.6537071588537359 0.7059251107238108
36267312 8 179693.878 181797.242 181896.41 3.1901508776341436 3.191891062901824 3.2292529854578578 0.7975377194085359 0.797972765725456 0.8073132463644644
36267312 16 326440.943 330707.497 330941.302 3.506827274161144 3.5093065458990798 3.5551728693541973 0.876706818540286 0.8773266364747699 0.8887932173385493

39894032 1 36704.641 39582.826 40190.617 1.9852410825143592 2.0157242941673745 2.1737867971518914 0.4963102706285898 0.5039310735418436 0.5434466992879728
39894032 2 78545.894 78853.672 79460.559 2.0082432090617437 2.023699390942758 2.0316291517415284 0.5020608022654359 0.5059248477356895 0.5079072879353821
39894032 4 119116.958 119224.934 119518.991 2.67030580939225 2.676891865589123 2.679318388906473 0.6675764523480625 0.6692229663972807 0.6698295972266183
39894032 8 198024.428 198133.271 201913.032 3.1612843692030737 3.221591753764566 3.223362483339682 0.7903210923007684 0.8053979384411415 0.8058406208349205
39894032 16 357158.27 358281.698 359075.163 3.555269635845017 3.5631432783931936 3.5743510125077043 0.8888174089612543 0.8907858195982984 0.8935877531269261

43883424 1 42939.992 43109.75 43512.672 2.0170411047154264 2.0358932260103573 2.043941880566722 0.5042602761788566 0.5089733065025893 0.5109854701416805
43883424 2 86547.162 87114.181 88333.784 1.987163778696495 2.0149841734722846 2.0281854649376023 0.49679094467412377 0.5037460433680712 0.5070463662344006
43883424 4 130166.482 130291.929 130336.542 2.6935453911306007 2.694467682645177 2.697064456270701 0.6733863477826502 0.6736169206612943 0.6742661140676752
43883424 8 217113.573 221152.942 221523.06 3.169578751756138 3.1748833076794423 3.2339515871723044 0.7923946879390344 0.7937208269198606 0.8084878967930761
43883424 16 378951.133 394203.238 394601.827 3.5587001172196797 3.56229841014142 3.7056745466967635 0.8896750293049199 0.890574602535355 0.9264186366741909

48271760 1 47111.506 47993.423 48112.758 2.006609556658548 2.011598964299754 2.0492556531731334 0.501652389164637 0.5028997410749385 0.5123139132932834
48271760 2 95105.353 95180.226 96585.885 1.9991227496647155 2.0286465804357303 2.0302436604173058 0.49978068741617887 0.5071616451089326 0.5075609151043264
48271760 4 143258.912 143841.476 144297.605 2.6762334690170353 2.6847199482296746 2.6956373925274537 0.6690583672542588 0.6711799870574187 0.6739093481318634
48271760 8 239728.058 240045.97 240336.345 3.2136136546471983 3.217501047820132 3.2217678916833337 0.8034034136617996 0.804375261955033 0.8054419729208334
48271760 16 427014.64 434481.597 437488.257 3.5308292172057087 3.5552629401700524 3.6174317583116116 0.8827073043014272 0.8888157350425131 0.9043579395779029

53098928 1 51643.644 52180.251 55182.477 1.9244851223333086 2.035211674240509 2.056358687624754 0.48112128058332715 0.5088029185601273 0.5140896719061885
53098928 2 104669.096 105705.569 107108.157 1.9830022096262936 2.009314305852703 2.0292112965225186 0.4957505524065734 0.5023285764631757 0.5073028241306297
53098928 4 158761.723 160428.235 160585.737 2.645262474337929 2.647859486829111 2.6756539043104235 0.6613156185844823 0.6619648717072778 0.6689134760776059
53098928 8 264268.818 264806.272 265366.037 3.201550799810904 3.2083184494965433 3.2148433342597382 0.800387699952726 0.8020796123741358 0.8037108335649346
53098928 16 453975.31 461713.254 478327.619 3.5523052161451707 3.6801319461364215 3.742859266950002 0.8880763040362927 0.9200329865341054 0.9357148167375005

58408816 1 56810.15 57341.761 63884.055 1.828588244750588 2.037217378099009 2.05628099908203 0.457147061187647 0.5093043445247523 0.5140702497705075
58408816 2 116218.083 118619.406 125952.325 1.8549499900061392 1.9696209235780529 2.0103176542672796 0.4637374975015348 0.4924052308945132 0.5025794135668199
58408816 4 173935.253 174297.095 177114.509 2.6382396938468773 2.6808853469416687 2.6864624619829085 0.6595599234617193 0.6702213367354172 0.6716156154957271
58408816 8 290337.629 290757.373 295525.202 3.1623057853455085 3.2141611624754907 3.2188079072588964 0.7905764463363771 0.8035402906188727 0.8047019768147241
58408816 16 499077.474 527529.169 527578.868 3.542753937597061 3.5430877036488573 3.7450740804222318 0.8856884843992653 0.8857719259122143 0.9362685201055579

64249696 1 62499.268 63897.258 64585.42 1.9896037217068494 2.0110313966837197 2.056014352040091 0.49740093042671235 0.5027578491709299 0.5140035880100228
64249696 2 126921.486 127170.097 127715.311 2.0122785748061167 2.020905779445934 2.024864284995844 0.5030696437015292 0.5052264448614835 0.506216071248961
64249696 4 191509.956 193325.118 199431.216 2.577317524855286 2.6587210876550453 2.683920871455894 0.6443293812138216 0.6646802719137613 0.6709802178639735
64249696 8 317471.482 317777.785 318925.655 3.223306497559752 3.2349496551497454 3.23807080095465 0.805826624389938 0.8087374137874364 0.8095177002386625
64249696 16 563227.161 574878.163 579902.959 3.5454040026721088 3.576393059132427 3.6503748653556145 0.8863510006680272 0.8940982647831067 0.9125937163389036

70674656 1 69052.339 69157.784 71722.715 1.970774698085537 2.0438669926150324 2.046988039029351 0.49269367452138424 0.5109667481537581 0.5117470097573378
70674656 2 139171.651 139228.821 139743.247 2.0229859407803796 2.030460517941181 2.0312946061119876 0.5057464851950949 0.5076151294852953 0.5078236515279969
70674656 4 206535.712 208942.115 213323.298 2.650424277614534 2.705999448698986 2.73752777437347 0.6626060694036335 0.6764998621747464 0.6843819435933675
70674656 8 348328.06 350259.671 350457.286 3.2266257292193945 3.22844617757892 3.246349134204118 0.8066564323048486 0.80711154439473 0.8115872835510295

77742112 1 69967.963 75124.472 75521.765 2.0588001882636084 2.0696880771421595 2.2222202467149144 0.5147000470659021 0.5174220192855399 0.5555550616787286
77742112 2 149721.408 153807.369 154267.415 2.0157753210553246 2.021804611975386 2.0769805210488004 0.5039438302638312 0.5054511529938465 0.5192451302622001
77742112 4 225030.009 229366.311 235765.561 2.6379463283867826 2.7115442249930073 2.7637953656216583 0.6594865820966956 0.6778860562482518 0.6909488414054146
77742112 8 375418.284 383900.688 384497.738 3.2350614036642265 3.240092635624555 3.313301043163897 0.8087653509160566 0.8100231589061387 0.8283252607909742

85516320 1 76122.836 82298.205 83735.627 2.042531311075034 2.07820620145968 2.246798056761837 0.5106328277687585 0.51955155036492 0.5616995141904593
85516320 2 167640.511 171314.297 173549.03 1.9710008174635147 1.9967118097563101 2.040469084468491 0.4927502043658787 0.49917795243907753 0.5101172711171228
85516320 4 252219.688 256005.879 263712.655 2.5942272660369676 2.6723236305053764 2.712439165335896 0.6485568165092419 0.6680809076263441 0.678109791333974
85516320 8 420488.337 421142.841 423186.145 3.233237042767551 3.248924086542884 3.253981144309361 0.8083092606918878 0.812231021635721 0.8134952860773402

94067952 1 89990.346 90627.511 93678.272 2.0083195386012247 2.07592487009822 2.090623187513914 0.5020798846503062 0.518981217524555 0.5226557968784785
94067952 2 184325.87 184462.599 185414.295 2.0293570568547588 2.0398270979582156 2.0413401982044084 0.5073392642136897 0.5099567744895539 0.5103350495511021
94067952 4 275583.085 276866.219 281941.312 2.669149869033737 2.7180766895942625 2.730732243599058 0.6672874672584342 0.6795191723985656 0.6826830608997645
94067952 8 452524.8 460606.741 461756.68 3.2594812315438513 3.2676187689576173 3.3259773431202 0.8148703078859628 0.8169046922394043 0.83149433578005

103474736 1 99154.296 100091.639 100681.731 2.055481862940954 2.0675999920432915 2.087145795478191 0.5138704657352385 0.5168999980108229 0.5217864488695477
103474736 2 205426.451 205592.103 207226.542 1.99732592169588 2.013204485777355 2.0148278957513606 0.49933148042397 0.5033011214443387 0.5037069739378401
103474736 4 304852.25 304892.292 305210.184 2.7122223680452286 2.7150502315748932 2.7154068503676783 0.6780555920113072 0.6787625578937233 0.6788517125919196
103474736 8 490057.088 504372.545 512373.12 3.2312307405977894 3.2824859172300904 3.3783732886238758 0.8078076851494473 0.8206214793075226 0.8445933221559689

113822208 1 102180.481 108729.741 110166.246 2.0663717269625397 2.093672015644735 2.2278659659079114 0.5165929317406349 0.5234180039111838 0.5569664914769779
113822208 2 217147.28 220495.721 231071.303 1.9703391381317479 2.0648420292927137 2.096682178105109 0.49258478453293697 0.5162105073231784 0.5241705445262772
113822208 4 332704.135 332762.019 333079.01 2.7338188137403194 2.7364230651575654 2.7368991491494383 0.6834547034350799 0.6841057662893913 0.6842247872873596
113822208 8 555292.318 556019.987 558212.223 3.262478414056512 3.2753414815644026 3.2796335713039704 0.815619603514128 0.8188353703911007 0.8199083928259926

125204416 1 111439.294 120273.119 120789.892 2.0730942618940333 2.0820016482652286 2.2470425198494173 0.5182735654735083 0.5205004120663071 0.5617606299623543
125204416 2 237137.543 244766.56 245038.952 2.043828786861609 2.046103291233901 2.111929041956887 0.5109571967154023 0.5115258228084753 0.5279822604892217
125204416 4 363454.577 368272.335 370336.431 2.7046632309312293 2.7198223510326947 2.7558748503530337 0.6761658077328073 0.6799555877581737 0.6889687125882584
125204416 8 606792.359 609491.41 610698.678 3.280293094068234 3.2867906308966686 3.30141048463664 0.8200732735170585 0.8216976577241671 0.82535262115916

137724848 1 132841.988 133168.909 133847.319 2.057939584131678 2.0684234636179233 2.0735138049876216 0.5144848960329195 0.5171058659044808 0.5183784512469054
137724848 2 261932.721 263282.365 266183.745 2.0696207125645487 2.0924279983583407 2.1032095184472968 0.5174051781411372 0.5231069995895852 0.5258023796118242
137724848 4 388155.979 398286.085 400735.841 2.7494390849856627 2.7663501826833845 2.8385464700004017 0.6873597712464157 0.6915875456708461 0.7096366175001004

151497328 1 134163.52 145826.691 154131.361 1.965820933742355 2.077772278327292 2.258398229265303 0.4914552334355887 0.519443069581823 0.5645995573163257
151497328 2 284933.605 285247.497 286103.85 2.1180746501663643 2.1244334073858675 2.126773751379729 0.5295186625415911 0.5311083518464669 0.5316934378449323
151497328 4 432998.691 436496.605 436795.862 2.774702622984097 2.77660492685848 2.7990353070143574 0.6936756557460243 0.69415123171462 0.6997588267535894

166647056 1 146231.13 157330.088 158735.841 2.0996777407063347 2.118438476942821 2.2792281780220116 0.5249194351765837 0.5296096192357053 0.5698070445055029
166647056 2 310537.809 311043.589 313518.228 2.126154604318572 2.1430701277048345 2.1465605948163304 0.531538651079643 0.5357675319262086 0.5366401487040826
166647056 4 474195.286 475025.64 477800.199 2.790238369071922 2.806535765101016 2.8114502344504535 0.6975595922679805 0.701633941275254 0.7028625586126134

183311760 1 156682.13 172783.386 175980.104 2.0833236920919194 2.121867897646131 2.3399191726586817 0.5208309230229798 0.5304669744115328 0.5849797931646704
183311760 2 334121.183 334333.319 335810.318 2.1835155166375793 2.1931617291185983 2.194554183653779 0.5458788791593948 0.5482904322796496 0.5486385459134447
183311760 4 514550.52 518624.684 525072.064 2.7929386850792346 2.8276596260119384 2.85004877655162 0.6982346712698086 0.7069149065029846 0.712512194137905

201642928 1 188150.108 189324.664 189351.772 2.129823511765182 2.130128465459735 2.1434261201699654 0.5324558779412955 0.5325321163649338 0.5358565300424913
201642928 2 367270.671 367305.961 368816.017 2.1869215945683833 2.195912393591674 2.1961233926027273 0.5467303986420958 0.5489780983979184 0.5490308481506818
201642928 4 543087.126 552028.695 559768.33 2.881805449765263 2.9222093681198946 2.9703216054508346 0.7204513624413158 0.7305523420299737 0.7425804013627086

221807216 1 209058.282 211016.923 211591.814 2.096557629587693 2.10226945636962 2.1219653570098695 0.5241394073969232 0.525567364092405 0.5304913392524674
221807216 2 401129.06 404592.643 408635.136 2.171200628229874 2.192894209398662 2.211828941039575 0.5428001570574685 0.5482235523496655 0.5529572352598937
221807216 4 595756.121 613617.939 627049.131 2.8298543770727274 2.8917957172044146 2.9784968470344926 0.7074635942681818 0.7229489293011037 0.7446242117586231

243987936 1 231178.77 231523.123 232949.995 2.0947666128947544 2.1076766142274264 2.1108161099741123 0.5236916532236886 0.5269191535568566 0.5277040274935281
243987936 2 440912.238 453463.135 454225.206 2.1486076314311804 2.1522184907048727 2.213483001576382 0.5371519078577951 0.5380546226762182 0.5533707503940954
243987936 4 672991.32 674745.226 675301.841 2.8904163582755578 2.8928007383930714 2.900339766640675 0.7226040895688894 0.7232001845982678 0.7250849416601688

268386720 1 240317.365 252436.632 252547.566 2.1254350160713886 2.1263690445687775 2.233602386577433 0.5313587540178472 0.5315922611421944 0.5584005966443583
268386720 2 469680.19 483682.497 541111.86 1.9839647942663834 2.219528071945097 2.2856975935050614 0.49599119856659585 0.5548820179862742 0.5714243983762654
268386720 4 743795.864 747557.941 762833.89 2.8146281754734312 2.872143605521542 2.8866707438426955 0.7036570438683578 0.7180359013803855 0.7216676859606739

295225392 1 277718.056 279619.074 285110.481 2.0709543259477714 2.1116255609944545 2.1260799261824013 0.5177385814869429 0.5279063902486136 0.5315199815456003
295225392 2 532320.726 535830.767 536141.139 2.202594582095667 2.2038704022383993 2.218402384730742 0.5506486455239168 0.5509676005595998 0.5546005961826855

324747920 1 302115.315 303113.575 304136.907 2.1355377300526044 2.1427474503575104 2.1498275914943275 0.5338844325131511 0.5356868625893776 0.5374568978735819
324747920 2 586554.546 589127.138 589482.997 2.203611786278545 2.204942865830092 2.214613609012929 0.5509029465696362 0.551235716457523 0.5536534022532322

357222704 1 322267.733 339803.201 340146.897 2.100402544610013 2.102527009449802 2.216931249521031 0.5251006361525032 0.5256317523624505 0.5542328123802578
357222704 2 640183.427 645893.515 654598.72 2.1828500000733273 2.2122699528884415 2.2320021977076268 0.5457125000183318 0.5530674882221104 0.5580005494269067

392944960 1 372081.959 372831.254 379480.465 2.0709627832884623 2.1078971024247877 2.1121419649373543 0.5177406958221156 0.5269742756061969 0.5280354912343386
392944960 2 700788.768 716964.546 721969.842 2.177071324261769 2.1922699647689416 2.24287247708856 0.5442678310654423 0.5480674911922354 0.56071811927214

432239456 1 408631.081 408995.043 412186.665 2.09729956208069 2.113665988856496 2.11554860164932 0.5243248905201725 0.528416497214124 0.52888715041233
432239456 2 793662.834 796007.678 797085.099 2.169100672147931 2.172036616963386 2.1784538092658123 0.5422751680369827 0.5430091542408465 0.5446134523164531

475463392 1 437386.897 449584.559 450379.523 2.1113899176983675 2.1151233176582473 2.174108987997416 0.5278474794245919 0.5287808294145618 0.543527246999354
475463392 2 829465.535 873987.149 879296.974 2.162925182544754 2.1760658267985584 2.292866294920861 0.5407312956361885 0.5440164566996396 0.5732165737302153

523009728 1 499653.583 512171.573 532779.75 1.963324349320709 2.0423223605969247 2.0934893526021208 0.4908310873301773 0.5105805901492312 0.5233723381505302
523009728 2 960205.412 963449.61 967537.94 2.162229330252414 2.1714045968631406 2.1787410129698372 0.5405573325631035 0.5428511492157851 0.5446852532424593

575310688 1 543936.353 547876.217 548388.801 2.0981854003980653 2.1001484282352045 2.115360316797947 0.5245463500995163 0.5250371070588011 0.5288400791994867

632841744 1 576090.904 594318.978 611718.351 2.0690624793762318 2.1296366679376004 2.1970204341223205 0.5172656198440579 0.5324091669844001 0.5492551085305801

696125904 1 633447.781 663290.523 722523.941 1.926928270464051 2.099007538511145 2.1978951537285436 0.4817320676160127 0.5247518846277862 0.5494737884321359

765738480 1 714049.469 731420.157 757421.645 2.021960911877558 2.093840244000823 2.144777114875216 0.5054902279693895 0.5234600610002057 0.536194278718804

842312320 1 790101.8 800820.114 803764.154 2.095919097183326 2.103624285341065 2.132161501214147 0.5239797742958315 0.5259060713352662 0.5330403753035368

926543552 1 880297.117 882956.319 886822.836 2.089579822231822 2.0987302136290618 2.105070058976463 0.5223949555579555 0.5246825534072654 0.5262675147441157

1019197904 1 967797.569 969941.408 972336.528 2.096389212274868 2.1015659205674413 2.106221252556174 0.524097303068717 0.5253914801418603 0.5265553131390435

META_DATA
FLOPS          4
OPENMP_THREADS 2
ERT_VERSION  1.1.0
HOSTNAME  ('raspi', [], ['127.0.1.1'])
UNAME  uname_result(system='Linux', node='raspi', release='6.1.21-v8+', version='#1642 SMP PREEMPT Mon Apr  3 17:24:16 BST 2023', machine='aarch64')
TIMESTAMP_DATA  1765912665.4732416
CONFIG  {'ERT_MPI': ['False'], 'ERT_OPENMP': ['True'], 'ERT_OPENMP_CFLAGS': ['-fopenmp'], 'ERT_OPENMP_LDFLAGS': ['-fopenmp'], 'ERT_PRECISION': ['FP64'], 'ERT_TRIALS_MIN': ['1'], 'ERT_TRIALS': ['3', '#', 'Run', 'each', 'test', '3', 'times', 'to', 'filter', 'out', 'background', 'noise'], 'ERT_RESULTS': ['Results/Raspi'], 'ERT_GNUPLOT': ['gnuplot'], 'ERT_DRIVER': ['driver1'], 'ERT_KERNEL': ['kernel1'], 'ERT_CC': ['g++'], 'ERT_LD': ['g++'], 'ERT_CFLAGS': ['-O3', '-march=native', '-fopenmp', '-fstrict-aliasing', '-funroll-loops', '-Wno-all'], 'ERT_LDFLAGS': ['-O3', '-march=native', '-fopenmp'], 'ERT_LDLIBS': ['-lm'], 'ERT_RUN': ['export', 'OMP_NUM_THREADS=ERT_OPENMP_THREADS;', './ERT_CODE'], 'ERT_WORKING_SET_MIN': ['128'], 'ERT_MEMORY_MAX': ['1073741824'], 'ERT_ALIGN': ['64'], 'ERT_MIN_PROCS': ['1'], 'ERT_MAX_PROCS': ['1'], 'ERT_OPENMP_THREADS': ['1,2,4', '#', 'Logical', 'Threads'], 'ERT_NUM_EXPERIMENTS': ['3'], 'ERT_FLOPS': ['1,2,4'], 'ERT_GPU': [False], 'ERT_HIP': [False], 'ERT_OCL': [False], 'ERT_SYCL': [False], 'ERT_WSS_MULT': [1.1]}
TIMESTAMP_DATA  1765912865.8240361
TIMESTAMP_DATA  1765913066.260436
