fp64

1024 1 2.215 2.281 2.462 0.8318440292445166 0.8978518193774659 0.9246049661399549 0.20796100731112915 0.22446295484436649 0.23115124153498873
1024 2 1.547 1.565 1.578 2.595690747782003 2.6172523961661343 2.6477052359405304 0.6489226869455007 0.6543130990415336 0.6619263089851326
1024 4 1.632 1.653 1.729 4.737998843262001 4.955837870538415 5.019607843137256 1.1844997108155002 1.2389594676346039 1.254901960784314
1024 8 1.705 1.718 1.762 9.298524404086265 9.536670547147848 9.609384164222874 2.3246311010215663 2.384167636786962 2.4023460410557185
1024 16 1.767 1.817 7.798 4.2021031033598355 18.034122179416624 18.54442558007923 1.0505257758399589 4.508530544854156 4.636106395019808
1024 32 2.112 2.145 2.15 30.481860465116284 30.552913752913753 31.030303030303028 7.620465116279071 7.638228438228438 7.757575757575757
1024 64 2.809 2.82 2.839 46.16836914406482 46.479432624113485 46.661445354218586 11.542092286016205 11.619858156028371 11.665361338554646
1024 128 4.169 4.217 4.233 61.92865579966927 62.16362342897796 62.87934756536341 15.482163949917318 15.54090585724449 15.719836891340853
1024 256 6.881 6.929 6.934 75.61119123161235 75.66575263385771 76.19357651504143 18.902797807903088 18.916438158464427 19.048394128760357
1024 512 12.347 12.384 12.39 84.63083131557708 84.671834625323 84.92556896412086 21.15770782889427 21.16795865633075 21.231392241030214
1024 1024 23.393 23.426 23.429 89.51094797046396 89.52241099632887 89.64869832855983 22.37773699261599 22.380602749082218 22.412174582139958
1024 2048 45.348 45.377 45.41 92.36520590178377 92.43237763624744 92.49148804798448 23.091301475445942 23.10809440906186 23.12287201199612
1024 4096 89.17 89.185 89.256 93.98368737115713 94.05850759656893 94.07432993159135 23.495921842789283 23.514626899142232 23.518582482897838
1024 8192 176.782 176.819 176.846 94.86907252637889 94.88355889355783 94.90341776877737 23.71726813159472 23.72088972338946 23.725854442194343
1024 16384 352.051 358.143 358.425 93.61632698611983 93.69004001195056 95.31128160408578 23.404081746529958 23.42251000298764 23.827820401021444
1024 32768 702.44 702.591 707.365 94.8716207332848 95.51625910380292 95.5367917544559 23.7179051833212 23.87906477595073 23.884197938613976
1024 65536 1408.48 1413.111 1413.154 94.97742496571499 94.98031506371403 95.2926047938203 23.744356241428747 23.745078765928508 23.823151198455076
1024 131072 2814.238 2819.225 2819.702 95.19993814949238 95.21604554443155 95.38477413779505 23.799984537373096 23.804011386107888 23.846193534448762
1024 262144 5631.7 5634.853 5711.246 94.00241418422532 95.27682656495209 95.33016886552906 23.50060354605633 23.819206641238022 23.832542216382265
1024 524288 11266.552 11282.132 11295.688 95.05767368928745 95.17188985202442 95.3034987101644 23.764418422321864 23.792972463006105 23.8258746775411
1024 1048576 22531.734 22537.948 22547.464 95.24280193994323 95.2830154723935 95.30929346139095 23.81070048498581 23.820753868098375 23.827323365347738

1120 1 1.786 1.847 1.852 1.2095032397408207 1.212777476989713 1.2541993281075028 0.3023758099352052 0.30319436924742826 0.3135498320268757
1120 2 1.542 1.582 1.585 2.8264984227129344 2.831858407079646 2.905317769130999 0.7066246056782336 0.7079646017699115 0.7263294422827498
1120 4 1.645 1.742 2.159 4.150069476609541 5.143513203214696 5.446808510638299 1.0375173691523853 1.285878300803674 1.3617021276595747
1120 8 1.699 1.718 1.733 10.340450086555107 10.430733410942958 10.547380812242496 2.5851125216387767 2.6076833527357395 2.636845203060624
1120 16 1.845 1.864 1.879 19.07397551889303 19.2274678111588 19.42547425474255 4.768493879723257 4.8068669527897 4.8563685636856375
1120 32 2.205 2.224 2.244 31.942959001782533 32.23021582733813 32.507936507936506 7.985739750445633 8.057553956834532 8.126984126984127
1120 64 2.946 2.971 2.998 47.81854569713142 48.25311342982161 48.662593346911066 11.954636424282855 12.063278357455403 12.165648336727767
1120 128 4.435 4.467 4.505 63.644839067702556 64.18625475710769 64.64937993235627 15.911209766925639 16.046563689276923 16.162344983089067
1120 256 7.386 7.477 7.523 76.22491027515619 76.69386117426775 77.63877606282156 19.056227568789048 19.173465293566938 19.40969401570539
1120 512 13.353 13.513 13.621 84.19939798840026 84.87234514911567 85.88931326293718 21.049849497100066 21.21808628727892 21.472328315734295
1120 1024 25.235 25.648 25.682 89.31391636165408 89.43231441048036 90.89597780859918 22.32847909041352 22.35807860262009 22.723994452149796
1120 2048 48.976 49.859 49.882 91.96744316587146 92.00986782727291 93.66873570728521 22.991860791467865 23.00246695681823 23.417183926821302
1120 4096 96.638 98.138 98.167 93.46358755997434 93.49120626057186 94.94236221776113 23.365896889993586 23.372801565142964 23.735590554440282
1120 8192 194.68 200.956 202.367 90.67723492466658 91.31391946495751 94.25765358537087 22.669308731166645 22.828479866239377 23.56441339634272
1120 16384 381.628 387.75 388.969 94.35240340489861 94.64902643455835 96.16736717431635 23.588100851224652 23.662256608639588 24.04184179357909
1120 32768 767.596 779.451 821.983 89.29663995484093 94.16925502693563 95.62363534984549 22.32415998871023 23.542313756733908 23.90590883746137
1120 65536 1532.307 1551.196 1555.682 94.36416954107588 94.63706714045163 95.80367380688074 23.59104238526897 23.65926678511291 23.950918451720185
1120 131072 3065.944 3104.914 3109.173 94.43066693297544 94.5601971584398 95.7621143765183 23.60766673324386 23.64004928960995 23.940528594129574
1120 262144 6112.841 6207.954 6214.812 94.48436412879424 94.58874212018969 96.06049952877885 23.62109103219856 23.647185530047423 24.015124882194712
1120 524288 12226.436 12414.456 12415.846 94.58921446029535 94.59980525928805 96.05457551162088 23.647303615073838 23.64995131482201 24.01364387790522

1232 1 1.977 2.091 5.886 0.41862045531770303 1.1783835485413676 1.246332827516439 0.10465511382942576 0.2945958871353419 0.31158320687910973
1232 2 1.62 1.652 1.689 2.9177027827116637 2.9830508474576276 3.041975308641975 0.7294256956779159 0.7457627118644069 0.7604938271604937
1232 4 1.75 1.811 1.815 5.430303030303031 5.442297073440089 5.632000000000001 1.3575757575757577 1.3605742683600222 1.4080000000000001
1232 8 1.817 1.844 1.886 10.451749734888654 10.689804772234273 10.84865162355531 2.6129374337221636 2.6724511930585684 2.7121629058888277
1232 16 1.929 1.944 1.963 20.083545593479368 20.279835390946502 20.43753240020736 5.020886398369842 5.0699588477366255 5.10938310005184
1232 32 2.359 2.375 2.379 33.14333753678016 33.19915789473684 33.42433234421365 8.28583438419504 8.29978947368421 8.356083086053413
1232 64 3.274 3.284 3.296 47.84466019417476 48.01948842874543 48.16615760537569 11.96116504854369 12.004872107186358 12.041539401343922
1232 128 5.069 5.103 5.112 61.696400625978086 61.80521262002743 62.21976721246794 15.424100156494521 15.451303155006858 15.554941803116986
1232 256 8.637 8.69 8.809 71.60676580769668 72.5873417721519 73.03276600671529 17.90169145192417 18.146835443037975 18.258191501678823
1232 512 15.91 15.929 16.2 77.87456790123457 79.19944754849645 79.29402891263355 19.468641975308643 19.799861887124113 19.823507228158388
1232 1024 30.301 30.354 30.912 81.62318840579711 83.12367398036503 83.26906702749085 20.405797101449277 20.780918495091257 20.817266756872712
1232 2048 59.223 60.424 65.376 77.18844836025453 83.51436515291938 85.20797663070091 19.29711209006363 20.878591288229845 21.301994157675228
1232 4096 116.742 116.865 119.246 84.63633161699344 86.36070679844265 86.45169690428466 21.15908290424836 21.590176699610662 21.612924226071165
1232 8192 231.796 236.851 238.543 84.61823654435469 85.22272652427054 87.08126110890612 21.154559136088672 21.305681631067635 21.77031527722653
1232 16384 461.925 469.085 478.598 84.35090827792845 86.06153682168477 87.39552091789793 21.087727069482114 21.515384205421192 21.84888022947448
1232 32768 927.196 927.929 947.633 85.20213204901053 87.0113467732984 87.08013408168284 21.300533012252632 21.7528366933246 21.77003352042071
1232 65536 1853.176 1853.329 1917.312 84.22244475599173 87.13007998040284 87.13727352393944 21.055611188997933 21.78251999510071 21.78431838098486
1232 131072 3700.028 3704.497 3731.24 86.556053215553 87.18090688155505 87.28620648276176 21.63901330388825 21.79522672038876 21.82155162069044
1232 262144 7330.44 7403.043 7404.802 87.23026165993366 87.25098800587813 88.11514943168487 21.807565414983415 21.812747001469532 22.028787357921217
1232 524288 14510.228 14806.514 14810.501 87.22497854731586 87.24846591169265 89.03000228528457 21.806244636828964 21.812116477923162 22.257500571321142

1352 1 1.79 1.924 1.968 1.3739837398373982 1.4054054054054053 1.5106145251396648 0.34349593495934955 0.3513513513513513 0.3776536312849162
1352 2 1.569 1.576 1.622 3.3341553637484584 3.4314720812182737 3.4467813894200128 0.8335388409371146 0.8578680203045684 0.8616953473550032
1352 4 1.672 1.714 1.815 5.9592286501377405 6.310385064177362 6.4688995215311005 1.4898071625344351 1.5775962660443406 1.6172248803827751
1352 8 1.749 1.784 1.841 11.750135795763171 12.125560538116591 12.368210405946254 2.937533948940793 3.031390134529148 3.0920526014865635
1352 16 1.923 1.954 1.96 22.073469387755104 22.141248720573184 22.498179927197086 5.518367346938776 5.535312180143296 5.624544981799271
1352 32 2.412 2.433 2.444 35.40425531914894 35.56432387998356 35.87396351575456 8.851063829787234 8.89108096999589 8.96849087893864
1352 64 3.36 3.394 3.402 50.86890064667842 50.98880377136122 51.5047619047619 12.717225161669605 12.747200942840305 12.876190476190475
1352 128 5.246 5.279 5.324 65.00976709241172 65.56393256298541 65.97636294319481 16.25244177310293 16.390983140746354 16.494090735798704
1352 256 8.987 9.07 9.106 76.0184493740391 76.32017640573319 77.02503616334705 19.004612343509773 19.080044101433298 19.256259040836763
1352 512 16.55 16.721 16.811 82.35369698411755 82.79696190419232 83.65244712990936 20.588424246029387 20.69924047604808 20.91311178247734
1352 1024 31.617 32.013 38.446 72.02039223846434 86.4928622747009 87.57617737293228 18.005098059616085 21.623215568675224 21.89404434323307
1352 2048 61.742 62.576 69.667 79.48945698824407 88.49705957555611 89.69246218133524 19.872364247061018 22.124264893889027 22.42311554533381
1352 4096 121.967 123.513 123.615 89.59741131739676 89.67140301020945 90.80803823985177 22.39935282934919 22.41785075255236 22.702009559962942
1352 8192 242.358 245.627 252.182 87.83802174619917 90.1821379571464 91.3985426517796 21.959505436549794 22.5455344892866 22.8496356629449
1352 16384 489.478 489.515 489.646 90.47829656527368 90.5025096268756 90.50935077776732 22.61957414131842 22.6256274067189 22.62733769444183
1352 32768 969.499 982.211 982.74 90.16084824063333 90.2094071436789 91.39222629419936 22.540212060158332 22.552351785919726 22.84805657354984
1352 65536 1937.217 1962.608 1962.716 90.2878174937179 90.29278592566627 91.47624865980423 22.571954373429474 22.573196481416566 22.869062164951057
1352 131072 3871.422 3923.692 3923.754 90.32642923078257 90.32785651880931 91.54741797716703 22.58160730769564 22.581964129702328 22.886854494291757
1352 262144 7740.121 7847.603 7848.292 90.31740613116841 90.32533577450337 91.5796246596145 22.579351532792103 22.581333943625843 22.894906164903624
1352 524288 15479.524 15697.64 15707.334 90.25559346990393 90.31133036558361 91.58387247566527 22.563898367475982 22.577832591395904 22.89596811891632

1480 1 1.87 1.956 1.997 1.4822233350025036 1.5132924335378324 1.5828877005347592 0.3705558337506259 0.3783231083844581 0.3957219251336898
1480 2 1.588 1.6 1.643 3.603164942178941 3.6999999999999997 3.7279596977329974 0.9007912355447353 0.9249999999999999 0.9319899244332494
1480 4 1.736 1.856 1.863 6.355340848094471 6.379310344827586 6.820276497695852 1.5888352120236178 1.5948275862068966 1.705069124423963
1480 8 1.758 1.793 1.811 13.075648812810602 13.2069157836029 13.469852104664392 3.2689122032026505 3.301728945900725 3.367463026166098
1480 16 1.983 2.004 2.041 23.204311611954925 23.632734530938123 23.883005547150784 5.801077902988731 5.908183632734531 5.970751386787696
1480 32 2.519 2.558 2.562 36.971116315378616 37.028928850664585 37.60222310440651 9.242779078844654 9.257232212666146 9.400555776101628
1480 64 3.596 3.617 3.625 52.25931034482759 52.37489632291955 52.68075639599555 13.064827586206897 13.093724080729887 13.170189098998888
1480 128 5.675 5.706 5.707 66.38864552304189 66.40028040658956 66.76299559471366 16.597161380760472 16.60007010164739 16.690748898678414
1480 256 9.908 10.017 10.019 75.63229863259807 75.64739942098433 76.47961243439646 18.908074658149516 18.911849855246082 19.119903108599114
1480 512 18.453 18.507 18.53 81.78737182946573 81.88901496730966 82.12865116783179 20.44684295736643 20.472253741827416 20.532162791957948
1480 1024 35.449 35.556 41.993 72.17964898911723 85.24693441331985 85.50424553584023 18.044912247279306 21.311733603329962 21.376061383960057
1480 2048 69.575 69.724 70.029 86.56528009824503 86.94395043313637 87.1301473230327 21.641320024561256 21.73598760828409 21.782536830758175
1480 4096 137.548 138.121 144.703 83.78651444683247 87.77926600589339 88.14493849419839 20.946628611708118 21.944816501473348 22.036234623549596
1480 8192 273.314 273.417 274.596 88.30543780681438 88.68621921826369 88.7196411453493 22.076359451703595 22.171554804565922 22.179910286337325
1480 16384 545.215 551.499 552.992 87.69862855158846 87.9360434017106 88.94957035298 21.924657137897114 21.98401085042765 22.237392588245
1480 32768 1092.555 1094.089 1098.051 88.33221772030626 88.65209320265537 88.77656502418643 22.083054430076565 22.16302330066384 22.194141256046606
1480 65536 2184.174 2187.989 2194.942 88.37890021695334 88.65975103165509 88.81460909249904 22.094725054238335 22.164937757913773 22.20365227312476
1480 131072 4366.149 4372.457 4388.022 88.41640265249353 88.73114589806143 88.85934034775266 22.104100663123383 22.182786474515357 22.214835086938166
1480 262144 8731.105 8735.592 8779.083 88.38579610193912 88.82583344093909 88.87148190292066 22.09644902548478 22.206458360234773 22.217870475730166
1480 524288 17400.722 17559.865 19348.184 80.2086893529646 88.37724435808589 89.18552230189069 20.05217233824115 22.094311089521472 22.29638057547267

1624 1 1.918 2.02 2.035 1.596068796068796 1.6079207920792078 1.6934306569343065 0.399017199017199 0.40198019801980195 0.4233576642335766
1624 2 1.542 1.623 1.651 3.9345850999394307 4.002464571780654 4.212710765239948 0.9836462749848577 1.0006161429451634 1.053177691309987
1624 4 1.671 1.765 1.773 7.327693175408911 7.360906515580737 7.774985038898864 1.8319232938522279 1.8402266288951843 1.943746259724716
1624 8 1.828 1.847 1.925 13.498181818181816 14.068218733080672 14.214442013129101 3.374545454545454 3.517054683270168 3.5536105032822753
1624 16 2.04 2.06 2.094 24.81757402101242 25.227184466019416 25.47450980392157 6.204393505253105 6.306796116504854 6.368627450980393
1624 32 2.631 2.648 2.656 39.13253012048193 39.250755287009056 39.504370961611556 9.783132530120483 9.812688821752264 9.876092740402889
1624 64 3.791 3.808 3.823 54.37405179178656 54.58823529411765 54.833025586916385 13.59351294794664 13.647058823529413 13.708256396729096
1624 128 6.077 6.13 6.208 66.96907216494844 67.82120717781403 68.41270363666284 16.74226804123711 16.955301794453508 17.10317590916571
1624 256 10.657 10.805 10.898 76.29730225729492 76.95400277649237 78.02270807919678 19.07432556432373 19.238500694123093 19.505677019799194
1624 512 19.831 20.121 20.452 81.31116761196948 82.64877491178372 83.8573949876456 20.32779190299237 20.66219372794593 20.9643487469114
1624 1024 38.078 38.758 39.414 84.3850408484295 85.81330306001341 87.34576395819107 21.096260212107374 21.453325765003353 21.836440989547768
1624 2048 74.839 76.066 77.47 85.86425713179295 87.44910998343543 88.88285519582037 21.46606428294824 21.86227749585886 22.220713798955092
1624 4096 147.934 150.623 159.957 83.17115224716643 88.32520929738487 89.93069882515175 20.792788061791608 22.08130232434622 22.482674706287938
1624 8192 294.249 299.652 304.753 87.3087910537386 88.79505559782682 90.42551036707006 21.82719776343465 22.198763899456704 22.606377591767515
1624 16384 592.639 603.888 612.467 86.88669267078879 88.12102906499219 89.79367203305891 21.721673167697197 22.030257266248046 22.448418008264728
1624 32768 1177.573 1197.865 1220.03 87.23594009983361 88.8501325274551 90.38120269401557 21.808985024958403 22.212533131863776 22.595300673503893
1624 65536 2356.912 2402.907 2435.954 87.38298342251126 88.5847550487805 90.31348136884196 21.845745855627815 22.146188762195123 22.57837034221049
1624 131072 4702.805 4784.994 4896.11 86.95103990719164 88.97019640985967 90.52509215244945 21.73775997679791 22.242549102464917 22.63127303811236
1624 262144 9413.271 9580.282 9748.979 87.33670592582054 88.8745980546293 90.45141821583591 21.834176481455135 22.218649513657326 22.61285455395898
1624 524288 18824.558 19149.665 19491.178 87.36708597089411 88.92518088436535 90.46095127439379 21.841771492723527 22.231295221091337 22.615237818598448

1784 1 1.916 1.935 1.994 1.7893681043129388 1.8439276485788112 1.8622129436325678 0.4473420260782347 0.4609819121447028 0.46555323590814196
1784 2 1.614 1.649 1.651 4.322228952150212 4.327471194663432 4.421313506815365 1.080557238037553 1.081867798665858 1.1053283767038413
1784 4 1.754 1.84 1.97 7.244670050761422 7.756521739130434 8.136830102622577 1.8111675126903555 1.9391304347826086 2.034207525655644
1784 8 1.833 1.855 1.94 14.71340206185567 15.387601078167116 15.57228587015821 3.6783505154639173 3.846900269541779 3.8930714675395524
1784 16 2.1 2.109 2.161 26.41739935215178 27.068752963489803 27.184761904761903 6.604349838037945 6.767188240872451 6.796190476190476
1784 32 2.748 2.778 2.782 41.04097771387491 41.10007199424046 41.54876273653566 10.260244428468727 10.275017998560115 10.387190684133914
1784 64 4.014 4.032 4.058 56.27205519960572 56.63492063492064 56.888888888888886 14.06801379990143 14.15873015873016 14.222222222222221
1784 128 6.556 6.561 6.647 68.70828945388897 69.60890108215212 69.66198901769371 17.17707236347224 17.40222527053803 17.41549725442343
1784 256 11.669 11.75 11.792 77.45997286295794 77.73685106382979 78.2764589939155 19.364993215739485 19.434212765957447 19.569114748478874
1784 512 21.776 21.909 22.119 82.59035218590353 83.38198913688439 83.89125642909626 20.64758804647588 20.845497284221096 20.972814107274065
1784 1024 42.082 42.302 48.964 74.61874029899518 86.37019526263533 86.82172900527542 18.654685074748794 21.592548815658834 21.705432251318854
1784 2048 82.753 84.14 89.151 81.96502563067156 86.84649393867363 88.3021038512199 20.49125640766789 21.711623484668408 22.075525962804974
1784 4096 163.853 165.097 166.507 87.77125286024011 88.5208574353259 89.19292292481674 21.942813215060028 22.130214358831473 22.298230731204185
1784 8192 326.065 331.98 335.16 87.20926124835898 88.04462919452979 89.64180761504608 21.802315312089746 22.011157298632448 22.41045190376152
1784 16384 655.32 656.398 668.66 87.42576496276135 89.05894289744941 89.20544466825368 21.856441240690337 22.264735724362353 22.30136116706342
1784 32768 1304.947 1318.883 1329.938 87.91103344667194 88.64791190727304 89.59461495371077 21.977758361667984 22.16197797681826 22.398653738427694
1784 65536 2611.35 2626.913 2660.585 87.88760667296853 89.0141576824204 89.54466004174087 21.971901668242133 22.2535394206051 22.386165010435217
1784 131072 5217.448 5262.166 5315.725 87.97763164949278 88.87307926051743 89.63479770186497 21.994407912373195 22.218269815129357 22.408699425466242
1784 262144 10435.025 10628.741 10632.103 87.97222826001592 88.00005494535993 89.63368961741827 21.99305706500398 22.000013736339984 22.408422404354567
1784 524288 20868.273 21254.56 21277.904 87.91559469391346 88.01215287448905 89.64132221195304 21.978898673478366 22.00303821862226 22.41033055298826

1960 1 1.916 1.961 2.015 1.9454094292803967 1.9989801121876594 2.045929018789144 0.4863523573200992 0.49974502804691484 0.511482254697286
1960 2 1.596 1.61 1.659 4.725738396624472 4.869565217391304 4.912280701754385 1.181434599156118 1.217391304347826 1.2280701754385963
1960 4 1.752 1.797 1.869 8.389513108614231 8.725653867557039 8.949771689497716 2.097378277153558 2.1814134668892597 2.237442922374429
1960 8 1.842 1.902 8.876 3.533123028391167 16.487907465825447 17.024972855591745 0.8832807570977917 4.121976866456362 4.256243213897936
1960 16 2.135 2.211 2.231 28.11295383236217 28.367254635911355 29.37704918032787 7.028238458090542 7.091813658977839 7.344262295081967
1960 32 2.819 2.842 2.856 43.92156862745098 44.137931034482754 44.49804895352962 10.980392156862745 11.034482758620689 11.124512238382405
1960 64 4.157 4.21 4.218 59.47842579421526 59.59144893111638 60.35121481837863 14.869606448553816 14.897862232779095 15.087803704594657
1960 128 6.755 6.915 6.939 72.31013114281596 72.56109906001446 74.27979274611398 18.07753278570399 18.140274765003614 18.569948186528496
1960 256 12.131 12.337 12.388 81.00742654181465 81.34230363945854 82.72360069244085 20.251856635453663 20.335575909864634 20.680900173110214
1960 512 23.138 23.245 28.876 69.50547167197672 86.34286943428692 86.74215576108566 17.37636791799418 21.58571735857173 21.685538940271414
1960 1024 44.092 44.974 45.057 89.08893179750093 89.25334637790723 91.03873718588406 22.272232949375233 22.31333659447681 22.759684296471015
1960 2048 86.473 88.261 88.859 90.34717923901911 90.95931385323075 92.8400772495461 22.586794809754778 22.73982846330769 23.210019312386525
1960 4096 171.31 175.992 181.423 88.50211935642118 91.23323787444885 93.72669429688867 22.125529839105294 22.80830946861221 23.431673574222167
1960 8192 341.08 347.596 355.758 90.2654051349513 92.38495264617545 94.1498768617333 22.566351283737824 23.096238161543862 23.537469215433326
1960 16384 685.417 699.244 701.565 91.54572990385779 91.84959756537059 93.70249060061246 22.886432475964448 22.962399391342647 23.425622650153116
1960 32768 1365.684 1389.866 1400.695 91.70487507987106 92.41938431474688 94.05584307936535 22.926218769967765 23.10484607868672 23.513960769841336
1960 65536 2731.419 2783.334 2793.795 91.95417702444166 92.29978148508228 94.05408690501164 22.988544256110416 23.07494537127057 23.51352172625291
1960 131072 5457.19 5564.311 5587.764 91.95131362026025 92.33887897351532 94.15142958189104 22.987828405065063 23.08471974337883 23.53785739547276
1960 262144 10917.363 11126.718 11166.548 92.02525973111833 92.35467996942134 94.1257041650076 23.00631493277958 23.088669992355335 23.5314260412519
1960 524288 21832.109 22274.581 22341.383 91.99112516892977 92.26700874867186 94.13698694890172 22.997781292232442 23.066752187167964 23.53424673722543

2152 1 1.91 2.042 2.132 2.018761726078799 2.1077375122428994 2.2534031413612565 0.5046904315196997 0.5269343780607249 0.5633507853403141
2152 2 1.585 1.618 1.62 5.313580246913579 5.3201483312731765 5.430914826498423 1.3283950617283948 1.3300370828182941 1.3577287066246058
2152 4 1.727 1.773 1.776 9.693693693693692 9.710095882684715 9.968731905037636 2.423423423423423 2.427523970671179 2.492182976259409
2152 8 1.859 1.908 2.055 16.755231143552308 18.046121593291407 18.52178590640129 4.188807785888077 4.511530398322852 4.630446476600323
2152 16 2.192 2.221 2.238 30.770330652368184 31.0058532192706 31.416058394160576 7.692582663092046 7.75146330481765 7.854014598540144
2152 32 2.919 2.955 2.988 46.09370816599732 46.60846023688663 47.183281945871876 11.52342704149933 11.652115059221657 11.795820486467969
2152 64 4.356 4.433 4.436 62.095581605049595 62.137604331152716 63.23599632690542 15.523895401262399 15.534401082788179 15.808999081726355
2152 128 7.232 7.353 7.371 74.74046940713606 74.9234326125391 76.17699115044248 18.685117351784015 18.730858153134776 19.04424778761062
2152 256 13.037 13.232 13.263 83.07502073437382 83.26964933494558 84.51514919076473 20.768755183593456 20.817412333736396 21.128787297691183
2152 512 24.599 25.012 25.033 88.02972076858545 88.10363025747641 89.58282857026708 22.007430192146362 22.025907564369103 22.39570714256677
2152 1024 47.691 48.624 48.756 90.39494626302404 90.64034221783481 92.41357908200708 22.59873656575601 22.660085554458703 23.10339477050177
2152 2048 93.904 95.44 95.805 92.0055529460884 92.35741827326069 93.86812063383881 23.0013882365221 23.089354568315173 23.467030158459703
2152 4096 186.177 189.286 189.985 92.79250467142141 93.13517111672284 94.69045048529088 23.198126167855353 23.28379277918071 23.67261262132272
2152 8192 370.679 383.219 384.338 91.73791818659616 92.00579303218264 95.11833149436575 22.93447954664904 23.00144825804566 23.779582873591437
2152 16384 746.225 756.359 756.77 93.18119904330244 93.23183303166881 94.49795437033066 23.29529976082561 23.307958257917203 23.624488592582665
2152 32768 1487.63 1511.74 1518.73 92.86276823398497 93.29214812070859 94.80413274806234 23.21569205849624 23.323037030177147 23.701033187015586
2152 65536 2968.205 3015.796 3030.554 93.07438309959169 93.52984883592922 95.02946865192936 23.26859577489792 23.382462208982304 23.75736716298234
2152 131072 5937.097 6032.979 6060.284 93.0870381652081 93.50834604264327 95.01847249590162 23.271759541302025 23.377086510660817 23.754618123975405
2152 262144 11863.679 12059.692 12117.901 93.1075254699638 93.55693130471326 95.10268914052715 23.27688136749095 23.389232826178315 23.775672285131787

2360 1 1.959 2.042 2.066 2.2846079380445308 2.311459353574927 2.409392547217968 0.5711519845111327 0.5778648383937317 0.602348136804492
2360 2 1.673 1.736 1.762 5.357548240635641 5.43778801843318 5.642558278541541 1.3393870601589102 1.359447004608295 1.4106395696353853
2360 4 1.773 1.801 1.813 10.413678985107556 10.483064963908939 10.648618161308516 2.603419746276889 2.6207662409772348 2.662154540327129
2360 8 1.904 1.96 1.966 19.206510681586977 19.26530612244898 19.831932773109244 4.801627670396744 4.816326530612245 4.957983193277311
2360 16 2.283 2.305 2.313 32.650237786424555 32.76355748373102 33.07928164695576 8.162559446606139 8.190889370932755 8.26982041173894
2360 32 3.069 3.123 3.16 47.79746835443037 48.36375280179314 49.214727924405345 11.949367088607593 12.090938200448285 12.303681981101336
2360 64 4.679 4.785 4.788 63.09106098579782 63.13061650992685 64.56080359051079 15.772765246449454 15.782654127481713 16.140200897627697
2360 128 7.874 8.011 8.031 75.22848960278918 75.41630258394707 76.72847345694692 18.807122400697295 18.854075645986768 19.18211836423673
2360 256 14.357 14.566 14.696 82.22101252041371 82.95482630784016 84.16242947691022 20.555253130103427 20.73870657696004 21.040607369227555
2360 512 27.12 27.595 27.868 86.71738194344768 87.57528537778583 89.10914454277285 21.67934548586192 21.893821344446458 22.277286135693213
2360 1024 52.859 53.699 54.341 88.9435233065273 90.00689025866404 91.4372197733593 22.235880826631824 22.50172256466601 22.859304943339826
2360 2048 104.193 107.146 112.672 85.79380857710878 90.21858025497917 92.77552234795044 21.448452144277194 22.554645063744793 23.19388058698761
2360 4096 206.783 210.605 219.591 88.04149532540039 91.79801049357802 93.4947263556482 22.010373831350098 22.949502623394505 23.37368158891205
2360 8192 417.629 419.485 423.83 91.2305405469174 92.17550091183234 92.58514135752065 22.80763513672935 23.043875227958086 23.146285339380164
2360 16384 827.765 842.54 850.737 90.9005720921977 91.78493602677618 93.42323002301377 22.725143023049426 22.946234006694045 23.355807505753443
2360 32768 1648.117 1683.514 1700.056 90.97639136593146 91.87031411678193 93.84343465906849 22.744097841482866 22.96757852919548 23.460858664767123
2360 65536 3323.68 3354.798 3393.896 91.14301675714282 92.20522964422895 93.06850238290087 22.785754189285704 23.051307411057238 23.26712559572522
2360 131072 6707.926 6784.65 6790.062 91.11254654228489 91.18522547220564 92.2281849859405 22.778136635571222 22.79630636805141 23.057046246485125
2360 262144 13418.929 13484.872 13575.755 91.1418687211135 91.75613087020773 92.20703679108817 22.785467180278374 22.93903271755193 23.051759197772043

2592 1 1.938 2.005 2.199 2.3574351978171895 2.5855361596009976 2.6749226006191953 0.5893587994542974 0.6463840399002494 0.6687306501547988
2592 2 1.631 1.65 1.653 6.272232304900181 6.283636363636364 6.35683629675046 1.5680580762250453 1.570909090909091 1.589209074187615
2592 4 1.724 1.789 1.79 11.584357541899442 11.590832867523757 12.02784222737819 2.8960893854748604 2.897708216880939 3.0069605568445477
2592 8 1.942 1.979 1.986 20.8821752265861 20.956038403233954 21.355303810504637 5.220543806646525 5.2390096008084885 5.338825952626159
2592 16 2.328 2.351 2.381 34.83578328433432 35.28030625265844 35.628865979381445 8.70894582108358 8.82007656316461 8.907216494845361
2592 32 3.17 3.197 3.221 51.50201800683017 51.88864560525492 52.33059936908518 12.875504501707542 12.97216140131373 13.082649842271294
2592 64 4.901 4.922 4.952 66.99838449111469 67.40674522551808 67.69557233217711 16.749596122778673 16.85168630637952 16.923893083044277
2592 128 8.338 8.394 8.407 78.92851195432378 79.05075053609721 79.58167426241306 19.732127988580945 19.762687634024303 19.895418565603265
2592 256 15.303 15.333 15.338 86.523927500326 86.55214243787908 86.72181925112722 21.6309818750815 21.63803560946977 21.680454812781804
2592 512 29.088 29.122 29.174 90.9785425378762 91.1409930636632 91.24752475247524 22.74463563446905 22.7852482659158 22.81188118811881
2592 1024 56.807 56.874 63.279 83.88906272223012 93.33642789323767 93.4465118735367 20.97226568055753 23.334106973309417 23.361627968384177
2592 2048 111.958 118.929 119.237 89.0397443746488 89.2703377645486 94.82870362100073 22.2599360936622 22.31758444113715 23.707175905250182
2592 4096 222.635 222.668 228.187 93.0537848343683 95.36019544793145 95.37433018168751 23.263446208592075 23.84004886198286 23.843582545421878
2592 8192 443.454 443.646 443.844 95.6807526968935 95.72345518724387 95.76490007982788 23.920188174223377 23.930863796810968 23.94122501995697
2592 16384 890.757 890.844 891.497 95.27194819500234 95.34178374664924 95.35109575338728 23.817987048750584 23.83544593666231 23.83777393834682
2592 32768 1778.402 1778.776 1778.958 95.48809584037396 95.49786594827003 95.51794926006605 23.87202396009349 23.874466487067508 23.87948731501651
2592 65536 3550.742 3555.016 3555.04 95.56534497502138 95.56599013900359 95.68102216381814 23.891336243755344 23.891497534750897 23.920255540954535
2592 131072 7104.765 7108.973 7117.716 95.46282093862693 95.58022628585029 95.63683640486349 23.865705234656733 23.895056571462572 23.909209101215872
2592 262144 14206.193 14214.157 14225.283 95.53092869927438 95.60570465065216 95.65930126389244 23.882732174818596 23.90142616266304 23.91482531597311

2848 1 1.973 2.041 2.253 2.5281846426986236 2.7907888290053897 2.886974151039027 0.6320461606746559 0.6976972072513474 0.7217435377597567
2848 2 1.626 1.665 1.694 6.7249114521841795 6.842042042042043 7.006150061500615 1.6812278630460449 1.7105105105105107 1.7515375153751538
2848 4 1.766 1.787 1.808 12.601769911504425 12.749860100727476 12.901472253680634 3.150442477876106 3.187465025181869 3.2253680634201585
2848 8 1.996 2.002 2.014 22.62562065541212 22.761238761238765 22.829659318637276 5.65640516385303 5.690309690309691 5.707414829659319
2848 16 2.412 2.419 2.432 37.47368421052632 37.67507234394378 37.78441127694859 9.36842105263158 9.418768085985946 9.446102819237147
2848 32 3.352 3.357 3.359 54.26376897886276 54.29609770628537 54.377088305489266 13.56594224471569 13.574024426571343 13.594272076372317
2848 64 5.204 5.25 5.26 69.30494296577947 69.43695238095239 70.05073020753268 17.32623574144487 17.359238095238098 17.51268255188317
2848 128 8.891 9.003 9.041 80.6424068134056 80.98278351660558 82.00292430547745 20.1606017033514 20.245695879151395 20.500731076369362
2848 256 16.294 16.559 16.57 88.00096560048281 88.05942387825351 89.49159199705413 22.000241400120704 22.014855969563378 22.372897999263532
2848 512 31.069 31.568 31.611 92.2575052987884 92.38317283324886 93.86694132414948 23.0643763246971 23.095793208312216 23.46673533103737
2848 1024 60.759 61.745 61.749 94.45827462792919 94.4643938780468 95.99736664527066 23.614568656982296 23.6160984695117 23.999341661317665
2848 2048 119.858 128.524 128.938 90.47300252834697 90.76443310198873 97.32690350247793 22.618250632086742 22.691108275497182 24.331725875619483
2848 4096 238.271 242.219 242.24 96.3128137384412 96.3211639053914 97.91714476373542 24.0782034346103 24.08029097634785 24.479286190933855
2848 8192 480.056 482.701 488.869 95.44813027620896 96.66777570380007 97.20039328744981 23.86203256905224 24.16694392595002 24.300098321862453
2848 16384 952.658 968.807 968.939 96.3149011444477 96.3280240543266 97.96093036535672 24.078725286111926 24.08200601358165 24.49023259133918
2848 32768 1906.929 1936.167 1937.749 96.32131302867398 96.40001508134371 97.87806887409022 24.080328257168496 24.100003770335928 24.469517218522554
2848 65536 3805.277 3869.739 3869.968 96.4589515985662 96.4646597612914 98.09878650095644 24.11473789964155 24.11616494032285 24.52469662523911
2848 131072 7603.594 7736.718 7739.693 96.46198008112208 96.49907260417143 98.18858187325625 24.11549502028052 24.124768151042858 24.547145468314064
2848 262144 15210.798 15474.747 15508.584 96.28037118024444 96.49089733098707 98.16527863955592 24.07009279506111 24.122724332746767 24.54131965988898

3128 1 2.027 2.117 2.35 2.6621276595744683 2.9551251771374587 3.086334484459792 0.6655319148936171 0.7387812942843647 0.771583621114948
3128 2 1.639 1.728 1.745 7.170200573065903 7.2407407407407405 7.633923123856009 1.7925501432664757 1.8101851851851851 1.9084807809640023
3128 4 1.827 1.962 1.967 12.721911540416878 12.75433231396534 13.696770662287904 3.1804778851042195 3.188583078491335 3.424192665571976
3128 8 2.073 2.078 2.114 23.674550614947965 24.084696823869105 24.142788229618912 5.918637653736991 6.021174205967276 6.035697057404728
3128 16 2.601 2.723 2.725 36.732477064220184 36.759456481821516 38.48366013071895 9.183119266055046 9.189864120455379 9.620915032679738
3128 32 3.615 3.626 3.648 54.87719298245614 55.210148924434634 55.37814661134163 13.719298245614034 13.802537231108658 13.844536652835407
3128 64 5.722 5.752 5.781 69.25860577754715 69.6077885952712 69.97273680531282 17.314651444386786 17.4019471488178 17.493184201328205
3128 128 9.978 10.025 10.05 79.678407960199 79.8771072319202 80.25335738624975 19.91960199004975 19.96927680798005 20.063339346562437
3128 256 18.51 18.537 18.579 86.2014101943054 86.39672007336678 86.52274446245272 21.55035254857635 21.599180018341695 21.63068611561318
3128 512 35.568 35.582 35.697 89.72944505140488 90.01944803552358 90.05488079172291 22.43236126285122 22.504862008880895 22.513720197930727
3128 1024 69.749 69.864 75.8 84.51377308707124 91.69449215618916 91.845675206813 21.12844327176781 22.92362303904729 22.96141880170325
3128 2048 137.793 137.928 137.965 92.8662196934005 92.8911316048953 92.98213987648138 23.216554923350124 23.222782901223827 23.245534969120346
3128 4096 274.207 280.768 280.912 91.21922879763058 91.26601322087988 93.449751465134 22.804807199407644 22.81650330521997 23.3624378662835
3128 8192 546.834 551.959 553.902 92.52386162173092 92.84956310160719 93.71976139011109 23.13096540543273 23.212390775401797 23.429940347527772
3128 16384 1096.958 1097.201 1097.28 93.41125692621756 93.41798266680398 93.4386767770507 23.35281423155439 23.354495666700995 23.359669194262676
3128 32768 2192.293 2193.313 2197.387 93.29108072451506 93.46436555110921 93.50785136840742 23.322770181128764 23.366091387777303 23.376962842101854
3128 65536 4383.721 4388.076 4390.919 93.37298547297274 93.43348109741034 93.52630242663712 23.343246368243186 23.358370274352584 23.38157560665928
3128 131072 8769.457 8770.305 8778.391 93.40965012836635 93.49577146974933 93.50481244163693 23.352412532091588 23.373942867437332 23.376203110409232
3128 262144 17534.034 17536.289 17538.308 93.5080433072563 93.51880913915139 93.5308363152484 23.377010826814075 23.379702284787847 23.3827090788121

3440 1 2.095 2.15 2.224 3.093525179856115 3.2000000000000006 3.2840095465393793 0.7733812949640287 0.8000000000000002 0.8210023866348448
3440 2 1.691 1.72 1.808 7.610619469026548 8.0 8.13719692489651 1.902654867256637 2.0 2.0342992312241277
3440 4 1.845 2.027 2.094 13.14231136580707 13.576714356191415 14.9159891598916 3.2855778414517673 3.3941785890478537 3.7289972899729
3440 8 2.11 2.167 2.337 23.551561831407785 25.399169358560226 26.08530805687204 5.887890457851946 6.349792339640056 6.52132701421801
3440 16 2.639 2.676 2.714 40.560058953574064 41.13602391629297 41.71276998863206 10.140014738393516 10.284005979073243 10.428192497158015
3440 32 3.783 3.808 3.83 57.483028720626635 57.815126050420176 58.19719799101242 14.370757180156659 14.453781512605044 14.549299497753106
3440 64 6.081 6.09 6.123 71.91246121182427 72.30213464696223 72.40914323302088 17.978115302956066 18.075533661740558 18.10228580825522
3440 128 10.7 10.758 10.764 81.81345224823487 81.85908161368285 82.30280373831776 20.453363062058717 20.46477040342071 20.57570093457944
3440 256 19.881 19.929 19.963 88.22722035766166 88.37774098048071 88.59111714702479 22.056805089415416 22.094435245120177 22.147779286756197
3440 512 38.341 38.38 38.412 91.7046756222014 91.78113600833767 91.87449466628412 22.92616890555035 22.945284002084417 22.96862366657103
3440 1024 75.236 75.258 75.273 93.59425026237828 93.61290494033858 93.64027859003667 23.39856256559457 23.403226235084645 23.410069647509168
3440 2048 148.836 148.918 148.931 94.6091814330126 94.61744047059456 94.66956919024966 23.65229535825315 23.65436011764864 23.667392297562415
3440 4096 296.165 296.258 303.102 92.97358644944607 95.12141444281674 95.1512839126838 23.24339661236152 23.780353610704186 23.78782097817095
3440 8192 590.624 596.434 596.629 94.46567297265135 94.4965578756409 95.42612558920735 23.616418243162837 23.624139468910226 23.856531397301836
3440 16384 1184.525 1184.916 1186.026 95.0416938583134 95.13072656627138 95.16212827926806 23.76042346457835 23.782681641567844 23.790532069817015
3440 32768 2366.709 2371.731 2371.774 95.05283387034348 95.05455719894034 95.25625668385932 23.76320846758587 23.763639299735086 23.81406417096483
3440 65536 4735.584 4739.17 4748.505 94.95360750383541 95.14064277078054 95.21268760093793 23.738401875958854 23.785160692695136 23.80317190023448
3440 131072 9468.616 9472.269 9472.839 95.19589217129099 95.20162064654203 95.2383495116921 23.798973042822748 23.800405161635506 23.809587377923027
3440 262144 18938.411 18943.304 18957.272 95.137671707195 95.20782224684775 95.23242050243815 23.78441792679875 23.80195556171194 23.808105125609536

3784 1 1.964 2.072 2.139 3.5381019167835444 3.6525096525096523 3.8533604887983706 0.8845254791958861 0.9131274131274131 0.9633401221995926
3784 2 1.728 1.803 1.803 8.394897393233501 8.394897393233501 8.75925925925926 2.0987243483083753 2.0987243483083753 2.189814814814815
3784 4 2.0 2.084 2.197 13.7787892580792 14.52591170825336 15.136000000000001 3.4446973145198 3.63147792706334 3.7840000000000003
3784 8 2.254 2.268 2.324 26.05163511187608 26.694885361552032 26.86069210292813 6.51290877796902 6.673721340388008 6.715173025732033
3784 16 2.804 2.845 2.877 42.0882864094543 42.561687170474514 43.184022824536385 10.522071602363575 10.640421792618628 10.796005706134096
3784 32 4.056 4.074 4.11 58.923600973236006 59.44428080510556 59.70808678500987 14.730900243309001 14.86107020127639 14.927021696252467
3784 64 6.584 6.636 6.648 72.85679903730446 72.98854731766124 73.56500607533414 18.214199759326114 18.24713682941531 18.391251518833535
3784 128 11.767 11.788 11.834 81.85769815785027 82.17712928401765 82.323786861562 20.464424539462566 20.544282321004413 20.5809467153905
3784 256 22.061 22.105 22.107 87.6377617949066 87.6456910201312 87.82049771089252 21.90944044872665 21.9114227550328 21.95512442772313
3784 512 42.64 42.645 42.742 90.6559356136821 90.8621409309415 90.87279549718575 22.663983903420526 22.715535232735373 22.718198874296437
3784 1024 83.798 83.887 83.889 92.3795968482161 92.38179932528281 92.47991598844841 23.094899212054024 23.095449831320703 23.119978997112103
3784 2048 165.628 166.047 166.097 93.31453307404709 93.34263190542437 93.57876687516604 23.328633268511773 23.335657976356092 23.39469171879151
3784 4096 329.501 335.315 336.36 92.15878225710549 92.4459925741467 94.077189447073 23.03969556427637 23.111498143536675 23.51929736176825
3784 8192 657.293 659.596 663.917 93.38073283256793 93.99246811684728 94.32179560713412 23.345183208141982 23.49811702921182 23.58044890178353
3784 16384 1317.564 1322.519 1324.488 93.61663676832104 93.75601560355655 94.10860648894474 23.40415919208026 23.439003900889137 23.527151622236186
3784 32768 2633.391 2633.82 2638.302 93.99538945882618 94.15534243038627 94.17068107242714 23.498847364706545 23.538835607596567 23.542670268106786
3784 65536 5269.983 5274.101 5274.884 94.02603886644712 94.03999809635803 94.11348158049087 23.50650971661178 23.50999952408951 23.528370395122717
3784 131072 10539.107 10542.367 10783.78 91.98563917290596 94.09204745006505 94.12115238985618 22.99640979322649 23.523011862516263 23.530288097464044
3784 262144 21078.933 21081.027 21109.804 93.98030374891212 94.10859309653179 94.11794192808526 23.49507593722803 23.527148274132948 23.529485482021315

4160 1 2.152 2.587 2.729 3.0487358006595824 3.21608040201005 3.8661710037174717 0.7621839501648956 0.8040201005025125 0.9665427509293679
4160 2 1.717 1.789 1.807 9.20863309352518 9.301285634432643 9.691322073383809 2.302158273381295 2.325321408608161 2.422830518345952
4160 4 1.92 2.011 2.047 16.257938446507083 16.54898060666335 17.333333333333336 4.064484611626771 4.137245151665837 4.333333333333334
4160 8 2.271 2.307 2.402 27.71024146544546 28.85132206328565 29.308674592690444 6.927560366361365 7.2128305158214125 7.327168648172611
4160 16 2.935 2.968 2.976 44.73118279569893 44.85175202156334 45.35604770017036 11.182795698924732 11.212938005390836 11.33901192504259
4160 32 4.301 4.327 4.33 61.48729792147806 61.52992835682921 61.90188328295745 15.371824480369515 15.382482089207302 15.475470820739362
4160 64 7.095 7.111 7.111 74.88117001828154 74.88117001828154 75.05003523608175 18.720292504570384 18.720292504570384 18.76250880902044
4160 128 12.639 12.756 12.762 83.44773546466071 83.48698651614927 84.25983068280719 20.861933866165177 20.871746629037318 21.064957670701798
4160 256 23.854 23.938 24.026 88.65062848580705 88.9765226835993 89.28984656661358 22.162657121451762 22.244130670899825 22.322461641653394
4160 512 46.074 46.352 46.431 91.74560099933235 91.90196755264067 92.45648304900811 22.93640024983309 22.975491888160168 23.11412076225203
4160 1024 90.838 90.916 90.979 93.64446740456589 93.70935808878525 93.78982364208811 23.411116851141472 23.427339522196313 23.447455910522027
4160 2048 179.644 180.267 186.638 91.29630621845497 94.52290213960404 94.85070472712698 22.824076554613743 23.63072553490101 23.712676181781745
4160 4096 358.73 364.406 365.083 93.34512973762129 93.51854799317245 94.99824380453265 23.336282434405323 23.379636998293112 23.749560951133162
4160 8192 714.295 719.298 720.732 94.56696802695038 94.75549772138946 95.41917555071784 23.641742006737594 23.688874430347365 23.85479388767946
4160 16384 1434.068 1434.987 1437.39 94.83499954779147 94.99380830627734 95.05468359938301 23.708749886947867 23.748452076569336 23.763670899845753
4160 32768 2869.009 2869.897 2870.204 94.98619610313412 94.99635701211578 95.02575976582855 23.74654902578353 23.749089253028945 23.75643994145714
4160 65536 5732.614 5741.613 5781.195 94.31605749330373 94.96626122310924 95.11533830814355 23.579014373325933 23.74156530577731 23.778834577035887
4160 131072 11464.293 11496.708 11601.586 93.99741035406711 94.85489585366523 95.12309568501084 23.49935258851678 23.713723963416307 23.78077392125271

4576 1 2.331 2.394 2.731 3.351153423654339 3.8228905597326643 3.9262119262119266 0.8377883559135848 0.9557226399331661 0.9815529815529817
4576 2 1.756 1.764 1.807 10.129496402877697 10.37641723356009 10.42369020501139 2.5323741007194243 2.5941043083900226 2.6059225512528474
4576 4 1.994 2.086 2.118 17.284230406043438 17.549376797698944 18.359077231695085 4.3210576015108595 4.387344199424736 4.589769307923771
4576 8 2.368 2.403 2.424 30.204620462046204 30.46858094049105 30.91891891891892 7.551155115511551 7.617145235122763 7.72972972972973
4576 16 3.056 3.09 3.106 47.144880875724404 47.388996763754044 47.916230366492144 11.786220218931101 11.847249190938511 11.979057591623036
4576 32 4.597 4.608 4.616 63.44540727902947 63.55555555555556 63.70763541440069 15.861351819757367 15.88888888888889 15.926908853600173
4576 64 7.626 7.694 14.51 40.36719503790489 76.12789186378997 76.80671387359034 10.091798759476223 19.031972965947492 19.201678468397585
4576 128 13.775 13.798 13.807 84.8450785833273 84.90042035077546 85.04217785843919 21.211269645831823 21.225105087693866 21.260544464609797
4576 256 25.952 26.028 26.122 89.69114156649567 90.01506070385739 90.27866831072748 22.42278539162392 22.503765175964347 22.56966707768187
4576 512 50.444 50.551 50.551 92.69498130600779 92.69498130600779 92.89160256918564 23.173745326501948 23.173745326501948 23.22290064229641
4576 1024 99.419 99.489 99.508 94.17984483659605 94.19783091598065 94.2641547390338 23.54496120914901 23.54945772899516 23.56603868475845
4576 2048 197.166 203.836 203.954 91.89962442511546 91.95282481995329 95.06353022326364 22.974906106278866 22.988206204988323 23.76588255581591
4576 4096 392.692 393.065 393.211 95.33454557476773 95.3699566229504 95.46054414146455 23.833636393691933 23.8424891557376 23.865136035366138
4576 8192 788.905 790.002 790.553 94.8363790915979 94.90252429740684 95.03448957732553 23.709094772899476 23.72563107435171 23.758622394331383
4576 16384 1572.196 1577.636 1578.017 95.02202321014285 95.04497108331707 95.37383888522805 23.755505802535712 23.761242770829266 23.843459721307013
4576 32768 3148.526 3149.111 3153.873 95.08713128271175 95.2309194563164 95.24861347817995 23.771782820677938 23.8077298640791 23.812153369544987
4576 65536 6292.849 6298.251 6314.058 94.99207514406741 95.23048097003438 95.31223012025235 23.748018786016853 23.807620242508595 23.828057530063088
4576 131072 12584.694 12590.68 12591.647 95.26719927901408 95.27451607061731 95.31983407780913 23.81679981975352 23.818629017654327 23.829958519452283

5032 1 2.482 2.838 2.859 3.520111927247289 3.5461592670894997 4.054794520547945 0.8800279818118223 0.8865398167723749 1.0136986301369864
5032 2 1.753 1.81 1.841 10.933188484519283 11.120441988950276 11.482030804335425 2.7332971211298207 2.780110497237569 2.8705077010838562
5032 4 2.047 2.12 2.385 16.87882599580713 18.98867924528302 19.665852467024916 4.2197064989517825 4.747169811320755 4.916463116756229
5032 8 2.407 2.459 2.485 32.39919517102616 32.74176494509963 33.44910677191525 8.09979879275654 8.185441236274908 8.362276692978812
5032 16 3.236 3.289 3.377 47.68255848386142 48.95834600182426 49.7601977750309 11.920639620965355 12.239586500456065 12.440049443757726
5032 32 4.886 4.97 6.841 47.07615845636603 64.79839034205231 65.91240278346295 11.769039614091508 16.19959758551308 16.478100695865738
5032 64 8.245 8.265 11.789 54.6353380269743 77.93055051421656 78.11958762886599 13.658834506743576 19.48263762855414 19.529896907216497
5032 128 14.953 15.026 21.752 59.22177271055536 85.73086649807001 86.14940145790143 14.80544317763884 21.432716624517504 21.53735036447536
5032 256 28.282 28.479 42.244 60.98816399962126 90.46609782646863 91.09624496145959 15.247040999905314 22.616524456617157 22.774061240364897
5032 512 55.208 55.381 78.33 65.7828162900549 93.04216247449487 93.33371975076076 16.445704072513724 23.26054061862372 23.33342993769019
5032 1024 108.506 108.704 116.008 88.83470105509966 94.80365027965853 94.97664645273073 22.208675263774914 23.70091256991463 23.744161613182683
5032 2048 215.672 221.543 221.637 92.99472560989366 93.03418298027923 95.56674950851293 23.248681402473416 23.258545745069807 23.891687377128232
5032 4096 429.036 429.55 454.017 90.79427422321191 95.96588057269236 96.08085102415649 22.69856855580298 23.99147014317309 24.020212756039122
5032 8192 861.558 863.0 926.032 89.02963180538038 95.53219930475088 95.69209269718348 22.257407951345094 23.88304982618772 23.92302317429587
5032 16384 1721.522 1722.516 1724.19 95.63248597892344 95.72542490171354 95.78069638378135 23.90812149473086 23.931356225428384 23.945174095945337
5032 32768 3436.167 3441.902 3443.711 95.7621449651263 95.81247577647476 95.97238783796016 23.940536241281574 23.95311894411869 23.99309695949004
5032 65536 6874.466 6881.502 6882.732 95.82739877130187 95.8445269651887 95.94262361614706 23.956849692825468 23.961131741297176 23.985655904036765
5032 131072 13748.714 13755.624 13765.379 95.82799049702881 95.89594830448986 95.94414488511435 23.956997624257202 23.973987076122466 23.98603622127859

5528 1 2.43 2.62 3.15 3.50984126984127 4.219847328244275 4.549794238683128 0.8774603174603175 1.0549618320610687 1.137448559670782
5528 2 1.825 1.869 1.974 11.2016210739615 11.830925628678438 12.116164383561646 2.800405268490375 2.9577314071696095 3.0290410958904115
5528 4 2.106 2.167 2.337 18.923406076166025 20.407937240424552 20.999050332383668 4.730851519041506 5.101984310106138 5.249762583095917
5528 8 2.552 2.586 2.586 34.20262954369683 34.20262954369683 34.65830721003135 8.550657385924207 8.550657385924207 8.664576802507838
5528 16 3.418 3.46 3.463 51.08172105111176 51.12601156069365 51.75424224692803 12.77043026277794 12.781502890173412 12.938560561732007
5528 32 5.293 5.314 5.332 66.35258814703677 66.57734286789612 66.84148875873795 16.588147036759192 16.64433571697403 16.710372189684488
5528 64 9.02 9.031 9.047 78.21200397921963 78.35057025800022 78.44611973392462 19.553000994804908 19.587642564500054 19.611529933481155
5528 128 16.418 16.466 16.559 85.46216558970951 85.94485606704724 86.196126202948 21.36554139742738 21.48621401676181 21.549031550737
5528 256 31.304 31.376 31.562 89.67543248209873 90.20703722590515 90.41451571684131 22.418858120524682 22.55175930647629 22.603628929210327
5528 512 61.096 61.31 67.968 83.28436911487759 92.32869026259989 92.65208851643315 20.821092278719398 23.082172565649973 23.16302212910829
5528 1024 120.738 121.656 126.748 89.32167765960804 93.0603011770895 93.76786098825556 22.33041941490201 23.265075294272375 23.44196524706389
5528 2048 239.803 239.952 241.53 93.74689686581378 94.36340601453624 94.42203808959856 23.436724216453445 23.59085150363406 23.60550952239964
5528 4096 478.071 484.124 484.433 93.48119554200478 93.54086143219506 94.72521027211438 23.370298885501196 23.385215358048765 23.681302568028595
5528 8192 954.724 959.822 965.932 93.76514288790516 94.36202962632655 94.86590051156146 23.44128572197629 23.590507406581636 23.716475127890366
5528 16384 1912.75 1918.019 1930.753 93.81909752309075 94.44197580941587 94.70213253169521 23.454774380772687 23.610493952353966 23.675533132923803
5528 32768 3827.254 3831.163 3857.061 93.92721764058177 94.562149404763 94.6587312992553 23.481804410145443 23.64053735119075 23.664682824813823
5528 65536 7660.278 7663.647 7711.58 93.95817925768779 94.54584951525038 94.58743090002739 23.489544814421947 23.636462378812595 23.646857725006846
5528 131072 15313.489 15317.176 15418.243 93.98814326638905 94.60830325381129 94.6310819173867 23.49703581659726 23.65207581345282 23.657770479346674

6080 1 2.551 2.616 2.653 4.583490388239729 4.648318042813456 4.766758134065072 1.1458725970599322 1.162079510703364 1.191689533516268
6080 2 1.889 1.953 1.963 12.38920020376974 12.452636968766 12.874536791953414 3.097300050942435 3.1131592421915 3.2186341979883535
6080 4 2.161 2.222 2.448 19.869281045751634 21.89018901890189 22.508098102730216 4.967320261437909 5.472547254725472 5.627024525682554
6080 8 2.668 2.742 3.264 29.803921568627455 35.477753464624364 36.46176911544228 7.450980392156864 8.869438366156091 9.11544227886057
6080 16 3.623 3.681 3.705 52.51282051282051 52.85520239065472 53.70135247032845 13.128205128205128 13.21380059766368 13.425338117582113
6080 32 5.589 5.634 5.636 69.041873669269 69.06638267660631 69.62247271426016 17.26046841731725 17.266595669151577 17.40561817856504
6080 64 9.625 9.654 9.686 80.34689242205245 80.61321731924592 80.8561038961039 20.086723105513112 20.15330432981148 20.214025974025976
6080 128 17.71 17.728 17.777 87.55583056758734 87.79783393501805 87.88706945228684 21.888957641896834 21.949458483754512 21.97176736307171
6080 256 33.927 42.718 42.932 72.50908413304761 72.87232548340278 91.75464968903823 18.127271033261902 18.218081370850694 22.938662422259558
6080 512 66.194 66.255 73.44 84.7755991285403 93.96905893894801 94.05565459105055 21.193899782135077 23.492264734737002 23.51391364776264
6080 1024 130.803 130.832 130.995 95.05584182602388 95.17426929191636 95.19537013677056 23.76396045650597 23.79356732297909 23.79884253419264
6080 2048 260.03 260.096 260.158 95.7252131397074 95.74803149606299 95.772333961466 23.93130328492685 23.937007874015748 23.9430834903665
6080 4096 518.641 523.811 524.251 95.00670480361507 95.08651021074395 96.03436673922812 23.751676200903766 23.771627552685988 24.00859168480703
6080 8192 1038.576 1040.504 1046.466 95.19154946266771 95.73698899763963 95.9147139930058 23.797887365666927 23.934247249409907 23.97867849825145
6080 16384 2074.659 2075.085 2076.844 95.9289383314298 96.01025500160235 96.02996926241855 23.98223458285745 24.002563750400586 24.007492315604637
6080 32768 4147.298 4153.048 4170.972 95.53142049383216 95.94372133430677 96.07674201371593 23.88285512345804 23.985930333576693 24.019185503428982
6080 65536 8293.913 8296.262 8323.792 95.73974938345408 96.05744852320238 96.08465389014812 23.93493734586352 24.014362130800595 24.02116347253703
6080 131072 16592.947 16598.675 16600.351 96.0121578152173 96.02185234664816 96.05499975381106 24.003039453804323 24.00546308666204 24.013749938452765

6688 1 2.564 2.621 3.005 4.451247920133111 5.103395650515071 5.216848673946958 1.1128119800332779 1.2758489126287678 1.3042121684867396
6688 2 1.844 1.905 1.967 13.600406710726997 14.043044619422572 14.50759219088937 3.400101677681749 3.510761154855643 3.6268980477223427
6688 4 2.164 2.174 2.24 23.885714285714286 24.61085556577737 24.724584103512015 5.9714285714285715 6.152713891444343 6.181146025878004
6688 8 2.735 2.744 2.787 38.39540724793685 38.99708454810495 39.125411334552105 9.598851811984213 9.749271137026238 9.781352833638026
6688 16 3.784 3.791 3.821 56.01046846375294 56.45370614613559 56.55813953488373 14.002617115938236 14.113426536533897 14.139534883720932
6688 32 5.983 5.999 6.0 71.33866666666667 71.3505584264044 71.54136720708675 17.834666666666667 17.8376396066011 17.885341801771688
6688 64 10.342 10.455 10.467 81.78694946020828 81.8808225729316 82.77547863082576 20.44673736505207 20.4702056432329 20.69386965770644
6688 128 19.095 19.323 19.353 88.46835116002686 88.60570304818093 89.66368159203981 22.117087790006714 22.151425762045232 22.415920398009952
6688 256 36.6 37.1 37.122 92.2433058563655 92.29800539083558 93.55890710382513 23.060826464091374 23.074501347708896 23.389726775956284
6688 512 71.743 72.702 72.804 94.0677984726114 94.19977442161152 95.45895766834396 23.51694961815285 23.54994360540288 23.86473941708599
6688 1024 141.762 143.767 143.895 95.1876298690017 95.2723782230971 96.6198558146753 23.796907467250424 23.818094555774277 24.154963953668826
6688 2048 285.491 286.034 288.039 95.10534337364038 95.77199913297021 95.95415617304926 23.776335843410095 23.942999783242552 23.988539043262314
6688 4096 560.629 576.347 576.567 95.02468230058258 95.0609545985318 97.72611834207649 23.756170575145646 23.76523864963295 24.431529585519122
6688 8192 1129.358 1142.989 1143.015 95.86592651889957 95.86810721712982 97.02520547071876 23.966481629724893 23.967026804282455 24.25630136767969
6688 16384 2253.517 2284.752 2286.474 95.84731075008943 95.91955013060497 97.24904848732004 23.96182768752236 23.979887532651244 24.31226212183001
6688 32768 4495.096 4569.873 4570.752 95.89336021731216 95.91180498889139 97.50732086700708 23.97334005432804 23.977951247222848 24.37683021675177
6688 65536 8994.582 9134.925 9137.801 95.93222001661013 95.96242289892913 97.45973031320409 23.983055004152533 23.990605724732283 24.364932578301023
6688 131072 17979.356 18270.709 18298.806 95.81057212148158 95.9579112118747 97.5128960125157 23.952643030370396 23.989477802968675 24.378224003128924

7352 1 2.813 2.945 3.132 4.694763729246487 4.992869269949066 5.2271596160682545 1.1736909323116218 1.2482173174872666 1.3067899040170636
7352 2 1.937 2.012 2.095 14.037231503579951 14.616302186878729 15.182240578213731 3.509307875894988 3.654075546719682 3.795560144553433
7352 4 2.268 2.494 2.708 21.719350073855242 23.58299919807538 25.93298059964727 5.429837518463811 5.895749799518845 6.483245149911817
7352 8 2.892 2.958 2.968 39.63342318059299 39.76741041244083 40.674965421853386 9.908355795148248 9.941852603110208 10.168741355463347
7352 16 4.053 4.081 4.1 57.38146341463415 57.648615535407984 58.04687885516901 14.345365853658537 14.412153883851996 14.511719713792253
7352 32 6.478 6.529 6.551 71.82537017249274 72.06739163731046 72.6347638159926 17.956342543123185 18.016847909327616 18.15869095399815
7352 64 11.331 11.382 11.417 82.42585617938163 82.67931822175365 83.05145176948196 20.606464044845406 20.66982955543841 20.76286294237049
7352 128 21.139 21.183 21.205 88.75793444942232 88.85011565878298 89.03505369222765 22.18948361235558 22.212528914695746 22.258763423056912
7352 256 40.733 40.763 40.795 92.27169996323077 92.34413561317862 92.4121473989149 23.067924990807693 23.086033903294656 23.103036849728724
7352 512 79.934 80.03 80.109 93.97755558052155 94.07032362863926 94.1833012235094 23.49438889513039 23.517580907159815 23.54582530587735
7352 1024 158.48 158.588 158.615 94.92731456671815 94.94347617726436 95.00817768803635 23.731828641679538 23.73586904431609 23.75204442200909
7352 2048 314.993 321.331 322.033 93.51150969000072 93.71580084087748 95.601464159521 23.37787742250018 23.42895021021937 23.90036603988025
7352 4096 629.263 634.805 635.255 94.80851626512188 94.87572404124103 95.71130671913015 23.70212906628047 23.718931010310257 23.927826679782537
7352 8192 1261.271 1261.971 1268.834 94.93374862275127 95.45002856642506 95.50300292324171 23.733437155687817 23.862507141606265 23.875750730810427
7352 16384 2520.995 2526.391 2526.902 95.33821889412411 95.35750246102047 95.56160801588263 23.834554723531028 23.83937561525512 23.890402003970657
7352 32768 5044.206 5045.929 5045.973 95.48617719516137 95.48700982514815 95.5196262801321 23.871544298790344 23.871752456287037 23.879906570033025
7352 65536 10088.301 10090.087 10092.122 95.48451197874937 95.50376959088659 95.52067726765885 23.871127994687342 23.875942397721648 23.880169316914714
7352 131072 20172.274 20211.121 20242.06 95.2117861521999 95.357535487517 95.5411714118101 23.802946538049977 23.83938387187925 23.885292852952524

8080 1 2.591 2.875 3.292 4.908869987849332 5.620869565217392 6.236974141258202 1.227217496962333 1.405217391304348 1.5592435353145504
8080 2 1.945 1.969 2.009 16.08760577401693 16.414423565261554 16.616966580976865 4.021901443504232 4.1036058913153886 4.154241645244216
8080 4 2.472 2.559 2.597 24.890257989988452 25.259867135599844 26.14886731391586 6.222564497497113 6.314966783899961 6.537216828478965
8080 8 3.017 3.062 3.092 41.8111254851229 42.22077073807969 42.850513755386146 10.452781371280725 10.555192684519923 10.712628438846536
8080 16 4.3 4.324 4.344 59.521178637200734 59.79648473635524 60.13023255813955 14.880294659300183 14.94912118408881 15.032558139534887
8080 32 6.989 7.004 7.022 73.64283679863287 73.8320959451742 73.99055658892547 18.410709199658218 18.45802398629355 18.497639147231368
8080 64 12.348 12.375 12.385 83.5074687121518 83.57494949494951 83.75769355361192 20.87686717803795 20.893737373737377 20.93942338840298
8080 128 23.111 23.147 23.169 89.27791445465924 89.36276839331232 89.5019687594652 22.31947861366481 22.34069209832808 22.3754921898663
8080 256 44.593 44.655 44.729 92.4894363835543 92.64270518418991 92.77151122373466 23.122359095888577 23.160676296047477 23.192877805933666
8080 512 87.77 87.792 87.832 94.20165771017398 94.24457809367597 94.26820097983367 23.550414427543494 23.561144523418992 23.567050244958416
8080 1024 173.984 174.007 180.877 91.48670090724637 95.09870292574438 95.11127459996321 22.871675226811593 23.774675731436094 23.777818649990802
8080 2048 346.442 346.52 352.63 93.85384113660211 95.50871522567242 95.53021862245339 23.46346028415053 23.877178806418105 23.882554655613347
8080 4096 690.844 696.904 696.917 94.9773932907362 94.97916499259583 95.81231073874855 23.74434832268405 23.744791248148957 23.953077684687138
8080 8192 1382.413 1390.119 1390.168 95.22785735249266 95.23121401836822 95.76206242273474 23.806964338123166 23.807803504592055 23.940515605683686
8080 16384 2768.177 2773.427 2789.816 94.90426608779936 95.46508345090749 95.64613823465768 23.72606652194984 23.86627086272687 23.91153455866442
8080 32768 5544.689 5545.524 5556.918 95.2921889435835 95.48797913416297 95.50235910436095 23.823047235895874 23.871994783540742 23.875589776090237
8080 65536 11083.292 11085.223 11093.253 95.46899903932598 95.53815561491186 95.5548008660243 23.867249759831495 23.884538903727965 23.888700216506074
8080 131072 22162.664 22165.512 22170.24 95.53904333015791 95.55942222313656 95.57170203004476 23.884760832539477 23.88985555578414 23.89292550751119

8888 1 2.831 2.977 3.095 5.743457189014539 5.97111185757474 6.279053338043094 1.4358642972536348 1.492777964393685 1.5697633345107735
8888 2 2.031 2.062 2.199 16.167348794906776 17.241513094083416 17.50467749876908 4.041837198726694 4.310378273520854 4.37616937469227
8888 4 2.475 2.486 2.787 25.512737710800145 28.601769911504427 28.72888888888889 6.378184427700036 7.150442477876107 7.182222222222222
8888 8 3.204 3.227 3.831 37.12033411641869 44.068174775333134 44.38451935081149 9.280083529104672 11.017043693833283 11.096129837702872
8888 16 4.707 4.716 4.754 59.826672275978126 60.30873621713316 60.42404928829403 14.956668068994531 15.07718405428329 15.106012322073507
8888 32 7.706 7.779 7.815 72.7872040946897 73.12405193469598 73.81676615624188 18.196801023672425 18.281012983673996 18.45419153906047
8888 64 13.707 13.806 13.806 82.40359264088079 82.40359264088079 82.998759757788 20.600898160220197 20.600898160220197 20.749689939447
8888 128 25.721 25.769 25.859 87.98979078850691 88.29710116807017 88.46187939815715 21.997447697126727 22.074275292017543 22.115469849539288
8888 256 49.906 50.155 50.158 90.72642449858446 90.73185126109061 91.18454694826274 22.681606124646116 22.682962815272653 22.796136737065684
8888 512 98.105 98.342 98.501 92.39816854651221 92.54755852026601 92.77113296977727 23.099542136628052 23.136889630066502 23.192783242444317
8888 1024 194.527 195.08 201.443 90.36116420029487 93.30850932950584 93.57376610958892 22.590291050073716 23.32712733237646 23.39344152739723
8888 2048 387.368 393.87 394.601 92.25837744962634 92.42960367633991 93.98104128374054 23.064594362406584 23.107400919084977 23.495260320935135
8888 4096 774.445 777.895 778.293 93.55152365497312 93.59938809222325 94.01635493805242 23.38788091374328 23.399847023055813 23.504088734513104
8888 8192 1549.496 1557.958 1569.133 92.80347300069529 93.46913844917513 93.9795856200984 23.200868250173823 23.367284612293783 23.4948964050246
8888 16384 3101.282 3109.07 3116.669 93.44655592236455 93.67495231693078 93.91019068888285 23.361638980591138 23.418738079232696 23.477547672220712
8888 32768 6201.727 6214.067 6215.666 93.71223743360729 93.736351410437 93.92286503420742 23.42805935840182 23.43408785260925 23.480716258551855
8888 65536 12403.582 12425.791 12861.448 90.5782876080516 93.75402628291431 93.92189578784581 22.6445719020129 23.438506570728578 23.480473946961453

9776 1 2.858 2.917 3.115 6.2767255216693405 6.702776825505657 6.841147655703288 1.5691813804173351 1.6756942063764142 1.710286913925822
9776 2 2.099 2.118 2.127 18.384579219558063 18.462700661000945 18.62982372558361 4.596144804889516 4.615675165250236 4.657455931395902
9776 4 2.557 2.571 2.602 30.056879323597233 30.41929210423959 30.5858427845131 7.514219830899308 7.604823026059898 7.646460696128275
9776 8 3.376 3.392 3.402 45.977660199882415 46.11320754716981 46.33175355450237 11.494415049970604 11.528301886792452 11.582938388625593
9776 16 5.004 5.012 5.015 62.37926221335992 62.41660015961692 62.51638689048761 15.59481555333998 15.60415003990423 15.629096722621902
9776 32 8.224 8.26 8.278 75.58154143512924 75.7462469733656 76.07782101167315 18.89538535878231 18.9365617433414 19.019455252918288
9776 64 14.834 14.844 14.861 84.20213982908282 84.29857181352735 84.35539975731427 21.050534957270706 21.074642953381836 21.08884993932857
9776 128 28.047 28.068 28.086 89.10688599302144 89.16403021234144 89.23079117196134 22.27672149825536 22.29100755308536 22.307697792990336
9776 256 54.479 54.549 54.571 91.72109728610434 91.75808905754458 91.87598891315919 22.930274321526085 22.939522264386145 22.968997228289798
9776 512 107.317 107.404 107.534 93.09264046720106 93.20531823768202 93.28087814605328 23.273160116800266 23.301329559420505 23.32021953651332
9776 1024 212.909 213.281 213.401 93.81984151901818 93.8726281290879 94.03664476372533 23.454960379754546 23.468157032271975 23.509161190931334
9776 2048 424.448 430.651 430.98 92.9103345862917 92.98131433573822 94.34016887816647 23.227583646572924 23.245328583934555 23.585042219541617
9776 4096 846.3 853.062 853.883 93.78918657474149 93.8794507315998 94.62955453149002 23.447296643685373 23.46986268289995 23.657388632872504
9776 8192 1698.203 1700.569 1702.23 94.09420818573282 94.18611300100143 94.31733661994473 23.523552046433206 23.546528250250358 23.57933415498618
9776 16384 3402.903 3403.507 3423.545 93.56966769824844 94.12055506276319 94.1372610385897 23.39241692456211 23.530138765690797 23.534315259647425
9776 32768 6789.978 6798.445 6838.673 93.68483271535281 94.2391879319462 94.35670277576745 23.421208178838203 23.55979698298655 23.58917569394186
9776 65536 13582.795 13587.397 13721.757 93.38161811202457 94.30502928559457 94.33698086439499 23.345404528006142 23.576257321398643 23.584245216098747

10752 1 3.089 3.211 3.353 6.413361169102296 6.696979134226098 6.961476205891874 1.603340292275574 1.6742447835565244 1.7403690514729686
10752 2 2.118 2.129 2.164 19.87430683918669 20.201033348990137 20.305949008498583 4.968576709796673 5.050258337247534 5.076487252124646
10752 4 2.6 2.658 2.676 32.14349775784753 32.36117381489842 33.08307692307692 8.035874439461882 8.090293453724605 8.27076923076923
10752 8 3.487 3.51 3.597 47.82652210175146 49.011965811965815 49.33524519644393 11.956630525437864 12.252991452991454 12.333811299110982
10752 16 5.311 5.342 5.345 64.37118802619271 64.40733807562711 64.78327998493693 16.092797006548178 16.101834518906777 16.19581999623423
10752 32 8.931 8.985 9.009 76.38228438228438 76.58631051752921 77.04937856902923 19.095571095571096 19.146577629382303 19.262344642257307
10752 64 16.152 16.199 16.283 84.52103420745563 84.95931847644916 85.20653789004457 21.130258551863907 21.23982961911229 21.301634472511143
10752 128 30.683 30.74 30.748 89.51840770131389 89.54170461938841 89.70804680116025 22.379601925328473 22.385426154847103 22.427011700290063
10752 256 59.625 60.303 60.363 91.19864817851996 91.28938858763246 92.3274465408805 22.79966204462999 22.822347146908115 23.081861635220125
10752 512 117.919 118.677 125.265 87.8940486169321 92.77322480345812 93.36958420610759 21.973512154233024 23.19330620086453 23.342396051526897
10752 1024 233.854 234.788 235.876 93.3545422170971 93.78714414706032 94.16172483686402 23.338635554274276 23.44678603676508 23.540431209216006
10752 2048 467.45 474.625 474.68 92.77869722760596 92.78944851198314 94.21369558241523 23.19467430690149 23.197362127995785 23.553423895603807
10752 4096 932.621 939.049 939.293 93.77306548648824 93.79743123095813 94.44392094966766 23.44326637162206 23.44935780773953 23.610980237416914
10752 8192 1865.884 1868.552 1873.769 94.01413301212689 94.2766206131807 94.41142536191961 23.503533253031723 23.569155153295174 23.602856340479903
10752 16384 3729.342 3748.823 3750.175 93.94802535881658 93.98190738799886 94.4728415897496 23.487006339704145 23.495476846999715 23.6182103974374
10752 32768 7417.129 7486.842 7493.366 94.03558721140807 94.11752939356808 95.0021324962799 23.508896802852018 23.52938234839202 23.750533124069975
10752 65536 14868.9 14926.279 14971.538 94.13102007288762 94.41644123093236 94.78079373726369 23.532755018221906 23.60411030773309 23.695198434315923

11824 1 2.943 3.085 3.094 7.643180349062702 7.6654781199351705 8.035338090383963 1.9107950872656756 1.9163695299837926 2.0088345225959907
11824 2 2.226 2.229 2.257 20.955250332299514 21.21848362494392 21.247079964061097 5.238812583074878 5.30462090623598 5.311769991015274
11824 4 2.822 2.891 2.977 31.774269398723547 32.71947423037012 33.51948972360028 7.943567349680887 8.17986855759253 8.37987243090007
11824 8 3.649 3.718 3.743 50.5434143734972 50.88327057557827 51.84543710605646 12.6358535933743 12.720817643894568 12.961359276514115
11824 16 5.576 5.638 12.137 31.1747548817665 67.11032280950693 67.85652797704448 7.793688720441625 16.77758070237673 16.96413199426112
11824 32 9.39 9.486 9.528 79.42233417296389 79.77398271136411 80.58956336528222 19.85558354324097 19.943495677841028 20.147390841320554
11824 64 17.059 17.26 17.309 87.43844242879427 87.68667439165701 88.71985462219357 21.85961060719857 21.921668597914252 22.17996365554839
11824 128 32.386 32.835 32.9 92.00437689969606 92.18650829907112 93.46458346198975 23.001094224924014 23.04662707476778 23.366145865497437
11824 256 63.23 63.859 64.172 94.33846537430657 94.80085814059099 95.74391902577891 23.58461634357664 23.700214535147747 23.935979756444727
11824 512 124.596 126.352 132.804 91.1702659558447 95.82575661643662 97.17628174259205 22.792566488961175 23.956439154109155 24.294070435648013
11824 1024 247.483 253.573 256.741 94.3189907338524 95.49735973467207 97.84733496846249 23.5797476834631 23.87433993366802 24.461833742115623
11824 2048 492.902 499.679 499.985 96.86511395341861 96.92443348629821 98.25706529898439 24.216278488354654 24.231108371574553 24.564266324746097
11824 4096 988.102 1003.151 1003.632 96.51167758700402 96.55795388730114 98.02855170822446 24.127919396751004 24.139488471825285 24.507137927056114
11824 8192 1971.787 2004.474 2033.714 95.25646969042846 96.64601087367559 98.24814546398775 23.814117422607115 24.161502718418898 24.56203636599694
11824 16384 3949.646 4007.59 4011.69 96.57995308710295 96.67876005279982 98.09710338597434 24.144988271775738 24.169690013199954 24.524275846493584
11824 32768 7897.526 8013.606 8013.629 96.69747176965643 96.69774930287315 98.11903930420742 24.174367942414108 24.174437325718287 24.529759826051855
11824 65536 15796.111 16020.37 16033.981 96.65692681062801 96.73904710065996 98.11246122542441 24.164231702657002 24.18476177516499 24.528115306356103

13000 1 3.199 3.595 3.778 6.881948120698782 7.2322670375521545 8.127539856205065 1.7204870301746955 1.8080667593880386 2.031884964051266
13000 2 2.299 2.332 2.341 22.212729602733873 22.29845626072041 22.618529795563287 5.553182400683468 5.574614065180103 5.654632448890822
13000 4 2.921 3.053 3.212 32.3785803237858 34.06485424172945 35.60424512153372 8.09464508094645 8.516213560432362 8.90106128038343
13000 8 3.947 3.954 3.983 52.22194325885011 52.604957005563975 52.698251836838104 13.055485814712528 13.151239251390994 13.174562959209526
13000 16 6.048 6.08 6.117 68.00719306849763 68.42105263157895 68.78306878306877 17.001798267124407 17.105263157894736 17.195767195767193
13000 32 10.336 10.403 10.404 79.96924259900038 79.97692973180813 80.4953560371517 19.992310649750095 19.994232432952032 20.123839009287924
13000 64 18.863 19.04 19.068 87.26662471155862 87.39495798319327 88.21502412129566 21.816656177889655 21.848739495798316 22.053756030323914
13000 128 35.938 36.283 36.618 90.88426456933747 91.72339663203152 92.60392898881406 22.72106614233437 22.93084915800788 23.150982247203515
13000 256 70.107 71.165 71.305 93.3454876937101 93.52912246188434 94.94059081118861 23.336371923427524 23.382280615471085 23.735147702797153
13000 512 137.941 140.059 146.719 90.7312617997669 95.04565932928266 96.50502751176226 22.682815449941724 23.761414832320664 24.126256877940566
13000 1024 274.561 278.643 279.511 95.25206521389138 95.54878464558594 96.96934378881195 23.813016303472846 23.887196161396485 24.24233594720299
13000 2048 546.367 556.319 561.686 94.80029767521354 95.71486862753204 97.45830183740965 23.700074418803386 23.92871715688301 24.364575459352412
13000 4096 1095.819 1119.823 1132.609 94.02715323646554 95.10074359965814 97.18393274801768 23.506788309116384 23.775185899914536 24.29598318700442
13000 8192 2192.924 2228.057 2383.044 89.37812310641347 95.59539993815238 97.1269410157397 22.344530776603367 23.898849984538096 24.281735253934926
13000 16384 4374.501 4453.86 4454.438 95.63136808728733 95.64377865491956 97.37887818519185 23.907842021821832 23.91094466372989 24.344719546297963
13000 32768 8750.715 8899.894 8912.181 95.59590407780092 95.72788170286073 97.35981574077088 23.89897601945023 23.931970425715182 24.33995393519272
13000 65536 17499.931 17822.692 17830.219 95.56450204004784 95.60486148781565 97.36815533729818 23.89112551001196 23.901215371953914 24.342038834324544

14296 1 3.333 3.432 3.533 8.09283894707048 8.331002331002331 8.578457845784579 2.02320973676762 2.082750582750583 2.1446144614461446
14296 2 2.363 2.454 2.58 22.164341085271317 23.302363488182557 24.199746085484552 5.541085271317829 5.825590872045639 6.049936521371138
14296 4 3.053 3.338 3.578 31.964225824482952 34.26243259436789 37.460858172289555 7.991056456120738 8.565608148591972 9.365214543072389
14296 8 4.163 4.203 4.229 54.087491132655465 54.42207946704735 54.94499159260148 13.521872783163866 13.605519866761837 13.73624789815037
14296 16 6.454 6.56 6.563 69.7047082127076 69.73658536585366 70.88193368453673 17.4261770531769 17.434146341463414 17.720483421134183
14296 32 11.12 11.315 11.316 80.85401201838104 80.86115775519222 82.27913669064749 20.21350300459526 20.215289438798056 20.569784172661873
14296 64 20.44 20.785 20.856 87.73916378979669 88.03887418811642 89.52485322896281 21.934790947449173 22.009718547029106 22.381213307240703
14296 128 39.166 40.009 47.11 77.68575673954574 91.47381839086205 93.44267987540213 19.421439184886435 22.868454597715512 23.360669968850534
14296 256 76.558 77.89 78.149 93.66149278941509 93.97293619206573 95.60793124167297 23.415373197353773 23.493234048016433 23.901982810418243
14296 512 151.354 153.945 154.364 94.83496151952527 95.09307869693721 96.72095881179222 23.708740379881316 23.773269674234303 24.180239702948054
14296 1024 300.843 311.864 312.863 93.5815612584422 93.88133288869508 97.3205559045748 23.39539031461055 23.47033322217377 24.3301389761437
14296 2048 605.753 611.658 615.048 95.20625382084 95.73391666584921 96.66714981188703 23.80156345521 23.933479166462302 24.166787452971757
14296 4096 1202.459 1223.99 1226.53 95.48305544911254 95.68120000980399 97.39444920783161 23.870763862278135 23.920300002450997 24.348612301957903
14296 8192 2408.177 2449.494 2465.417 95.00448159479714 95.62206071947921 97.26264473084827 23.751120398699285 23.905515179869802 24.315661182712066
14296 16384 4805.298 4893.484 4905.382 95.4974205882437 95.72961268495003 97.48642602394276 23.874355147060925 23.932403171237507 24.37160650598569
14296 32768 9639.587 9786.293 9810.353 95.50142140654879 95.73621554147213 97.19323618325141 23.875355351637197 23.934053885368034 24.298309045812854
14296 65536 19230.58 19564.785 19763.175 94.81296967719003 95.77438811619959 97.43883502213662 23.703242419297506 23.943597029049897 24.359708755534154

15720 1 3.436 3.737 4.026 7.809239940387481 8.413165640888412 9.150174621653084 1.9523099850968701 2.103291410222103 2.287543655413271
15720 2 2.452 2.475 2.536 24.79495268138801 25.406060606060603 25.64437194127243 6.198738170347003 6.351515151515151 6.411092985318107
15720 4 3.143 3.247 3.426 36.70753064798598 38.73113643363104 40.01272669424117 9.176882661996496 9.68278410840776 10.003181673560292
15720 8 4.57 4.68 6.603 38.091776465243065 53.74358974358974 55.03719912472647 9.522944116310766 13.435897435897434 13.759299781181618
15720 16 6.866 6.95 9.025 55.738504155124645 72.3798561151079 73.26536556947276 13.934626038781161 18.094964028776975 18.31634139236819
15720 32 11.965 12.051 17.215 58.4420563462097 83.48518795120737 84.08524864187213 14.610514086552424 20.87129698780184 21.02131216046803
15720 64 22.253 28.381 30.083 66.88694611574643 70.89813607695288 90.42196557767492 16.721736528936606 17.72453401923822 22.60549139441873
15720 128 42.185 42.717 42.81 94.00420462508758 94.20886298195097 95.39694204100982 23.501051156271895 23.552215745487743 23.849235510252456
15720 256 82.478 83.598 83.611 96.26293191087295 96.2779013852006 97.58529547273213 24.065732977718238 24.06947534630015 24.396323868183032
15720 512 163.05 165.137 165.206 97.43762333087176 97.47833616936241 98.72603495860164 24.35940583271794 24.369584042340602 24.68150873965041
15720 1024 324.287 328.279 336.296 95.73280681304564 98.07072642477891 99.2779852414682 23.93320170326141 24.517681606194728 24.81949631036705
15720 2048 651.488 655.232 661.11 97.39547125289285 98.26919320179722 98.83393093963356 24.34886781322321 24.567298300449306 24.70848273490839
15720 4096 1294.159 1313.276 1313.355 98.05287983827677 98.05877820046965 99.50727847196518 24.51321995956919 24.51469455011741 24.876819617991295
15720 8192 2592.178 2627.366 2627.866 98.00974631126549 98.02839802296292 99.35910265421587 24.502436577816372 24.50709950574073 24.83977566355397
15720 16384 5177.03 5248.626 5252.54 98.0693074207907 98.14243956418308 99.49970542956096 24.517326855197673 24.53560989104577 24.87492635739024
15720 32768 10349.333 10496.615 10502.937 98.08931730238884 98.148395458917 99.54515136386082 24.52232932559721 24.53709886472925 24.886287840965206
15720 65536 20922.847 20993.805 21050.856 97.8797175753803 98.14570726935874 98.4785598250563 24.469929393845074 24.536426817339684 24.619639956264074

17288 1 3.63 3.706 3.949 8.755634337807042 9.329735563950353 9.525068870523416 2.1889085844517604 2.332433890987588 2.381267217630854
17288 2 2.578 2.61 2.618 26.414056531703594 26.495019157088123 26.823894491854155 6.603514132925898 6.623754789272031 6.705973622963539
17288 4 3.362 3.445 3.455 40.0301013024602 40.146298984034836 41.13741820345033 10.00752532561505 10.036574746008709 10.284354550862583
17288 8 4.781 4.843 4.851 57.020820449391884 57.11501135659715 57.85567872829953 14.255205112347971 14.278752839149288 14.463919682074883
17288 16 7.573 7.614 7.652 72.29691583899634 72.65773574993433 73.0511026013469 18.074228959749085 18.164433937483583 18.262775650336724
17288 32 13.277 13.334 13.399 82.57571460556758 82.97825108744564 83.33448821269867 20.643928651391896 20.74456277186141 20.83362205317467
17288 64 24.635 24.708 24.896 88.88431876606684 89.56062813663593 89.82601989039985 22.22107969151671 22.39015703415898 22.456504972599962
17288 128 47.486 47.569 47.906 92.38358451968439 93.03807101263428 93.20069072989935 23.095896129921098 23.25951775315857 23.300172682474837
17288 256 93.122 93.263 93.463 94.70545563485017 94.90854894223861 95.05225403234468 23.676363908712542 23.727137235559653 23.76306350808617
17288 512 190.989 191.485 191.556 92.41637954436301 92.45064626472048 92.69074135159617 23.104094886090753 23.11266156618012 23.172685337899043
17288 1024 366.61 367.171 368.628 96.04757099297939 96.4287048813768 96.57626360437523 24.011892748244847 24.1071762203442 24.144065901093807
17288 2048 735.961 736.706 740.322 95.64979562946935 96.11927688928826 96.21657669360198 23.912448907367338 24.029819222322065 24.054144173400495
17288 4096 1463.971 1467.007 1474.139 96.07187381922601 96.5389367603563 96.73914032450097 24.017968454806503 24.134734190089073 24.18478508112524
17288 8192 2930.628 2934.764 2951.536 95.96582660689214 96.51426554230595 96.6504762801693 23.991456651723034 24.128566385576487 24.162619070042325
17288 16384 5859.176 5868.37 5900.781 96.00308569323282 96.53331061265736 96.68478707586186 24.000771423308205 24.13332765316434 24.171196768965466
17288 32768 11717.428 11739.806 11800.08 96.01514294818341 96.50809970795089 96.69241133805133 24.003785737045852 24.127024926987723 24.173102834512832

19016 1 3.744 3.836 3.886 9.786927431806484 9.914494264859227 10.158119658119658 2.446731857951621 2.478623566214807 2.5395299145299144
19016 2 2.707 2.724 2.745 27.710018214936245 27.923641703377385 28.09900258588844 6.927504553734061 6.980910425844346 7.02475064647211
19016 4 3.5 3.57 3.662 41.54232659748771 42.61288515406162 43.46514285714286 10.385581649371927 10.653221288515406 10.866285714285715
19016 8 5.098 5.14 5.454 55.78584525119179 59.193774319066144 59.681443703413095 13.946461312797947 14.798443579766536 14.920360925853274
19016 16 8.255 8.309 8.349 72.88441729548448 73.2352870381514 73.71435493640216 18.22110432387112 18.30882175953785 18.42858873410054
19016 32 14.554 14.619 14.661 83.01098151558557 83.24946986798003 83.62127250240484 20.752745378896392 20.812367466995006 20.90531812560121
19016 64 27.283 27.318 27.386 88.87928138464909 89.10051980379237 89.21482241688962 22.219820346162273 22.27512995094809 22.303705604222404
19016 128 52.606 52.789 59.219 82.20496800013508 92.21799996211331 92.53879785575789 20.55124200003377 23.054499990528328 23.134699463939473
19016 256 103.382 103.501 103.577 93.99955588595923 94.06857904754541 94.17685864076917 23.499888971489806 23.517144761886353 23.544214660192292
19016 512 204.978 205.368 205.78 94.62719409077656 94.81703089088855 94.997433870952 23.65679852269414 23.704257722722136 23.749358467738
19016 1024 407.841 409.589 414.334 93.99365729097781 95.08255348654382 95.49007578933947 23.498414322744452 23.770638371635954 23.872518947334868
19016 2048 819.208 820.429 824.057 94.51959755211108 94.93757046618293 95.07907149344244 23.62989938802777 23.734392616545733 23.76976787336061
19016 4096 1630.913 1635.845 1638.712 95.06189739258636 95.22850392304895 95.5164818724236 23.76547434814659 23.807125980762237 23.8791204681059
19016 8192 3264.576 3265.528 3269.907 95.28042968806145 95.40819861290426 95.43602109431669 23.82010742201536 23.852049653226064 23.85900527357917
19016 16384 6525.507 6540.223 6548.439 95.1549350921647 95.27447122215864 95.48932948811486 23.788733773041177 23.81861780553966 23.872332372028715
19016 32768 13045.043 13074.926 13083.951 95.24894857830023 95.31469440056487 95.53303703176755 23.812237144575057 23.82867360014122 23.883259257941887

20912 1 4.034 4.396 4.492 9.310774710596615 9.51410373066424 10.367873078829945 2.3276936776491537 2.37852593266606 2.591968269707486
20912 2 2.862 2.912 2.941 28.442026521591295 28.725274725274726 29.227113906359186 7.110506630397824 7.181318681318682 7.3067784765897965
20912 4 3.774 3.957 3.984 41.99196787148594 42.27849380844074 44.32856385797562 10.497991967871485 10.569623452110186 11.082140964493904
20912 8 5.474 5.546 5.639 59.33534314594785 60.33032816444284 61.12385823894775 14.833835786486963 15.08258204111071 15.280964559736937
20912 16 8.873 8.959 8.973 74.57751030870388 74.69405067529858 75.41800969232503 18.64437757717597 18.673512668824646 18.854502423081257
20912 32 15.818 15.845 15.849 84.44494920815193 84.46626696118648 84.61044379820457 21.11123730203798 21.11656674029662 21.152610949551143
20912 64 29.6 29.655 29.662 90.24125143280966 90.26255268925982 90.43027027027026 22.560312858202415 22.565638172314955 22.607567567567564
20912 128 57.342 57.392 57.402 93.26281314239921 93.2790632840814 93.36039900945205 23.315703285599803 23.31976582102035 23.340099752363013
20912 256 112.622 112.72 112.728 94.98034206230928 94.98708303761532 95.06973770666477 23.74508551557732 23.74677075940383 23.767434426666192
20912 512 223.268 223.485 230.16 93.0391379909628 95.81801015728124 95.91113818370748 23.2597844977407 23.95450253932031 23.97778454592687
20912 1024 444.396 451.689 451.806 94.79240204866691 94.816955914357 96.37300065707161 23.69810051216673 23.70423897858925 24.093250164267904
20912 2048 891.615 892.033 892.659 95.95551268737559 96.02285117254631 96.06786785776372 23.988878171843897 24.005712793136578 24.01696696444093
20912 4096 1776.153 1778.752 1781.369 96.16823016455322 96.30971827438563 96.45064586215264 24.042057541138306 24.077429568596408 24.11266146553816
20912 8192 3555.644 3561.181 3562.366 96.1782725301106 96.21027631002187 96.36009904253632 24.04456813252765 24.052569077505467 24.09002476063408
20912 16384 7114.744 7115.822 7121.28 96.22489440100657 96.2987011198425 96.31329194697658 24.05622360025164 24.074675279960626 24.078322986744144
20912 32768 14225.61 14230.987 14231.402 96.30033864548271 96.30314692860024 96.33954761869613 24.075084661370678 24.07578673215006 24.084886904674033

23000 1 4.419 4.573 4.591 10.01960357220649 10.059042204242292 10.40959493097986 2.5049008930516226 2.514760551060573 2.602398732744965
23000 2 2.941 3.011 3.114 29.54399486191394 30.554633012288274 31.28187691261476 7.385998715478485 7.638658253072069 7.82046922815369
23000 4 4.004 4.081 4.116 44.70359572400389 45.086988483214895 45.95404595404596 11.175898931000972 11.271747120803724 11.48851148851149
23000 8 5.917 5.931 6.05 60.82644628099174 62.04687236553701 62.193679229339196 15.206611570247935 15.511718091384253 15.548419807334799
23000 16 9.741 9.763 9.794 75.14804982642434 75.3866639352658 75.55692434041678 18.787012456606085 18.84666598381645 18.889231085104196
23000 32 17.364 17.398 17.456 84.3263061411549 84.60742614093574 84.7730937571988 21.081576535288725 21.151856535233936 21.1932734392997
23000 64 32.662 32.68 32.709 90.00580879880155 90.08567931456548 90.1353254546568 22.50145219970039 22.52141982864137 22.5338313636642
23000 128 63.297 63.406 63.66 92.4913603518693 92.86187427057376 93.02178618259948 23.122840087967326 23.21546856764344 23.25544654564987
23000 256 124.499 124.555 124.654 94.46949155261764 94.54457870017261 94.58710511731017 23.61737288815441 23.636144675043152 23.646776279327543
23000 512 246.996 253.337 253.538 92.89337298550907 92.96707547653916 95.3537709112698 23.22334324637727 23.24176886913479 23.83844272781745
23000 1024 491.834 497.514 497.883 94.60857269679825 94.67874270874789 95.77215076631546 23.652143174199562 23.669685677186973 23.943037691578866
23000 2048 986.425 986.845 987.198 95.42969090293944 95.46382663944185 95.50447322401602 23.85742272573486 23.865956659860462 23.876118306004006
23000 4096 1970.083 1971.084 1972.248 95.5336245745971 95.59004081003143 95.63861014992769 23.883406143649275 23.897510202507856 23.90965253748192
23000 8192 3936.076 3938.539 3939.503 95.65470568241729 95.67811820576107 95.73798879899677 23.91367642060432 23.919529551440267 23.93449719974919
23000 16384 7875.019 7879.613 7892.386 95.49254179914665 95.64733699484987 95.70313417656516 23.873135449786663 23.911834248712466 23.92578354414129
23000 32768 15741.109 15769.662 15785.75 95.48662559586968 95.58403978474618 95.75742090344461 23.87165639896742 23.896009946186545 23.939355225861153

25296 1 4.493 4.874 5.033 10.052056427577984 10.37997537956504 11.260182506120632 2.513014106894496 2.59499384489126 2.815045626530158
25296 2 3.152 3.386 3.466 29.193306405077895 29.88304784406379 32.101522842639596 7.298326601269474 7.470761961015947 8.025380710659899
25296 4 4.235 4.275 4.378 46.22384650525354 47.33754385964912 47.78465171192444 11.555961626313385 11.83438596491228 11.94616292798111
25296 8 6.347 6.382 6.654 60.82596934174932 63.41836414916954 63.768079407594136 15.20649233543733 15.854591037292385 15.942019851898534
25296 16 10.547 10.561 10.71 75.58095238095237 76.6472871887132 76.74902815966625 18.895238095238092 19.1618217971783 19.187257039916563
25296 32 18.971 19.051 19.306 83.85703926240546 84.97947614298462 85.33783142691478 20.964259815601366 21.244869035746156 21.334457856728694
25296 64 35.749 35.8 36.559 88.56609863508301 90.44379888268158 90.57282721194998 22.141524658770752 22.610949720670394 22.643206802987496
25296 128 69.526 69.566 71.083 91.10161360662887 93.08823275738148 93.14178868337025 22.77540340165722 23.27205818934537 23.285447170842563
25296 256 136.773 139.916 144.317 89.74377238994713 92.56662568969953 94.69377728060363 22.43594309748678 23.141656422424884 23.673444320150907
25296 512 271.257 277.466 277.971 93.18635397217695 93.35595712627853 95.49284995410257 23.296588493044236 23.33898928156963 23.873212488525642
25296 1024 540.383 546.741 558.07 92.83102119805758 94.75456934819229 95.86942594419142 23.207755299514396 23.688642337048073 23.967356486047855
25296 2048 1084.036 1084.411 1085.498 95.45150336527566 95.54718275635345 95.5802353427377 23.862875841318914 23.886795689088363 23.895058835684424
25296 4096 2164.533 2171.326 2172.296 95.39438087627101 95.4369965633903 95.7365085216996 23.848595219067754 23.859249140847574 23.9341271304249
25296 8192 4327.803 4331.721 4336.602 95.57014086143944 95.67782966631509 95.76444768858472 23.89253521535986 23.919457416578773 23.94111192214618
25296 16384 8658.331 8664.473 8680.462 95.49023174112162 95.6664448028172 95.7343081478405 23.872557935280405 23.9166112007043 23.933577036960124
25296 32768 17313.947 17323.962 17383.263 95.36751851479208 95.69396746541005 95.74932024454043 23.84187962869802 23.923491866352514 23.937330061135107

27824 1 4.569 4.748 4.827 11.528485601823078 11.720303285593934 12.179470343620048 2.8821214004557696 2.9300758213984834 3.044867585905012
27824 2 3.352 3.428 3.685 30.20244233378562 32.46674445740957 33.20286396181385 7.550610583446405 8.116686114352392 8.300715990453462
27824 4 4.527 4.592 4.631 48.065644569207514 48.473867595818824 49.169869670863704 12.016411142301878 12.118466898954706 12.292467417715926
27824 8 6.792 6.871 6.918 64.35154668979473 64.79173337214378 65.54534746760896 16.087886672448683 16.197933343035945 16.38633686690224
27824 16 11.248 11.417 11.502 77.40984176664927 77.98616098800035 79.15789473684211 19.352460441662316 19.496540247000087 19.789473684210527
27824 32 20.278 20.495 20.804 85.59584695250913 86.88636252744573 87.81615543939246 21.398961738127284 21.72159063186143 21.954038859848115
27824 64 38.26 38.883 39.239 90.76357705344174 91.59457860761772 93.08604286461056 22.690894263360434 22.89864465190443 23.27151071615264
27824 128 75.302 76.292 81.53 87.36592665276585 93.36423216064593 94.59169743167512 21.841481663191463 23.34105804016148 23.64792435791878
27824 256 146.453 148.384 157.415 90.49892322840898 96.00690101358637 97.27276327559012 22.624730807102246 24.001725253396593 24.31819081889753
27824 512 290.441 297.92 300.429 94.8369697998529 95.63566058002148 98.09832633822361 23.709242449963224 23.90891514500537 24.524581584555904
27824 1024 583.841 591.761 598.359 95.23304905583437 96.29487580290015 97.60114825783047 23.808262263958593 24.073718950725038 24.40028706445762
27824 2048 1160.431 1175.256 1189.18 95.83671437461108 96.97215245018955 98.2110129770749 23.95917859365277 24.24303811254739 24.552753244268725
27824 4096 2318.022 2353.048 2376.762 95.901149547157 96.86764060911635 98.33133939194711 23.97528738678925 24.216910152279087 24.582834847986778
27824 8192 4637.173 4696.731 4755.431 95.8626917307811 97.06078887634825 98.3073989260267 23.965672932695274 24.265197219087064 24.576849731506677
27824 16384 9267.47 9390.361 9504.187 95.9300182119733 97.09284147861833 98.3803381073799 23.982504552993326 24.27321036965458 24.595084526844975
27824 32768 18537.889 18773.429 19005.449 95.94478215168712 97.13055957971237 98.3646878023706 23.98619553792178 24.282639894928092 24.59117195059265

30600 1 5.183 5.451 5.453 11.22317990097194 11.227297743533295 11.807833301176924 2.805794975242985 2.806824435883324 2.951958325294231
30600 2 3.667 3.702 3.73 32.815013404825734 33.06320907617504 33.3787837469321 8.203753351206434 8.26580226904376 8.344695936733025
30600 4 5.004 5.064 5.071 48.27450207059752 48.34123222748815 48.92086330935252 12.06862551764938 12.085308056872037 12.23021582733813
30600 8 7.5 7.586 7.632 64.15094339622642 64.53994199841813 65.28 16.037735849056606 16.134985499604532 16.32
30600 16 12.639 12.673 12.724 76.95693178245834 77.26662984297324 77.47448374080228 19.239232945614585 19.31665746074331 19.36862093520057
30600 32 22.858 23.026 23.186 84.46476321918398 85.05168070876401 85.67678712048297 21.116190804795995 21.262920177191003 21.419196780120743
30600 64 43.381 43.565 43.736 89.55551490762758 89.90703546424882 90.2883750950877 22.388878726906896 22.476758866062205 22.572093773771925
30600 128 84.435 84.764 84.933 92.23270107025536 92.41659194941249 92.77669213004086 23.05817526756384 23.104147987353123 23.194173032510214
30600 256 166.502 167.186 167.457 93.55954065819881 93.71119591353343 94.09616701300884 23.389885164549703 23.427798978383358 23.52404175325221
30600 512 330.498 332.467 338.043 92.69353307123649 94.24815094430424 94.80965089047437 23.173383267809122 23.56203773607606 23.702412722618593
30600 1024 660.132 666.556 678.347 92.38457603556883 94.01880712198225 94.93374052462235 23.096144008892207 23.504701780495562 23.733435131155588
30600 2048 1319.834 1327.77 1330.974 94.16983352041437 94.39707178201043 94.96466979938386 23.542458380103593 23.599267945502607 23.741167449845964
30600 4096 2638.474 2649.699 2656.489 94.3633495188574 94.60516081260549 95.00764457030844 23.59083737971435 23.651290203151373 23.75191114257711
30600 8192 5276.595 5292.112 5305.862 94.48990569298635 94.73540998376451 95.01400050600813 23.62247642324659 23.683852495941128 23.753500126502033
30600 16384 10557.043 10602.443 10620.058 94.41575554483786 94.57261878229386 94.97932328209707 23.603938886209466 23.643154695573465 23.744830820524268
30600 32768 21109.134 21170.454 21216.244 94.52198984891011 94.72643335849102 95.00160451868845 23.630497462227527 23.681608339622755 23.750401129672113

33656 1 5.381 5.667 5.8 11.60551724137931 11.87788953590965 12.50919903363687 2.9013793103448275 2.9694723839774126 3.1272997584092175
33656 2 3.945 3.99 4.077 33.02035810645082 33.74035087719298 34.12522179974652 8.255089526612705 8.435087719298245 8.53130544993663
33656 4 5.43 5.546 5.65 47.65451327433628 48.54814280562567 49.58526703499079 11.91362831858407 12.137035701406418 12.396316758747698
33656 8 8.242 8.349 8.471 63.56935426750088 64.49826326506167 65.33559815578741 15.89233856687522 16.124565816265417 16.333899538946852
33656 16 13.973 14.032 14.331 75.15121066220082 76.75256556442416 77.07664782079723 18.787802665550206 19.18814139110604 19.26916195519931
33656 32 25.321 25.411 25.951 83.0019652421872 84.76581008224784 85.06709845582718 20.7504913105468 21.19145252056196 21.266774613956795
33656 64 48.184 48.301 49.448 87.1211778029445 89.19003747334422 89.40660800265648 21.780294450736125 22.297509368336055 22.35165200066412
33656 128 93.803 94.147 96.389 89.38712923673863 91.51577851657512 91.85139068046864 22.346782309184658 22.87894462914378 22.96284767011716
33656 256 184.704 190.363 192.024 89.73811606882472 90.52112017566438 93.29452529452529 22.43452901720618 22.630280043916095 23.32363132363132
33656 512 367.966 377.16 383.886 89.7759855790521 91.37698589458054 93.6601316425974 22.443996394763026 22.844246473645136 23.41503291064935
33656 1024 739.647 747.7 760.511 90.63312430720923 92.18602113146983 93.18970806344106 22.658281076802307 23.046505282867457 23.297427015860265
33656 2048 1470.381 1503.123 1507.278 91.45955556970911 91.71237217446608 93.7545955776088 22.864888892427278 22.92809304361652 23.4386488944022
33656 4096 2940.739 3016.684 3091.515 89.18279613716899 91.39503905612916 93.75532884761279 22.295699034292248 22.84875976403229 23.438832211903197
33656 8192 5879.458 6018.818 6031.174 91.4282864331223 91.61597908426538 93.78754028007343 22.857071608280574 22.903994771066344 23.446885070018357
33656 16384 11749.534 11982.416 12062.301 91.42864267771132 92.03818395221798 93.86242960784658 22.85716066942783 23.009545988054494 23.465607401961645

37016 1 5.836 6.007 6.38 11.603761755485893 12.32428833028134 12.685400959561342 2.9009404388714732 3.081072082570335 3.1713502398903355
37016 2 4.372 4.599 5.0 29.612799999999996 32.19482496194825 33.86642268984446 7.403199999999999 8.048706240487062 8.466605672461116
37016 4 6.348 6.645 6.673 44.37704181028023 44.5640331075997 46.64902331442974 11.094260452570058 11.141008276899925 11.662255828607435
37016 8 9.631 10.215 10.241 57.83185235816815 57.979050416054825 61.49475651541896 14.457963089542037 14.494762604013706 15.37368912885474
37016 16 16.649 17.692 17.711 66.88001806786744 66.95184264074157 71.14613490299718 16.72000451696686 16.737960660185394 17.786533725749294
37016 32 30.601 32.694 32.766 72.3012879204053 72.46051263228726 77.416555014542 18.075321980101325 18.115128158071816 19.3541387536355
37016 64 58.526 62.72 62.841 75.39739978676342 75.54285714285714 80.95629292963811 18.849349946690854 18.885714285714286 20.239073232409527
37016 128 114.303 122.735 122.839 77.1424059134314 77.20777284393205 82.90330087574254 19.28560147835785 19.301943210983012 20.725825218935636
37016 256 225.905 248.395 248.986 76.11750058236207 76.29860504438496 83.8945220335982 19.029375145590517 19.07465126109624 20.97363050839955
37016 512 450.97 479.97 480.539 78.87889224391776 78.97240244181927 84.05078830077387 19.71972306097944 19.743100610454817 21.01269707519347
37016 1024 892.691 965.149 967.4 78.36341534008683 78.54618095237109 84.92162237549162 19.590853835021708 19.636545238092772 21.230405593872906
37016 2048 1796.315 1928.348 1932.822 78.44361043075877 78.62560907056195 84.4047597442542 19.61090260768969 19.656402267640487 21.10118993606355
37016 4096 3596.781 3853.384 3857.852 78.60204901587723 78.69318811724966 84.30734926591305 19.650512253969307 19.673297029312415 21.07683731647826
37016 8192 7192.413 7705.731 7750.022 78.25398998867358 78.70377826581282 84.32081750589127 19.563497497168395 19.675944566453204 21.080204376472818
37016 16384 14352.751 15430.68 15443.72 78.53938610645622 78.60575736130876 84.50925456729514 19.634846526614055 19.65143934032719 21.127313641823786

40712 1 6.261 6.474 6.494 12.538343085925469 12.577077540932962 13.004951285737103 3.134585771481367 3.1442693852332404 3.251237821434276
40712 2 4.904 4.931 4.948 32.911883589329015 33.02534982762117 33.207177814029365 8.227970897332254 8.256337456905293 8.301794453507341
40712 4 7.027 7.084 7.111 45.80171565180706 45.97628458498024 46.349224420093925 11.450428912951764 11.49407114624506 11.587306105023481
40712 8 11.027 11.181 11.268 57.80901668441604 58.25883194705305 59.072458510927724 14.45225417110401 14.564707986763262 14.768114627731931
40712 16 19.162 19.453 19.475 66.89519897304235 66.97085282475712 67.98789270431061 16.72379974326059 16.74271320618928 16.996973176077653
40712 32 35.342 35.912 36.041 72.29455342526568 72.55424370683895 73.72440722087035 18.07363835631642 18.138560926709737 18.431101805217587
40712 64 67.808 69.05 69.057 75.46137248939282 75.46902244750181 76.85134497404435 18.865343122348204 18.867255611875454 19.212836243511088
40712 128 132.562 135.171 135.187 77.09522365316191 77.10434930569427 78.62186750350777 19.273805913290477 19.276087326423568 19.655466875876943
40712 256 262.209 271.877 273.188 76.3010966806741 76.66902312442758 79.49591356513315 19.075274170168527 19.167255781106896 19.873978391283288
40712 512 525.444 529.585 536.695 77.67742945248231 78.72029608089352 79.34068711413586 19.41935736312058 19.68007402022338 19.835171778533965
40712 1024 1040.963 1062.545 1065.384 78.26114903171063 78.47025396571439 80.0971561909501 19.565287257927658 19.617563491428598 20.024289047737525
40712 2048 2080.491 2123.919 2124.154 78.50483157059233 78.51351770006296 80.15240248575938 19.626207892648083 19.62837942501574 20.038100621439845
40712 4096 4149.367 4245.254 4250.184 78.47018011455503 78.56130728573604 80.3767668658858 19.61754502863876 19.64032682143401 20.09419171647145
40712 8192 8325.559 8483.69 8492.361 78.54416551533784 78.62444384460063 80.11779245093332 19.63604137883446 19.65611096115016 20.02944811273333
40712 16384 16597.994 16941.08 16987.827 78.52980937467753 78.74650352870064 80.37421967979986 19.63245234366938 19.68662588217516 20.093554919949966

44776 1 6.449 6.593 7.033 12.733115313521967 13.582890944941605 13.886183904481316 3.183278828380492 3.395722736235401 3.471545976120329
44776 2 5.244 5.308 5.461 32.79692364035891 33.742275810097965 34.15408085430968 8.199230910089728 8.435568952524491 8.53852021357742
44776 4 7.559 7.708 7.736 46.30403309203723 46.47223663725999 47.38827887286678 11.576008273009307 11.618059159314997 11.847069718216694
44776 8 11.927 11.96 11.986 59.771066243951275 59.9010033444816 60.06673933092983 14.942766560987819 14.9752508361204 15.016684832732457
44776 16 20.606 20.848 20.901 68.55327496292044 68.72755180353032 69.53469863146655 17.13831874073011 17.18188795088258 17.38367465786664
44776 32 38.061 38.649 38.759 73.93544725096106 74.1458769955238 75.29134809910407 18.483861812740265 18.53646924888095 18.822837024776018
44776 64 73.337 74.579 79.292 72.28128941128992 76.84908620389119 78.15056519901277 18.07032235282248 19.212271550972797 19.537641299753194
44776 128 141.801 145.558 152.688 75.07240909567221 78.74974924085244 80.83621413107102 18.768102273918053 19.68743731021311 20.209053532767754
44776 256 280.363 287.873 293.976 77.98361771028928 79.6368954365293 81.77010518506366 19.49590442757232 19.909223859132325 20.442526296265914
44776 512 568.333 576.884 581.73 78.8177058085366 79.47979836500924 80.6756320678194 19.70442645213415 19.86994959125231 20.16890801695485
44776 1024 1118.672 1140.317 1152.571 79.56234192947767 80.41732956712913 81.9733112118655 19.890585482369417 20.104332391782282 20.493327802966373
44776 2048 2234.198 2284.247 2301.536 79.68699859572042 80.29013324741152 82.08873877785229 19.921749648930106 20.07253331185288 20.52218469446307
44776 4096 4498.062 4577.192 4590.307 79.9085969631225 80.13755857302905 81.5473401656091 19.977149240780626 20.034389643257263 20.386835041402275
44776 8192 8959.118 9131.357 9155.993 80.12347584800467 80.33964546561918 81.88417475916714 20.03086896200117 20.084911366404796 20.471043689791784
44776 16384 17880.644 18269.241 18347.512 79.9683340171681 80.31094274797731 82.05632683028642 19.992083504292026 20.077735686994327 20.514081707571606

49248 1 6.846 7.385 7.389 13.33008526187576 13.337305348679758 14.38737949167397 3.33252131546894 3.3343263371699394 3.5968448729184925
49248 2 5.585 5.606 5.695 34.59034240561896 35.13949339992865 35.271620411817366 8.64758560140474 8.784873349982162 8.817905102954342
49248 4 8.058 8.141 8.181 48.158415841584166 48.395037464684926 48.89352196574833 12.039603960396041 12.098759366171231 12.223380491437082
49248 8 12.903 12.972 12.976 60.72503082614056 60.74375578168363 61.06858870030226 15.18125770653514 15.185938945420908 15.267147175075564
49248 16 22.614 22.669 22.749 69.27495714097323 69.51943182319468 69.68851154152294 17.318739285243307 17.37985795579867 17.422127885380736
49248 32 41.907 42.06 42.256 74.58992805755395 74.93751783166904 75.21111031569906 18.647482014388487 18.73437945791726 18.802777578924765
49248 64 80.671 80.974 81.344 77.4948859166011 77.8489885642305 78.1413890989327 19.373721479150277 19.462247141057624 19.535347274733176
49248 128 158.046 158.679 159.217 79.18430820829433 79.4527820316488 79.77100337876315 19.79607705207358 19.8631955079122 19.94275084469079
49248 256 315.138 319.794 319.925 78.81527232945221 78.84755811553688 80.01248976638807 19.703818082363053 19.71188952888422 20.003122441597018
49248 512 624.709 625.394 632.114 79.77983718126794 80.63708957872956 80.725508996989 19.944959295316984 20.15927239468239 20.18137724924725
49248 1024 1253.342 1258.079 1260.285 80.0294409597829 80.169769942905 80.47277119892254 20.007360239945726 20.04244248572625 20.118192799730636
49248 2048 2497.643 2513.02 2587.102 77.9713393596387 80.26987767705789 80.7640675628983 19.492834839909676 20.067469419264473 20.191016890724576
49248 4096 4991.599 5024.281 5089.174 79.27408573572058 80.29798014880139 80.82372321975383 19.818521433930144 20.074495037200347 20.205930804938458
49248 8192 10003.325 10042.531 10059.914 80.20736877074694 80.3462027650201 80.66110338312511 20.051842192686735 20.086550691255024 20.165275845781277
49248 16384 19948.414 20002.825 20029.355 80.56966707115632 80.67652764047078 80.89657974814439 20.14241676778908 20.169131910117695 20.224144937036098

54168 1 7.583 7.934 14.698 7.370798748128997 13.654650869674816 14.286693920611896 1.8426996870322492 3.413662717418704 3.571673480152974
54168 2 6.019 6.035 6.116 35.4270765206017 35.902568351284174 35.99800631334109 8.856769130150425 8.975642087821043 8.999501578335272
54168 4 8.943 8.994 9.004 48.127943136383834 48.18145430286859 48.456222744045625 12.031985784095959 12.045363575717147 12.114055686011406
54168 8 14.262 14.383 14.567 59.49667055673783 60.25780435236043 60.76903660075726 14.874167639184458 15.064451088090108 15.192259150189315
54168 16 25.118 25.223 25.232 68.69752694990488 68.72203940847639 69.0093160283462 17.17438173747622 17.180509852119098 17.25232900708655
54168 32 46.926 47.026 47.047 73.68699385720663 73.71989962999191 73.87699782636491 18.421748464301658 18.42997490749798 18.46924945659123
54168 64 90.686 91.022 97.695 70.97091969906342 76.17393597152336 76.4561674348852 17.742729924765854 19.04348399288084 19.1140418587213
54168 128 178.033 178.793 178.871 77.52518854369909 77.559009580912 77.89009902658496 19.381297135924772 19.389752395228 19.47252475664624
54168 256 351.919 354.13 360.623 76.90584349861213 78.31591788326321 78.80795296644968 19.226460874653032 19.578979470815803 19.70198824161242
54168 512 706.205 709.474 710.121 78.11067691280782 78.18190941458037 78.54381093308601 19.527669228201955 19.545477353645094 19.635952733271502
54168 1024 1404.941 1408.629 1420.955 78.07148291114075 78.7546358906426 78.96136848451287 19.517870727785187 19.68865897266065 19.74034212112822
54168 2048 2799.686 2813.97 2819.185 78.70080466517805 78.84665721382957 79.24893291604845 19.675201166294514 19.711664303457393 19.81223322901211
54168 4096 5627.585 5636.538 5636.613 78.72533665163813 78.7263841741154 78.85163102822969 19.681334162909533 19.68159604352885 19.712907757057422
54168 8192 11237.657 11247.042 11252.361 78.8713152733013 78.90861543861934 78.97451506128013 19.717828818325327 19.727153859654834 19.743628765320032
54168 16384 22422.638 22458.965 22535.534 78.7634774485486 79.03200454695931 79.1600445942177 19.69086936213715 19.75800113673983 19.790011148554424

59584 1 7.886 8.733 8.753 13.614532160402145 13.645711668384287 15.111336545777325 3.4036330401005364 3.4114279170960717 3.7778341364443313
59584 2 6.482 6.52 6.592 36.15533980582524 36.55460122699387 36.768898488120946 9.03883495145631 9.138650306748467 9.192224622030237
59584 4 9.543 9.577 9.59 49.7051094890511 49.77258013991855 49.9499109294771 12.426277372262774 12.443145034979638 12.487477732369275
59584 8 15.534 15.613 15.639 60.95939638084276 61.06091077947863 61.37144328569589 15.23984909521069 15.265227694869658 15.342860821423972
59584 16 27.448 27.572 27.647 68.96545737331355 69.1530538227187 69.46546196444186 17.24136434332839 17.288263455679676 17.366365491110464
59584 32 51.437 51.547 51.801 73.61587614138723 73.97862145226686 74.1368275754807 18.403969035346808 18.494655363066716 18.534206893870174
59584 64 99.363 99.694 99.765 76.44717085150101 76.50161494172167 76.75645864154664 19.111792712875253 19.125403735430417 19.18911466038666
59584 128 195.508 195.885 200.998 75.88883471477328 77.8696888480486 78.01984573521288 18.97220867869332 19.46742221201215 19.50496143380322
59584 256 387.605 394.349 395.35 77.16455798659415 77.36042946729927 78.70643567549438 19.291139496648537 19.340107366824817 19.676608918873594
59584 512 770.589 778.038 780.518 78.17118375232857 78.42035478986887 79.17841547180143 19.542795938082143 19.605088697467217 19.794603867950357
59584 1024 1543.571 1552.179 1553.012 78.57507347013417 78.61724195469722 79.05566507792645 19.643768367533543 19.654310488674305 19.763916269481612
59584 2048 3089.251 3101.229 3144.879 77.60427793883326 78.6965632012341 79.00169458551602 19.401069484708316 19.674140800308525 19.750423646379005
59584 4096 6174.399 6185.952 6193.008 78.81664741915398 78.90654954968934 79.05419264287907 19.704161854788495 19.726637387422336 19.76354816071977
59584 8192 12345.886 12381.466 12396.344 78.7509814183924 78.84561133552359 79.0728390007813 19.6877453545981 19.711402833880896 19.768209750195325
59584 16384 24665.241 24808.4 24812.658 78.68760017568452 78.70110575450249 79.15789316633881 19.67190004392113 19.675276438625623 19.789473291584702

65536 1 8.806 8.897 9.019 14.53287504157889 14.732156906822526 14.884397002044064 3.6332187603947226 3.6830392267056316 3.721099250511016
65536 2 6.972 6.98 6.986 37.524191239622105 37.556446991404016 37.59954102122777 9.381047809905526 9.389111747851004 9.399885255306943
65536 4 10.403 10.472 10.48 50.02748091603054 50.065699006875484 50.39776987407479 12.506870229007635 12.516424751718871 12.599442468518697
65536 8 16.962 17.049 17.056 61.47842401500938 61.50366590415861 61.81912510317179 15.369606003752345 15.375916476039652 15.454781275792948
65536 16 30.154 30.214 30.22 69.39616148246195 69.40994241080294 69.54805332625854 17.349040370615487 17.352485602700735 17.387013331564635
65536 32 56.492 56.601 56.678 74.00232894597552 74.10300171375064 74.24598173192665 18.50058223649388 18.52575042843766 18.561495432981662
65536 64 109.18 109.537 116.572 71.96074529046426 76.58241507435844 76.83282652500458 17.990186322616065 19.14560376858961 19.208206631251144
65536 128 214.395 215.121 215.227 77.95126076189327 77.98967092938393 78.25376524639101 19.487815190473317 19.497417732345983 19.563441311597753
65536 256 424.855 432.913 433.257 77.44694719300554 77.50848784859777 78.97855032893575 19.361736798251385 19.37712196214944 19.74463758223394
65536 512 854.321 855.39 863.166 77.7473440798178 78.45411332842329 78.55228187063177 19.43683601995445 19.613528332105822 19.638070467657943
65536 1024 1695.029 1704.13 1704.17 78.75841494686563 78.76026359491354 79.18314553910288 19.689603736716407 19.690065898728385 19.79578638477572
65536 2048 3391.668 3396.336 3401.709 78.91193985141 79.03677845772621 79.14555787889617 19.7279849628525 19.759194614431554 19.786389469724043
65536 4096 6785.7 6799.265 6802.014 78.92822802187705 78.96013936800522 79.11798517470564 19.73205700546926 19.740034842001304 19.77949629367641
65536 8192 13545.64 13563.06 13591.945 78.99839382810923 79.1666352578253 79.26844534477516 19.749598457027307 19.791658814456326 19.81711133619379
65536 16384 27082.7 27189.84 27199.566 78.95286446849926 78.98110647212341 79.29355817551426 19.738216117124814 19.745276618030854 19.823389543878566

72088 1 9.58 9.79 10.161 14.189154610766659 14.726864147088868 15.049686847599167 3.5472886526916647 3.681716036772217 3.762421711899792
72088 2 7.553 7.587 7.773 37.09661649298855 38.00606300250429 38.177148153051775 9.274154123247138 9.501515750626073 9.544287038262944
72088 4 11.406 11.467 11.75 49.08119148936171 50.292491497340194 50.56145888129055 12.270297872340427 12.573122874335048 12.640364720322637
72088 8 18.437 18.578 19.449 59.304231580029814 62.08461621272473 62.55941856050334 14.826057895007454 15.521154053181183 15.639854640125835
72088 16 32.928 33.049 34.939 66.0240991442228 69.79987291597325 70.05636540330418 16.5060247860557 17.449968228993313 17.514091350826046
72088 32 61.864 62.056 65.904 70.00534110220929 74.34626788706974 74.57700762963921 17.50133527555232 18.586566971767436 18.644251907409803
72088 64 119.917 119.948 127.82 72.18951650758879 76.92720178744123 76.94708840281196 18.047379126897198 19.23180044686031 19.23677210070299
72088 128 236.129 243.516 257.613 71.6366332444403 75.78363639350188 78.15443253475856 17.909158311110076 18.94590909837547 19.53860813368964
72088 256 468.569 474.351 486.119 75.92596874427866 77.8095882584837 78.76973508704161 18.981492186069666 19.452397064620925 19.692433771760403
72088 512 933.639 938.165 980.684 75.27206725102073 78.6835066326286 79.06494051769475 18.818016812755182 19.67087665815715 19.766235129423688
72088 1024 1867.678 1903.622 1980.799 74.53367252305762 77.55543064747098 79.04800720466805 18.633418130764404 19.388857661867746 19.762001801167013
72088 2048 3736.94 3739.383 3981.334 74.16419923573356 78.96287917017327 79.01450063420874 18.54104980893339 19.740719792543317 19.753625158552186
72088 4096 7448.855 7475.475 7913.975 74.62051573324405 78.99764175520619 79.27995591268726 18.655128933311012 19.749410438801547 19.819988978171814
72088 8192 14928.406 14939.471 15726.821 75.10035194016643 79.05834095464292 79.11693934369148 18.77508798504161 19.76458523866073 19.77923483592287

79296 1 10.181 10.488 10.796 14.689885142645423 15.121281464530892 15.57725174344367 3.6724712856613557 3.780320366132723 3.8943129358609174
79296 2 8.11 8.619 8.748 36.25788751714678 36.80055690915419 39.110234278668315 9.064471879286694 9.200139227288547 9.777558569667079
79296 4 12.139 12.96 13.055 48.591957104557636 48.94814814814814 52.25867040118626 12.147989276139409 12.237037037037036 13.064667600296564
79296 8 20.142 21.543 21.695 58.480571560267336 58.89319036345913 62.989574024426574 14.620142890066834 14.723297590864782 15.747393506106643
79296 16 36.194 39.024 42.956 59.071421920104285 65.02337023370234 70.10753163507763 14.767855480026071 16.255842558425584 17.52688290876941
79296 32 68.166 73.159 80.834 62.78229457901377 69.36869011331483 74.44978434996919 15.695573644753443 17.342172528328707 18.612446087492298
79296 64 132.058 140.96 141.993 71.48160824829392 72.00544835414301 76.85931938996501 17.87040206207348 18.001362088535753 19.214829847491252
79296 128 259.999 277.03 279.655 72.58863957376053 73.27645381366638 78.07636183216088 18.147159893440133 18.319113453416595 19.51909045804022
79296 256 516.997 554.722 556.654 72.93498654460402 73.18900638518032 78.5295698040801 18.233746636151004 18.29725159629508 19.632392451020024
79296 512 1029.15 1090.182 1098.51 73.91749187535844 74.48215435587818 78.89919253753095 18.47937296883961 18.620538588969545 19.724798134382738
79296 1024 2053.081 2203.575 2222.637 73.06555591398865 73.69760865865696 79.09975690194395 18.26638897849716 18.42440216466424 19.774939225485987
79296 2048 4106.185 4310.33 4434.52 73.24274464880075 75.35302772641536 79.09931383997554 18.310686162200188 18.83825693160384 19.774828459993884
79296 4096 8215.058 8745.355 8892.997 73.04543473926731 74.27861213181168 79.0734322265284 18.261358684816827 18.56965303295292 19.7683580566321
79296 8192 16410.72 17495.826 17539.993 74.06990778160515 74.25689212958564 79.16688993535932 18.517476945401288 18.56422303239641 19.79172248383983

87224 1 10.983 11.382 11.484 15.19052594914664 15.326656123704094 15.883456250569063 3.79763148728666 3.8316640309260235 3.9708640626422658
87224 2 8.884 9.661 15.371 22.698328020297968 36.113859848876935 39.27239981990095 5.674582005074492 9.028464962219234 9.818099954975237
87224 4 13.188 14.282 14.428 48.36373717771001 48.858143117210474 52.9111313315135 12.090934294427502 12.214535779302619 13.227782832878376
87224 8 21.78 23.63 23.944 58.28533244236552 59.05983918747356 64.07640036730946 14.57133311059138 14.76495979686839 16.019100091827365
87224 16 38.842 43.167 49.734 56.12192866047372 64.65976324507146 71.85953349467073 14.03048216511843 16.164940811267865 17.964883373667682
87224 32 73.255 79.503 81.537 68.46383850276561 70.21541325484573 76.20416353832505 17.115959625691403 17.553853313711432 19.051040884581262
87224 64 141.984 153.95 157.667 70.81172344244516 72.52141604417018 78.6333107955826 17.70293086061129 18.130354011042545 19.65832769889565
87224 128 279.38 302.402 311.38 71.7109127111568 73.83993492106534 79.92463311618584 17.9277281777892 18.459983730266334 19.98115827904646
87224 256 562.517 605.912 611.695 73.00809717261052 73.70490764335415 79.39082374399352 18.25202429315263 18.426226910838537 19.84770593599838
87224 512 1111.573 1207.063 1212.5 73.66381525773195 73.9956207753862 80.35223597550498 18.41595381443299 18.49890519384655 20.088058993876245
87224 1024 2211.062 2434.534 2451.987 72.85305835634529 73.37533671741697 80.79138079348296 18.21326458908632 18.343834179354243 20.19784519837074
87224 2048 4426.776 4817.266 4820.919 74.108173980936 74.16437124294154 80.70647893636364 18.527043495234 18.541092810735385 20.17661973409091
87224 4096 8842.605 9723.139 9825.135 72.72561730703954 73.48851106623079 80.80639223396274 18.181404326759885 18.372127766557696 20.201598058490685
87224 8192 17676.024 19216.611 19250.261 74.23681247750356 74.36680775814216 80.84838626605168 18.55920311937589 18.59170193953554 20.21209656651292

95944 1 12.048 12.209 12.756 15.042960175603639 15.716930133508068 15.9269588313413 3.7607400439009098 3.929232533377017 3.981739707835325
95944 2 9.574 10.302 10.407 36.87671759392716 37.25257231605514 40.08523083350742 9.21917939848179 9.313143079013784 10.021307708376854
95944 4 14.567 15.548 15.803 48.57001835094602 49.36660663750965 52.69115123223725 12.142504587736505 12.341651659377412 13.172787808059313
95944 8 24.147 25.805 26.509 57.9087856954242 59.48862623522573 63.573280324678024 14.47719642385605 14.872156558806433 15.893320081169506
95944 16 43.376 46.544 47.789 64.24507731904832 65.96356136129255 70.78126152711177 16.06126932976208 16.490890340323137 17.69531538177794
95944 32 81.934 87.785 90.736 67.67342620349145 69.9483510850373 74.94344228281301 16.91835655087286 17.487087771259326 18.735860570703252
95944 64 158.87 169.642 183.495 66.92733861958091 72.39263861543722 77.30113929627998 16.731834654895227 18.098159653859305 19.325284824069996
95944 128 312.537 333.523 344.032 71.39354478653149 73.64308908231216 78.58801997843456 17.848386196632873 18.41077227057804 19.64700499460864
95944 256 629.736 676.54 690.009 71.19230039028477 72.60964318443847 78.00622483072272 17.798075097571193 18.152410796109617 19.50155620768068
95944 512 1243.499 1341.969 1402.308 70.06068281718424 73.21082379697295 79.00823080677989 17.51517070429606 18.302705949243236 19.752057701694973
95944 1024 2484.763 2730.886 2775.361 70.79919044765708 71.95222063462188 79.0792973011913 17.69979761191427 17.98805515865547 19.769824325297826
95944 2048 4961.922 5418.985 5453.829 72.05701242191496 72.52033803378309 79.20048400599607 18.01425310547874 18.130084508445773 19.80012100149902
95944 4096 9921.748 10760.451 10953.71 71.75406761727307 73.04277934075441 79.21721535358488 17.938516904318266 18.260694835188602 19.80430383839622
95944 8192 19830.699 21207.977 22038.133 71.3284785058698 74.12053002509386 79.26833522106305 17.83211962646745 18.530132506273464 19.817083805265764

105536 1 12.397 12.976 13.56 15.565781710914454 16.266337854500616 17.026054690650962 3.8914454277286135 4.066584463625154 4.256513672662741
105536 2 10.364 11.281 11.317 37.30175841654149 37.42079602872086 40.73176379776148 9.325439604135372 9.355199007180214 10.18294094944037
105536 4 15.676 16.851 17.391 48.54740957966765 50.10313927956798 53.85863740750191 12.136852394916913 12.525784819891996 13.464659351875477
105536 8 26.332 28.35 28.909 58.410045314607906 59.56176366843033 64.12638614613398 14.602511328651977 14.890440917107583 16.031596536533495
105536 16 47.404 51.334 52.457 64.37943458451684 65.78782093739042 71.24192051303687 16.09485864612921 16.446955234347605 17.81048012825922
105536 32 90.07 97.215 99.31 68.0123250427953 69.47800236589003 74.9894970578439 17.003081260698824 17.36950059147251 18.747374264460976
105536 64 174.757 188.608 198.196 68.15782356858867 71.62266711910418 77.2993814267812 17.039455892147167 17.905666779776045 19.3248453566953
105536 128 351.396 374.05 379.935 71.11010041191255 72.2288891859377 76.88538287288415 17.77752510297814 18.057222296484426 19.221345718221038
105536 256 686.548 743.578 747.343 72.30205140076244 72.66814241411123 78.70452175230282 18.07551285019061 18.167035603527808 19.676130438075706
105536 512 1376.022 1481.301 1485.372 72.75542019103632 72.95537098807063 78.53716292326722 18.18885504775908 18.238842747017657 19.634290730816804
105536 1024 2731.522 2937.446 3012.166 71.75491921759956 73.5801536436755 79.12721479087483 17.93872980439989 18.395038410918875 19.781803697718708
105536 2048 5459.65 5916.969 6018.609 71.8231498341228 73.05690734563592 79.17640434826409 17.9557874585307 18.26422683640898 19.79410108706602
105536 4096 10918.516 11681.189 12083.743 71.54661531613176 74.01223556951265 79.18208958067196 17.88665382903294 18.503058892378164 19.79552239516799
105536 8192 21840.212 23435.22 23770.717 72.74083587802589 73.78218868864897 79.17056043228884 18.185208969506473 18.445547172162243 19.79264010807221

116088 1 13.498 14.462 14.628 15.872026251025432 16.054211035818007 17.200770484516227 3.968006562756358 4.013552758954502 4.300192621129057
116088 2 11.344 12.295 12.359 37.57197184238207 37.76754778365189 40.93370944992948 9.392992960595517 9.441886945912973 10.23342736248237
116088 4 17.28 18.788 18.912 49.10659898477158 49.43070044709389 53.74444444444445 12.276649746192895 12.357675111773473 13.436111111111112
116088 8 28.477 31.334 31.378 59.194594939129324 59.277717495372436 65.22484812304667 14.798648734782331 14.819429373843109 16.306212030761667
116088 16 51.248 56.617 56.725 65.48816218598502 65.61308440927637 72.4870433968155 16.372040546496255 16.403271102319092 18.121760849203874
116088 32 97.124 107.704 116.051 64.02040482201791 68.9819505310852 76.49635517482805 16.005101205504477 17.2454876327713 19.124088793707013
116088 64 198.799 209.217 209.405 70.95945178004347 71.02321513070162 74.74516471410821 17.739862945010866 17.755803782675404 18.686291178527053
116088 128 371.118 412.412 414.698 71.66306082980869 72.06028922533778 80.07837938337673 17.91576520745217 18.015072306334446 20.019594845844182
116088 256 741.151 815.034 817.099 72.74156008023508 72.92586076163694 80.19560926181035 18.18539002005877 18.231465190409235 20.048902315452587
116088 512 1471.694 1621.909 1657.764 71.70749998190334 73.29271370958543 80.7736608289495 17.926874995475835 18.323178427396357 20.193415207237376
116088 1024 2941.83 3245.129 3263.028 72.86122705658671 73.26310417860122 80.81643874731036 18.21530676414668 18.315776044650306 20.20410968682759
116088 2048 5869.74 6481.233 6498.22 73.17333792946377 73.36512172915246 81.00809371454272 18.293334482365943 18.341280432288116 20.25202342863568
116088 4096 11726.699 12991.907 13053.349 72.85432236585416 73.19886880347897 81.09638492469193 18.21358059146354 18.299717200869743 20.274096231172983
116088 8192 23441.293 25815.763 25952.526 73.28711632925443 73.67536617066094 81.13826280828451 18.321779082313608 18.418841542665234 20.284565702071127

127696 1 15.496 15.712 15.982 15.979977474658991 16.25458248472505 16.48115642746515 3.9949943686647478 4.063645621181262 4.120289106866288
127696 2 12.296 13.524 13.671 37.362592348767464 37.7687074829932 41.54066363044893 9.340648087191866 9.4421768707483 10.385165907612233
127696 4 19.004 20.616 21.098 48.420134609915635 49.55219247186651 53.75541991159756 12.105033652478909 12.388048117966628 13.43885497789939
127696 8 31.692 34.419 34.859 58.6114346366792 59.36070193788316 64.4685094030039 14.6528586591698 14.84017548447079 16.117127350750977
127696 16 57.594 62.173 62.764 65.10534701421197 65.7242211249256 70.9496128068896 16.276336753552993 16.4310552812314 17.7374032017224
127696 32 108.916 118.035 119.295 68.50701202900373 69.23831067056382 75.03529325351647 17.126753007250933 17.309577667640955 18.758823313379118
127696 64 211.7 230.578 238.341 68.57858278684742 70.88745673915118 77.20872933396316 17.144645696711855 17.721864184787794 19.30218233349079
127696 128 417.149 461.957 464.192 70.4238246242934 70.76454302023782 78.36570625843524 17.60595615607335 17.691135755059456 19.59142656460881
127696 256 838.526 919.369 928.605 70.40706435998084 71.11437518558924 77.97057217069 17.60176608999521 17.77859379639731 19.4926430426725
127696 512 1661.126 1820.815 1846.666 70.80907105020617 71.81438202123773 78.7181128945065 17.702267762551543 17.953595505309433 19.679528223626626
127696 1024 3307.304 3679.33 3698.724 70.70584558350393 71.07854093000628 79.07389462837405 17.676461395875982 17.76963523250157 19.768473657093512
127696 2048 6610.023 7303.41 7324.164 71.41331297333048 71.61624720507271 79.12874372751804 17.85332824333262 17.904061801268178 19.78218593187951
127696 4096 13229.682 14532.368 14781.135 70.77167159355488 71.98315044045127 79.07110934336895 17.69291789838872 17.995787610112817 19.767777335842236
127696 8192 26409.644 29213.262 29567.65 70.75879429038154 71.61717387123697 79.21997221923931 17.689698572595386 17.904293467809243 19.804993054809827

140464 1 16.107 17.053 17.449 16.099948421112956 16.473816923708437 17.44136089898802 4.024987105278239 4.118454230927109 4.360340224747005
140464 2 13.532 14.586 15.503 36.24175965942076 38.52022487316605 41.52054389595034 9.06043991485519 9.630056218291513 10.380135973987585
140464 4 20.631 22.367 23.057 48.73626230645791 50.23972817096615 54.46716106829528 12.184065576614477 12.559932042741538 13.61679026707382
140464 8 34.333 37.396 39.277 57.219848766453644 60.09797839341106 65.45958698628142 14.304962191613411 15.024494598352765 16.364896746570356
140464 16 61.921 67.837 70.98 63.325556494787264 66.25953388268938 72.59004215048206 15.831389123696816 16.564883470672346 18.147510537620516
140464 32 117.521 129.359 135.015 66.58294263600341 69.49416739461499 76.49437972787842 16.645735659000852 17.373541848653748 19.123594931969606
140464 64 227.977 254.789 263.012 68.3595881556735 70.56580935597691 78.86493812972361 17.089897038918377 17.641452338994227 19.716234532430903
140464 128 457.268 504.37 526.526 68.29441281152309 71.29445446795012 78.63831276188144 17.073603202880772 17.82361361698753 19.65957819047036
140464 256 897.835 991.781 1049.534 68.52333321264484 72.51355692436132 80.10109652664465 17.13083330316121 18.12838923109033 20.025274131661163
140464 512 1786.546 1980.773 2075.057 69.3162337227363 72.61565863428066 80.510177739616 17.329058430684075 18.153914658570166 20.127544434904
140464 1024 3560.128 3956.228 4164.631 69.07461237262076 72.71326930601573 80.80335089075449 17.26865309315519 18.178317326503933 20.20083772268862
140464 2048 7268.372 7865.542 8323.43 69.12301106635125 73.14696736728378 79.15672780644688 17.280752766587813 18.286741841820945 19.78918195161172
140464 4096 14227.4 15838.904 16602.116 69.3093029828246 72.64903480695381 80.87781941886783 17.32732574570615 18.162258701738452 20.219454854716957

154504 1 17.497 18.35 18.442 16.755666413621082 16.839673024523158 17.660627536149054 4.1889166034052705 4.2099182561307895 4.4151568840372635
154504 2 14.814 16.008 16.992 36.37099811676083 38.60669665167416 41.71837451059808 9.092749529190208 9.65167416291854 10.42959362764952
154504 4 22.651 24.539 25.899 47.72508591065292 50.37010473124414 54.56854002030815 11.93127147766323 12.592526182811035 13.642135005077037
154504 8 38.016 44.485 51.226 48.25799398742826 55.57073170731707 65.02693602693603 12.064498496857064 13.892682926829268 16.256734006734007
154504 16 70.797 76.48 79.396 62.271751725527736 64.64602510460251 69.83527550602427 15.567937931381934 16.16150627615063 17.45881887650607
154504 32 131.023 144.964 150.249 65.81245798640923 68.21180431003559 75.4696198377384 16.453114496602307 17.052951077508897 18.8674049594346
154504 64 263.353 279.194 300.015 65.91841074612935 70.83430159673918 75.09507011501672 16.47960268653234 17.708575399184795 18.77376752875418
154504 128 502.874 553.046 588.268 67.23640245602344 71.51850659800449 78.65394512343052 16.80910061400586 17.879626649501123 19.66348628085763
154504 256 1007.591 1104.914 1171.568 67.5215164634063 71.59475579094843 78.5100779979178 16.880379115851575 17.898688947737107 19.62751949947945
154504 512 2005.871 2216.336 2330.484 67.8880850501441 71.38452653388296 78.87451187040442 16.972021262536025 17.84613163347074 19.718627967601105
154504 1024 4008.516 4386.776 4634.815 68.27115904302545 72.13137666477613 78.9379890213735 17.067789760756362 18.03284416619403 19.734497255343374
154504 2048 7998.828 8833.611 9269.486 68.27221962469116 71.64096132374404 79.11763873407453 17.06805490617279 17.91024033093601 19.779409683518633
154504 4096 15983.598 17695.994 18599.564 68.04980847938157 71.52447994726943 79.18722480382701 17.012452119845392 17.881119986817357 19.796806200956752

169952 1 19.68 20.094 20.248 16.78704069537732 16.91569622772967 17.271544715447153 4.19676017384433 4.228924056932417 4.317886178861788
169952 2 16.156 17.476 19.198 35.41035524533805 38.89951934081025 42.07774201535033 8.852588811334513 9.724879835202563 10.519435503837583
169952 4 24.734 26.561 28.861 47.10910917847614 51.18843417040021 54.96951564647853 11.777277294619035 12.797108542600052 13.742378911619632
169952 8 41.361 44.994 56.017 48.54297802452826 60.43543583588923 65.743864993593 12.135744506132065 15.108858958972307 16.43596624839825
169952 16 74.823 81.81 88.516 61.440462741199326 66.47676323187873 72.68438849017014 15.360115685299832 16.619190807969684 18.171097122542534
169952 32 141.628 161.584 169.672 64.1056155405724 67.31438756312507 76.79927697912842 16.0264038851431 16.828596890781267 19.199819244782105
169952 64 276.033 303.272 330.422 65.8365847310409 71.73051254319554 78.80889603779258 16.459146182760225 17.932628135798886 19.702224009448145
169952 128 551.52 603.267 657.223 66.19931438796269 72.12015906721234 78.88691615897882 16.54982859699067 18.030039766803085 19.721729039744705
169952 256 1087.458 1188.516 1292.333 67.33204522363818 73.21350659141315 80.01727331078533 16.833011305909544 18.303376647853288 20.004318327696332
169952 512 2167.195 2375.514 2562.979 67.90178460299518 73.26029145692259 80.30234842734501 16.975446150748795 18.315072864230647 20.075587106836252
169952 1024 4327.746 4737.058 5099.612 68.25258392207093 73.47634248936787 80.42562941540469 17.06314598051773 18.369085622341967 20.10640735385117
169952 2048 8652.135 9445.683 10148.593 68.59309384069299 73.69751790315215 80.45683429581253 17.148273460173247 18.424379475788037 20.11420857395313
169952 4096 17263.81 18902.199 20444.354 68.09932874376955 73.6552812717716 80.64539542545937 17.024832185942387 18.4138203179429 20.161348856364842

186944 1 21.255 21.891 22.181 16.856228303503 17.079530400621262 17.590590449306045 4.21405707587575 4.269882600155316 4.397647612326511
186944 2 17.726 19.87 20.742 36.05129688554623 37.6334172118772 42.185264583098274 9.012824221386557 9.4083543029693 10.546316145774568
186944 4 27.389 29.851 31.267 47.83164358588928 50.10056614518777 54.60411113950857 11.95791089647232 12.525141536296942 13.651027784877142
186944 8 45.98 51.18 53.061 56.371044646727356 58.44282923016804 65.0522836015659 14.092761161681839 14.61070730754201 16.263070900391476
186944 16 83.76 93.603 98.941 60.46237656785357 63.9104302212536 71.42082139446036 15.115594141963392 15.9776075553134 17.85520534861509
186944 32 159.018 177.95 186.652 64.10012215245484 67.23470637819612 75.23938170521576 16.02503053811371 16.80867659454903 18.80984542630394
186944 64 308.958 352.13 366.567 65.27819470928917 67.95453951665579 77.45011296033765 16.31954867732229 16.988634879163946 19.362528240084412
186944 128 617.654 696.279 702.574 68.1176132336238 68.73345885772801 77.48296619142756 17.02940330840595 17.183364714432003 19.37074154785689
186944 256 1219.676 1371.143 1402.767 68.2332333167233 69.80696251229813 78.476028059911 17.058308329180825 17.451740628074532 19.61900701497775
186944 512 2433.181 2743.652 2804.777 68.25164923985044 69.77220726243708 78.67505787691093 17.06291230996261 17.44305181560927 19.66876446922773
186944 1024 4850.474 5470.27 5610.263 68.24302390101855 69.98947254888698 78.93276244754635 17.060755975254636 17.497368137221745 19.733190611886588
186944 2048 9697.617 10928.97 11241.032 68.11853431250796 70.06356719800677 78.95987478160872 17.02963357812699 17.51589179950169 19.73996869540218
186944 4096 19419.9 21765.637 22451.219 68.21212015258503 70.36069047737956 78.85958465285609 17.053030038146257 17.59017261934489 19.71489616321402

205632 1 22.937 23.903 24.027 17.116743663378696 17.205539053675274 17.930156515673364 4.279185915844674 4.3013847634188185 4.482539128918341
205632 2 20.634 21.901 22.611 36.37733846357967 37.55664124925803 39.86275079965106 9.094334615894917 9.389160312314507 9.965687699912765
205632 4 31.551 33.531 34.207 48.09120940158447 49.06074975395902 52.139583531425316 12.022802350396118 12.265187438489756 13.034895882856329
205632 8 53.768 57.336 58.403 56.33464034381796 57.38300544160737 61.19089421217081 14.08366008595449 14.345751360401842 15.297723553042703
205632 16 97.49 105.743 110.842 59.36579996752134 62.228459567063545 67.49639963073136 14.841449991880335 15.557114891765886 16.87409990768284
205632 32 186.613 200.327 201.326 65.36884456056347 65.69482895465913 70.52267526913988 16.34221114014087 16.423707238664782 17.63066881728497
205632 64 370.567 388.539 404.488 65.07213069361761 67.7432535730004 71.0287100578303 16.268032673404402 16.9358133932501 17.757177514457574
205632 128 726.932 771.168 781.056 67.39823008849557 68.26241752769825 72.41639107922062 16.84955752212389 17.06560438192456 18.104097769805154
205632 256 1433.496 1520.998 1545.112 68.13977498071337 69.22006735051592 73.445328065094 17.034943745178342 17.30501683762898 18.3613320162735
205632 512 2865.667 3051.145 3101.443 67.89328967193657 69.01250776347896 73.47928702113678 16.973322417984143 17.25312694086974 18.369821755284196
205632 1024 5701.847 6125.491 6154.106 68.43144008244252 68.7511149718447 73.85928384258645 17.10786002061063 17.187778742961175 18.464820960646612
205632 2048 11474.634 12193.563 12258.045 68.71150105910037 69.07486121980918 73.40266120906341 17.177875264775093 17.268715304952295 18.350665302265853
205632 4096 22849.746 24656.772 24736.038 68.10053186367193 68.31945982223463 73.72236627925754 17.025132965917983 17.07986495555866 18.430591569814386

226192 1 25.32 26.171 33.058 13.684554419505112 17.28569790990027 17.866666666666667 3.421138604876278 4.321424477475068 4.466666666666667
226192 2 23.678 24.354 24.503 36.92478472023834 37.15069393118174 38.211335416842644 9.231196180059586 9.287673482795435 9.552833854210661
226192 4 36.22 37.284 44.403 40.75256176384478 48.53384829953868 49.95958034235229 10.188140440961195 12.13346207488467 12.489895085588072
226192 8 61.549 62.68 62.765 57.66067075599459 57.738864071474154 58.79985052559749 14.415167688998647 14.434716017868539 14.699962631399373
226192 16 113.943 114.768 115.635 62.59475072426169 63.06761466610902 63.52425335474755 15.648687681065422 15.766903666527256 15.881063338686888
226192 32 217.475 225.198 229.439 63.09427778189411 64.28248918729297 66.56529716059318 15.773569445473527 16.07062229682324 16.641324290148294
226192 64 422.081 426.627 429.046 67.48128638887206 67.86390922281056 68.59483369305892 16.870321597218016 16.96597730570264 17.14870842326473
226192 128 836.918 853.706 863.788 67.0363005737519 67.82797825012358 69.18856088649068 16.759075143437975 16.956994562530895 17.29714022162267
226192 256 1684.413 1694.045 1717.034 67.4478804729551 68.36318043499435 68.75410246774396 16.861970118238776 17.090795108748587 17.18852561693599
226192 512 3319.599 3375.096 3382.397 68.47824427469632 68.62637625714943 69.77367085602809 17.11956106867408 17.156594064287358 17.443417714007023
226192 1024 6650.616 6711.626 6755.422 68.5732462013476 69.02071360948896 69.65388108409807 17.1433115503369 17.25517840237224 17.41347027102452
226192 2048 13271.281 13395.703 13663.961 67.80482116422904 69.16265850325287 69.81107792081261 16.95120529105726 17.290664625813218 17.452769480203152
226192 4096 26676.451 26757.653 27206.684 68.10697194851089 69.24990259795955 69.46069640223132 17.026742987127722 17.312475649489887 17.36517410055783

248808 1 27.455 28.457 29.222 17.028813907330093 17.486593808201846 18.124786013476598 4.257203476832523 4.3716484520504615 4.5311965033691495
248808 2 26.797 27.195 28.388 35.058193602930814 36.596138996139 37.13967981490465 8.764548400732703 9.14903474903475 9.284919953726163
248808 4 40.653 41.421 49.571 40.15379960057292 48.05446512638516 48.962290605859344 10.03844990014323 12.01361628159629 12.240572651464836
248808 8 68.845 70.089 71.628 55.57781873010554 56.798185164576466 57.824504321301475 13.894454682526385 14.199546291144117 14.456126080325369
248808 16 126.971 127.37 130.783 60.87837104210792 62.50966475622203 62.70609824290586 15.21959276052698 15.627416189055507 15.676524560726465
248808 32 241.733 248.85 250.15 63.65665400759545 63.98919831223628 65.87314102749728 15.914163501898862 15.99729957805907 16.46828525687432
248808 64 469.702 479.003 483.999 65.80059876156768 66.48689882944366 67.80346687899987 16.45014969039192 16.621724707360915 16.950866719749968
248808 128 935.726 951.493 961.028 66.2778274930595 66.94200377722169 68.06997774989686 16.569456873264876 16.73550094430542 17.017494437474216
248808 256 1852.603 1860.269 1920.712 66.32420477406295 68.47918016157878 68.7625443767499 16.581051193515737 17.119795040394695 17.190636094187475
248808 512 3699.524 3707.585 3840.318 66.34330594497642 68.71842236927812 68.86815493020183 16.585826486244105 17.17960559231953 17.217038732550456
248808 1024 7395.988 7452.276 7661.941 66.5051824335374 68.37626303695676 68.89664829093827 16.62629560838435 17.09406575923919 17.22416207273457
248808 2048 14793.835 14848.129 15304.726 66.58842294857156 68.63609334213083 68.88799070693975 16.64710573714289 17.15902333553271 17.221997676734937
248808 4096 29676.43 29894.275 30334.951 67.19098165017638 68.18145400749809 68.68195183854661 16.797745412544096 17.045363501874522 17.170487959636652

273688 1 30.538 31.459 31.606 17.31873694868063 17.399663053498205 17.92442203156723 4.329684237170158 4.349915763374551 4.481105507891807
273688 2 30.225 30.925 32.458 33.72826421837452 35.40022635408246 36.220082712985935 8.43206605459363 8.850056588520616 9.055020678246484
273688 4 46.097 47.069 48.672 44.98487836949376 46.516900720219255 47.49775473458143 11.24621959237344 11.629225180054814 11.874438683645357
273688 8 78.823 80.231 82.848 52.85592893008884 54.58000024928021 55.55495223475383 13.21398223252221 13.645000062320053 13.888738058688457
273688 16 145.957 151.987 152.416 57.46126390930086 57.62345463756769 60.00408339442439 14.365315977325215 14.405863659391922 15.001020848606098
273688 32 273.762 285.911 288.086 60.801399582069244 61.263931782967425 63.98270030172194 15.200349895517311 15.315982945741856 15.995675075430485
273688 64 534.553 543.099 569.979 61.46202579393275 64.50401123920317 65.53524907726643 15.365506448483188 16.12600280980079 16.383812269316607
273688 128 1062.381 1080.521 1116.492 62.753811043876716 64.84291189157824 65.95009511653541 15.688452760969179 16.21072797289456 16.487523779133852
273688 256 2116.707 2143.309 2214.253 63.28466349599616 65.37939979722941 66.201064200194 15.82116587399904 16.344849949307353 16.5502660500485
273688 512 4216.836 4321.096 4419.426 63.41468597958196 64.8577379442623 66.46132597995275 15.85367149489549 16.214434486065574 16.615331494988187
273688 1024 8405.409 8549.047 8822.363 63.53320805321658 65.56438676732039 66.68480070392768 15.883302013304146 16.391096691830096 16.67120017598192
273688 2048 16794.581 17040.121 17646.134 63.52813868465468 65.78744646238135 66.7492715656318 15.88203467116367 16.44686161559534 16.68731789140795

301056 1 33.142 34.234 34.685 17.35943491422805 17.588128760880995 18.167642266610343 4.3398587285570125 4.397032190220249 4.541910566652586
301056 2 33.094 35.753 35.981 33.46833050776799 33.68176097110732 36.38798573759594 8.367082626941997 8.42044024277683 9.096996434398985
301056 4 50.366 53.693 61.278 39.303632625085676 44.855903004116 47.81892546559187 9.825908156271419 11.213975751029 11.954731366397967
301056 8 89.044 93.614 94.205 51.13206305397803 51.45486786164463 54.095683033107235 12.783015763494507 12.863716965411157 13.523920758276809
301056 16 157.641 167.565 171.663 56.12037538665874 57.492865455196494 61.11222334291206 14.030093846664686 14.373216363799123 15.278055835728015
301056 32 301.069 318.819 327.351 58.85909619949229 60.4342401174334 63.99723651388884 14.714774049873073 15.10856002935835 15.99930912847221
301056 64 595.592 630.912 648.824 59.39232827392328 61.0785149117468 64.7006138430335 14.84808206848082 15.2696287279367 16.175153460758374
301056 128 1168.072 1234.734 1265.997 60.8771869127652 62.418574365004936 65.98080940216015 15.2192967281913 15.604643591251234 16.495202350540037
301056 256 2323.075 2457.682 2524.737 61.05216979035836 62.71790736148942 66.35199982781442 15.26304244758959 15.679476840372354 16.587999956953606
301056 512 4637.745 4896.638 5033.0 61.25200556328234 62.95775673023001 66.4722497679368 15.313001390820585 15.739439182557502 16.6180624419842
301056 1024 9240.568 9761.246 10047.397 61.36541514185216 63.16434274886629 66.72346202094937 15.34135378546304 15.791085687216572 16.680865505237342
301056 2048 18609.515 19506.592 20027.439 61.57179537533482 63.21582857733427 66.26316569776267 15.392948843833706 15.803957144333568 16.56579142444067

331160 1 36.569 37.795 38.051 17.406112848545373 17.52401111258103 18.11151521780743 4.351528212136343 4.381002778145257 4.527878804451857
331160 2 37.138 39.193 40.558 32.66038759307658 33.797872068991914 35.66804889870214 8.165096898269145 8.449468017247979 8.917012224675535
331160 4 56.66 60.317 66.677 39.733041378586314 43.922608883067795 46.75750088245676 9.933260344646579 10.980652220766949 11.68937522061419
331160 8 96.192 101.494 102.639 51.6232621128421 52.20564762449012 55.08316699933467 12.905815528210525 13.05141190612253 13.770791749833668
331160 16 175.268 186.468 190.568 55.608076906930854 56.83076989081237 60.462377615993795 13.902019226732714 14.207692472703092 15.115594403998449
331160 32 334.555 352.562 362.068 58.53662847862832 60.11493013994701 63.35054026991077 14.63415711965708 15.028732534986753 15.837635067477693
331160 64 659.925 692.435 694.776 61.01028245074672 61.216547401561165 64.23226881842633 15.25257061268668 15.304136850390291 16.058067204606584
331160 128 1295.127 1366.569 1378.176 61.51388501903966 62.03635528099935 65.45841450297925 15.378471254759916 15.509088820249838 16.364603625744813
331160 256 2576.147 2722.973 2730.686 62.09206038336154 62.26794022562838 65.8168652642881 15.523015095840385 15.566985056407095 16.454216316072024
331160 512 5124.337 5422.534 5514.647 61.49221155950689 62.53678446276225 66.17594432216303 15.373052889876723 15.634196115690562 16.54398608054076
331160 1024 10284.928 10830.432 11021.204 61.53734927690296 62.621295253965854 65.9426765068263 15.38433731922574 15.655323813491464 16.485669126706576
331160 2048 20685.891 21643.948 22035.77 61.55588663341467 62.67023742618491 65.57277905022318 15.388971658353668 15.667559356546228 16.393194762555794

364272 1 40.389 41.846 47.865 15.220808523973675 17.41012283133394 18.03817871202555 3.8052021309934188 4.352530707833485 4.509544678006388
364272 2 42.365 44.079 45.091 32.31438646293052 33.05628530592799 34.39367402336834 8.07859661573263 8.264071326481998 8.598418505842085
364272 4 63.453 65.841 66.881 43.57255423812443 44.26081013350345 45.92652829653444 10.893138559531108 11.065202533375862 11.48163207413361
364272 8 108.563 111.692 121.486 47.97550335018027 52.18235862908714 53.68635723036394 11.993875837545067 13.045589657271785 13.421589307590985
364272 16 199.225 203.39 209.222 55.71452332928659 57.31208023993314 58.51024720793073 13.928630832321648 14.328020059983285 14.627561801982683
364272 32 386.072 388.406 397.059 58.71522368212281 60.023295211711456 60.38616631094718 14.678805920530703 15.005823802927864 15.096541577736796
364272 64 742.196 762.223 783.546 59.507439256916626 61.17214515961865 62.82277996647786 14.876859814229157 15.293036289904663 15.705694991619465
364272 128 1477.599 1503.529 1538.684 60.606097158350906 62.02316815970959 63.11159658337614 15.151524289587726 15.505792039927398 15.777899145844035
364272 256 2930.811 2979.65 3065.964 60.831524440600084 62.593681808266076 63.63674218501295 15.207881110150021 15.648420452066519 15.909185546253237
364272 512 5847.697 5945.021 6106.82 61.08163135641791 62.744021930284184 63.78827904386976 15.270407839104477 15.686005482571046 15.94706976096744
364272 1024 11655.765 11864.508 12218.915 61.05526194428884 62.87905541468724 64.00515590353787 15.26381548607221 15.71976385367181 16.001288975884467
364272 2048 23313.144 23691.445 24699.16 60.40926541631375 62.97877195755684 64.00072474137336 15.102316354078438 15.74469298938921 16.00018118534334

400696 1 43.195 44.766 45.306 17.68842978854898 17.901800473573694 18.55288806574835 4.422107447137245 4.475450118393423 4.638222016437087
400696 2 47.401 50.731 56.255 28.491405208425913 31.593778951725767 33.8132950781629 7.122851302106478 7.898444737931442 8.453323769540726
400696 4 72.386 72.78 76.126 42.108714499645316 44.0446276449574 44.284364379852455 10.527178624911329 11.01115691123935 11.071091094963114
400696 8 122.308 123.729 129.617 49.46215388413557 51.81595260609881 52.41796121267619 12.365538471033892 12.953988151524703 13.104490303169047
400696 16 222.069 226.451 238.072 53.858799018784225 56.622721913349906 57.74003575465284 13.464699754696056 14.155680478337477 14.43500893866321
400696 32 428.844 435.817 462.503 55.447303044520794 58.842459105542 59.79923701858951 13.861825761130198 14.7106147763855 14.949809254647377
400696 64 822.553 847.387 892.437 57.47082203001444 60.52616809084869 62.35353588157845 14.36770550750361 15.131542022712173 15.588383970394613
400696 128 1637.04 1673.578 1753.097 58.51255007566609 61.29273687871135 62.66076332893515 14.628137518916523 15.323184219677838 15.665190832233787
400696 256 3244.618 3319.075 3403.827 60.2722617806369 61.811303450509556 63.22973983378012 15.068065445159226 15.452825862627389 15.80743495844503
400696 512 6468.062 6629.324 6776.99 60.54497704733222 61.893596390823554 63.43673019831906 15.136244261833054 15.473399097705888 15.859182549579765
400696 1024 12927.802 13461.015 13517.732 60.70732930642507 60.9631151885649 63.47756625604259 15.176832326606268 15.240778797141225 15.869391564010648
400696 2048 25788.567 26751.751 27094.773 60.574444229519834 61.351154771140024 63.64257525437532 15.143611057379958 15.337788692785006 15.91064381359383

440760 1 47.521 48.044 49.538 17.794824175380516 18.348180834235286 18.55011468613876 4.448706043845129 4.587045208558822 4.63752867153469
440760 2 53.995 55.361 56.314 31.307312568810595 31.846245551922838 32.6519122140939 7.826828142202649 7.9615613879807094 8.162978053523474
440760 4 80.042 82.012 83.333 42.313129252517015 42.994683704823686 44.05287224207291 10.578282313129254 10.748670926205921 11.013218060518227
440760 8 136.403 139.403 143.074 49.2902973286551 50.58829436956163 51.700915669010215 12.322574332163775 12.647073592390408 12.925228917252554
440760 16 249.766 260.792 261.605 53.91456585309913 54.08264057179669 56.47013604734031 13.478641463274782 13.520660142949172 14.117534011835078
440760 32 477.5 485.071 506.791 55.661288381206454 58.15363111791882 59.07568586387435 13.915322095301613 14.538407779479705 14.768921465968587
440760 64 933.295 951.033 981.768 57.46498154350111 59.32210554207898 60.44956846441907 14.366245385875278 14.830526385519745 15.112392116104768
440760 128 1840.835 1877.627 1937.7 58.23118129741446 60.09423596912486 61.29531435462711 14.557795324353615 15.023558992281215 15.323828588656777
440760 256 3649.9 3728.209 3841.672 58.74242257017257 60.53016877540932 61.82885010548234 14.685605642543143 15.13254219385233 15.457212526370585
440760 512 7287.451 7425.929 7675.014 58.8061780734211 60.77869045071667 61.93362260686212 14.701544518355275 15.194672612679167 15.48340565171553
440760 1024 14537.369 14827.922 15228.18 59.276714617242504 60.87680256208523 62.09352462608605 14.819178654310626 15.219200640521308 15.523381156521513
440760 2048 29178.573 29707.48 30438.965 59.31058956833782 60.770989663209406 61.87255833244484 14.827647392084454 15.192747415802351 15.46813958311121

484832 1 53.173 53.259 55.697 17.40962708943031 18.206575414483936 18.236022041261542 4.352406772357577 4.551643853620984 4.5590055103153855
484832 2 60.693 61.801 64.007 30.298686081209866 31.38020420381547 31.95307531346284 7.574671520302466 7.845051050953868 7.98826882836571
484832 4 89.05 96.736 98.845 39.239779452678434 40.09526959973536 43.55593486805166 9.809944863169608 10.02381739993384 10.888983717012914
484832 8 151.839 156.355 158.618 48.90562231272617 49.613456557193565 51.08906144007798 12.226405578181543 12.403364139298391 12.772265360019494
484832 16 279.595 285.044 297.284 52.18788767643062 54.42887413872946 55.489633219478165 13.046971919107655 13.607218534682366 13.872408304869541
484832 32 527.674 550.196 559.57 55.45195060492878 56.39671680637446 58.80382205680022 13.862987651232196 14.099179201593614 14.700955514200055
484832 64 1033.538 1065.927 1099.376 56.44883643084804 58.220212078313054 60.044716304577086 14.11220910771201 14.555053019578263 15.011179076144272
484832 128 2040.243 2179.183 2184.122 56.82695014289495 56.95574534125863 60.834416292569074 14.206737535723738 14.238936335314657 15.208604073142268
484832 256 4073.654 4275.354 4312.781 57.55775310640628 58.06162109617121 60.93644281031231 14.38943827660157 14.515405274042802 15.234110702578077
484832 512 8140.885 8343.316 8602.027 57.71523014284889 59.5048740812406 60.98452047903882 14.428807535712222 14.87621852031015 15.246130119759705
484832 1024 16265.008 16648.82 17185.921 57.776125934711324 59.64001869201542 61.04736843658484 14.444031483677831 14.910004673003854 15.26184210914621
484832 2048 32496.072 33585.998 34333.034 57.8414325981211 59.1279696973721 61.111135893593534 14.460358149530276 14.781992424343025 15.277783973398384

533312 1 57.492 58.887 59.39 17.9596565078296 18.113064003939748 18.552563834968343 4.4899141269574 4.528266000984937 4.638140958742086
533312 2 67.125 70.24 70.535 30.24382221592117 30.370842824601368 31.780230912476718 7.560955553980293 7.592710706150342 7.945057728119179
533312 4 98.848 101.662 102.299 41.70613593485762 41.96746080147941 43.16218841048883 10.426533983714405 10.491865200369853 10.790547102622208
533312 8 168.139 175.513 182.548 46.74382628130683 48.61743574550033 50.749629770606454 11.685956570326708 12.154358936375083 12.687407442651613
533312 16 306.727 315.332 324.146 52.649065544538566 54.12068549972727 55.63900145732199 13.162266386134641 13.530171374931818 13.909750364330497
533312 32 590.383 606.846 625.333 54.582067474449616 56.244859486591324 57.81326359329452 13.645516868612404 14.061214871647831 14.45331589832363
533312 64 1150.298 1178.488 1212.343 56.307444345370904 57.92501578293542 59.34456636454206 14.076861086342726 14.481253945733854 14.836141591135515
533312 128 2263.578 2328.269 2405.395 56.75902377779949 58.639217375655484 60.31507286252119 14.189755944449873 14.659804343913871 15.078768215630298
533312 256 4497.967 4629.388 4769.17 57.254353273211066 58.98311915095473 60.70648006088084 14.313588318302767 14.745779787738682 15.17662001522021
533312 512 8962.774 9221.042 9503.312 57.46538554137757 59.22448764467183 60.931078703981605 14.366346385344393 14.806121911167958 15.232769675995401
533312 1024 17900.764 18404.028 18571.053 58.813195783782426 59.3469525258275 61.01543911757062 14.703298945945606 14.836738131456874 15.253859779392656

586640 1 63.764 64.975 65.493 17.91458629166476 18.05740669488265 18.400351295401794 4.47864657291619 4.514351673720663 4.600087823850449
586640 2 74.062 78.102 78.589 29.85863161511153 30.04481319300402 31.683724447084877 7.464657903777883 7.511203298251005 7.920931111771219
586640 4 109.105 113.15 113.347 41.40488941039463 41.47697746354397 43.01471059988085 10.351222352598658 10.369244365885992 10.753677649970212
586640 8 186.144 193.113 194.159 48.34305903924104 48.60491007855505 50.424617500429775 12.08576475981026 12.151227519638763 12.606154375107444
586640 16 339.613 351.923 355.414 52.8186284164383 53.34257777979842 55.276093671325896 13.204657104109575 13.335644444949605 13.819023417831474
586640 32 648.41 676.511 683.422 54.93671552861921 55.49792981932297 57.90311685507627 13.734178882154803 13.874482454830742 14.475779213769068
586640 64 1266.232 1311.748 1328.615 56.51744109467378 57.24416580013845 59.30186569285882 14.129360273668444 14.311041450034612 14.825466423214705
586640 128 2498.793 2596.765 2647.028 56.735266872885376 57.83343506247196 60.100952739982866 14.183816718221344 14.45835876561799 15.025238184995716
586640 256 4971.538 5149.962 5210.945 57.640155480435894 58.32269830340496 60.415847168421536 14.410038870108973 14.58067457585124 15.103961792105384
586640 512 9910.674 10276.4 10368.176 57.938769557924175 58.456206453621895 60.613370997774716 14.484692389481044 14.614051613405474 15.153342749443679
586640 1024 19824.247 20391.498 20549.715 58.46498211775687 58.91861009916976 60.60450719767566 14.616245529439217 14.72965252479244 15.151126799418915

645304 1 70.193 70.558 71.234 18.117865064435524 18.291448170299606 18.386562762668643 4.529466266108881 4.572862042574902 4.596640690667161
645304 2 89.6 94.904 100.109 25.784055379636197 27.198179212678074 28.808214285714286 6.446013844909049 6.7995448031695185 7.202053571428571
645304 4 120.977 126.124 132.215 39.045736111636344 40.93140084361422 42.67283863874951 9.761434027909086 10.232850210903555 10.668209659687378
645304 8 206.101 214.967 217.581 47.452966941047244 48.02999530160443 50.096137330726194 11.863241735261811 12.007498825401107 12.524034332681548
645304 16 378.851 393.429 404.428 51.05909580939005 52.48654267987362 54.50619900699748 12.764773952347513 13.121635669968406 13.62654975174937
645304 32 718.798 756.916 764.071 54.051856437425315 54.56279957089029 57.456275615680624 13.512964109356329 13.640699892722573 14.364068903920156
645304 64 1413.446 1446.132 1487.248 55.53808914182436 57.11713176943736 58.43796791670853 13.88452228545609 14.27928294235934 14.609491979177132
645304 128 2785.16 2867.13 2890.08 57.16029452471904 57.61783525685964 59.31358485688434 14.29007363117976 14.40445881421491 14.828396214221085
645304 256 5529.865 5725.669 5799.92 56.96555262831211 57.7042871322111 59.747507036790225 14.241388157078028 14.426071783052775 14.936876759197556
645304 512 11031.447 11404.866 11556.778 57.17781340093233 57.9394177888631 59.90069081599177 14.294453350233082 14.484854447215776 14.975172703997943
645304 1024 21987.827 22812.998 23081.359 57.25757274517501 57.93112295017077 60.10519329627252 14.314393186293753 14.482780737542692 15.02629832406813

709832 1 76.593 78.542 78.849 18.00484470316681 18.075220900919252 18.535166399018184 4.501211175791703 4.518805225229813 4.633791599754546
709832 2 96.966 98.601 99.214 28.61821920293507 28.79613797020314 29.28168636429264 7.154554800733767 7.199034492550785 7.32042159107316
709832 4 133.397 138.478 138.575 40.97893559444344 41.00764020277589 42.56959301933327 10.24473389861086 10.251910050693972 10.642398254833317
709832 8 226.897 237.273 237.997 47.72039983697273 47.866010881979825 50.054923599695016 11.930099959243183 11.966502720494956 12.513730899923754
709832 16 414.686 440.071 443.238 51.24701401955608 51.61581653869489 54.775478313712064 12.81175350488902 12.903954134673722 13.693869578428016
709832 32 796.356 832.597 841.318 53.99771311204562 54.56330974048669 57.04640638106575 13.499428278011406 13.640827435121672 14.261601595266438
709832 64 1552.712 1621.244 1635.833 55.54264769080951 56.04245628665395 58.51600039157294 13.885661922702377 14.010614071663488 14.629000097893234
709832 128 3056.973 3212.667 3244.11 56.01443600864335 56.562660244588066 59.44344029207978 14.003609002160838 14.140665061147017 14.860860073019944
709832 256 6079.531 6372.158 6443.333 56.404656409966705 57.03467867557584 59.77993763005732 14.101164102491676 14.25866966889396 14.94498440751433
709832 512 12132.522 12703.014 12728.936 57.103592004861994 57.220118626965224 59.91070677638169 14.275898001215499 14.305029656741306 14.977676694095422
709832 1024 24577.566 25251.829 25364.288 57.314281244559275 57.56953034966299 59.14889765731888 14.328570311139819 14.392382587415748 14.78722441432972

780808 1 84.362 85.193 85.478 18.26921547064742 18.330332304297304 18.510893530262443 4.567303867661855 4.582583076074326 4.627723382565611
780808 2 105.252 109.75 111.239 28.076771635847138 28.457694760820047 29.67384942803937 7.019192908961784 7.114423690205012 7.418462357009843
780808 4 148.286 153.556 154.344 40.47105167677396 40.67873609627758 42.124435213034275 10.11776291919349 10.169684024069396 10.531108803258569
780808 8 253.561 262.638 270.821 46.129834835555585 47.567099962686285 49.269911382270934 11.532458708888896 11.891774990671571 12.317477845567733
780808 16 468.588 478.489 484.308 51.590838887650015 52.21824535151279 53.32158740727462 12.897709721912504 13.054561337878198 13.330396851818655
780808 32 889.03 912.276 918.777 54.389380665819886 54.77696661975104 56.209252781121 13.597345166454971 13.69424165493776 14.05231319528025
780808 64 1727.962 1781.028 1793.256 55.73293718242125 56.11558268595441 57.83890154991835 13.933234295605313 14.028895671488602 14.459725387479587
780808 128 3464.088 3579.542 3607.803 55.40403619598964 55.8414590469954 57.70258954160518 13.85100904899741 13.96036476174885 14.425647385401295
780808 256 6798.706 6984.635 7160.938 55.827001434728245 57.2361613742164 58.80143897971173 13.956750358682061 14.3090403435541 14.700359744927933
780808 512 13553.136 14159.789 14240.35 56.14661100324079 56.46605270742382 58.99353419016824 14.036652750810198 14.116513176855955 14.74838354754206
780808 1024 27053.919 28384.641 28616.945 55.87929752809043 56.33662176668009 59.10769467447581 13.969824382022608 14.084155441670022 14.776923668618952

858888 1 92.074 95.678 101.099 16.991028595732896 17.953719768389806 18.656471968199494 4.247757148933224 4.488429942097452 4.664117992049873
858888 2 117.372 121.651 123.105 27.90749360302181 28.24105021742526 29.270626725283716 6.976873400755452 7.060262554356315 7.317656681320929
858888 4 163.84 167.15 168.113 40.87193732786876 41.107412503739155 41.937890625 10.21798433196719 10.276853125934789 10.48447265625
858888 8 280.357 284.614 293.785 46.77641132120428 48.2836684070355 49.01681784296451 11.69410283030107 12.070917101758875 12.254204460741127
858888 16 516.479 525.026 527.03 52.149623361098996 52.34867606556629 53.21497292242279 13.037405840274749 13.087169016391572 13.303743230605697
858888 32 985.847 998.903 1008.325 54.51499466937744 55.02919903133738 55.757974614722166 13.62874866734436 13.757299757834344 13.939493653680541
858888 64 1928.779 1947.796 1964.785 55.954042808755155 56.44208325717888 56.99857993061932 13.988510702188789 14.11052081429472 14.24964498265483
858888 128 3809.493 3842.656 3921.97 56.06247064612938 57.21962309402664 57.71774039222543 14.015617661532344 14.30490577350666 14.429435098056357
858888 256 7510.776 7640.772 7875.176 55.840105160824336 57.553170805253714 58.549297169826396 13.960026290206084 14.388292701313429 14.637324292456599
858888 512 14945.636 15717.091 16799.932 52.3514804702781 55.958275739448226 58.8466969220982 13.087870117569524 13.989568934862056 14.71167423052455
858888 1024 29922.827 31076.837 31216.81 56.34792997747047 56.601726359732176 58.78464036837161 14.086982494367618 14.150431589933044 14.696160092092903

944776 1 101.336 101.931 103.991 18.170341664182477 18.537559721772574 18.646404041998895 4.542585416045619 4.6343899304431435 4.661601010499724
944776 2 130.246 135.585 137.119 27.56076109073141 27.872581775270127 29.015125224575034 6.890190272682853 6.968145443817532 7.253781306143758
944776 4 179.126 183.953 184.07 41.06159613190634 41.0877126222459 42.1949242432701 10.265399032976585 10.271928155561476 10.548731060817525
944776 8 304.206 319.427 319.936 47.24824964992999 47.32353871150529 49.69138018316536 11.812062412482497 11.830884677876323 12.42284504579134
944776 16 560.517 571.689 572.337 52.8234798728721 52.88335441122708 53.93740421789169 13.205869968218025 13.22083860280677 13.484351054472922
944776 32 1076.732 1095.876 1097.199 55.109113296676355 55.17564395971807 56.156651794504114 13.777278324169089 13.793910989929518 14.039162948626029
944776 64 2105.144 2138.427 2143.55 56.41637843763849 56.55153437550125 57.44563222278382 14.104094609409623 14.137883593875312 14.361408055695955
944776 128 4160.773 4219.072 4227.17 57.216212264943216 57.32603188568482 58.12926011584866 14.304053066235804 14.331507971421205 14.532315028962165
944776 256 8132.441 8380.163 8413.157 57.49628968055631 57.72266148045091 59.480949446789715 14.374072420139077 14.430665370112727 14.870237361697429
944776 512 16202.682 16719.106 16940.756 57.10787783024559 57.86497340228598 59.709289116456155 14.276969457561398 14.466243350571496 14.927322279114039
944776 1024 32352.171 33388.298 33824.884 57.20348510286096 57.9514789283359 59.80746231837116 14.30087127571524 14.487869732083976 14.95186557959279

1039248 1 112.074 112.484 113.629 18.29195011836767 18.478148003271578 18.545746560308366 4.572987529591917 4.619537000817894 4.6364366400770916
1039248 2 150.286 151.836 155.508 26.73169226020526 27.37817118469928 27.66054056931451 6.682923065051315 6.84454279617482 6.915135142328627
1039248 4 196.211 209.553 211.396 39.32895608242351 39.674850753747265 42.37267023765232 9.832239020605877 9.918712688436816 10.59316755941308
1039248 8 334.898 344.621 347.684 47.82494448982409 48.25001378325755 49.6508429432245 11.956236122456023 12.062503445814388 12.412710735806124
1039248 16 610.308 635.234 645.162 51.54664409869149 52.35226074171093 54.490414675868585 12.886661024672872 13.088065185427732 13.622603668967146
1039248 32 1167.403 1204.246 1224.582 54.31393896039628 55.231133838102835 56.974217129817205 13.57848474009907 13.807783459525709 14.243554282454301
1039248 64 2280.869 2389.931 2393.978 55.56598431564534 55.66007721561836 58.321518684326016 13.891496078911334 13.91501930390459 14.580379671081504
1039248 128 4572.849 4674.542 4730.601 56.23968032814435 56.91412934144136 58.17981044202421 14.059920082036088 14.22853233536034 14.544952610506053
1039248 256 9094.499 9397.087 9401.871 56.594583780185886 56.62339573955205 58.507343395166686 14.148645945046471 14.155848934888013 14.626835848791671
1039248 512 17853.96 18530.395 18586.379 57.25644311890982 57.42942619409893 59.6052613537837 14.314110779727455 14.357356548524733 14.901315338445926
1039248 1024 36210.371 37214.199 37243.949 57.146998670844496 57.19268347009161 58.7781855093393 14.286749667711124 14.298170867522902 14.694546377334825

1143168 1 122.74 123.683 123.806 18.467085601667126 18.48545070866651 18.627472706534135 4.6167714004167815 4.621362677166627 4.656868176633534
1143168 2 165.251 168.193 177.166 25.810099003194743 27.187052968910713 27.67107006916751 6.452524750798686 6.796763242227678 6.917767517291877
1143168 4 217.115 223.436 230.722 39.63793656435016 40.93048568717664 42.12211961402943 9.90948414108754 10.23262142179416 10.530529903507357
1143168 8 377.314 378.411 382.742 47.7885573049208 48.33550821725584 48.47603852494209 11.9471393262302 12.08387705431396 12.119009631235523
1143168 16 680.617 696.686 709.994 51.523500198593226 52.50769500176549 53.74737333919076 12.880875049648306 13.126923750441373 13.43684333479769
1143168 32 1309.491 1324.175 1345.987 54.35620997825387 55.251573243717786 55.87113771686861 13.589052494563468 13.812893310929446 13.967784429217152
1143168 64 2545.25 2587.058 2633.694 55.55903761029186 56.560581169807556 57.48963913171593 13.889759402572965 14.140145292451889 14.372409782928983
1143168 128 5033.425 5102.085 5199.48 56.28466846684669 57.35910083818674 58.141525502019 14.071167116711672 14.339775209546685 14.53538137550475
1143168 256 10007.724 10140.817 10336.814 56.62305774293704 57.71744189841903 58.48502776455465 14.15576443573426 14.429360474604758 14.621256941138663
1143168 512 19948.062 20294.854 20317.505 57.61554049082306 57.679844949857724 58.682594429473895 14.403885122705764 14.419961237464431 14.670648607368474

1257480 1 134.429 137.001 137.928 18.23386114494519 18.357238268333806 18.708463203624216 4.558465286236298 4.589309567083451 4.677115800906054
1257480 2 182.531 186.164 189.347 26.564561360887684 27.01875765454116 27.55652464512877 6.641140340221921 6.75468941363529 6.889131161282193
1257480 4 238.157 247.51 254.85 39.473572689817544 40.64417599288918 42.240370847802076 9.868393172454386 10.161043998222295 10.560092711950519
1257480 8 407.501 425.879 431.831 46.591560124215256 47.24271447993444 49.37332669122284 11.647890031053814 11.81067861998361 12.34333167280571
1257480 16 746.131 776.377 788.94 51.00433493041296 51.82966522707397 53.93069045516137 12.75108373260324 12.957416306768492 13.482672613790342
1257480 32 1433.515 1475.899 1502.542 53.56171075417526 54.52860934250921 56.14082866241372 13.390427688543815 13.632152335627303 14.03520716560343
1257480 64 2791.181 2906.159 2944.964 54.655146888043454 55.384939364983126 57.66642865511051 13.663786722010864 13.846234841245781 14.416607163777627
1257480 128 5522.72 5710.861 5811.797 55.389904361766256 56.36888728337111 58.28919083350233 13.847476090441564 14.092221820842777 14.572297708375583
1257480 256 10969.349 11319.918 11561.233 55.6886761126603 56.875832492779544 58.69352502140282 13.922169028165076 14.218958123194886 14.673381255350705
1257480 512 21992.144 22569.654 23077.731 55.79662576013214 57.052692079373486 58.55088617098906 13.949156440033034 14.263173019843371 14.637721542747265

1383224 1 147.86 150.2 151.456 18.26568772448764 18.418428761651132 18.709914784255375 4.56642193112191 4.604607190412783 4.677478696063844
1383224 2 204.911 206.683 209.829 26.368595380047562 26.76996172883111 27.001459170078714 6.592148845011891 6.692490432207777 6.750364792519679
1383224 4 259.94 267.715 271.243 40.79659935924614 41.334224828642405 42.57056243748557 10.199149839811534 10.333556207160601 10.642640609371393
1383224 8 447.464 462.395 472.257 46.863432410742455 47.86293969441711 49.460032538930506 11.715858102685614 11.965734923604277 12.365008134732626
1383224 16 806.386 839.113 863.564 51.25638400859693 52.74994905334561 54.89079423501896 12.814096002149233 13.187487263336402 13.72269855875474
1383224 32 1547.094 1593.844 1643.605 53.86107732697333 55.542660385834495 57.22104539219983 13.465269331743333 13.885665096458624 14.305261348049957
1383224 64 3016.279 3214.935 3215.969 55.0542222266446 55.07192898145686 58.69903679334703 13.76355555666115 13.767982245364214 14.674759198336757
1383224 128 6055.563 6147.916 6365.451 55.629262404187855 57.5976223487764 58.47603996523527 13.907315601046964 14.3994055871941 14.619009991308818
1383224 256 11930.293 12212.273 12633.215 56.05941860405289 57.99171767614432 59.36238850127151 14.014854651013222 14.49792941903608 14.840597125317878
1383224 512 23583.948 24625.39 24931.823 56.81178532352006 57.51873883012614 60.05870501410536 14.202946330880016 14.379684707531535 15.01467625352634

1521544 1 164.164 169.28 173.985 17.490519297640603 17.976654064272214 18.536877756389956 4.372629824410151 4.4941635160680535 4.634219439097489
1521544 2 230.265 233.312 233.835 26.027651976821264 26.08599643395968 26.431181464834 6.506912994205316 6.52149910848992 6.6077953662085
1521544 4 288.054 294.949 297.649 40.894987048503445 41.26934486979105 42.25718788838204 10.223746762125861 10.317336217447762 10.56429697209551
1521544 8 498.917 508.717 510.708 47.668538577817465 47.85510214913204 48.79509818266366 11.917134644454366 11.96377553728301 12.198774545665914
1521544 16 899.175 925.78 926.164 52.57104357327645 52.59284927304544 54.148978786109495 13.142760893319112 13.14821231826136 13.537244696527374
1521544 32 1707.03 1760.857 1760.995 55.29761072575448 55.30194445091226 57.0457554934594 13.82440268143862 13.825486112728065 14.26143887336485
1521544 64 3339.061 3443.756 3501.072 55.627999652677815 56.55384179366947 58.32706620214486 13.906999913169454 14.138460448417367 14.581766550536216
1521544 128 6584.322 6793.225 6925.811 56.241105048924965 57.33878445068433 59.15799136190484 14.060276262231241 14.334696112671082 14.78949784047621
1521544 256 13090.091 13500.896 13765.242 56.59403067523259 57.702135324944365 59.512995593384346 14.148507668808147 14.425533831236091 14.878248898346087
1521544 512 26104.273 26955.794 27105.47 57.48142555727682 57.80059960392931 59.68605430995914 14.370356389319205 14.450149900982327 14.921513577489785

1673696 1 181.025 184.47 190.374 17.583241409015937 18.145996639019895 18.49132440270681 4.395810352253984 4.536499159754974 4.622831100676702
1673696 2 253.944 258.214 260.996 25.6509065273031 25.92726962906736 26.363229688435247 6.412726631825775 6.48181740726684 6.590807422108812
1673696 4 316.215 326.062 326.178 41.04988073996407 41.06448466855996 42.3432411492181 10.262470184991017 10.26612116713999 10.585810287304525
1673696 8 539.663 563.713 567.392 47.19688680841464 47.50491118707569 49.621960371565216 11.79922170210366 11.876227796768923 12.405490092891304
1673696 16 992.498 1026.508 1026.904 52.15509142042489 52.175211493724355 53.963103200207954 13.038772855106222 13.043802873431089 13.490775800051988
1673696 32 1904.811 1955.902 1959.905 54.65394700253328 54.76580319463858 56.23473614967574 13.66348675063332 13.691450798659645 14.058684037418935
1673696 64 3720.445 3819.109 3826.267 55.99010419293792 56.09504415820549 57.582651537652076 13.99752604823448 14.023761039551372 14.395662884413019
1673696 128 7342.011 7542.539 7549.815 56.751877496336 56.80662387029089 58.35814955875168 14.187969374084 14.201655967572723 14.58953738968792
1673696 256 14490.4 15029.368 15147.563 56.57229166170162 57.01719140818163 59.137936288853304 14.143072915425405 14.254297852045408 14.784484072213326
1673696 512 29047.237 30041.831 30465.507 56.25590619581679 57.049275858052724 59.00267567617532 14.063976548954198 14.262318964513181 14.75066891904383

1841064 1 201.517 202.842 206.695 17.81430610319553 18.1526902712456 18.27204652709201 4.453576525798883 4.5381725678114 4.568011631773002
1841064 2 285.965 287.536 288.48 25.527787021630612 25.611596460964886 25.75229835819069 6.381946755407653 6.402899115241222 6.438074589547672
1841064 4 345.568 357.422 367.098 40.1214716506219 41.20762571973745 42.621168626724696 10.030367912655475 10.301906429934363 10.655292156681174
1841064 8 585.996 616.881 618.596 47.619163395818916 47.75155013689836 50.268302172711074 11.904790848954729 11.93788753422459 12.567075543177769
1841064 16 1074.734 1122.385 1142.876 51.5489414424662 52.49005287846861 54.81732968343795 12.88723536061655 13.122513219617153 13.704332420859487
1841064 32 2048.622 2142.397 2190.016 53.802390484818375 54.998254758571825 57.51578182797998 13.450597621204594 13.749563689642956 14.378945456994995
1841064 64 3992.86 4185.086 4187.108 56.281374160876666 56.30856618000203 59.019397624760195 14.070343540219167 14.077141545000508 14.754849406190049
1841064 128 7886.734 8279.69 8431.874 55.896516480203566 56.92391671668866 59.760147102717035 13.974129120050891 14.230979179172165 14.940036775679259
1841064 256 15715.03 16417.585 16766.362 56.22118668319341 57.41555582017696 59.98237152585772 14.055296670798352 14.35388895504424 14.99559288146443
1841064 512 31805.281 32969.406 33062.137 57.021405966589505 57.1817865326418 59.27473289734494 14.255351491647376 14.29544663316045 14.818683224336235

2025168 1 222.46 225.292 225.685 17.946855129937745 17.978161674626705 18.207030477389193 4.486713782484436 4.494540418656676 4.551757619347298
2025168 2 313.599 319.983 329.874 24.55686716746394 25.315944909573318 25.831306860034633 6.139216791865985 6.3289862273933295 6.457826715008658
2025168 4 379.087 394.158 401.151 40.38714598742119 41.10367923523054 42.737798974905495 10.096786496855298 10.275919808807634 10.684449743726374
2025168 8 653.253 676.137 681.708 47.531623510359275 47.923258156261234 49.602050047990595 11.882905877589819 11.980814539065308 12.400512511997649
2025168 16 1191.743 1242.806 1251.729 51.77268881682856 52.14440226390925 54.378650430503896 12.94317220420714 13.036100565977312 13.594662607625974
2025168 32 2290.911 2375.454 2376.273 54.54371278047598 54.56251815442437 56.57607475803294 13.635928195118995 13.640629538606092 14.144018689508234
2025168 64 4467.904 4644.799 4645.006 55.80649497546397 55.80898204637057 58.018593058400526 13.951623743865992 13.952245511592643 14.504648264600132
2025168 128 8828.719 9171.573 9242.737 56.091935538142 56.52716366102084 58.72233650204521 14.0229838845355 14.13179091525521 14.680584125511302
2025168 256 17546.982 18227.84 18423.924 56.27932551176395 56.88474421544188 59.09198607487031 14.069831377940988 14.22118605386047 14.772996518717578
2025168 512 35134.662 37009.773 37025.796 56.008843996223604 56.033092448310875 59.02353726926418 14.002210999055901 14.008273112077719 14.755884317316045

2227680 1 246.368 247.974 256.492 17.37036632721488 17.967044932129983 18.08416677490583 4.34259158180372 4.491761233032496 4.521041693726458
2227680 2 349.85 359.51 363.105 24.540339571198412 24.78573614085839 25.470115763898814 6.135084892799603 6.1964340352145975 6.367528940974704
2227680 4 417.794 436.177 438.964 40.59886459937489 40.85827542488485 42.656045802476825 10.149716149843723 10.214568856221213 10.664011450619206
2227680 8 720.44 741.421 756.797 47.09701544799993 48.0737394813473 49.47376603186942 11.774253861999982 12.018434870336826 12.368441507967354
2227680 16 1312.003 1365.255 1368.334 52.096754155052786 52.21424569036554 54.33353429832097 13.024188538763196 13.053561422591384 13.583383574580242
2227680 32 2510.001 2603.731 2610.547 54.61365759743073 54.75662424420956 56.80137976040646 13.653414399357683 13.68915606105239 14.200344940101616
2227680 64 4893.208 5169.258 5170.096 55.15236854402704 55.16130941810218 58.273230976488236 13.78809213600676 13.790327354525544 14.568307744122059
2227680 128 9658.573 10205.063 10216.881 55.818021174955454 55.882661380924354 59.044548299215634 13.954505293738864 13.970665345231088 14.761137074803909
2227680 256 19198.729 20024.784 20281.704 56.236505571721196 56.95802561465832 59.40873273433883 14.059126392930299 14.23950640366458 14.852183183584707

2450448 1 267.905 271.109 279.53 17.532629771402 18.07721617504399 18.29340997741737 4.3831574428505 4.5193040437609975 4.573352494354342
2450448 2 394.777 401.51 403.647 24.28307902697159 24.412323478867275 24.82868049557092 6.070769756742897 6.103080869716819 6.20717012389273
2450448 4 470.672 478.761 484.598 40.45329118155667 40.94649313540577 41.650202263997 10.113322795389168 10.236623283851442 10.41255056599925
2450448 8 798.34 823.546 825.357 47.50328403345462 47.60774504399268 49.11086504496831 11.875821008363655 11.90193626099817 12.277716261242077
2450448 16 1459.095 1504.773 1506.298 52.05765127484734 52.110408679581575 53.741761845527535 13.014412818711834 13.027602169895394 13.435440461381884
2450448 32 2789.567 2877.832 2937.213 53.39370076327457 54.49542294338238 56.2197186875239 13.348425190818643 13.623855735845595 14.054929671880975
2450448 64 5441.319 5625.092 5742.001 54.6250939350237 55.76039360778455 57.643623540542286 13.656273483755925 13.940098401946138 14.410905885135572
2450448 128 10747.487 11100.799 11356.978 55.23605733849269 56.510768999600835 58.36849935245328 13.809014334623173 14.127692249900209 14.59212483811332
2450448 256 21372.182 22328.753 22358.195 56.11496706241268 56.18895851461119 58.70385045382825 14.02874176560317 14.047239628652797 14.675962613457063

2695488 1 293.056 294.55 296.836 18.161462895336143 18.30241385163809 18.395719589430005 4.540365723834036 4.575603462909522 4.598929897357501
2695488 2 438.921 448.086 450.892 23.912493457413305 24.062238052516705 24.56467564778172 5.978123364353326 6.015559513129176 6.14116891194543
2695488 4 511.988 523.423 526.634 40.94666124860909 41.19785336143043 42.1179871403236 10.236665312152272 10.299463340357608 10.5294967850809
2695488 8 868.954 911.011 915.002 47.13411336805821 47.34060071722514 49.63186543821652 11.783528342014552 11.835150179306286 12.40796635955413
2695488 16 1587.976 1645.994 1683.813 51.22636302249715 52.403359915042216 54.317959465382344 12.806590755624287 13.100839978760554 13.579489866345586
2695488 32 3032.088 3131.055 3216.083 53.64016786880189 55.096838605517945 56.89519301550614 13.410041967200472 13.774209651379486 14.223798253876534
2695488 64 5922.166 6151.442 6249.296 55.20981307334457 56.08806260385776 58.259505728140674 13.802453268336143 14.02201565096444 14.564876432035168
2695488 128 11685.211 12135.986 12146.773 56.80890949390427 56.8594037600241 59.052842777079505 14.202227373476067 14.214850940006025 14.763210694269876
2695488 256 23505.635 24018.083 24403.513 56.55291744266491 57.46044994515174 58.71314925123274 14.138229360666228 14.365112486287934 14.678287312808186

2965032 1 323.956 327.145 329.068 18.02078597736638 18.126714453835454 18.305152551581077 4.505196494341595 4.531678613458864 4.576288137895269
2965032 2 491.411 492.106 504.625 23.502854594996283 24.100758779612523 24.13484435635344 5.875713648749071 6.025189694903131 6.03371108908836
2965032 4 559.442 580.3 584.317 40.594841498707034 40.87585042219542 42.39984842039031 10.148710374676758 10.218962605548855 10.599962105097578
2965032 8 951.775 983.04 1010.685 46.93896911500616 48.258984375000004 49.84425100470174 11.73474227875154 12.064746093750001 12.461062751175435
2965032 16 1741.422 1797.232 1850.855 51.26334802023929 52.792863692611746 54.48479690735502 12.815837005059823 13.198215923152937 13.621199226838755
2965032 32 3306.831 3419.491 3552.2 53.42099206125781 55.49423817755332 57.38486424011387 13.355248015314453 13.87355954438833 14.346216060028468
2965032 64 6451.352 6681.305 6715.487 56.51475403049697 56.803887264538886 58.82861390914648 14.128688507624242 14.200971816134722 14.70715347728662
2965032 128 12727.021 13184.084 13259.69 57.244791695733454 57.57307007449285 59.64068040745749 14.311197923933364 14.393267518623212 14.910170101864372
2965032 256 25349.978 26202.831 26834.127 56.573347215655645 57.93634985471608 59.88551090655779 14.143336803913911 14.48408746367902 14.971377726639448

3261528 1 351.5 354.732 355.548 18.346484862803333 18.38868779811238 18.557769559032717 4.586621215700833 4.597171949528095 4.639442389758179
3261528 2 546.534 552.175 556.363 23.448920938308262 23.626770498483275 23.870632019233938 5.862230234577066 5.906692624620819 5.967658004808484
3261528 4 621.771 639.216 641.454 40.6766876502446 40.81910340166704 41.964363085444646 10.16917191256115 10.20477585041676 10.491090771361161
3261528 8 1060.089 1097.163 1115.794 46.76889103185714 47.5630767716374 49.22647815419272 11.692222757964284 11.89076919290935 12.30661953854818
3261528 16 1959.42 2001.781 2001.83 52.136742880264556 52.1380190939968 53.26519888538446 13.034185720066139 13.0345047734992 13.316299721346114
3261528 32 3718.831 3805.582 3814.879 54.71675300841783 54.85042550653225 56.12994836280541 13.679188252104458 13.712606376633062 14.032487090701352
3261528 64 7293.609 7458.623 7641.721 54.63109474946809 55.97220612973736 57.23854733644208 13.657773687367023 13.99305153243434 14.30963683411052
3261528 128 14399.394 14723.79 14936.384 55.900488900124685 56.7076254143804 57.985160208825455 13.975122225031171 14.1769063535951 14.496290052206364
3261528 256 28615.585 29306.02 29471.806 56.661011408666305 56.98154631710481 58.35639341289022 14.165252852166576 14.245386579276202 14.589098353222555

3587680 1 388.381 396.742 398.904 17.98768626035337 18.085708092412702 18.475054134986006 4.496921565088343 4.5214270231031755 4.618763533746502
3587680 2 608.223 612.293 615.579 23.31255614632728 23.437667913890902 23.5945039894907 5.82813903658182 5.8594169784727255 5.898625997372675
3587680 4 692.929 706.431 713.501 40.226208512672024 40.62879460272836 41.42046299115783 10.056552128168006 10.15719865068209 10.355115747789457
3587680 8 1171.619 1202.116 1202.204 47.74803610701679 47.751531466181305 48.99449394385036 11.937009026754197 11.937882866545326 12.24862348596259
3587680 16 2167.0 2198.762 2203.341 52.10530734915749 52.213818503321406 52.979123211813565 13.026326837289373 13.053454625830351 13.244780802953391
3587680 32 4089.974 4209.972 4234.167 54.22826260749753 54.539916179965104 56.140092822105956 13.557065651874382 13.634979044991276 14.035023205526489
3587680 64 7981.8 8206.367 8269.429 55.532617790176324 55.95935936084749 57.53376932521486 13.883154447544081 13.989839840211873 14.383442331303716
3587680 128 15882.531 16174.111 16273.254 56.438993700952494 56.78494972613951 57.82743820868349 14.109748425238124 14.196237431534877 14.456859552170872
3587680 256 31388.768 32140.945 32173.764 57.092858640972196 57.15115594765494 58.52068357700437 14.273214660243049 14.287788986913736 14.630170894251092

3946448 1 436.91 443.337 480.282 16.43387842975585 17.803377566050205 18.065267446384837 4.108469607438963 4.450844391512551 4.516316861596209
3946448 2 681.504 691.274 745.476 21.175452999157585 22.83579593619896 23.163168521387988 5.293863249789396 5.70894898404974 5.790792130346997
3946448 4 781.076 795.117 821.104 38.45016465636509 39.70684062848613 40.420630002714205 9.612541164091272 9.926710157121532 10.105157500678551
3946448 8 1315.615 1341.692 1360.27 46.41958434722518 47.062342176893054 47.995171839785954 11.604896086806296 11.765585544223264 11.998792959946488
3946448 16 2409.708 2470.815 2472.616 51.073978329024804 51.11120662615372 52.40731906106466 12.768494582256201 12.77780165653843 13.101829765266165
3946448 32 4590.625 4704.806 4781.061 52.827745138579076 53.6839716664194 55.01923420013615 13.206936284644769 13.42099291660485 13.754808550034037
3946448 64 8955.405 9213.298 9227.426 54.74390626378364 54.827852523602296 56.406755920028175 13.68597656594591 13.706963130900574 14.101688980007044
3946448 128 17785.72 18185.903 18476.72 54.679114474863496 55.55350691136976 56.803474247879755 13.669778618715874 13.88837672784244 14.200868561969939
3946448 256 35308.855 36113.905 36156.653 55.88408241216354 55.950232355099786 57.225910497522506 13.971020603040886 13.987558088774946 14.306477624380626

4341088 1 471.73 484.808 487.929 17.793933133714127 17.908483358360424 18.404968944099377 4.448483283428532 4.477120839590106 4.601242236024844
4341088 2 762.313 769.466 770.772 22.528519458413122 22.56675668580548 22.778506991222763 5.6321298646032805 5.64168917145137 5.694626747805691
4341088 4 841.932 868.9 870.078 39.91447203584047 39.968585567959494 41.248822945321 9.978618008960117 9.992146391989873 10.31220573633025
4341088 8 1442.014 1475.623 1491.523 46.56811058227061 47.069887091757174 48.166944287642146 11.642027645567653 11.767471772939293 12.041736071910536
4341088 16 2633.112 2699.042 2715.157 51.162719503881355 51.46819352940784 52.756896022653045 12.790679875970339 12.86704838235196 13.189224005663261
4341088 32 5085.264 5148.038 5417.885 51.28009029353705 53.96806161881478 54.63425930295851 12.820022573384263 13.492015404703695 13.658564825739628
4341088 64 9918.971 10090.631 10175.884 54.605502971535444 55.066850031479696 56.019849639645074 13.651375742883861 13.766712507869924 14.004962409911268
4341088 128 19330.196 19886.572 19979.325 55.62342711778301 55.88286045478325 57.491322281470914 13.905856779445752 13.970715113695812 14.372830570367729

4775192 1 529.46 536.647 539.131 17.714403363931957 17.796398750016305 18.037970762663846 4.428600840982989 4.449099687504076 4.509492690665962
4775192 2 860.629 876.834 877.817 21.75939632064542 21.783790318349883 22.193962787682032 5.439849080161355 5.445947579587471 5.548490696920508
4775192 4 954.445 987.836 989.143 38.62084248688006 38.67194149636175 40.02486890287025 9.655210621720014 9.667985374090437 10.006217225717563
4775192 8 1618.213 1679.031 1685.679 45.32480501922371 45.504265257758796 47.214471766077764 11.331201254805928 11.376066314439699 11.803617941519441
4775192 16 3002.551 3067.697 3127.364 48.86100370791504 49.811354902390946 50.89210607913071 12.21525092697876 12.452838725597736 12.723026519782678
4775192 32 5708.405 5901.941 5969.63 51.19451088258401 51.781657593662835 53.53724691923576 12.798627720646003 12.945414398415709 13.38431172980894
4775192 64 11215.033 11527.739 11555.691 52.89381448500138 53.022069288695725 54.50047057373795 13.223453621250345 13.255517322173931 13.625117643434487
4775192 128 22134.551 22743.093 23107.637 52.90238686024019 53.75034750110726 55.22809800840325 13.225596715060048 13.437586875276814 13.807024502100813

5252704 1 574.681 577.874 578.073 18.17315114181081 18.179409352211728 18.28041643972917 4.543287785452702 4.544852338052932 4.570104109932292
5252704 2 974.022 993.147 993.302 21.152495414284882 21.15579667461111 21.57119243713181 5.2881238535712205 5.288949168652778 5.3927981092829524
5252704 4 1070.351 1108.378 1112.391 37.77595467780663 37.91272652470548 39.259674630097976 9.443988669451658 9.47818163117637 9.814918657524494
5252704 8 1804.94 1860.691 1887.296 44.53104547458374 45.16777046806805 46.56291289461146 11.132761368645935 11.291942617017012 11.640728223652864
5252704 16 3291.377 3427.541 3439.913 48.863598585196776 49.03997588942043 51.068755721389564 12.215899646299194 12.259993972355108 12.767188930347391
5252704 32 6269.972 6532.06 6537.415 51.422933376571635 51.46509003285335 53.6163568194563 12.855733344142909 12.866272508213337 13.404089204864075
5252704 64 12303.323 12838.277 12883.031 52.188503776789794 52.370431951265736 54.6475218117902 13.047125944197449 13.092607987816434 13.66188045294755
5252704 128 24469.675 25358.387 25596.596 52.534025383687734 53.0275140922804 54.95341576870147 13.133506345921933 13.2568785230701 13.738353942175367

5777968 1 630.746 635.329 635.677 18.178943079582865 18.188900553886256 18.321061092737807 4.544735769895716 4.547225138471564 4.580265273184452
5777968 2 1091.514 1099.96 1101.514 20.981913983844056 21.011556783883048 21.174141605146616 5.245478495961014 5.252889195970762 5.293535401286654
5777968 4 1253.66 1256.37 1274.717 36.261965597069775 36.791505687018955 36.87103680423719 9.065491399267444 9.197876421754739 9.217759201059298
5777968 8 2067.342 2131.651 2168.223 42.63744458019309 43.368960491187345 44.718042781503975 10.659361145048273 10.842240122796836 11.179510695375994
5777968 16 3726.291 3871.916 3890.033 47.53043894486242 47.752837613212684 49.61903834134264 11.882609736215604 11.938209403303171 12.40475958533566
5777968 32 7129.324 7352.097 7413.424 49.88112807253436 50.29720799385535 51.86886610848378 12.47028201813359 12.574301998463838 12.967216527120945
5777968 64 13879.785 14340.396 14465.149 51.12839860826874 51.57318556614475 53.2846801301317 12.782099652067185 12.893296391536188 13.321170032532924
5777968 128 27556.877 28820.343 29045.03 50.926434161025135 51.32346301360813 53.67661248406341 12.731608540256284 12.830865753402032 13.419153121015853

6355760 1 700.705 708.645 714.447 17.792110541439744 17.937782669742962 18.14104366316781 4.448027635359936 4.4844456674357405 4.535260915791953
6355760 2 1243.12 1245.298 1256.181 20.23835737047448 20.415225913797343 20.450994272475707 5.05958934261862 5.103806478449336 5.112748568118927
6355760 4 1424.36 1438.025 1473.721 34.501835829169835 35.35827263086525 35.697492207026315 8.625458957292459 8.839568157716313 8.924373051756579
6355760 8 2366.75 2460.071 2491.788 40.81091970906032 41.3370833606022 42.96700538713426 10.20272992726508 10.33427084015055 10.741751346783564
6355760 16 4380.326 4437.319 4459.561 45.606354526824504 45.83495574692736 46.431320408572326 11.401588631706126 11.45873893673184 11.607830102143081
6355760 32 8487.477 8607.885 8631.635 47.12532909466167 47.255352505290205 47.925742832646264 11.781332273665418 11.813838126322551 11.981435708161566
6355760 64 16272.575 16633.45 16919.108 48.08393444855368 48.90971385972242 49.994378885947675 12.02098361213842 12.227428464930606 12.498594721486919
6355760 128 32099.166 33428.017 33548.232 48.499562063359996 48.67397787909466 50.68899796337388 12.124890515839999 12.168494469773664 12.67224949084347

6991336 1 776.45 780.381 785.565 17.799509906882307 17.9177504321607 18.008464163822524 4.449877476720577 4.479437608040175 4.502116040955631
6991336 2 1433.96 1457.087 1468.313 19.045900976154265 19.192638462905784 19.502178582387234 4.761475244038566 4.798159615726446 4.875544645596809
6991336 4 1674.406 1701.893 1713.252 32.64592015652105 32.863809886990545 33.403301230406484 8.161480039130263 8.215952471747636 8.350825307601621
6991336 8 2857.065 2911.364 2936.812 38.08938944678788 38.422325755213016 39.15254850694681 9.52234736169697 9.605581438803254 9.788137126736702
6991336 16 5173.167 5259.706 5353.619 41.78906866551393 42.535220029408485 43.24676779234074 10.447267166378483 10.633805007352121 10.811691948085185
6991336 32 10003.939 10190.974 10250.794 43.64983863688998 43.9060588320606 44.72693246130349 10.912459659222495 10.97651470801515 11.181733115325873
6991336 64 19481.974 19618.83 20439.696 43.782011630701355 45.61388258117329 45.93430871019539 10.945502907675339 11.403470645293323 11.483577177548847
6991336 128 38130.713 38626.627 39152.077 45.71359052037009 46.33544668552084 46.93806842793629 11.428397630092523 11.58386167138021 11.734517106984072

7690464 1 847.63 862.845 863.066 17.82126511761557 17.825829668132748 18.14580418342909 4.455316279403893 4.456457417033187 4.536451045857272
7690464 2 1559.872 1592.145 1627.284 18.903802901030183 19.321014103614935 19.720756574898452 4.725950725257546 4.830253525903734 4.930189143724613
7690464 4 1913.455 1959.364 1963.752 31.329675030248218 31.39983790658602 32.15320558884322 7.8324187575620545 7.849959476646505 8.038301397210805
7690464 8 3256.687 3292.435 3305.317 37.22711739902709 37.372772431346405 37.78300585840764 9.306779349756772 9.343193107836601 9.44575146460191
7690464 16 5946.304 5984.963 6013.154 40.9260843810087 41.1188587130781 41.386186780897845 10.231521095252175 10.279714678269524 10.346546695224461
7690464 32 11201.728 11293.586 11314.518 43.50072146246088 43.58134750113914 43.93872945317008 10.87518036561522 10.895336875284785 10.98468236329252
7690464 64 21977.962 22224.771 22254.949 44.231932052506615 44.291992569912196 44.78938456623048 11.057983013126654 11.072998142478049 11.19734614155762
7690464 128 43699.677 44030.263 46544.228 42.298666635957524 44.71376389461948 45.052021414254384 10.574666658989381 11.17844097365487 11.263005353563596

8459504 1 942.15 952.841 958.702 17.647828000776048 17.756381180070964 17.957870827362946 4.411957000194012 4.439095295017741 4.4894677068407365
8459504 2 1740.738 1762.456 1792.52 18.8773436279651 19.199353629253725 19.438890861232416 4.719335906991275 4.799838407313431 4.859722715308104
8459504 4 2195.673 2246.127 2253.702 30.02882901111149 30.130100390583433 30.822454891962508 7.507207252777873 7.532525097645858 7.705613722990627
8459504 8 3711.423 3735.726 3764.284 35.95692142250691 36.23179644331517 36.46904812520696 8.989230355626727 9.057949110828792 9.11726203130174
8459504 16 6733.08 6831.693 6850.965 39.51328433293703 39.62475011684512 40.2050960333161 9.878321083234258 9.90618752921128 10.051274008329026
8459504 32 12855.723 13033.482 13056.201 41.46751846115114 41.53980156645783 42.1141818317025 10.366879615287784 10.384950391614458 10.528545457925626
8459504 64 25167.333 25326.789 25420.158 42.59676560625626 42.753801597194176 43.02468251204846 10.649191401564066 10.688450399298544 10.756170628012114

9305448 1 1020.847 1030.507 1033.088 18.01482158344691 18.0599413686661 18.230837725927586 4.5037053958617275 4.514985342166525 4.5577094314818964
9305448 2 1906.957 1926.698 1928.793 19.297971321961455 19.31895502045468 19.518946677874748 4.824492830490364 4.82973875511367 4.879736669468687
9305448 4 2464.023 2512.851 2524.229 29.491612686487635 29.625148486718867 30.212211493155703 7.372903171621909 7.406287121679717 7.553052873288926
9305448 8 4127.281 4170.382 4172.609 35.682032033195526 35.701086375300875 36.07391112938518 8.920508008298881 8.925271593825219 9.018477782346295
9305448 16 7493.24 7561.796 7580.036 39.28402661939864 39.37878461677622 39.73906294206511 9.82100665484966 9.844696154194056 9.934765735516278
9305448 32 14326.707 14359.674 14372.822 41.43575089150898 41.47369028015538 41.569124851928635 10.358937722877245 10.368422570038845 10.392281212982159
9305448 64 27954.894 28011.356 28012.495 42.52021621065885 42.521945171094174 42.607829026287845 10.630054052664713 10.630486292773544 10.651957256571961

10235992 1 1112.57 1130.076 1135.228 18.033367746391033 18.115581606900772 18.400625578615276 4.508341936597758 4.528895401725193 4.600156394653819
10235992 2 2130.236 2139.957 2165.928 18.903660694168966 19.133079776836635 19.22039060460907 4.7259151735422416 4.783269944209159 4.805097651152267
10235992 4 2911.667 2954.984 2992.031 27.368679000986283 27.711803515687393 28.124073254256068 6.842169750246571 6.927950878921848 7.031018313564017
10235992 8 4783.695 4800.739 4822.448 33.961148362823195 34.11472108773254 34.23626966184089 8.490287090705799 8.528680271933135 8.559067415460223
10235992 16 8501.058 8562.664 8598.887 38.09234195076641 38.25348559747293 38.53070335480595 9.523085487691603 9.563371399368233 9.632675838701488
10235992 32 16139.987 16238.925 16238.939 40.34152034193859 40.34155512141352 40.58884855359549 10.085380085484648 10.08538878035338 10.147212138398872
10235992 64 31372.193 31663.708 31692.063 41.34180144725826 41.37882322563106 41.763321295390476 10.335450361814566 10.344705806407765 10.440830323847619

11259584 1 1249.52 1265.269 1276.025 17.64790501753492 17.797929136017714 18.022254945899224 4.41197625438373 4.449482284004429 4.505563736474806
11259584 2 2438.192 2442.866 2464.565 18.274355109319494 18.436678884556088 18.472021891631176 4.5685887773298735 4.609169721139022 4.618005472907794
11259584 4 3464.12 3523.07 3562.074 25.287703736643312 25.567664565279713 26.002757410251377 6.321925934160828 6.391916141319928 6.500689352562844
11259584 8 5587.693 5682.267 5738.056 31.396233149345356 31.704484143388548 32.24109556484223 7.849058287336339 7.926121035847137 8.060273891210558
11259584 16 9898.391 10026.484 10128.266 35.57437057833987 35.93549722913835 36.40053095498046 8.893592644584967 8.983874307284587 9.100132738745115
11259584 32 18502.213 18651.319 18779.428 38.37248802253189 38.63605442596312 38.94741542538722 9.593122005632972 9.65901360649078 9.736853856346805
11259584 64 35945.12 36037.78 36656.609 39.31696878999364 39.992106949984155 40.09519934833991 9.82924219749841 9.998026737496039 10.023799837084978

12385536 1 1361.102 1384.146 1387.282 17.855830321448707 17.896285507453694 18.199276762505676 4.463957580362177 4.4740713768634235 4.549819190626419
12385536 2 2678.993 2696.091 2706.372 18.30574067423104 18.375545929273162 18.4928232361936 4.57643516855776 4.5938864823182906 4.6232058090484
12385536 4 3982.524 4027.156 4027.599 24.60132898036771 24.604035204993306 24.879771722656287 6.150332245091928 6.151008801248326 6.219942930664072
12385536 8 6497.848 6608.366 6639.403 29.8473486245676 29.987530351678465 30.497570272496375 7.4618371561419 7.496882587919616 7.624392568124094
12385536 16 11588.019 11726.043 11744.965 33.74528165899175 33.79973551180053 34.2023215529764 8.436320414747938 8.449933877950132 8.5505803882441
12385536 32 21425.519 21688.035 21918.988 36.163818512059045 36.54892220526202 36.99673758194609 9.040954628014761 9.137230551315506 9.249184395486523
12385536 64 41068.172 41213.836 41745.457 37.97655414336463 38.46641715175457 38.60285303178335 9.494138535841158 9.616604287938642 9.650713257945837

13624088 1 1500.472 1518.847 1523.937 17.88011971623499 17.94004004353302 18.159736402945207 4.4700299290587475 4.485010010883255 4.539934100736302
13624088 2 2949.425 2988.944 2989.512 18.229179879525486 18.23264403749284 18.476941098688727 4.557294969881371 4.55816100937321 4.619235274672182
13624088 4 4433.936 4455.989 4459.957 24.438061622567208 24.45982339723011 24.581478848589608 6.109515405641802 6.114955849307528 6.145369712147402
13624088 8 7384.397 7406.744 7425.095 29.357928484416696 29.430665890437147 29.519730317858045 7.339482121104174 7.357666472609287 7.379932579464511
13624088 16 13143.827 13192.28 13224.124 32.967840894413875 33.04741985464226 33.16924484779053 8.241960223603469 8.261854963660564 8.292311211947633
13624088 32 24646.0 24765.127 24784.584 35.1808056169109 35.20844581172549 35.378626633125045 8.795201404227726 8.802111452931372 8.844656658281261
13624088 64 47094.562 47512.496 47519.794 36.69803922129797 36.70367610238788 37.02939766166633 9.174509805324492 9.17591902559697 9.257349415416583

14986496 1 1655.016 1670.545 1673.825 17.906885128373634 17.94204406346432 18.110394098909012 4.476721282093409 4.48551101586608 4.527598524727253
14986496 2 3246.575 3295.18 3296.455 18.184984779103615 18.192021073203893 18.46437676628447 4.546246194775904 4.548005268300973 4.6160941915711176
14986496 4 4883.571 4936.87 4937.5 24.281917569620255 24.285016214727143 24.550061420218935 6.070479392405064 6.071254053681786 6.137515355054734
14986496 8 8122.212 8204.514 8231.651 29.129507069723925 29.225854937903698 29.52199917953385 7.282376767430981 7.3064637344759245 7.3804997948834625
14986496 16 14549.188 14695.348 14782.194 32.442266148042705 32.63399219943617 32.96183072209941 8.110566537010676 8.158498049859043 8.240457680524852
14986496 32 27255.168 27449.031 27784.122 34.52100246320543 34.94242634648925 35.19096796614866 8.630250615801357 8.735606586622312 8.797741991537166
14986496 64 52451.65 52642.157 53504.092 35.85279959521601 36.43983448474575 36.57218577489936 8.963199898804003 9.109958621186438 9.14304644372484

16485144 1 1810.083 1849.026 1867.936 17.650651842461414 17.831165164794868 18.214793465272034 4.412662960615354 4.457791291198717 4.553698366318009
16485144 2 3603.145 3621.074 3631.231 18.15928978354723 18.210226026863854 18.300838850504213 4.5398224458868075 4.5525565067159635 4.575209712626053
16485144 4 5351.709 5430.12 5442.709 24.230792423405333 24.286968243795716 24.642810735785524 6.057698105851333 6.071742060948929 6.160702683946381
16485144 8 8899.709 9031.414 9056.299 29.124734507992724 29.20498429149632 29.637182968566723 7.281183626998181 7.30124607287408 7.409295742141681
16485144 16 15954.071 16223.189 16263.435 32.43623551851131 32.51670235734787 33.06520373389338 8.109058879627828 8.129175589336967 8.266300933473344
16485144 32 29951.252 30509.715 30536.896 34.549982290276 34.580762750487835 35.22554636447251 8.637495572569 8.645190687621959 8.806386591118127
16485144 64 57662.987 58903.76 59061.481 35.7271506957301 35.822813891676866 36.59363730151544 8.931787673932526 8.955703472919216 9.14840932537886

18133656 1 1985.567 2023.239 2023.763 17.92073083656535 17.925372138437428 18.265468755272423 4.480182709141338 4.481343034609357 4.566367188818106
18133656 2 3911.519 3988.925 3995.605 18.153602270494705 18.18400295819049 18.54385061148879 4.538400567623676 4.5460007395476225 4.635962652872197
18133656 4 5863.626 5969.141 5988.512 24.22459001501542 24.303203425752553 24.740535634435076 6.056147503753855 6.075800856438138 6.185133908608769
18133656 8 9765.437 9872.615 9888.011 29.342452794601463 29.38821133002756 29.7107539580666 7.335613198650366 7.34705283250689 7.42768848951665
18133656 16 17361.857 17687.623 17720.03 32.74695313721253 32.8069516180891 33.42251880084026 8.186738284303132 8.201737904522275 8.355629700210065
18133656 32 32647.518 33034.684 33063.817 35.100423644372334 35.131378402166646 35.54800043298851 8.775105911093084 8.782844600541662 8.887000108247127

19947016 1 2187.239 2236.622 2241.022 17.80171368241811 17.836734146404716 18.239447998138292 4.450428420604528 4.459183536601179 4.559861999534573
19947016 2 4317.947 4406.354 4409.235 18.095670564168163 18.107502030023007 18.47824070096275 4.523917641042041 4.526875507505752 4.619560175240688
19947016 4 6505.34 6611.378 6624.037 24.090464470533604 24.136591191730382 24.530021182597682 6.022616117633401 6.0341477979325955 6.132505295649421
19947016 8 10851.331 11006.046 11030.545 28.933498390152078 28.997903152503635 29.41134649749418 7.2333745975380195 7.249475788125909 7.352836624373545
19947016 16 19551.809 19717.945 19815.883 32.21176225152318 32.371756387392296 32.64682628599738 8.052940562880796 8.092939096848074 8.161706571499344
19947016 32 36646.634 37101.637 37246.399 34.274696568653525 34.40842850141626 34.835642040139355 8.568674142163381 8.602107125354065 8.708910510034839

21941712 1 2415.5 2462.93 2465.695 17.797588103962575 17.81756850580406 18.167428689712274 4.449397025990644 4.454392126451015 4.5418571724280685
21941712 2 4770.312 4866.333 4868.494 18.027514874209558 18.035520380541158 18.398555063065057 4.5068787185523895 4.508880095135289 4.599638765766264
21941712 4 7172.83 7274.157 7288.438 24.083856650766595 24.131139319648998 24.472027916456963 6.020964162691649 6.0327848299122495 6.118006979114241
21941712 8 11967.261 12059.354 12139.335 28.91982073153101 29.11162505056241 29.335650989812954 7.229955182882753 7.277906262640602 7.333912747453239
21941712 16 21467.108 21594.723 21674.081 32.395135184739786 32.5141833956379 32.70746967872896 8.098783796184946 8.128545848909475 8.17686741968224
21941712 32 40403.295 40599.695 40735.962 34.472478347264754 34.588180231403214 34.7563130185298 8.618119586816189 8.647045057850804 8.68907825463245

24135880 1 2650.466 2708.475 2714.722 17.781474493520882 17.82248682376614 18.212555829805023 4.4453686233802205 4.455621705941535 4.553138957451256
24135880 2 5250.601 5345.945 5353.747 18.0328879941469 18.05920562220524 18.387137015362622 4.508221998536725 4.51480140555131 4.596784253840656
24135880 4 7949.483 8035.968 8048.611 23.9901071128919 24.027850782880172 24.289257552975457 5.997526778222975 6.006962695720043 6.072314388243864
24135880 8 13168.347 13339.943 13361.112 28.902839823511695 28.94870540301409 29.325934378855596 7.225709955877924 7.237176350753522 7.331483594713899
24135880 16 23565.439 23934.464 23978.09 32.210578907661116 32.26929000791495 32.77461370441688 8.052644726915279 8.067322501978737 8.19365342610422
24135880 32 44336.203 44767.389 45021.06 34.31052756198988 34.50494555311233 34.840518932124155 8.57763189049747 8.626236388278082 8.710129733031039

26549464 1 2924.187 2986.513 2990.144 17.757983561995676 17.77957370351309 18.15852679736282 4.439495890498919 4.444893425878273 4.539631699340705
26549464 2 5774.95 5913.524 6182.083 17.178329051874588 17.958472139455253 18.389398349769262 4.294582262968647 4.489618034863813 4.597349587442316
26549464 4 8686.416 8805.421 8860.602 23.970799275263687 24.121017268793846 24.45147826215093 5.992699818815922 6.0302543171984615 6.112869565537732
26549464 8 14502.596 14561.362 14747.491 28.804318239624624 29.172506253192523 29.290716227632625 7.201079559906156 7.293126563298131 7.322679056908156
26549464 16 26054.096 26106.913 26412.793 32.16558158010779 32.542447588498874 32.60841780885431 8.041395395026948 8.135611897124718 8.152104452213578
26549464 32 49048.703 49234.311 49646.939 34.224984061957976 34.51182034414983 34.64241849575512 8.556246015489494 8.627955086037458 8.66060462393878

29204408 1 3199.38 3289.963 3295.645 17.72303024142467 17.75363917466549 18.256292156605344 4.4307575603561675 4.438409793666373 4.564073039151336
29204408 2 6345.561 6476.746 6483.466 18.017775060438353 18.036469548134203 18.40934662829654 4.504443765109588 4.509117387033551 4.602336657074135
29204408 4 9527.391 9699.136 9717.563 24.042577753290615 24.088255283769605 24.52248091843822 6.010644438322654 6.022063820942401 6.130620229609555
29204408 8 15883.927 16129.76 16149.352 28.934320584503944 28.96946563371061 29.41782142413523 7.233580146125986 7.242366408427652 7.3544553560338075
29204408 16 28576.337 28967.878 29016.946 32.206733816853095 32.26128803773614 32.70331869336508 8.051683454213274 8.065322009434036 8.17582967334127
29204408 32 53840.0 54437.564 54648.041 34.202179580417166 34.33441863783618 34.71549242199109 8.550544895104291 8.583604659459045 8.678873105497772

32124848 1 3526.646 3607.192 3611.626 17.789686972017588 17.81155425050843 18.218357045192512 4.447421743004397 4.452888562627107 4.554589261298128
32124848 2 6979.608 7136.236 7143.395 17.98856034140629 18.006606283760792 18.410688967059468 4.497140085351573 4.501651570940198 4.602672241764867
32124848 4 10513.625 10695.789 10702.624 24.012689224623795 24.02803421047292 24.444355205744923 6.003172306155949 6.00700855261823 6.111088801436231
32124848 8 17535.585 17837.949 17838.056 28.814662763700255 28.814835606941127 29.311686379439294 7.203665690925064 7.203708901735282 7.3279215948598235
32124848 16 31528.59 31943.634 32057.664 32.06706315219974 32.181533760373036 32.60517314602397 8.016765788049934 8.045383440093259 8.151293286505993
32124848 32 59496.675 60064.072 60356.642 34.06402682243323 34.22995150911513 34.556389445292524 8.516006705608307 8.557487877278783 8.639097361323131

35337328 1 3840.329 3947.141 3947.484 17.90372196568751 17.90527776940322 18.40328159384261 4.475930491421877 4.476319442350805 4.600820398460653
35337328 2 7597.986 7787.217 7804.183 18.111993529623792 18.151454107417322 18.603523617969287 4.527998382405948 4.537863526854331 4.650880904492322
35337328 4 11453.139 11712.368 11725.086 24.110579999157366 24.136760730195636 24.683069331473234 6.0276449997893415 6.034190182548909 6.170767332868309
35337328 8 19188.482 19515.651 19541.962 28.93247095660098 28.97147771293922 29.465449533735917 7.233117739150245 7.242869428234805 7.366362383433979
35337328 16 34570.341 35109.587 35131.079 32.18786693115803 32.20757042798596 32.70996071459058 8.046966732789507 8.05189260699649 8.177490178647645

38871056 1 4264.637 4377.699 4389.642 17.71035360058975 17.75867002276767 18.22947932027978 4.427588400147438 4.439667505691918 4.557369830069945
38871056 2 8428.482 8648.506 8656.906 17.960715294817803 17.9781599272753 18.44747654441215 4.490178823704451 4.494539981818825 4.611869136103038
38871056 4 12775.063 13006.056 13027.342 23.870444792191684 23.909511692091744 24.341832834796982 5.967611198047921 5.977377923022936 6.0854582086992455
38871056 8 21464.541 21727.948 21823.424 28.498593804528568 28.62382108057328 28.97508481546379 7.124648451132142 7.15595527014332 7.243771203865948
38871056 16 38738.821 39194.3 39457.201 31.52463328556934 31.736088972120946 32.10923202851217 7.881158321392335 7.9340222430302365 8.027308007128042

42758160 1 4687.526 4803.281 4805.878 17.794109629915702 17.80373040844373 18.243380410049994 4.448527407478926 4.450932602110933 4.5608451025124985
42758160 2 9295.265 9509.806 9526.897 17.952607234023837 17.984871615677545 18.39997461072923 4.488151808505959 4.496217903919386 4.599993652682308
42758160 4 14072.681 14322.939 14345.944 23.844041214715464 23.88233867364792 24.307044265410408 5.961010303678866 5.97058466841198 6.076761066352602
42758160 8 23605.485 24030.736 24057.511 28.43729594470517 28.46898072535107 28.981847227455827 7.1093239861762925 7.1172451813377675 7.245461806863957
42758160 16 42670.533 43216.573 43399.198 31.527336518983603 31.660565033696685 32.065714295155395 7.881834129745901 7.915141258424171 8.016428573788849

47033976 1 5121.628 5246.791 5264.529 17.868256020624067 17.92866382518381 18.366806804398916 4.467064005156017 4.482165956295953 4.591701701099729
47033976 2 10134.383 10360.886 10381.365 18.12246308650163 18.15828337460715 18.564120183734914 4.530615771625407 4.539570843651788 4.641030045933729
47033976 4 15359.087 15585.416 15619.457 24.089941666986245 24.14255788873393 24.498318682614403 6.022485416746561 6.035639472183482 6.124579670653601
47033976 8 25554.222 26094.45 26098.491 28.83475584852779 28.83922121370636 29.448895607152505 7.208688962131948 7.20980530342659 7.362223901788126
47033976 16 46208.172 47094.565 47130.436 31.934506865160333 31.958830748303967 32.57188429786835 7.983626716290083 7.989707687075992 8.142971074467088

51737368 1 5681.249 5806.597 5811.743 17.804423905186447 17.8202027797004 18.213378079362478 4.451105976296612 4.4550506949251 4.5533445198406195
51737368 2 11260.76 11490.045 11512.497 17.976071741864516 18.01119769330755 18.37793115207144 4.494017935466129 4.502799423326888 4.59448278801786
51737368 4 17035.397 17349.669 17356.823 23.846469137813987 23.856302042419365 24.29640729828603 5.961617284453497 5.964075510604841 6.074101824571508
51737368 8 28728.261 29101.705 29161.958 28.386224546376482 28.444996195240105 28.81475798343659 7.0965561365941205 7.111249048810026 7.203689495859147
51737368 16 51861.418 52485.783 52566.558 31.495228886776264 31.543699671966404 31.92345754988805 7.873807221694066 7.885924917991601 7.980864387472012

56911104 1 6287.222 6380.819 6395.526 17.79716132809092 17.838181587661396 18.10373611747764 4.44929033202273 4.459545396915349 4.52593402936941
56911104 2 12415.544 12632.414 12661.84 17.97877843978442 18.02065828431525 18.33543628857503 4.494694609946105 4.505164571078812 4.583859072143757
56911104 4 18822.392 19087.6 19100.954 23.835921074936884 23.85259707873174 24.1886808010374 5.958980268734221 5.963149269682935 6.04717020025935
56911104 8 31636.497 32048.435 32055.019 28.4067110988142 28.412546946520163 28.782505977194628 7.10167777470355 7.103136736630041 7.195626494298657
56911104 16 57303.11 57854.322 58011.408 31.393055103920247 31.47829349724295 31.781090555119956 7.848263775980062 7.869573374310738 7.945272638779989

62602208 1 6931.905 7064.446 7065.478 17.720586774171544 17.72317546202491 18.06205018678127 4.430146693542886 4.430793865506227 4.515512546695318
62602208 2 13760.336 13968.081 14001.16 17.88486325418751 17.92721791919735 18.19787191243005 4.471215813546878 4.4818044797993375 4.549467978107512
62602208 4 20745.578 21067.094 21098.411 23.73722191685431 23.7725081589326 24.140935673134777 5.934305479213577 5.94312703973315 6.035233918283694
62602208 8 34811.876 35266.401 35660.818 28.087839375978426 28.401971837160254 28.772805234627405 7.0219598439946065 7.100492959290063 7.193201308656851
62602208 16 62988.234 63318.388 63666.904 31.464866832538306 31.638055220230815 31.8038866750892 7.866216708134576 7.909513805057704 7.9509716687723

68862424 1 7623.346 7752.26 7769.27 17.72687112173988 17.76576740202212 18.066194030810095 4.43171778043497 4.44144185050553 4.516548507702524
68862424 2 15124.515 15367.823 15377.824 17.912137373922345 17.923794150934718 18.21213414116089 4.478034343480586 4.4809485377336795 4.553033535290223
68862424 4 22815.633 23140.17 23146.236 23.800819796359114 23.807058980119855 24.14569834639258 5.950204949089779 5.951764745029964 6.036424586598145
68862424 8 38427.041 38701.15 38834.197 28.37186987540904 28.469406826412136 28.672485711298982 7.09296746885226 7.117351706603034 7.168121427824746

75748664 1 8331.572 8471.644 8475.035 17.875717091433838 17.882872320886 18.183522629342935 4.4689292728584595 4.4707180802215 4.545880657335734
75748664 2 16507.28 16781.173 16868.927 17.961702958344652 18.05563031857189 18.355213941969847 4.490425739586163 4.513907579642972 4.588803485492462
75748664 4 24979.845 25262.108 25280.593 23.970533919042165 23.9880738377019 24.259130190759787 5.992633479760541 5.997018459425475 6.064782547689947
75748664 8 41952.304 42266.543 42348.377 28.619246116563094 28.67465702127567 28.889441304582462 7.1548115291407735 7.168664255318918 7.2223603261456155

83323528 1 9191.889 9320.212 9325.682 17.86969103171221 17.88017869121432 18.129794213137256 4.467422757928053 4.47004467280358 4.532448553284314
83323528 2 18238.496 18496.869 18513.288 18.002966950009096 18.018947531065933 18.27421032962367 4.500741737502274 4.504736882766483 4.568552582405918
83323528 4 27485.631 27809.295 27874.677 23.91375598719942 23.969979246147737 24.252243799678457 5.978438996799855 5.992494811536934 6.063060949919614
83323528 8 46197.366 46571.113 46628.246 28.591606212251687 28.62668212374482 28.85827837024301 7.147901553062922 7.156670530936205 7.2145695925607525

91655880 1 10184.606 10308.076 10323.462 17.756810651310577 17.783314752432947 17.99890540684637 4.439202662827644 4.445828688108237 4.499726351711592
91655880 2 20183.507 20505.651 20626.596 17.774310409725384 17.879145607227976 18.164510260778762 4.443577602431346 4.469786401806994 4.5411275651946905
91655880 4 30502.699 30989.702 31014.88 23.641782267092438 23.66099035092367 24.038759324215864 5.9104455667731095 5.915247587730917 6.009689831053966
91655880 8 51194.534 51658.107 51861.127 28.277327640797314 28.38845953065992 28.645520633120714 7.069331910199328 7.09711488266498 7.161380158280179

100821464 1 11232.126 11357.077 11386.704 17.708629995124138 17.75482617578449 17.952338497627252 4.4271574987810345 4.438706543946123 4.488084624406813
100821464 2 22197.889 22504.99 22718.585 17.75136330013511 17.919841599574138 18.167757123211132 4.437840825033778 4.4799603998935345 4.541939280802783
100821464 4 33545.832 33971.937 34016.475 23.71120793674242 23.742293882153376 24.04387263371497 5.927801984185605 5.935573470538344 6.010968158428742
100821464 8 56411.928 56983.866 56988.442 28.30650158851509 28.30877469773637 28.59578605432525 7.0766253971287725 7.077193674434093 7.148946513581312

110903608 1 12228.581 12414.737 12430.269 17.844120348481596 17.866445016112706 18.13842636361488 4.461030087120399 4.466611254028177 4.53460659090372
110903608 2 24349.584 24554.169 24633.759 18.008393765644943 18.066766258715578 18.218563076888707 4.502098441411236 4.5166915646788945 4.554640769222177
110903608 4 36739.577 37104.502 37130.205 23.895070441975744 23.911623015449717 24.14913116718791 5.973767610493936 5.977905753862429 6.037282791796978
110903608 8 61642.996 62359.104 62383.712 28.44424724197239 28.455471842571697 28.786039666209607 7.111061810493098 7.113867960642924 7.196509916552402

121993968 1 13579.77 13738.546 13781.98 17.703402268759643 17.759371042612514 17.967015347093508 4.425850567189911 4.4398427606531286 4.491753836773377
121993968 2 26961.794 27254.869 27406.669 17.805004759972835 17.90417235173649 18.09879090389905 4.451251189993209 4.476043087934123 4.524697725974763
121993968 4 40797.912 41269.363 41335.109 23.61072143295909 23.64833554615321 23.92161010592895 5.902680358239772 5.912083886538302 5.980402526482237
121993968 8 68698.557 69393.592 69566.12 28.05824858422462 28.128007669641885 28.41258351321702 7.014562146056155 7.032001917410471 7.103145878304255

134193360 1 14947.182 15111.828 15145.71 17.720312880677106 17.760043325003437 17.95567351759014 4.4300782201692765 4.440010831250859 4.488918379397535
134193360 2 29660.796 30081.657 30277.092 17.728698647809374 17.84387874644007 18.09706792764429 4.432174661952343 4.460969686610017 4.524266981911072
134193360 4 44843.555 45346.332 45483.47 23.603011819458807 23.674392892461512 23.93982546655813 5.900752954864702 5.918598223115378 5.9849563666395325
134193360 8 75428.414 76250.411 76711.912 27.98905286052576 28.158454909836493 28.46531759238634 6.99726321513144 7.039613727459123 7.116329398096585

147612696 1 16387.749 16548.803 16588.415 17.797082602527123 17.839682543806944 18.01500572165219 4.449270650631781 4.459920635951736 4.503751430413048
147612696 2 32520.18 32877.353 32970.708 17.908344097433393 17.95919470767613 18.156442676516548 4.477086024358348 4.489798676919032 4.539110669129137
147612696 4 49451.857 49878.855 50171.207 23.53743588429116 23.67539447326928 23.87982251101308 5.88435897107279 5.91884861831732 5.96995562775327

162373960 1 17850.45 18067.947 18085.484 17.956274767100513 17.97370337648212 18.19270214476386 4.489068691775128 4.49342584412053 4.548175536190965
162373960 2 35490.724 35832.31 35944.019 18.069649918669363 18.12598294667578 18.300439292249997 4.517412479667341 4.531495736668945 4.575109823062499
162373960 4 53763.938 54377.627 54439.515 23.861191268878866 23.88834805167206 24.161021835863288 5.965297817219716 5.972087012918015 6.040255458965822

178611352 1 19787.916 19960.481 20010.28 17.85195929292344 17.896497784797873 18.05256824417488 4.46298982323086 4.474124446199468 4.51314206104372
178611352 2 39323.368 39673.926 39788.214 17.956207031559646 18.007933170011963 18.168469394584918 4.489051757889912 4.501983292502991 4.542117348646229
178611352 4 59521.204 60057.651 60302.611 23.695339095681945 23.79198640319782 24.006416536869786 5.923834773920486 5.947996600799455 6.001604134217446

196472480 1 21894.476 22043.183 22097.235 17.782539761196368 17.826144255119598 17.947219198121026 4.445634940299092 4.456536063779899 4.4868047995302565
196472480 2 43507.023 43896.352 44134.671 17.806633700747422 17.90330822934899 18.06351861859176 4.451658425186856 4.475827057337248 4.51587965464794
196472480 4 65847.519 66386.065 66520.147 23.62862848153357 23.67635195729706 23.869993340219846 5.907157120383393 5.919087989324265 5.9674983350549615

216119728 1 24117.667 24305.382 24309.698 17.780535817433847 17.78369317544567 17.92210896684161 4.445133954358462 4.4459232938614175 4.480527241710402
216119728 2 47976.268 48276.905 48375.647 17.870126098778588 17.906676328981735 18.018886170971033 4.467531524694647 4.476669082245434 4.504721542742758
216119728 4 72562.299 72975.869 73202.836 23.618727340017266 23.692185481203378 23.827219476604512 5.904681835004316 5.9230463703008445 5.956804869151128

237731696 1 26358.148 26449.951 26550.49 17.907895183855363 17.975964946022017 18.038573575047835 4.476973795963841 4.493991236505504 4.509643393761959
237731696 2 52348.439 52771.16 52820.237 18.003076813154017 18.019819613591967 18.165332188797453 4.500769203288504 4.504954903397992 4.541333047199363
237731696 4 79356.981 79828.541 80109.402 23.740703594317182 23.824230584397124 23.965800412694634 5.9351758985792955 5.956057646099281 5.9914501031736584

261504864 1 28922.258 29080.785 29131.519 17.95339707483156 17.984718363001548 18.083295156277217 4.48834926870789 4.496179590750387 4.520823789069304
261504864 2 57614.128 57887.265 58001.986 18.034200690990133 18.069940875596732 18.15560683310177 4.508550172747533 4.517485218899183 4.538901708275443
261504864 4 87495.48 87990.113 88094.452 23.7476806371416 23.77584072428683 23.910251272408587 5.9369201592854 5.9439601810717075 5.977562818102147

287655344 1 32079.107 32229.646 32325.122 17.797633926950066 17.850357028432764 17.934124163743085 4.449408481737517 4.462589257108191 4.483531040935771
287655344 2 63914.272 64389.666 64751.379 17.769835851681243 17.86965902261397 18.002573447132434 4.442458962920311 4.467414755653492 4.5006433617831085

316420872 1 35250.785 35431.757 35556.998 17.797952009334423 17.860862615421528 17.952557482053233 4.449488002333606 4.465215653855382 4.488139370513308
316420872 2 70317.42 70626.884 70925.609 17.8452255235482 17.920704076368427 17.999572339258183 4.46130638088705 4.480176019092107 4.499893084814546

348062952 1 38996.161 39303.679 39341.494 17.694445055899504 17.711469300367533 17.851139346768004 4.423611263974876 4.427867325091883 4.462784836692001
348062952 2 77813.529 78126.375 78412.342 17.755518742189842 17.820509501432774 17.892156105656127 4.438879685547461 4.4551273753581935 4.473039026414032

382869240 1 42896.265 43053.78 43232.09 17.712270676712603 17.785627185348186 17.850935973096956 4.428067669178151 4.446406796337047 4.462733993274239
382869240 2 85601.056 85892.799 86240.863 17.75813583869169 17.830097258793487 17.890865271568615 4.439533959672922 4.457524314698372 4.472716317892154

421156160 1 46525.613 46688.415 46867.205 17.972318170029553 18.041141897834827 18.104271296758625 4.493079542507388 4.510285474458707 4.526067824189656
421156160 2 92837.767 93354.496 93831.572 17.953707948109408 18.045458035572278 18.145897886578854 4.488426987027352 4.511364508893069 4.536474471644714

463271776 1 51310.284 51517.792 51653.342 17.937727088404078 17.98492357747009 18.057657837169643 4.484431772101019 4.496230894367523 4.514414459292411
463271776 2 102628.103 102886.8 103144.959 17.965852349604404 18.010931470314947 18.05633203607008 4.491463087401101 4.502732867578737 4.51408300901752

509598952 1 57103.155 57568.506 57732.269 17.653868826808107 17.704088134578306 17.84836414030013 4.413467206702027 4.426022033644577 4.462091035075033
509598952 2 114102.012 114566.52 115079.489 17.71293760263395 17.79224687980398 17.864678915565488 4.4282344006584875 4.448061719950995 4.466169728891372

560558840 1 62823.03 63108.607 63299.581 17.711297014746435 17.764893463739423 17.845648005198093 4.427824253686609 4.441223365934856 4.461412001299523

616614720 1 68101.806 68417.883 68612.25 17.973895915088047 18.024957597708774 18.108615797942274 4.493473978772012 4.506239399427193 4.527153949485569

678276192 1 75020.671 75306.702 75591.507 17.945830660579368 18.01370061326016 18.082381374594743 4.486457665144842 4.50342515331504 4.520595343648686

746103808 1 83113.795 83344.222 83737.904 17.81997810692754 17.90415196388779 17.953789933428016 4.454994526731885 4.476037990971948 4.488447483357004

820714184 1 91852.599 92154.022 92432.433 17.758143053531867 17.81179304360693 17.87024412885693 4.439535763382967 4.452948260901732 4.467561032214232

902785600 1 99708.096 99975.856 100351.161 17.99252925434515 18.060072423886023 18.108571644974543 4.498132313586288 4.515018105971506 4.527142911243636

993064160 1 111171.418 111582.939 112227.19 17.69738973238125 17.799569878689073 17.865458188182863 4.4243474330953125 4.449892469672268 4.466364547045716

META_DATA
FLOPS          4
OPENMP_THREADS 1
ERT_VERSION  1.1.0
HOSTNAME  ('laptop', [], ['127.0.1.1'])
UNAME  uname_result(system='Linux', node='laptop', release='6.8.0-84-generic', version='#84-Ubuntu SMP PREEMPT_DYNAMIC Fri Sep  5 22:36:38 UTC 2025', machine='x86_64')
TIMESTAMP_DATA  1765913920.159454
CONFIG  {'ERT_MPI': ['False'], 'ERT_OPENMP': ['True'], 'ERT_OPENMP_CFLAGS': ['-fopenmp'], 'ERT_OPENMP_LDFLAGS': ['-fopenmp'], 'ERT_PRECISION': ['FP64'], 'ERT_TRIALS_MIN': ['1'], 'ERT_TRIALS': ['3', '#', 'Run', 'each', 'test', '3', 'times', 'to', 'filter', 'out', 'background', 'noise'], 'ERT_RESULTS': ['Results/8250U'], 'ERT_GNUPLOT': ['gnuplot'], 'ERT_DRIVER': ['driver1'], 'ERT_KERNEL': ['kernel1'], 'ERT_CC': ['g++'], 'ERT_LD': ['g++'], 'ERT_CFLAGS': ['-O3', '-march=native', '-fopenmp', '-fstrict-aliasing', '-funroll-loops', '-Wno-all'], 'ERT_LDFLAGS': ['-O3', '-march=native', '-fopenmp'], 'ERT_LDLIBS': ['-lm'], 'ERT_RUN': ['export', 'OMP_NUM_THREADS=ERT_OPENMP_THREADS;', './ERT_CODE'], 'ERT_WORKING_SET_MIN': ['128'], 'ERT_MEMORY_MAX': ['1073741824'], 'ERT_ALIGN': ['64'], 'ERT_MIN_PROCS': ['1'], 'ERT_MAX_PROCS': ['1'], 'ERT_OPENMP_THREADS': ['1,2,4,8', '#', 'Logical', 'Threads'], 'ERT_NUM_EXPERIMENTS': ['4'], 'ERT_FLOPS': ['1,2,4,8'], 'ERT_GPU': [False], 'ERT_HIP': [False], 'ERT_OCL': [False], 'ERT_SYCL': [False], 'ERT_WSS_MULT': [1.1]}
TIMESTAMP_DATA  1765913948.7756221
TIMESTAMP_DATA  1765913977.361655
TIMESTAMP_DATA  1765914005.933383
