fp64

4096 1 8.537 9.092 9.296 0.881239242685026 0.9010118785745711 0.959587677169966 0.11015490533562824 0.11262648482182139 0.11994845964624574
4096 2 6.351 6.445 6.5 2.520615384615385 2.5421256788207915 2.5797512202802713 0.31507692307692314 0.31776570985259894 0.3224689025350339
4096 4 6.926 6.944 6.981 4.693883397794012 4.71889400921659 4.731157955529888 0.5867354247242516 0.5898617511520737 0.591394744441236
4096 8 7.778 7.833 7.888 8.308316430020286 8.366653900165966 8.425816405245566 1.0385395537525357 1.0458317375207458 1.0532270506556958
4096 16 9.426 9.426 9.611 13.6377067942982 13.905368130702312 13.905368130702312 1.704713349287275 1.738171016337789 1.738171016337789
4096 32 12.998 13.0 13.166 19.91067902172262 20.16492307692308 20.168025850130793 2.4888348777153273 2.520615384615385 2.521003231266349
4096 64 20.371 20.407 20.593 25.45952508133832 25.691576419855934 25.736979038829713 3.18244063516729 3.211447052481992 3.217122379853714
4096 128 35.111 35.203 35.204 29.785706169753436 29.786552282475927 29.864600837344426 3.7232132712191794 3.723319035309491 3.7330751046680533
4096 256 64.353 64.388 64.444 32.542238222332564 32.5705410946139 32.58825540378848 4.0677797777915705 4.071317636826738 4.07353192547356
4096 512 122.889 122.906 123.037 34.08977787169714 34.12611263892731 34.1308335164254 4.261222233962142 4.265764079865914 4.266354189553175
4096 1024 240.056 240.11 240.128 34.93390191897655 34.93652076131773 34.94437964474956 4.366737739872069 4.367065095164716 4.368047455593695
4096 2048 474.147 474.257 508.238 33.010550175311565 35.37578991981141 35.383996946094776 4.126318771913946 4.421973739976426 4.422999618261847
4096 4096 942.513 942.514 942.606 35.59751582315411 35.60099054231556 35.601028314728815 4.449689477894264 4.450123817789445 4.450128539341102
4096 8192 1879.103 1919.748 2013.527 33.32901123252879 34.95712145552437 35.71324403185989 4.166126404066099 4.369640181940547 4.464155503982486
4096 16384 3767.206 3767.665 3769.092 35.610096012514425 35.62358330690229 35.62792371853305 4.451262001564303 4.452947913362786 4.453490464816631
4096 32768 7524.482 7538.821 7623.705 35.21063000207904 35.60708710287723 35.67494161059858 4.40132875025988 4.450885887859654 4.4593677013248225
4096 65536 15117.832 15149.893 15281.12 35.13295569958223 35.43727417744799 35.51242744330007 4.391619462447779 4.429659272180999 4.439053430412509
4096 131072 30215.749 30246.428 30481.553 35.22595531795903 35.499789396619 35.53583344897391 4.403244414744878 4.437473674577375 4.441979181121739
4096 262144 60325.634 60775.643 61057.9 35.171266093331084 35.3346100838456 35.5981944259384 4.3964082616663855 4.4168262604807 4.4497743032423

4480 1 3.037 3.907 19.316 0.4638641540691655 2.293319682620937 2.9502798814619693 0.057983019258645685 0.2866649603276171 0.36878498518274616
4480 2 2.055 2.093 1127.495 0.015893640326564644 8.561872909698996 8.720194647201946 0.0019867050408205805 1.0702341137123745 1.0900243309002433
4480 4 2.278 2.314 1091.68 0.032830133372416824 15.488331892826274 15.733099209833188 0.004103766671552103 1.9360414866032842 1.9666374012291485
4480 8 2.574 2.63 2112.861 0.03392556348950547 27.254752851711032 27.847707847707852 0.004240695436188184 3.406844106463879 3.4809634809634815
4480 16 3.24 3.241 1060.086 0.13523431117852702 44.23326133909288 44.24691358024691 0.016904288897315878 5.52915766738661 5.530864197530864
4480 32 4.556 4.574 1082.273 0.2649239147608783 62.68473983384347 62.93239683933275 0.033115489345109786 7.835592479230434 7.866549604916594
4480 64 7.259 7.333 29.222 19.623571281910888 78.19991817809901 78.99710703953713 2.452946410238861 9.774989772262376 9.87463837994214
4480 128 12.722 12.722 38.278 29.961857986310676 90.14934758685742 90.14934758685742 3.7452322482888345 11.268668448357177 11.268668448357177
4480 256 23.463 23.481 70.554 32.51070102332965 97.68578850985904 97.76072965946383 4.0638376279162065 12.21072356373238 12.22009120743298
4480 512 44.999 45.037 135.147 33.94466765817962 101.86113639896087 101.94715438120848 4.243083457272452 12.732642049870108 12.74339429765106
4480 1024 88.129 98.61 264.443 34.695718926195816 93.0437075347328 104.10920355388124 4.336964865774477 11.6304634418416 13.013650444235155
4480 2048 174.314 174.351 523.052 35.082706881916145 105.24791942690321 105.27025941691431 4.385338360239518 13.155989928362901 13.15878242711429
4480 4096 346.685 346.702 1040.199 35.28186433557425 105.85505708072063 105.86024777535803 4.410233041946781 13.231882135090078 13.232530971919754
4480 8192 691.46 691.479 2120.897 34.60814928777777 106.14974569003542 106.15266248228386 4.326018660972221 13.268718211254427 13.269082810285482
4480 16384 1381.014 1381.029 4283.758 34.26912538009851 106.29801401708437 106.29916858192605 4.2836406725123135 13.287251752135546 13.287396072740757
4480 32768 2770.692 3279.298 8421.035 34.86522499906484 89.53174734348633 105.96676931250389 4.358153124883105 11.191468417935791 13.245846164062986
4480 65536 5523.458 17101.846 20961.766 28.013029054899288 34.33562435306692 106.31067711567647 3.501628631862411 4.291953044133365 13.288834639459559
4480 131072 11075.823 33325.14 33941.85 34.600504097449026 35.24081579252181 106.03321486809604 4.325063012181128 4.405101974065226 13.254151858512005

4928 1 6.48 8.722 9.129 1.0796363238032642 1.1300160513643662 1.5209876543209875 0.13495454047540803 0.14125200642054578 0.19012345679012344
4928 2 6.463 6.501 6.501 3.032148900169205 3.032148900169205 3.0499767909639486 0.3790186125211506 0.3790186125211506 0.3812470988704936
4928 4 6.963 7.093 7.185 5.486986778009743 5.558155928380093 5.661927330173776 0.6858733472512178 0.6947694910475116 0.707740916271722
4928 8 8.147 8.148 8.259 9.546918513137184 9.676975945017183 9.67816374125445 1.193364814142148 1.209621993127148 1.2097704676568062
4928 16 10.296 10.314 10.315 15.288027144934562 15.289509404692652 15.316239316239317 1.9110033931168202 1.9111886755865815 1.9145299145299146
4928 32 14.555 14.557 14.648 21.53140360458766 21.666002610427974 21.66897973205084 2.6914254505734574 2.7082503263034967 2.708622466506355
4928 64 23.444 23.537 23.556 26.778060791305826 26.79967710413392 26.90598873912302 3.3472575989132283 3.34995963801674 3.3632485923903777
4928 128 41.278 41.315 41.426 30.453531598513013 30.535350357013193 30.56272106206696 3.8066914498141267 3.816918794626649 3.82034013275837
4928 256 76.851 76.87 76.944 32.79184861717613 32.82341615714843 32.831531144682565 4.098981077147016 4.102927019643554 4.103941393085321
4928 512 147.759 147.833 147.888 34.1222546792167 34.13494957147592 34.15204488389878 4.265281834902088 4.26686869643449 4.269005610487348
4928 1024 289.739 289.832 289.888 34.81532177944586 34.82204863507135 34.8332257652577 4.3519152224307325 4.352756079383918 4.354153220657213
4928 2048 573.738 573.813 610.756 33.04934867606704 35.17711867803623 35.18171709037923 4.13116858450838 4.397139834754529 4.397714636297404
4928 4096 1141.774 1142.124 1167.513 34.57792418585489 35.34657883031965 35.35741398910818 4.322240523231861 4.418322353789956 4.419676748638523
4928 8192 2277.674 2278.008 2290.934 35.24342124216586 35.44340142791422 35.448598877626914 4.405427655270732 4.430425178489277 4.431074859703364
4928 16384 4571.555 4659.368 4901.327 32.946323312033655 34.657211879379346 35.32292710029738 4.118290414004207 4.332151484922418 4.415365887537172
4928 32768 9123.35 9162.51 9377.457 34.440190768136816 35.24813702795413 35.39943200688344 4.305023846017102 4.406017128494266 4.42492900086043
4928 65536 18270.946 18301.803 18420.608 35.06522781441307 35.292851529436746 35.35245607972352 4.383153476801634 4.411606441179593 4.41905700996544
4928 131072 36621.441 36684.983 36783.271 35.12046636635442 35.21456264542906 35.27566356550525 4.390058295794303 4.401820330678633 4.409457945688156

5408 1 4.704 9.222 9.667 1.1188579704148134 1.1728475384949035 2.299319727891157 0.13985724630185167 0.14660594231186294 0.2874149659863946
5408 2 6.444 6.462 6.5 3.328 3.3475704116372635 3.356921166977033 0.416 0.41844630145465794 0.4196151458721291
5408 4 7.073 7.074 7.112 6.083239595050618 6.1159174441617195 6.116782129223808 0.7604049493813273 0.7644896805202149 0.764597766152976
5408 8 8.314 8.314 54.408 1.590354359652992 10.407505412557132 10.407505412557132 0.198794294956624 1.3009381765696415 1.3009381765696415
5408 16 10.649 10.684 10.704 16.16741405082212 16.197678771995506 16.2509155789276 2.020926756352765 2.024709846499438 2.03136444736595
5408 32 15.351 15.407 15.463 22.383237405419386 22.464594015707146 22.54654419907498 2.7979046756774233 2.808074251963393 2.8183180248843724
5408 64 25.592 25.649 25.776 26.855369335816263 26.988342625443483 27.048452641450453 3.356921166977033 3.3735428281804354 3.3810565801813066
5408 128 44.555 44.574 44.776 30.91942111845631 31.059541436711985 31.072786443721238 3.8649276398070387 3.882442679588998 3.8840983054651548
5408 256 83.297 83.352 83.407 33.197405493543705 33.21931087436414 33.241245182899746 4.149675686692963 4.1524138592955175 4.155155647862468
5408 512 160.666 160.759 160.888 34.42016806722689 34.4477883042318 34.467728081859256 4.302521008403361 4.305973538028975 4.308466010232407
5408 1024 315.517 315.554 315.721 35.08028924271746 35.09885471266408 35.10297067986828 4.385036155339683 4.38735683908301 4.387871334983535
5408 2048 625.311 625.313 625.442 35.416822023465 35.424128396499036 35.424241697331404 4.427102752933125 4.4280160495623795 4.4280302121664254
5408 4096 1244.624 1276.031 1276.79 34.69821662137078 34.718855576392734 35.59495558497988 4.337277077671348 4.339856947049092 4.449369448122485
5408 8192 2483.599 2503.638 2552.024 34.71937254508578 35.390368735416224 35.67591708645397 4.339921568135723 4.423796091927028 4.459489635806746
5408 16384 4983.516 4988.346 4991.475 35.50240039266949 35.52466970013708 35.55910004101522 4.437800049083687 4.440583712517135 4.444887505126903
5408 32768 9946.754 9955.172 10017.657 35.37939939448915 35.601463038509024 35.63159277891059 4.4224249243111435 4.450182879813628 4.453949097363823
5408 65536 19980.198 20000.407 20440.822 34.67753772328725 35.4411475726469 35.476994572326056 4.334692215410906 4.430143446580862 4.434624321540757
5408 131072 39857.942 40209.559 40506.477 34.998717661869236 35.25715743363413 35.56818743928123 4.3748397077336545 4.407144679204266 4.446023429910154

5920 1 4.315 6.665 9.592 1.2343619683069225 1.7764441110277571 2.7439165701042874 0.1542952460383653 0.22205551387846964 0.3429895712630359
5920 2 2.166 6.629 6.76 3.502958579881657 3.572182833006487 10.932594644506002 0.4378698224852071 0.4465228541258109 1.3665743305632503
5920 4 2.426 7.205 7.37 6.426051560379919 6.573213046495489 19.52184666117065 0.8032564450474898 0.8216516308119362 2.440230832646331
5920 8 2.815 8.574 8.703 10.883603355164887 11.047352460928389 33.64831261101243 1.3604504193956108 1.3809190576160486 4.206039076376554
5920 16 3.723 11.241 11.241 16.85259318565964 16.85259318565964 50.883695944131084 2.106574148207455 2.106574148207455 6.3604619930163855
5920 32 5.408 16.259 16.315 23.22280110327919 23.302786149209666 70.05917159763312 2.9028501379098985 2.9128482686512083 8.75739644970414
5920 64 8.926 26.889 26.982 28.08390779037877 28.181040574212503 84.89356934797222 3.5104884737973463 3.522630071776563 10.611696168496527
5920 128 15.963 47.944 47.963 31.597689885953756 31.61021191389955 94.93954770406566 3.9497112357442195 3.951276489237444 11.867443463008208
5920 256 29.999 89.943 90.073 33.65092758096211 33.69956528023304 101.03803460115338 4.206365947620264 4.21244566002913 12.629754325144173
5920 512 57.981 174.111 228.295 26.553713397139667 34.81732917506648 104.55287076801021 3.3192141746424584 4.35216614688331 13.069108846001276
5920 1024 114.036 342.092 342.257 35.42414033898503 35.4412263367749 106.31870637342594 4.428017542373129 4.430153292096863 13.289838296678242
5920 2048 226.128 678.458 678.46 35.74023523862866 35.74034059588066 107.2327177527772 4.467529404828582 4.4675425744850825 13.40408971909715
5920 4096 450.294 1350.901 1383.345 35.05751638239195 35.89947745985827 107.69994714564262 4.382189547798994 4.4874346824822835 13.462493393205328
5920 8192 910.401 2696.043 2809.878 34.5186801704558 35.97616210127212 106.53907453968088 4.314835021306975 4.497020262659015 13.31738431746011
5920 16384 1795.343 5413.032 5483.195 35.37838067039382 35.83695052975855 108.04986011029648 4.422297583799227 4.479618816219819 13.50623251378706
5920 32768 3597.001 10790.598 11005.934 35.251267180050334 35.95473763363254 107.86016462047132 4.406408397506292 4.4943422042040675 13.482520577558915
5920 65536 7298.0 21603.131 21824.898 35.55325848487356 35.91823055648739 106.32313510550836 4.444157310609195 4.489778819560923 13.290391888188545
5920 131072 14390.818 43291.89 43357.112 35.79326224495764 35.84718708284623 107.83907349811525 4.474157780619705 4.480898385355779 13.479884187264407

6496 1 7.555 9.334 9.722 1.336350545155318 1.391900578530105 1.7196558570483125 0.16704381814441474 0.17398757231626313 0.21495698213103906
6496 2 6.648 6.723 6.778 3.8335792269105937 3.864941246467351 3.9085439229843564 0.4791974033638242 0.48311765580841887 0.48856799037304455
6496 4 7.316 7.389 7.556 6.877713075701429 7.033157396129382 7.103335155822855 0.8597141344626786 0.8791446745161727 0.8879168944778568
6496 8 8.834 8.87 8.871 11.716379213166498 11.717700112739573 11.765451664025356 1.4645474016458122 1.4647125140924466 1.4706814580031695
6496 16 11.667 11.741 11.777 17.650675044578417 17.704795162251937 17.81709094025885 2.206334380572302 2.213099395281492 2.2271363675323563
6496 32 17.314 17.408 17.445 23.8316996274004 23.88235294117647 24.01201339956105 2.97896245342505 2.985294117647059 3.001501674945131
6496 64 29.074 29.185 29.278 28.39975408156295 28.490251841699504 28.599023182224666 3.5499692601953687 3.561281480212438 3.5748778977780833
6496 128 52.333 52.444 52.519 31.664273881833243 31.70955686065136 31.776813865056468 3.9580342352291553 3.96369460758142 3.9721017331320585
6496 256 98.926 99.074 99.094 33.563606272831855 33.57038173486485 33.620605300932006 4.195450784103982 4.196297716858107 4.202575662616501
6496 512 191.888 191.925 192.0 34.64533333333333 34.658871955190826 34.6655549070291 4.330666666666667 4.332358994398853 4.333194363378637
6496 1024 377.906 377.924 404.202 32.91376094131152 35.20233697780507 35.20401369652771 4.11422011766394 4.4002921222256335 4.400501712065964
6496 2048 749.96 750.126 775.849 34.294838299720695 35.47086222847895 35.47871353138834 4.286854787465087 4.433857778559869 4.434839191423542
6496 4096 1494.031 1526.215 1722.233 30.89897359997167 34.867454454320004 35.618559454254964 3.8623716999964586 4.3584318067900005 4.4523199317818705
6496 8192 2981.67 2996.098 3005.801 35.408353380679564 35.52302494778208 35.69491727790131 4.4260441725849455 4.44037811847276 4.461864659737664
6496 16384 5971.05 5972.027 6304.708 33.7622183295404 35.64299491613149 35.648826923237955 4.22027729119255 4.4553743645164365 4.456103365404744
6496 32768 11946.042 12027.977 14115.786 30.159273879612513 35.39430246665753 35.63706338886135 3.769909234951564 4.424287808332191 4.454632923607669
6496 65536 23956.418 24015.776 24091.491 35.34209285759856 35.453516555117766 35.54136148400817 4.41776160719982 4.431689569389721 4.442670185501021
6496 131072 47866.739 48108.0 48165.001 35.355286798395376 35.39717768354536 35.5755888029055 4.419410849799422 4.42464721044317 4.4469486003631875

7136 1 6.129 9.518 10.055 1.4193933366484337 1.4994746795545282 2.328601729482787 0.1774241670810542 0.18743433494431602 0.2910752161853484
7136 2 6.759 6.814 6.853 4.165183131475267 4.1890226005283235 4.223109927504068 0.5206478914344084 0.5236278250660404 0.5278887409380085
7136 4 7.5 7.519 7.592 7.519494204425712 7.592499002526932 7.6117333333333335 0.939936775553214 0.9490623753158665 0.9514666666666667
7136 8 9.037 9.167 9.204 12.405041286397218 12.455110723246426 12.634281288038066 1.5506301607996522 1.5568888404058032 1.5792851610047582
7136 16 12.204 12.222 12.24 18.6562091503268 18.683685157911963 18.711242215666992 2.33202614379085 2.3354606447389954 2.338905276958374
7136 32 18.536 18.573 18.611 24.539465907259146 24.589673181500025 24.63875701337937 3.0674332384073932 3.073709147687503 3.079844626672421
7136 64 31.388 31.445 31.481 29.014580222991647 29.04779774208936 29.100547980119792 3.626822527873956 3.63097471776117 3.637568497514974
7136 128 56.869 56.962 56.982 32.05952757010986 32.07078403145957 32.123230582566954 4.007440946263732 4.008848003932446 4.015403822820869
7136 256 107.869 107.926 107.962 33.84183323762064 33.85312158330708 33.87101020682495 4.23022915470258 4.231640197913385 4.2338762758531185
7136 512 209.759 209.759 209.869 34.81821517232178 34.83647423948436 34.83647423948436 4.352276896540222 4.354559279935545 4.354559279935545
7136 1024 413.646 413.646 413.868 35.312051185402105 35.331002838175635 35.331002838175635 4.414006398175263 4.416375354771954 4.416375354771954
7136 2048 821.126 821.218 821.292 35.58911568601666 35.592322623225506 35.5963104322601 4.448639460752083 4.449040327903188 4.449538804032512
7136 4096 1668.16 1688.122 1791.065 32.6387439875158 34.62908012572551 35.043468252445805 4.079842998439475 4.3286350157156885 4.380433531555726
7136 8192 3281.134 3281.373 3281.651 35.62725713368058 35.6302754974823 35.63287083063355 4.4534071417100725 4.453784437185288 4.454108853829194
7136 16384 6539.416 6541.004 6588.025 35.493558084554934 35.74870891379978 35.75738995653435 4.436694760569367 4.468588614224973 4.469673744566793
7136 32768 13083.88 13306.518 13887.659 33.6748544877146 35.145550173230895 35.743594102055354 4.209356810964325 4.393193771653862 4.467949262756919
7136 65536 26246.26 26255.258 26423.266 35.39796299216001 35.624475371752204 35.63668850342868 4.424745374020001 4.453059421469026 4.454586062928585
7136 131072 52565.333 52749.309 53129.124 35.20968243331096 35.46320548009454 35.587324900995114 4.40121030416387 4.432900685011817 4.448415612624389

7840 1 5.148 9.796 9.87 1.5886524822695036 1.6006533278889343 3.045843045843046 0.19858156028368795 0.2000816659861168 0.38073038073038074
7840 2 2.258 6.852 6.869 4.565438928519435 4.576765907764155 13.888396811337467 0.5706798660649294 0.5720957384705194 1.7360496014171833
7840 4 2.593 7.778 7.833 8.007149240393208 8.06376960658267 24.18819899730042 1.000893655049151 1.0079712008228336 3.0235248746625527
7840 8 3.167 9.574 9.648 13.001658374792703 13.102151660747857 39.608462267129774 1.6252072968490878 1.6377689575934822 4.951057783391222
7840 16 4.26 12.906 12.907 19.43751452700085 19.439020610568726 58.89201877934272 2.4296893158751063 2.4298775763210907 7.36150234741784
7840 32 6.574 19.739 19.907 25.205204199527802 25.41972744313288 76.32491633708548 3.1506505249409753 3.17746593039161 9.540614542135685
7840 64 11.204 33.648 33.76 29.725118483412324 29.824060865430337 89.56801142449125 3.7156398104265405 3.728007608178792 11.196001428061406
7840 128 20.463 61.389 61.481 32.644882158715696 32.69380507908583 98.08141523725747 4.080610269839462 4.086725634885728 12.260176904657184
7840 256 38.926 116.759 116.889 34.34095594966164 34.37919132572221 103.12079330010789 4.292619493707705 4.297398915715276 12.890099162513486
7840 512 75.833 227.555 227.611 35.271406039251175 35.280086133022785 105.86631150027031 4.408925754906397 4.410010766627848 13.23328893753379
7840 1024 149.665 449.017 449.146 35.7485539223326 35.75882427614099 107.28172919520262 4.468569240291575 4.469853034517624 13.410216149400327
7840 2048 297.387 892.144 892.237 35.99115481648934 35.99490665184096 107.98266232215934 4.498894352061168 4.49936333148012 13.497832790269918
7840 4096 592.793 1805.678 1811.343 35.45727120705465 35.56851221535622 108.34351957597339 4.432158900881832 4.446064026919528 13.542939946996674
7840 8192 1191.939 3566.409 3753.725 34.2194913053034 36.01677766066651 107.76605178620716 4.277436413162925 4.502097207583314 13.470756473275895
7840 16384 2365.137 7109.727 7281.192 35.282838304497396 36.133753096286256 108.6199742340507 4.4103547880621745 4.516719137035782 13.577496779256338
7840 32768 4737.087 14302.822 14436.161 35.591334843106836 35.92313740603078 108.46375420168555 4.4489168553883545 4.490392175753848 13.557969275210693
7840 65536 9565.065 28490.731 29196.64 35.19598419544167 36.06802787896176 107.43308905898704 4.399498024430208 4.50850348487022 13.42913613237338
7840 131072 18956.054 56989.666 57360.14 35.82991533842142 36.06283567269898 108.4196616025677 4.478739417302678 4.507854459087373 13.552457700320963

8608 1 10.573 11.148 13.111 1.3130958736938447 1.544312881234302 1.6282984961694882 0.1641369842117306 0.19303911015428776 0.20353731202118602
8608 2 7.037 7.073 7.093 4.8543634569293665 4.868089919411847 4.892994173653546 0.6067954321161708 0.6085112399264809 0.6116242717066932
8608 4 7.908 7.908 7.981 8.628492670091466 8.708143651997975 8.708143651997975 1.0785615837614333 1.088517956499747 1.088517956499747
8608 8 9.906 9.944 9.982 13.797635744339813 13.850362027353176 13.903492832626688 1.7247044680424766 1.731295253419147 1.737936604078336
8608 16 13.519 13.611 13.685 20.128315674095724 20.23774887958269 20.37547155854723 2.5160394592619655 2.529718609947836 2.5469339448184036
8608 32 21.167 21.352 21.446 25.68833348876247 25.801423754215058 26.026928709784094 3.211041686095309 3.2251779692768823 3.253366088723012
8608 64 36.648 36.702 36.722 30.0044659876913 30.020816304288598 30.06505129884304 3.7505582484614126 3.7526020380360747 3.75813141235538
8608 128 67.167 67.241 67.259 32.76361527825272 32.772385895510176 32.808492265547066 4.09545190978159 4.096548236938772 4.101061533193383
8608 256 128.37 128.407 128.481 34.30309539931974 34.32286401831676 34.33275687465919 4.287886924914967 4.290358002289595 4.291594609332399
8608 512 250.758 250.759 250.814 35.14393933353003 35.1516475978928 35.1517877794527 4.3929924166912535 4.3939559497366 4.393973472431587
8608 1024 495.553 495.573 495.589 35.57218582333345 35.5733343019091 35.5747700044193 4.446523227916681 4.446666787738637 4.4468462505524124
8608 2048 985.013 1013.736 1060.254 33.25464275541521 34.78062138466031 35.79482504291821 4.1568303444269015 4.347577673082538 4.4743531303647766
8608 4096 1964.175 1997.954 2039.62 34.573467606711056 35.29447424715484 35.90145277279265 4.321683450838882 4.411809280894355 4.4876815965990815
8608 8192 3934.665 3937.131 4312.869 32.70061576180496 35.82138161011152 35.84383219410038 4.08757697022562 4.47767270126394 4.480479024262547
8608 16384 7908.98 7933.941 8060.169 34.99516498971671 35.55193364810754 35.66413671548038 4.374395623714589 4.443991706013443 4.458017089435048
8608 32768 15714.107 15718.816 15731.768 35.85953517748291 35.88908274007406 35.89983751542483 4.482441897185364 4.486135342509257 4.4874796894281035
8608 65536 31514.038 31673.44 31794.045 35.486764140894934 35.62188938113448 35.80206941427182 4.435845517611867 4.45273617264181 4.4752586767839775

9440 1 10.074 10.741 34.24 0.5514018691588785 1.7577506749837073 1.8741314274369663 0.0689252336448598 0.2197188343729634 0.23426642842962078
9440 2 7.001 7.13 7.241 5.214749344013257 5.295932678821879 5.393515212112555 0.6518436680016572 0.6619915848527349 0.6741894015140694
9440 4 8.222 8.297 8.334 9.06167506599472 9.102085090996745 9.185113111165165 1.13270938324934 1.1377606363745931 1.1481391388956457
9440 8 10.352 10.407 10.426 14.486859773642815 14.513308350148936 14.590417310664606 1.8108574717053518 1.814163543768617 1.8238021638330757
9440 16 14.277 14.296 14.369 21.023035701858166 21.130386121992164 21.15850668908034 2.627879462732271 2.6412982652490204 2.6448133361350425
9440 32 22.721 22.76 22.816 26.479663394109394 26.544815465729346 26.590378944588704 3.3099579242636743 3.3181019332161683 3.323797368073588
9440 64 39.314 39.333 39.388 30.67736366406012 30.72026034118933 30.735107086534054 3.834670458007515 3.8400325426486663 3.8418883858167567
9440 128 72.556 72.685 72.722 33.23120926267154 33.248125472931136 33.30723854677766 4.153901157833943 4.156015684116392 4.163404818347208
9440 256 139.204 139.24 139.259 34.707128444122105 34.71186440677966 34.72084135513347 4.338391055515263 4.338983050847458 4.340105169391684
9440 512 272.221 272.426 272.443 35.481036400274554 35.48325049738278 35.509971677423856 4.435129550034319 4.435406312172847 4.438746459677982
9440 1024 538.589 538.646 684.33 28.251165373430943 35.8920701165515 35.89586864937828 3.531395671678868 4.486508764568938 4.486983581172285
9440 2048 1070.92 1070.958 1071.181 36.096831441185 36.10434769617482 36.105628805139496 4.512103930148125 4.5130434620218525 4.513203600642437
9440 4096 2152.767 2164.119 2205.565 35.062435249017824 35.7339314520135 35.92236410164221 4.382804406127228 4.466741431501688 4.490295512705276
9440 8192 4280.109 4298.759 4431.183 34.9037627197974 35.97897904953499 36.13575261751511 4.362970339974675 4.497372381191874 4.516969077189389
9440 16384 8550.866 8560.015 8753.352 35.33845320055676 36.13660957369818 36.17527394301349 4.417306650069595 4.517076196712273 4.521909242876686
9440 32768 17573.339 17859.528 21768.186 28.420367227659664 34.640324201177094 35.20445602284233 3.552545903457458 4.330040525147137 4.400557002855291
9440 65536 34193.497 34392.577 34531.116 35.83202118344509 35.976358503173515 36.185818607555696 4.479002647930637 4.497044812896689 4.523227325944462

10368 1 10.39 10.648 1060.439 0.01955416577474046 1.9474079639368895 1.9957651588065446 0.0024442707218425576 0.2434259954921112 0.24947064485081807
10368 2 7.222 7.353 1140.494 0.036363189986093745 5.64014687882497 5.742453613957352 0.004545398748261718 0.7050183598531212 0.717806701744669
10368 4 8.647 8.834 1139.976 0.0727594265142424 9.389178175232058 9.59222851856135 0.0090949283142803 1.1736472719040072 1.1990285648201688
10368 8 10.705 10.87 1047.384 0.15838317178799752 15.261085556577738 15.496310135450724 0.01979789647349969 1.9076356945722173 1.9370387669313405
10368 16 15.112 15.204 17.889 18.546369277209457 21.821625887924228 21.954473266278452 2.318296159651182 2.7277032359905284 2.7443091582848065
10368 32 24.335 24.426 39.499 16.799210106584976 27.16580692704495 27.267392644339427 2.099901263323122 3.395725865880619 3.4084240805424284
10368 64 42.573 42.629 59.259 22.394977978028653 31.131483262567738 31.17243323233035 2.7993722472535816 3.891435407820967 3.8965541540412936
10368 128 78.315 78.389 2236.841 1.1865876921962715 33.8594445649262 33.89143842175828 0.14832346152453393 4.232430570615775 4.236429802719785
10368 256 150.499 150.629 2390.988 2.2201767637478733 35.24165997251525 35.27210147575732 0.27752209546848416 4.405207496564406 4.409012684469665
10368 512 297.906 406.035 2244.933 4.729242253555006 26.147578410728137 35.6381945982961 0.5911552816943757 3.268447301341017 4.454774324787013
10368 1024 580.349 590.664 2954.818 7.186115693081604 35.94880338060217 36.58774978504313 0.8982644616352005 4.4936004225752715 4.573468723130391
10368 2048 1162.069 1189.847 3415.002 12.435520681979103 35.69141914884855 36.54458384140701 1.5544400852473879 4.461427393606069 4.568072980175876
10368 4096 2317.008 2387.304 5704.065 14.89019778000426 35.577645745996314 36.65704045907481 1.8612747225005326 4.447205718249539 4.582130057384351
10368 8192 4659.479 4666.423 10569.057 16.072324333192636 36.4024675859861 36.456718015039876 2.0090405416490795 4.550308448248263 4.557089751879984
10368 16384 9358.867 9406.974 18456.964 18.407069765103298 36.115612098003034 36.30125569687014 2.3008837206379122 4.514451512250379 4.537656962108768
10368 32768 18613.08 18638.865 24576.673 27.647242895732877 36.45486181696149 36.50536332514554 3.4559053619666096 4.556857727120186 4.563170415643192
10368 65536 28001.102 37330.158 37518.933 36.22049955418508 36.40366311870418 48.532179054952906 4.527562444273135 4.550457889838023 6.066522381869113

11392 1 6.37 11.148 28.091 0.8110782813000604 2.043774668101902 3.5767660910518053 0.10138478516250755 0.2554718335127377 0.44709576138147566
11392 2 7.389 7.445 7.482 6.090350173750334 6.120617864338483 6.167005007443497 0.7612937717187918 0.7650772330423103 0.7708756259304371
11392 4 8.74 8.759 8.851 10.296689639588747 10.404840735243749 10.42745995423341 1.2870862049485934 1.3006050919054686 1.3034324942791762
11392 8 11.167 11.277 11.296 16.135977337110482 16.163163962046646 16.322378436464582 2.0169971671388103 2.0203954952558307 2.040297304558073
11392 16 16.111 16.166 16.204 22.497161194766726 22.55004330075467 22.62702501396561 2.8121451493458407 2.8187554125943337 2.8283781267457013
11392 32 26.093 26.204 26.205 27.822476626597982 27.82353839108533 27.941900126470703 3.477809578324748 3.477942298885666 3.492737515808838
11392 64 46.019 46.037 46.112 31.622484385843165 31.674001346742838 31.686390403963582 3.9528105482303957 3.9592501683428547 3.9607988004954477
11392 128 85.833 85.889 85.962 33.92606035224867 33.95489527180431 33.97704845455711 4.240757544031084 4.244361908975539 4.247131056819638
11392 256 165.536 165.647 165.703 35.19974894841976 35.211648867773036 35.23526000386623 4.39996861855247 4.4014561084716295 4.404407500483279
11392 512 324.961 345.628 358.888 32.50431332337666 33.751339590542436 35.89787082142165 4.063039165422082 4.2189174488178045 4.487233852677706
11392 1024 643.923 643.96 671.85 34.72622758056114 36.23022547984347 36.2323072789759 4.340778447570142 4.528778184980434 4.529038409871988
11392 2048 1281.475 1281.549 1416.679 32.937335839664456 36.41033780214413 36.4124403519382 4.117166979958057 4.551292225268016 4.551555043992275
11392 4096 2572.857 2584.508 2614.543 35.6939105610426 36.10871546924986 36.272231220001736 4.461738820130325 4.513589433656232 4.534028902500217
11392 8192 5124.477 5197.219 5221.29 35.74720576715716 35.91276950230498 36.42255160868124 4.468400720894645 4.489096187788123 4.552818951085155
11392 16384 10252.211 10324.475 10331.911 36.13010758609903 36.156129585281576 36.41098061676647 4.516263448262379 4.519516198160197 4.551372577095809
11392 32768 20512.08 20536.972 20568.09 36.29827135139918 36.353271163830776 36.39738690566729 4.5372839189248975 4.544158895478847 4.549673363208411
11392 65536 40994.327 41340.053 41448.473 36.024782481130245 36.11926244990542 36.42387455220329 4.503097810141281 4.514907806238178 4.552984319025411

12512 1 4.352 5.278 11.87 2.1081718618365626 4.741189844638121 5.75 0.2635214827295703 0.5926487305797651 0.71875
12512 2 2.555 7.74 7.908 6.3287809812847735 6.466149870801033 19.58825831702544 0.7910976226605967 0.8082687338501291 2.44853228962818
12512 4 3.018 8.982 9.093 11.00802815352469 11.144065909596971 33.16633532140491 1.3760035191905862 1.3930082386996214 4.1457919151756135
12512 8 4.0 11.832 11.889 16.838422070821768 16.919540229885055 50.048 2.104802758852721 2.114942528735632 6.256
12512 16 5.777 17.186 17.278 23.17305243662461 23.297102292563714 69.30656049852865 2.896631554578076 2.9121377865704643 8.663320062316082
12512 32 9.426 28.203 28.278 28.31770280783648 28.39300783604581 84.95310842350943 3.53971285097956 3.5491259795057264 10.61913855293868
12512 64 16.759 50.185 50.259 31.865655902425434 31.91264322008568 95.56274240706486 3.9832069878031793 3.98908040251071 11.945342800883108
12512 128 31.463 94.221 94.314 33.96178722140934 33.995308901412635 101.80440517433175 4.245223402676167 4.249413612676579 12.725550646791469
12512 256 60.777 182.314 183.296 34.94972067039106 35.137970753754516 105.40408378169373 4.368715083798882 4.3922463442193145 13.175510472711716
12512 512 119.462 358.331 358.406 35.74797296920252 35.75545515180099 107.24990373507893 4.468496621150315 4.469431893975123 13.406237966884866
12512 1024 236.833 710.349 710.367 36.072306286750376 36.07322034661835 108.19681378861898 4.509038285843797 4.509152543327294 13.524601723577373
12512 2048 471.516 1414.493 1414.568 36.22954287103907 36.23146385312617 108.6901653390341 4.528692858879884 4.5289329816407715 13.586270667379262
12512 4096 975.458 2838.616 2923.006 35.06606007651028 36.1085486730153 105.07710634389178 4.383257509563785 4.513568584126912 13.134638292986473
12512 8192 1891.51 5653.546 5653.938 36.25731445940865 36.25982843334077 108.37722666018155 4.532164307426081 4.5324785541675965 13.547153332522694
12512 16384 3758.149 11382.859 11395.961 35.97706380357041 36.018474444777006 109.0944547435453 4.497132975446301 4.502309305597126 13.636806842943162
12512 32768 19786.629 22620.682 22698.997 36.12434646341422 36.249412462453606 41.44144169277141 4.5155433079267775 4.531176557806701 5.180180211596427
12512 65536 45466.977 45470.289 45627.472 35.942663314767906 36.06691094485896 36.06953820571797 4.492832914345988 4.50836386810737 4.508692275714746

13760 1 8.13 11.778 125.278 0.2196714506936573 2.336559687553065 3.3849938499384993 0.02745893133670716 0.2920699609441331 0.4231242312423124
13760 2 7.907 7.908 7.944 6.928499496475327 6.9600404653515415 6.960920703174402 0.8660624370594159 0.8700050581689427 0.8701150878968003
13760 4 9.296 9.313 9.389 11.724358291617852 11.820036508106947 11.841652323580035 1.4655447864522315 1.4775045635133683 1.4802065404475044
13760 8 12.444 12.462 12.482 17.63819900656946 17.666506178783504 17.69206043072967 2.2047748758211827 2.208313272347938 2.2115075538412086
13760 16 18.389 18.444 18.5 23.801081081081083 23.87334634569508 23.944749578552397 2.9751351351351354 2.984168293211885 2.9930936973190496
13760 32 30.556 30.593 30.666 28.717146024913585 28.785669924492534 28.820526246890953 3.589643253114198 3.598208740561567 3.602565780861369
13760 64 54.777 54.888 54.888 32.088616819705585 32.088616819705585 32.15364112675028 4.011077102463198 4.011077102463198 4.019205140843785
13760 128 103.407 103.481 103.499 34.03472497318815 34.04064514258656 34.06500527043624 4.2543406216485185 4.25508064282332 4.25812565880453
13760 256 200.536 200.572 200.628 35.11533783918497 35.12514209361227 35.13144772011011 4.389417229898121 4.390642761701534 4.391430965013764
13760 512 394.702 394.813 394.813 35.68838918677957 35.68838918677957 35.69842564770384 4.461048648347446 4.461048648347446 4.46230320596298
13760 1024 783.255 783.256 870.829 32.36052083704149 35.97863278417274 35.978678718935726 4.045065104630186 4.497329098021592 4.497334839866966
13760 2048 1560.438 1560.493 1591.695 35.40939690078815 36.1174064862835 36.118679498961185 4.426174612598519 4.5146758107854374 4.514834937370148
13760 4096 3114.207 3140.577 3143.283 35.86120626109708 35.89210517685126 36.19602678948445 4.482650782637135 4.4865131471064075 4.524503348685556
13760 8192 6247.38 6268.712 6271.413 35.94785417576549 35.963343028041486 36.086141710605084 4.4934817719706865 4.495417878505186 4.5107677138256355
13760 16384 12473.942 12657.575 12769.955 35.30847837756672 35.62196392278932 36.146366561588955 4.41355979719584 4.452745490348665 4.518295820198619
13760 32768 25078.615 25103.005 25197.549 35.78821733812285 35.92300443711819 35.95794105854729 4.473527167265356 4.4903755546397734 4.494742632318411
13760 65536 50144.213 50190.061 50534.711 35.689344696163396 35.934419764901264 35.96727542617929 4.4611680870204244 4.491802470612658 4.4959094282724115

15136 1 11.574 11.76 12.85 2.35579766536965 2.574149659863946 2.615517539312252 0.29447470817120625 0.32176870748299324 0.3269396924140315
15136 2 7.982 8.093 8.13 7.446986469864699 7.481032991474113 7.585066399398646 0.9308733087330874 0.9351291239342642 0.9481332999248308
15136 4 9.778 9.797 9.815 12.337035150280183 12.3597019495764 12.383718551851095 1.542129393785023 1.54496274369705 1.5479648189813868
15136 8 12.999 13.074 13.131 18.443073642525324 18.52348171944317 18.63035618124471 2.3053842053156655 2.315435214930396 2.328794522655589
15136 16 19.592 19.593 19.63 24.674070300560366 24.72066554381667 24.72192731727236 3.084258787570046 3.0900831929770836 3.090240914659045
15136 32 32.926 32.962 32.999 29.355556228976635 29.38850797888478 29.420640223531553 3.6694445286220794 3.6735634973605973 3.677580027941444
15136 64 59.462 59.518 85.5 22.65974269005848 32.551631439228466 32.58228784770105 2.83246783625731 4.068953929903558 4.072785980962632
15136 128 112.519 112.555 112.629 34.403359703096 34.42597841055484 34.436992863427506 4.300419962887 4.303247301319355 4.304624107928438
15136 256 218.758 218.777 218.814 35.416527278876124 35.42251699218839 35.425593578291995 4.4270659098595155 4.427814624023549 4.428199197286499
15136 512 431.054 431.146 431.22 35.94282268911461 35.948991756852664 35.95666436223768 4.492852836139326 4.493623969606583 4.49458304527971
15136 1024 855.885 855.885 855.904 36.217295397614684 36.21809939419431 36.21809939419431 4.5271619247018355 4.527262424274289 4.527262424274289
15136 2048 1705.455 1729.27 1731.307 35.80939486757692 35.85157667686365 36.35220864813203 4.476174358447115 4.481447084607956 4.544026081016503
15136 4096 3404.486 3418.946 3498.984 35.43717604881874 36.26676525455506 36.42080243537497 4.429647006102343 4.533345656819383 4.552600304421872
15136 8192 6816.987 6827.8 7578.394 32.723057682142155 36.32037025103254 36.37798106406834 4.090382210267769 4.540046281379068 4.547247633008542
15136 16384 13634.95 13663.59 13741.454 36.09344746196436 36.29913134103116 36.375377100759444 4.511680932745545 4.537391417628895 4.5469221375949305
15136 32768 27332.744 27357.476 27577.752 35.969316715880254 36.25893324369544 36.291742095122245 4.496164589485032 4.53236665546193 4.536467761890281
15136 65536 54713.021 54802.952 55051.447 36.037305104804965 36.2007103558947 36.2602129390735 4.504663138100621 4.525088794486837 4.532526617384187

16640 1 8.815 11.425 12.295 2.7067913786091906 2.9129102844638948 3.775382870107771 0.3383489223261488 0.36411378555798685 0.4719228587634714
16640 2 8.222 8.333 8.389 7.934199547025869 7.9875195007800315 8.095353928484553 0.9917749433782336 0.9984399375975039 1.011919241060569
16640 4 10.203 10.314 10.334 12.881749564544224 12.906728718247043 13.0471429971577 1.610218695568028 1.6133410897808804 1.6308928746447124
16640 8 13.889 13.926 14.037 18.967015744104863 19.118196179807555 19.169126646986825 2.370876968013108 2.3897745224759444 2.396140830873353
16640 16 21.313 21.315 21.389 24.89503950628828 24.981468449448744 24.98381269647633 3.111879938286035 3.122683556181093 3.1229765870595414
16640 32 36.186 36.241 36.259 29.370914807358172 29.38550260754394 29.4301663626817 3.6713643509197715 3.6731878259429926 3.6787707953352125
16640 64 65.964 66.036 66.056 32.24415647329539 32.25392210309528 32.289127402825784 4.030519559161924 4.03174026288691 4.036140925353223
16640 128 125.516 125.573 125.611 33.91295348337327 33.92321597795704 33.93862137098059 4.239119185421659 4.24040199724463 4.242327671372574
16640 256 244.63 244.666 273.258 31.17815397902349 34.82167526342034 34.82679965662429 3.8972692473779365 4.352709407927542 4.353349957078036
16640 512 482.775 509.499 520.664 32.726211145767714 33.44336298991754 35.29461964683341 4.090776393220964 4.180420373739692 4.411827455854176
16640 1024 959.088 959.107 959.162 35.52968111747546 35.5317185673757 35.532422468011276 4.441210139684433 4.441464820921962 4.4415528085014095
16640 2048 1911.639 1911.713 1911.771 35.65146662440219 35.652548264305366 35.65392838292167 4.456433328050274 4.456568533038171 4.456741047865209
16640 4096 3831.74 3831.78 3832.908 35.564349574787606 35.57481901361769 35.575190383481136 4.445543696848451 4.4468523767022115 4.446898797935142
16640 8192 7652.705 7730.554 7815.244 34.884356777600296 35.26652294259894 35.625280211376236 4.360544597200037 4.408315367824867 4.4531600264220295
16640 16384 15343.33 15380.91 15434.527 35.32725816605847 35.450407030533306 35.53723474630344 4.415907270757309 4.431300878816663 4.44215434328793
16640 32768 30598.829 30883.244 31520.069 34.59760954203495 35.31102626395077 35.63924096572454 4.324701192754369 4.4138782829938465 4.454905120715567

18304 1 8.519 13.778 15.536 2.3563336766220395 2.656989403396719 4.297217983331376 0.29454170957775494 0.33212367542458987 0.537152247916422
18304 2 8.463 8.702 8.703 8.412731242100426 8.413698000459664 8.65130568356375 1.0515914052625532 1.051712250057458 1.0814132104454688
18304 4 10.611 10.76 10.777 13.58745476477684 13.608921933085501 13.800018848364903 1.698431845597105 1.7011152416356876 1.725002356045613
18304 8 14.629 14.648 14.815 19.76807289908876 19.993446204259968 20.0194134937453 2.471009112386095 2.499180775532496 2.5024266867181626
18304 16 22.944 22.963 23.092 25.364974883076393 25.50746853634107 25.528591352859134 3.170621860384549 3.1884335670426336 3.191073919107392
18304 32 39.239 39.296 39.462 29.685672292331862 29.811074918566778 29.85437957134484 3.7107090365414828 3.7263843648208472 3.731797446418105
18304 64 71.963 72.111 72.13 32.48179675585748 32.49035514692626 32.55717521504107 4.060224594482185 4.061294393365783 4.069646901880134
18304 128 137.517 137.536 137.555 34.065093962415034 34.069799906933454 34.074507151843044 4.258136745301879 4.258724988366682 4.2593133939803804
18304 256 268.295 268.313 268.573 34.894229874186905 34.92804299456232 34.93038632848171 4.361778734273363 4.36600537432029 4.366298291060214
18304 512 530.349 552.849 558.146 33.58134968269951 33.90310193199228 35.34143743082385 4.197668710337439 4.237887741499035 4.4176796788529815
18304 1024 1054.457 1054.625 1077.903 34.77733339641878 35.54494915254237 35.550612305670114 4.347166674552348 4.4431186440677966 4.443826538208764
18304 2048 2101.788 2102.138 2102.303 35.66240641810434 35.66520561447441 35.671144758653114 4.457800802263042 4.458150701809301 4.458893094831639
18304 4096 4211.853 4211.943 4212.406 35.59637128994688 35.600284239364115 35.601044955747504 4.44954641124336 4.450035529920514 4.450130619468438
18304 8192 8418.242 8475.923 8729.198 34.35513044841004 35.381720197316554 35.62415240616747 4.294391306051255 4.422715024664569 4.4530190507709335
18304 16384 16853.23 17075.168 17077.087 35.12223554286513 35.126182770207585 35.5887549152299 4.390279442858141 4.390772846275948 4.448594364403737
18304 32768 33816.626 33943.298 34168.562 35.107445961583046 35.34043580561912 35.47281576819639 4.388430745197881 4.41755447570239 4.434101971024549

20128 1 10.592 10.871 15.444 2.6065786065786067 3.7030631956581734 3.8006042296072504 0.32582232582232584 0.4628828994572717 0.4750755287009063
20128 2 8.779 8.833 8.944 9.001788908765652 9.114909996603647 9.17097619318829 1.1252236135957066 1.1393637495754558 1.1463720241485362
20128 4 10.963 11.056 11.352 14.184637068357999 14.564399421128801 14.68795037854602 1.7730796335447498 1.8205499276411001 1.8359937973182525
20128 8 15.444 15.481 15.592 20.654694715238588 20.802790517408436 20.852628852628854 2.5818368394048234 2.6003488146760545 2.6065786065786067
20128 16 24.518 24.611 24.667 26.111647139903514 26.17106172036894 26.270332000978872 3.2639558924879393 3.2713827150461174 3.283791500122359
20128 32 42.426 42.445 42.611 30.231442585247944 30.34967605136059 30.363267807476547 3.778930323155993 3.7937095064200737 3.7954084759345683
20128 64 78.5 78.573 78.666 32.75092161797982 32.78968602446133 32.820178343949046 4.0938652022474775 4.0987107530576665 4.102522292993631
20128 128 149.629 149.704 149.888 34.377455166524335 34.41970822422915 34.436960749587314 4.297181895815542 4.302463528028643 4.304620093698414
20128 256 292.721 292.721 292.923 35.18172352461227 35.20600161928936 35.20600161928936 4.397715440576534 4.40075020241117 4.40075020241117
20128 512 578.774 578.811 578.959 35.60022730452416 35.60933016131345 35.611606602922734 4.45002841306552 4.451166270164181 4.451450825365342
20128 1024 1182.346 1182.735 1189.106 34.66650071566371 34.853237622967114 34.86470457886271 4.333312589457964 4.356654702870889 4.358088072357838
20128 2048 2295.303 2295.342 2295.416 35.91692660502497 35.918084538164685 35.9186948302686 4.489615825628121 4.489760567270586 4.489836853783575
20128 4096 4595.925 4599.161 4610.33 35.76502679851551 35.85188168015862 35.87712506187547 4.470628349814438 4.4814852100198275 4.4846406327344335
20128 8192 9202.906 9207.955 9268.104 35.58194340503732 35.814374853048264 35.834023731199686 4.447742925629665 4.476796856631033 4.479252966399961
20128 16384 18376.878 18443.353 18502.846 35.646100281005424 35.76108444055699 35.89044363248208 4.455762535125678 4.470135555069624 4.48630545406026
20128 32768 36797.768 36819.112 36867.197 35.78000811941304 35.82673607120128 35.8475168385213 4.47250101492663 4.47834200890016 4.480939604815163

22112 1 7.63 21.278 2086.122 0.021199143674243408 2.078390826205471 5.796068152031455 0.002649892959280426 0.25979885327568386 0.7245085190039319
22112 2 3.092 9.186 22.573 3.9183094847827054 9.628565207925105 28.60543337645537 0.48978868559783817 1.203570650990638 3.575679172056921
22112 4 3.926 11.76 22.556 7.842525270438021 15.042176870748301 45.05756495160469 0.9803156588047526 1.8802721088435377 5.632195618950586
22112 8 5.574 16.463 1458.235 0.24261658786135296 21.49012938103626 63.47183351273772 0.03032707348266912 2.6862661726295327 7.933979189092215
22112 16 8.833 26.444 28.13 25.15407038748667 26.757827862653155 80.10687195743236 3.1442587984358337 3.3447284828316444 10.013358994679045
22112 32 15.408 45.962 46.037 30.739796250841717 30.789956920934685 91.84631360332295 3.8424745313552147 3.8487446151168356 11.48078920041537
22112 64 28.463 85.259 85.296 33.18251735134121 33.19691762746455 99.4391315040579 4.147814668917651 4.149614703433069 12.429891438007237
22112 128 54.684 163.795 163.87 34.543674864221636 34.559492047986815 103.51605588471948 4.3179593580277045 4.319936505998352 12.939506985589935
22112 256 107.017 320.536 321.054 35.26305232141634 35.320038934784236 105.79014549090333 4.407881540177042 4.4150048668480295 13.223768186362916
22112 512 211.537 634.533 634.626 35.67879034265851 35.68401958605778 107.03890099604325 4.459848792832314 4.460502448257222 13.379862624505407
22112 1024 420.775 1286.123 1562.494 28.982751933767428 35.2107659998305 107.6237323985503 3.6228439917209285 4.4013457499788124 13.452966549818788
22112 2048 839.312 2518.043 2537.841 35.688111272534414 35.96870744463061 107.91070781783175 4.461013909066802 4.496088430578826 13.488838477228969
22112 4096 1688.214 5042.59 5044.234 35.910606843378 35.922314524877095 107.29771462622631 4.48882585542225 4.490289315609637 13.412214328278289
22112 8192 3355.67 10087.253 10100.968 35.86616728218523 35.91493224171139 107.96145270542097 4.483270910273154 4.489366530213924 13.495181588177621
22112 16384 6703.097 20152.51 20420.765 35.481825289111356 35.95413256214735 108.09421615113135 4.4352281611389195 4.494266570268419 13.511777018891419
22112 32768 39992.461 40448.957 41002.738 35.34232352971161 35.82619032673698 36.23513021616749 4.417790441213951 4.478273790842122 4.529391277020936

24320 1 10.185 12.648 13.666 3.5591980096590077 3.8456672991777356 4.775650466372116 0.44489975120737596 0.48070841239721696 0.5969563082965145
24320 2 9.518 9.574 9.685 10.044398554465667 10.160852308335075 10.220634587098129 1.2555498193082084 1.2701065385418844 1.277579323387266
24320 4 12.24 12.259 12.463 15.611008585412824 15.87078880822253 15.895424836601308 1.951376073176603 1.9838486010278162 1.9869281045751634
24320 8 17.537 17.63 17.722 21.956889741564158 22.071469086783893 22.188515709642473 2.7446112176955197 2.7589336358479866 2.773564463705309
24320 16 28.482 28.518 28.611 27.200726993114536 27.289431236412092 27.323923881749877 3.400090874139317 3.4111789045515115 3.4154904852187347
24320 32 49.945 50.0 50.223 30.99137845210362 31.1296 31.163880268295127 3.8739223065129527 3.8912 3.895485033536891
24320 64 93.11 93.166 93.315 33.35969565450357 33.41304767833759 33.43314359359897 4.169961956812946 4.176630959792199 4.179142949199871
24320 128 179.333 179.518 249.666 24.936995826424102 34.681313294488575 34.71709055221292 3.1171244783030128 4.335164161811072 4.339636319026615
24320 256 351.738 351.795 352.017 35.3728371072988 35.39515911255134 35.40089498433493 4.42160463841235 4.4243948890689175 4.425111873041867
24320 512 696.736 696.831 727.219 34.24508985601311 35.738478913825595 35.74335185780554 4.280636232001639 4.467309864228199 4.467918982225693
24320 1024 1386.772 1414.789 1494.568 33.32558973562929 35.2047973231344 35.91604099303996 4.165698716953662 4.4005996653918 4.489505124129995
24320 2048 2766.266 2766.412 2782.301 35.80299902850195 36.0086350117047 36.01053550164735 4.475374878562744 4.501079376463087 4.501316937705918
24320 4096 5539.862 5625.81 5630.102 35.386470795733366 35.41346757178078 35.96288860625048 4.423308849466671 4.426683446472597 4.49536107578131
24320 8192 11080.86 11081.521 11457.351 34.77757467672937 35.95705679752807 35.959201722609976 4.347196834591172 4.4946320996910085 4.494900215326247
24320 16384 22138.146 22230.174 24071.231 33.10664751628199 35.84847154142833 35.997493195681336 4.1383309395352486 4.481058942678541 4.499686649460167
24320 32768 44483.018 44609.254 44666.013 35.68340697881408 35.72880909418481 35.83020198854314 4.46042587235176 4.466101136773101 4.478775248567892

26752 1 12.444 13.555 15.87 3.3713925645872718 3.947178163039469 4.29958212793314 0.42142407057340897 0.49339727037993364 0.5374477659916425
26752 2 9.908 10.019 10.037 10.661352993922486 10.680507036630402 10.800161485668148 1.3326691242403108 1.3350633795788003 1.3500201857085186
26752 4 12.834 12.944 13.019 16.438743375067208 16.53399258343634 16.675705158173603 2.054842921883401 2.0667490729295426 2.0844631447717004
26752 8 18.611 18.778 18.963 22.571955914148603 22.794333794866336 22.998871635054535 2.8214944892685754 2.849291724358292 2.874858954381817
26752 16 30.501 30.666 30.722 27.864852548662196 27.915737298636927 28.066751909773448 3.4831065685827745 3.489467162329616 3.508343988721681
26752 32 54.074 54.203 54.26 31.55414670106893 31.58732911462465 31.662684469430783 3.9442683376336163 3.9484161393280814 3.957835558678848
26752 64 101.148 101.314 101.371 33.7794438251571 33.798448388179324 33.85391703246728 4.222430478144638 4.2248060485224155 4.23173962905841
26752 128 195.35 195.516 195.629 35.007652239698615 35.02788518586714 35.057650371128744 4.375956529962327 4.378485648233393 4.382206296391093
26752 256 383.738 383.832 412.146 33.233426989464895 35.68494549698827 35.69368683841579 4.154178373683112 4.460618187123534 4.461710854801974
26752 512 760.83 760.867 788.941 34.7225559325729 36.003727326852136 36.005478227724986 4.340319491571613 4.500465915856517 4.500684778465623
26752 1024 1514.012 1514.419 1582.307 34.62545258284265 36.17763379883638 36.18735914906883 4.328181572855331 4.522204224854548 4.523419893633604
26752 2048 3021.78 3036.819 3117.782 35.145559246926176 36.08255612204744 36.262134238759934 4.393194905865772 4.51031951525593 4.532766779844992
26752 4096 6049.955 6050.73 6061.859 36.15266933790443 36.21916429918374 36.22380397870728 4.519083667238053 4.527395537397967 4.52797549733841
26752 8192 12100.513 12104.778 12340.133 35.5186421410531 36.20923638583046 36.221998852445346 4.4398302676316375 4.526154548228807 4.527749856555668
26752 16384 24271.953 24697.07 30464.888 28.77442175398774 35.49447509360422 36.11615167514538 3.5968027192484673 4.436809386700528 4.514518959393173
26752 32768 48586.572 48691.697 48721.479 35.984520749051974 36.006530476849065 36.08443649821601 4.498065093631497 4.500816309606133 4.510554562277001

29408 1 11.167 12.667 16.871 3.4862189556042917 4.643246230362359 5.266947255305812 0.43577736945053647 0.5804057787952949 0.6583684069132265
29408 2 3.519 10.334 10.482 11.222285823316163 11.383007547900135 33.427678317703894 1.4027857279145204 1.422875943487517 4.178459789712987
29408 4 4.723 13.741 13.889 16.93887248902009 17.121315770322393 49.81240736819819 2.117359061127511 2.140164471290299 6.226550921024773
29408 8 6.723 20.0 20.091 23.41983972923199 23.5264 69.98780306410829 2.927479966153999 2.9408 8.748475383013536
29408 16 11.073 33.148 33.185 28.35787253277083 28.389525763243633 84.98654384538969 3.544734066596354 3.548690720405454 10.623317980673711
29408 32 19.759 59.055 59.168 31.80962682531098 31.87049360765388 95.25340351232349 3.9762033531638723 3.983811700956735 11.906675439040436
29408 64 37.074 111.0 111.129 33.872562517434694 33.91192792792793 101.53271834708961 4.234070314679337 4.238990990990991 12.691589793386202
29408 128 71.685 214.999 215.109 34.99829388821481 35.01620007534919 105.02124572783707 4.374786736026851 4.377025009418649 13.127655715979634
29408 256 140.962 422.627 422.813 35.611241849233586 35.62691451327056 106.81528355159548 4.451405231154198 4.45336431415882 13.351910443949436
29408 512 376.888 838.274 838.477 35.91486945974666 35.92356675740868 79.90116957823014 4.489358682468333 4.490445844676085 9.987646197278767
29408 1024 601.572 1669.493 1669.696 36.070987772624484 36.07537378114194 100.11700012633567 4.5088734715780605 4.509421722642743 12.514625015791959
29408 2048 1110.68 3346.208 3365.02 35.7962710474232 35.997513603458 108.45173047142292 4.4745338809279 4.49968920043225 13.556466308927865
29408 4096 2218.915 6681.805 6683.634 36.044812747077415 36.05467923712231 108.57123233652483 4.505601593384677 4.5068349046402885 13.571404042065604
29408 8192 4528.719 13353.563 13411.702 35.925393510831064 36.081806181616095 106.39226500915602 4.490674188853883 4.510225772702012 13.299033126144503
29408 16384 8947.81 26772.995 26914.922 35.80323747547922 35.99303492194281 107.69577628492337 4.475404684434903 4.499129365242851 13.461972035615421
29408 32768 17798.638 53799.213 59889.114 32.180851565110814 35.823622326966 108.28259375801677 4.022606445638852 4.47795279087075 13.535324219752097

32320 1 12.167 13.278 18.148 3.561824994489751 4.868203042626901 5.312731158050465 0.4452281243112189 0.6085253803283627 0.6640913947563081
32320 2 10.76 10.76 11.0 11.752727272727274 12.014869888475836 12.014869888475836 1.4690909090909092 1.5018587360594795 1.5018587360594795
32320 4 14.222 14.5 14.537 17.786338309142188 17.831724137931037 18.180284066938547 2.2232922886427735 2.2289655172413796 2.2725355083673184
32320 8 21.278 21.61 21.649 23.886553651438863 23.92966219342897 24.30303599962403 2.985819206429858 2.9912077741786214 3.0378794999530037
32320 16 35.574 35.759 35.795 28.893420868836433 28.922509018708578 29.07291842356778 3.611677608604554 3.615313627338572 3.6341148029459727
32320 32 64.167 64.353 64.37 32.134224017399404 32.14271284943981 32.23588448891175 4.0167780021749255 4.017839106179976 4.029485561113969
32320 64 121.111 121.314 121.315 34.10097679594445 34.10125789274115 34.15841665909785 4.262622099493056 4.262657236592644 4.269802082387232
32320 128 235.406 235.444 235.573 35.12253102010842 35.14177468952278 35.14744738876664 4.390316377513552 4.392721836190347 4.39343092359583
32320 256 463.59 463.831 463.85 35.67498113614315 35.67644249737513 35.694989106753816 4.459372642017894 4.459555312171891 4.461873638344227
32320 512 919.497 919.551 949.681 34.849259909380095 35.99113045388456 35.99324413238978 4.356157488672512 4.49889130673557 4.499155516548723
32320 1024 1833.158 1861.379 1864.028 35.509852856287566 35.560388292765744 36.107831403512414 4.438731607035946 4.445048536595718 4.513478925439052
32320 2048 3659.519 3671.926 3744.632 35.352664827945716 36.052665549360206 36.174896209037314 4.4190831034932145 4.506583193670026 4.521862026129664
32320 4096 7409.446 7417.044 7417.5 35.69470037074486 35.69689488157277 35.73350018341453 4.461837546343108 4.462111860196596 4.466687522926816
32320 8192 14659.727 14663.956 14806.204 35.764121580386174 36.11105216082209 36.12146938343395 4.470515197548272 4.513881520102761 4.515183672929243
32320 16384 29342.816 29385.096 29635.879 35.73579713967654 36.040779312070306 36.09271039289481 4.466974642459568 4.505097414008788 4.511588799111851
32320 32768 58694.929 59208.815 64509.39 32.83434427143087 35.773786724155855 36.08699347775001 4.104293033928859 4.471723340519482 4.510874184718752

35552 1 17.445 20.777 1159.42 0.06132721533180384 3.4222457525148 4.075895672112353 0.00766590191647548 0.42778071906435 0.5094869590140442
35552 2 11.222 11.481 2094.434 0.06789805742267362 12.386377493249716 12.672250935662092 0.008487257177834202 1.5482971866562145 1.5840313669577615
35552 4 15.185 15.556 1076.18 0.2642829266479585 18.283363332476217 18.730062561738556 0.03303536583099481 2.285420416559527 2.3412578202173195
35552 8 23.074 23.591 1083.643 0.524925644331205 24.11224619558306 24.652509317846924 0.06561570554140063 3.0140307744478827 3.0815636647308655
35552 16 38.705 39.112 1152.087 0.9874809801690324 29.08733892411536 29.39320501227232 0.12343512252112905 3.63591736551442 3.67415062653404
35552 32 69.999 70.425 1197.643 1.8998382656601343 32.30852680156195 32.50515007357249 0.23747978320751678 4.038565850195244 4.063143759196561
35552 64 133.018 187.72 785.126 5.796083685930666 24.241721713189857 34.21082860966185 0.7245104607413333 3.030215214148732 4.276353576207732
35552 128 258.056 258.332 258.369 35.22602169764948 35.23106699905548 35.26874786867967 4.403252712206185 4.403883374881935 4.4085934835849585
35552 256 508.627 508.756 509.015 35.760486429672994 35.778691553514854 35.78776588737916 4.470060803709124 4.472336444189357 4.473470735922395
35552 512 1009.607 1009.903 1010.161 36.039055160514025 36.04826206081179 36.058830812385416 4.504881895064253 4.506032757601473 4.507353851548177
35552 1024 2026.065 2042.118 2083.806 34.94111064081781 35.65440194934867 35.93690034623766 4.367638830102226 4.456800243668583 4.492112543279707
35552 2048 4031.388 4032.924 4069.909 35.77991350666563 36.10804270053192 36.1218002335672 4.472489188333204 4.51350533756649 4.5152250291959
35552 4096 8053.04 8063.791 8223.386 35.41630953478287 36.117253534968846 36.16547092774903 4.427038691847859 4.514656691871106 4.520683865968628
35552 8192 16101.926 16144.801 16178.012 36.00466905328046 36.0787332095329 36.17480095238297 4.500583631660057 4.509841651191612 4.521850119047871
35552 16384 32181.524 32528.477 32837.212 35.47706595797475 35.81378667067628 36.19989954484443 4.434633244746844 4.476723333834535 4.5249874431055535

39104 1 15.352 20.166 39.037 2.003432640827932 3.8782108499454524 5.09431995831162 0.2504290801034915 0.48477635624318155 0.6367899947889525
39104 2 11.816 11.926 12.166 12.856814072003944 13.115545866174742 13.237643872714962 1.607101759000493 1.6394432332718427 1.6547054840893702
39104 4 16.167 16.389 16.444 19.0240817319387 19.08792482762829 19.35003401991711 2.3780102164923376 2.385990603453536 2.418754252489639
39104 8 24.945 25.037 25.278 24.751325263074612 24.98957542836602 25.081739827620765 3.0939156578843265 3.1236969285457525 3.1352174784525957
39104 16 42.112 42.148 42.387 29.521504234788967 29.688905760652933 29.71428571428571 3.690188029348621 3.7111132200816166 3.714285714285714
39104 32 76.444 76.666 76.852 32.56461770676104 32.64362298802598 32.73842289780754 4.07057721334513 4.080452873503248 4.092302862225942
39104 64 145.609 173.759 206.703 24.21499446065127 28.806058966729783 34.3750180277318 3.0268743075814086 3.600757370841223 4.296877253466475
39104 128 283.055 283.184 283.369 35.327167050735966 35.35024577659754 35.3663563618378 4.415895881341996 4.418780722074692 4.420794545229725
39104 256 558.498 558.534 558.868 35.82464553347123 35.84606845778413 35.84837904522487 4.478080691683903 4.480758557223016 4.481047380653108
39104 512 1109.421 1109.458 1245.697 32.14465154849053 36.09194399427468 36.093147686946615 4.018081443561316 4.511492999284335 4.511643460868327
39104 1024 2211.398 2226.417 2279.786 35.12829362054157 35.97034697453352 36.214644310974315 4.391036702567696 4.49629337181669 4.526830538871789
39104 2048 4443.607 4467.385 4839.997 33.09299241301182 35.85318570035938 36.045038186320255 4.136624051626478 4.481648212544923 4.505629773290032
39104 4096 8893.865 8895.332 8903.178 35.98040699624336 36.01214299814779 36.01808302689551 4.49755087453042 4.501517874768473 4.502260378361939
39104 8192 15665.37 17693.856 17827.072 35.93859586139552 36.20917543355162 40.897848949625825 4.49232448267444 4.526146929193953 5.112231118703228
39104 16384 11848.128 35658.941 35924.005 35.668625254895716 35.9337612409746 108.14871952767558 4.4585781568619645 4.491720155121825 13.518589940959448

43008 1 14.463 18.241 58.889 1.4606463006673571 4.715530946768269 5.94731383530388 0.18258078758341964 0.5894413683460337 0.743414229412985
43008 2 12.5 12.685 12.686 13.560775658205896 13.561844698462751 13.762559999999999 1.695096957275737 1.695230587307844 1.7203199999999998
43008 4 17.37 17.406 17.482 19.68104335888342 19.766976904515683 19.807944732297063 2.4601304198604277 2.4708721130644604 2.475993091537133
43008 8 26.796 26.852 26.98 25.50511489992587 25.626694473409803 25.68025078369906 3.188139362490734 3.2033368091762253 3.2100313479623823
43008 16 45.649 45.759 45.889 29.990978230076923 30.076181734740707 30.148656049420577 3.7488722787596154 3.7595227168425884 3.768582006177572
43008 32 83.444 83.537 83.61 32.92084678866164 32.94961514059638 32.98633814294617 4.115105848582705 4.118701892574547 4.123292267868271
43008 64 159.184 159.221 159.239 34.57082749828873 34.5747357446568 34.58277213790331 4.321353437286091 4.3218419680821 4.322846517237914
43008 128 310.22 310.425 326.461 33.72546184689748 35.46765885479584 35.491096641093414 4.215682730862185 4.43345735684948 4.436387080136677
43008 256 612.608 612.905 642.015 34.29841358846756 35.92742105220222 35.94483911408275 4.287301698558445 4.4909276315252775 4.493104889260343
43008 512 1217.679 1217.994 1260.142 34.94859468218661 36.15797122153311 36.1673248861153 4.368574335273326 4.519746402691639 4.520915610764413
43008 1024 2427.655 2442.415 2443.192 36.051355767373174 36.06282470423741 36.28208456308659 4.506419470921647 4.507853088029676 4.535260570385824
43008 2048 4862.274 4862.997 5551.546 31.73183974337959 36.2247330195762 36.230119487301614 3.966479967922449 4.528091627447025 4.528764935912702
43008 4096 9732.343 9846.531 14202.726 24.80661360361384 35.78128540904405 36.201101420284914 3.10082670045173 4.4726606761305066 4.525137677535614
43008 8192 19499.269 19876.61 20444.954 34.4653782053019 35.450867728450675 36.13689682418351 4.308172275662738 4.431358466056334 4.517112103022939
43008 16384 39120.982 39156.896 39212.054 35.940125554249214 35.990752280262456 36.02379265428459 4.492515694281152 4.498844035032807 4.502974081785574

47296 1 10.167 15.926 34.722 2.7242670353090257 5.939470048976517 9.303826104062162 0.3405333794136282 0.7424337561220646 1.1629782630077703
47296 2 4.537 13.334 13.406 14.11189019841862 14.188090595470227 41.69803835133348 1.7639862748023274 1.7735113244337783 5.212254793916685
47296 4 6.185 18.369 18.612 20.329249946271226 20.598181719200827 61.175101050929676 2.541156243283903 2.5747727149001034 7.6468876313662095
47296 8 9.63 29.055 29.129 25.978784029661163 26.044949234210982 78.58110072689512 3.2473480037076454 3.2556186542763728 9.82263759086189
47296 16 16.574 49.722 49.888 30.337395766516998 30.438679055548853 91.31603716664655 3.7921744708146248 3.8048348819436066 11.414504645830819
47296 32 30.409 91.296 91.407 33.11501307339701 33.155275148966005 99.54105692393699 4.139376634174626 4.144409393620751 12.442632115492124
47296 64 58.111 174.5 174.519 34.688990883514116 34.692767908309456 104.17800416444392 4.3361238604392645 4.336595988538682 13.02225052055549
47296 128 113.482 340.684 340.832 35.524176133696365 35.53960855220674 106.69336106166618 4.440522016712046 4.442451069025842 13.336670132708273
47296 256 237.647 673.219 692.459 34.970376585472934 35.969798832177936 101.89714997454209 4.371297073184117 4.496224854022242 12.737143746817761
47296 512 445.942 1337.771 1337.957 36.19780306840952 36.20283591137796 108.60404267819582 4.52472538355119 4.525354488922245 13.575505334774478
47296 1024 889.163 2682.172 2772.949 34.93111773783073 36.11334694419299 108.9363907405054 4.3663897172288415 4.514168368024124 13.617048842563175
47296 2048 1775.622 5341.179 5350.548 36.206462590373924 36.26997260342708 109.10228415732628 4.5258078237967405 4.533746575428385 13.637785519665785
47296 4096 3553.874 10684.357 10797.0 35.88485986848199 36.263186638185154 109.02154437664365 4.485607483560249 4.532898329773144 13.627693047080456
47296 8192 7136.95 21449.928 21491.122 36.056640690979286 36.12588648316209 108.57546486944705 4.507080086372411 4.515735810395261 13.57193310868088
47296 16384 14297.142 42809.15 42842.859 36.17394740159615 36.202431676405624 108.39896029570106 4.521743425199519 4.525303959550703 13.549870036962632

52000 1 23.112 26.444 35.741 2.9098234520578603 3.9328392073816363 4.499826929733472 0.36372793150723254 0.49160490092270454 0.562478366216684
52000 2 14.13 14.185 14.648 14.199890770070999 14.663376806485722 14.720452937013446 1.7749863462588749 1.8329221008107153 1.8400566171266808
52000 4 19.739 19.871 20.796 20.00384689363339 20.93503094962508 21.075029130148433 2.500480861704174 2.616878868703135 2.634378641268554
52000 8 31.111 31.427 33.0 25.212121212121207 26.474050975276032 26.74295265340233 3.151515151515151 3.309256371909504 3.3428690816752913
52000 16 53.87 54.093 57.572 28.902938928645867 30.76183609709204 30.889177649897903 3.6128673660807333 3.845229512136505 3.861147206237238
52000 32 97.981 99.463 106.536 31.238266876924232 33.45967847340217 33.96576887355712 3.904783359615529 4.182459809175271 4.24572110919464
52000 64 190.369 197.092 204.332 32.574437679854356 33.771030787652464 34.96367580856127 4.0718047099817944 4.221378848456558 4.370459476070159
52000 128 372.221 400.404 425.906 31.255723093828216 33.24642111467418 35.763699522595445 3.906965386728527 4.155802639334272 4.470462440324431
52000 256 735.755 790.887 792.089 33.612384466897026 33.663468991145386 36.18595864112374 4.201548058362128 4.207933623893173 4.5232448301404675
52000 512 1492.622 1584.419 1601.455 33.24976349632053 33.60727181383207 35.67413584953189 4.156220437040067 4.200908976729009 4.459266981191487
52000 1024 2915.706 3142.726 3144.116 33.8715238241846 33.88650490052266 36.52494455888213 4.233940478023075 4.235813112565332 4.565618069860267
52000 2048 6342.675 6361.695 6456.375 32.98940969197111 33.480385337555475 33.58078413287769 4.123676211496389 4.185048167194434 4.197598016609711
52000 4096 11678.088 12629.335 12650.071 33.67443550316832 33.72972527848854 36.4772041450621 4.20930443789604 4.216215659811067 4.559650518132763
52000 8192 23382.846 25276.733 25299.688 33.67503978705192 33.70562168773947 36.435598985683775 4.20937997338149 4.213202710967434 4.554449873210472
52000 16384 46829.951 50391.912 50779.765 33.55541326353125 33.81368025884789 36.3856028805155 4.194426657941406 4.226710032355986 4.548200360064437

57184 1 18.667 21.407 46.093 2.481244440587508 5.342551501845191 6.126747736647559 0.3101555550734385 0.6678189377306488 0.7658434670809449
57184 2 14.888 15.277 15.943 14.34711158502164 14.972573149178505 15.363782912412681 1.793388948127705 1.871571643647313 1.9204728640515851
57184 4 21.148 21.722 23.037 19.85814125103095 21.060307522327594 21.63192736901835 2.482267656378869 2.6325384402909493 2.7039909211272937
57184 8 33.704 34.166 36.982 24.74025201449354 26.77937130480595 27.146451459767384 3.0925315018116923 3.3474214131007436 3.393306432470923
57184 16 55.018 58.834 64.556 28.345746328768822 31.1025597443655 33.259805881711436 3.5432182910961028 3.8878199680456875 4.1574757352139295
57184 32 109.537 110.333 119.98 30.503217202867145 33.17027543889861 33.4113222016305 3.812902150358393 4.146284429862326 4.176415275203812
57184 64 207.629 220.11 230.666 31.73225356142648 33.25406387715233 35.25303305414947 3.96653169517831 4.156757984644042 4.406629131768684
57184 128 410.721 441.203 452.146 32.37694019188492 33.1799738442395 35.64245314946155 4.047117523985615 4.147496730529937 4.455306643682694
57184 256 843.515 916.255 920.126 31.819781203878602 31.954213619570968 34.70976568288649 3.9774726504848252 3.994276702446371 4.338720710360811
57184 512 1678.64 1766.141 1781.084 32.87684129440273 33.155006310368194 34.883248343897435 4.109605161800341 4.144375788796024 4.360406042987179
57184 1024 3272.279 3570.687 3599.986 32.53146873348952 32.79840322044469 35.789378595162574 4.06643359168619 4.099800402555586 4.473672324395322
57184 2048 6536.503 7127.82 7162.413 32.702060604435964 32.860771456069315 35.83348221518448 4.0877575755544955 4.107596432008664 4.47918527689806
57184 4096 12905.065 14245.673 14381.586 32.57299493950111 32.88376252915534 36.29980383671062 4.0716243674376384 4.110470316144418 4.537475479588828
57184 8192 25890.389 28724.791 29388.411 31.88000385594172 32.616517766830746 36.18727613555748 3.985000481992715 4.077064720853843 4.523409516944685
57184 16384 52091.814 57015.417 58137.214 32.23073799167604 32.86488831608475 35.971204842280976 4.028842248959505 4.108111039510594 4.496400605285122

62880 1 15.296 16.685 45.741 2.74939332327671 7.537308960143841 8.221757322175732 0.3436741654095887 0.9421636200179802 1.0277196652719665
62880 2 5.26 5.35 16.89 14.89165186500888 47.013084112149535 47.81749049429658 1.86145648312611 5.876635514018692 5.977186311787072
62880 4 7.574 7.63 24.24 20.752475247524753 65.92922673656618 66.41668867177185 2.594059405940594 8.241153342070772 8.302086083971481
62880 8 12.204 12.296 39.148 25.699397159497288 81.82173064411191 82.43854473942969 3.212424644937161 10.227716330513989 10.304818092428711
62880 16 21.407 21.444 68.426 29.406366001227603 93.83324006715164 93.99542205820525 3.6757957501534504 11.729155008393954 11.749427757275656
62880 32 38.703 39.833 126.962 31.697043209779302 101.02979941254739 103.97953647004105 3.962130401222413 12.628724926568424 12.997442058755132
62880 64 76.056 76.648 244.481 32.921331309999545 105.0078279929026 105.82518144525088 4.115166413749943 13.125978499112826 13.22814768065636
62880 128 150.203 154.611 478.701 33.62700307707734 104.11471370083628 107.17016304601104 4.2033753846346675 13.014339212604535 13.39627038075138
62880 256 297.331 304.684 947.939 33.962691692186944 105.66541072061543 108.27851788074568 4.245336461523368 13.208176340076928 13.53481473509321
62880 512 591.589 630.757 1919.121 33.551360232106255 102.08229159565411 108.84096898353417 4.193920029013282 12.760286449456764 13.605121122941771
62880 1024 1194.05 1218.773 3793.575 33.946406753524045 105.66220288765832 107.84995603199197 4.243300844190506 13.20777536095729 13.481244503998996
62880 2048 2375.783 2446.656 7551.447 34.106904279404986 105.26877501373303 108.40909291799798 4.263363034925623 13.15859687671663 13.551136614749748
62880 4096 4721.161 4899.553 15288.484 33.69287366883466 105.13468473552587 109.1072640818646 4.211609208604332 13.141835591940733 13.638408010233075
62880 8192 9428.916 9877.291 30336.875 33.95952681349018 104.30247726831172 109.26239241075008 4.244940851686272 13.037809658538965 13.65779905134376
62880 16384 18912.627 19841.97 61045.361 33.75279965991191 103.84310832039358 108.94582968299432 4.2190999574889885 12.980388540049198 13.61822871037429

69152 1 18.185 42.444 62.722 2.2050317273046143 3.2585053246630857 7.60538905691504 0.2756289659130768 0.4073131655828857 0.95067363211438
69152 2 16.852 17.241 17.741 15.591454822163353 16.04361695957311 16.41395680037978 1.9489318527704191 2.005452119946639 2.0517446000474724
69152 4 24.407 25.277 25.833 21.41508922695777 21.88614155160818 22.66628426271152 2.6768861533697215 2.7357676939510225 2.83328553283894
69152 8 39.554 41.351 41.888 26.414056531703594 26.757079635317165 27.97269555544319 3.301757066462949 3.3446349544146456 3.496586944430399
69152 16 69.555 72.962 74.295 29.78483074231106 30.32899317452921 31.814592768312846 3.7231038427888823 3.791124146816151 3.9768240960391057
69152 32 129.629 136.519 139.055 31.827176297148608 32.41840329917447 34.14149611583828 3.978397037143576 4.052300412396809 4.267687014479785
69152 64 250.536 263.684 395.368 22.38789178689221 33.56842280912001 35.33007631637769 2.7984864733615264 4.196052851140001 4.4162595395472115
69152 128 498.442 518.016 526.405 33.6298325433839 34.17445021003213 35.51649339341388 4.203729067922987 4.271806276254016 4.439561674176735
69152 256 997.44 1041.977 1061.162 33.36514500142297 33.9794678769301 35.49669554058389 4.170643125177871 4.247433484616263 4.437086942572987
69152 512 2027.028 2027.582 2113.008 33.51224794226998 34.92418457058704 34.933729578476466 4.1890309927837475 4.36552307132338 4.366716197309558
69152 1024 4038.446 4178.999 4327.719 32.72469769871843 33.88928688425147 35.068760607421765 4.090587212339804 4.236160860531434 4.383595075927721
69152 2048 8055.261 8312.943 8483.106 33.38949106612602 34.072962126649976 35.16293165423193 4.1736863832657525 4.259120265831247 4.395366456778992
69152 4096 16195.708 16537.362 16627.032 34.07061368499201 34.25535366523391 34.97798206784168 4.258826710624001 4.281919208154239 4.37224775848021
69152 8192 32453.953 33249.491 33298.908 34.024730420589165 34.075299618872364 34.9105814012857 4.253091302573646 4.2594124523590455 4.363822675160712

76064 1 26.851 50.852 52.074 2.92138111149518 2.9915834185479433 5.665636289151243 0.3651726389368975 0.3739479273184929 0.7082045361439053
76064 2 18.241 18.703 18.889 16.10757583778919 16.267764529754583 16.679787292363358 2.013446979723649 2.033470566219323 2.0849734115454197
76064 4 26.352 27.686 27.981 21.747328544369392 21.979050783789642 23.091681845780204 2.718416068046174 2.7473813479737053 2.8864602307225256
76064 8 42.834 45.425 45.482 26.758365946968027 26.791942762795816 28.412569454171916 3.3447957433710034 3.348992845349477 3.5515711817714894
76064 16 75.889 81.147 81.24 29.961201378631213 29.995538960158722 32.07379198566327 3.7451501723289016 3.7494423700198403 4.009223998207909
76064 32 139.444 152.37 152.647 31.891199958073198 31.949176347049942 34.91075987493187 3.9863999947591497 3.9936470433812428 4.363844984366484
76064 64 294.981 295.277 307.739 31.637822960365767 32.973079515167115 33.00616649885925 3.954727870045721 4.121634939395889 4.125770812357406
76064 128 556.145 580.516 580.701 33.5325477311043 33.54323395048543 35.01314225606632 4.191568466388038 4.192904243810679 4.37664278200829
76064 256 1113.92 1151.365 1151.716 33.81455845017348 33.82486700568455 34.961907497845445 4.226819806271685 4.228108375710569 4.370238437230681
76064 512 2241.361 2314.84 2316.155 33.62880981626876 33.64791346270152 34.75099995047652 4.203601227033595 4.20598918283769 4.343874993809565
76064 1024 4468.555 4595.31 4599.368 33.869669050182544 33.89957848327969 34.86117369037642 4.233708631272818 4.237447310409961 4.357646711297052
76064 2048 8935.74 9176.324 9182.864 33.9282106323256 33.95239139332917 34.866518497628626 4.2410263290407 4.2440489241661465 4.358314812203578
76064 4096 17903.163 18354.358 18570.518 33.554060689098705 33.9492281887495 34.804815663019994 4.194257586137338 4.243653523593688 4.350601957877499
76064 8192 35797.624 36680.197 36954.259 33.72365215062221 33.97562384956657 34.81327632247324 4.215456518827776 4.246952981195821 4.351659540309155

83648 1 36.315 50.852 51.111 3.2731897243254875 3.2898607724376623 4.60680159713617 0.40914871554068594 0.4112325965547078 0.5758501996420212
83648 2 19.519 19.611 20.295 16.486425227888642 17.06144510733772 17.141861775705724 2.0608031534860802 2.132680638417215 2.1427327219632155
83648 4 29.185 29.649 30.055 22.26531359174846 22.570204728658638 22.929038889840673 2.7831641989685574 2.8212755910823297 2.866129861230084
83648 8 48.037 48.889 49.556 27.007183792073615 27.375646873529828 27.861190332452065 3.375897974009202 3.4219558591912285 3.482648791556508
83648 16 85.796 87.537 88.111 30.379135408745782 30.578338302660583 31.198843768940275 3.7973919260932227 3.822292287832573 3.8998554711175344
83648 32 161.74 165.129 166.128 32.224983145526345 32.41993835122843 33.09924570298009 4.028122893190793 4.052492293903554 4.1374057128725115
83648 64 313.665 320.239 322.443 33.20569527017178 33.43422881035726 34.13496564806401 4.150711908771473 4.179278601294658 4.266870706008001
83648 128 614.905 630.792 656.793 32.60370923563436 33.94762140293472 34.82470950797278 4.075463654454295 4.24345267536684 4.353088688496597
83648 256 1230.013 1251.715 1260.755 33.969943406926795 34.21527743935321 34.81896207601058 4.246242925865849 4.276909679919151 4.352370259501322
83648 512 2450.119 2503.155 2573.691 33.28121052604994 34.219036376093364 34.95975175083332 4.160151315756242 4.2773795470116704 4.369968968854165
83648 1024 4939.646 5002.808 5036.105 34.01658702509181 34.242989936851465 34.68084636024525 4.252073378136476 4.280373742106433 4.335105795030656
83648 2048 9894.124 9991.949 10176.229 33.66887753803496 34.28982754015257 34.628857289437654 4.20860969225437 4.2862284425190715 4.328607161179707
83648 4096 19779.952 20059.831 20064.992 34.15124292100391 34.16002936415566 34.64338113661752 4.268905365125489 4.270003670519458 4.33042264207719
83648 8192 30024.371 40013.614 40120.292 34.15949295683092 34.2505636206717 45.64587987538523 4.269936619603865 4.281320452583962 5.705734984423154

92000 1 20.5 55.241 56.203 3.2738465918189417 3.3308593255009864 8.97560975609756 0.4092308239773677 0.4163574156876233 1.121951219512195
92000 2 21.185 21.704 22.018 16.713597965301116 16.95539992628087 17.370781213122495 2.0891997456626394 2.1194249907851086 2.171347651640312
92000 4 31.722 32.111 32.87 22.391238211134777 22.920494534583167 23.20156358363281 2.798904776391847 2.865061816822896 2.9001954479541014
92000 8 52.722 53.537 53.74 27.39114253814663 27.4950034555541 27.920033382648608 3.423892817268329 3.4368754319442627 3.490004172831076
92000 16 95.333 95.388 96.629 30.467044055097332 30.863420975384745 30.881226857436562 3.8083805068871666 3.857927621923093 3.8601533571795703
92000 32 179.036 180.833 181.831 32.38171708894523 32.56042868281785 32.88724055497218 4.047714636118154 4.070053585352231 4.110905069371523
92000 64 346.739 350.424 352.146 33.440675174501486 33.60500422345501 33.96214443717032 4.180084396812686 4.2006255279318765 4.24526805464629
92000 128 683.922 689.238 693.886 33.942174939399266 34.17107008029157 34.436675527326216 4.242771867424908 4.271383760036446 4.304584440915777
92000 256 1361.049 1385.919 1421.531 33.13610466461864 33.9875562713261 34.60859969038587 4.14201308307733 4.248444533915762 4.326074961298234
92000 512 2701.912 2731.821 2745.56 34.31285420824896 34.48542199507215 34.86716073654509 4.28910677603112 4.310677749384019 4.358395092068136
92000 1024 5430.602 5477.514 5602.547 33.630418450751066 34.398086431180275 34.69523268322739 4.203802306343883 4.299760803897534 4.3369040854034235
92000 2048 10952.482 11005.602 11022.373 34.187919425336084 34.24001703859543 34.40608256649041 4.2734899281670105 4.280002129824429 4.300760320811301
92000 4096 21887.462 21980.415 22683.682 33.22494117136715 34.28797863916582 34.43359490469932 4.153117646420894 4.285997329895728 4.304199363087415
92000 8192 43935.459 43984.532 44039.835 34.22646792386938 34.26950183305349 34.30777859860301 4.278308490483672 4.283687729131686 4.288472324825376

101184 1 41.222 58.611 1123.847 0.18006721555514227 3.4527307160771867 4.90922323031391 0.022508401944392784 0.43159133950964834 0.6136529037892388
101184 2 22.425 24.074 1118.549 0.36184020548049306 16.812162498961534 18.048428093645484 0.04523002568506163 2.1015203123701918 2.2560535117056855
101184 4 34.205 35.907 1163.848 0.6955135034815544 22.543570891469635 23.665312088875897 0.0869391879351943 2.8179463614337044 2.958164011109487
101184 8 57.296 87.888 1185.402 1.365734156007835 18.4205352266521 28.255794470818206 0.1707167695009794 2.3025669033315124 3.5319743088522757
101184 16 103.185 105.796 1337.086 2.4216004056582747 30.605013422057542 31.37944468672772 0.30270005070728434 3.825626677757193 3.922430585840965
101184 32 195.184 198.777 6815.876 0.9501017917579486 32.57809505123832 33.17780145913599 0.11876272396974358 4.07226188140479 4.147225182391999
101184 64 379.387 385.053 1829.399 7.079675893558487 33.63576442723469 34.13810172726002 0.8849594866948108 4.204470553404336 4.267262715907503
101184 128 747.479 756.718 10997.688 2.355322682367421 34.23085482306487 34.65395549573968 0.2944153352959276 4.278856852883108 4.33174443696746
101184 256 1484.808 1500.623 4124.776 12.559762760450507 34.52313339193122 34.89084649328398 1.5699703450563134 4.315391673991402 4.361355811660498
101184 512 2983.634 3012.747 7136.726 14.518200082222577 34.391343182816215 34.72691891833918 1.8147750102778222 4.298917897852027 4.3408648647923975
101184 1024 5934.248 6008.048 13165.808 15.73962129783451 34.49120779327995 34.92015028694453 1.9674526622293138 4.3114009741599935 4.365018785868067
101184 2048 11900.145 12003.319 24139.943 17.168626454503226 34.52792215219807 34.82727849114443 2.1460783068129032 4.315990269024759 4.353409811393054
101184 4096 23765.083 24088.507 48200.588 17.19687170621238 34.41057297573486 34.878873682031745 2.1496089632765476 4.301321621966857 4.359859210253968
101184 8192 48022.422 48537.701 88739.192 18.681696538323227 34.1548656373321 34.52134621614878 2.3352120672904033 4.269358204666513 4.315168277018597

111296 1 34.907 46.259 63.037 3.53113250947856 4.811863637346247 6.3767152720084805 0.44139156368482 0.6014829546682808 0.7970894090010601
111296 2 24.148 25.074 26.24 16.965853658536584 17.754805774906277 18.435646844459168 2.120731707317073 2.2193507218632846 2.304455855557396
111296 4 36.833 38.519 39.241 22.68973777426671 23.11503413899634 24.17310563896506 2.836217221783339 2.8893792673745424 3.0216382048706323
111296 8 62.629 63.574 64.185 27.74380306925294 28.010444521345203 28.43309010202941 3.4679753836566176 3.5013055651681504 3.5541362627536763
111296 16 113.592 114.481 115.776 30.761746821448316 31.1097212637905 31.353193886893447 3.8452183526810395 3.8887151579738126 3.919149235861681
111296 32 213.721 216.481 220.554 32.29569175802751 32.90332176957793 33.32823634551588 4.036961469753439 4.112915221197241 4.166029543189485
111296 64 418.553 423.979 426.85 33.374459411971415 33.600456626389516 34.03604322511128 4.171807426496427 4.2000570782986895 4.25450540313891
111296 128 844.144 870.274 919.496 30.986296840878047 32.738856957693784 33.75226975492333 3.873287105109756 4.092357119711723 4.219033719365417
111296 256 1667.324 1705.159 1718.14 33.165837475409454 33.41832169316761 34.17665192847941 4.145729684426182 4.177290211645952 4.272081491059926
111296 512 3346.058 3367.004 3576.798 31.86288518389912 33.84822352453398 34.06011013556848 3.98286064798739 4.231027940566747 4.25751376694606
111296 1024 6681.78 6721.231 6771.562 33.66050668959392 33.91256869463347 34.112797488094486 4.20756333619924 4.239071086829184 4.264099686011811
111296 2048 8402.069 13471.757 13515.363 33.72964647712385 33.8388241414984 54.2566855854195 4.216205809640481 4.2298530176873 6.782085698177437
111296 4096 10559.262 27036.957 27067.15 33.68425682053707 33.721873064339306 86.34474947207485 4.210532102567134 4.215234133042413 10.793093684009357
111296 8192 53457.639 54005.915 55184.294 33.0433449778301 33.76433236988948 34.11062849221605 4.130418122228763 4.220541546236185 4.263828561527006

122400 1 23.463 63.758 69.222 3.536447950073676 3.8395181781109815 10.433448408131952 0.4420559937592095 0.4799397722638727 1.304181051016494
122400 2 27.907 28.778 28.815 16.991150442477874 17.01299603864063 17.543985380012185 2.1238938053097343 2.1266245048300787 2.192998172501523
122400 4 42.778 44.018 44.5 22.00449438202247 22.24544504520878 22.89027069989247 2.750561797752809 2.7806806306510974 2.8612838374865586
122400 8 71.555 72.37 73.408 26.678291194420225 27.060936852286858 27.369156592830688 3.334786399302528 3.3826171065358572 3.421144574103836
122400 16 128.37 129.259 133.573 29.32329138373773 30.30195189503246 30.51180182285581 3.665411422967216 3.7877439868790574 3.813975227856976
122400 32 240.203 244.499 252.24 31.056137012369174 32.039394844150685 32.61241533203165 3.8820171265461467 4.004924355518836 4.0765519165039565
122400 64 476.516 489.905 491.424 31.881226802109786 31.980077770179932 32.87864415885301 3.9851533502637233 3.9975097212724915 4.109830519856626
122400 128 938.127 940.588 962.384 32.55914479043708 33.31362934674905 33.40102139688976 4.069893098804635 4.164203668343632 4.17512767461122
122400 256 1892.474 1924.601 1957.176 32.020012507817384 32.56196998754547 33.11474820790141 4.002501563477173 4.070246248443183 4.139343525987676
122400 512 3741.963 3804.779 3819.075 32.81883702205377 32.94214985942679 33.4951467986188 4.102354627756721 4.117768732428349 4.18689334982735
122400 1024 7453.036 7617.8 7628.964 32.8583540307701 32.90650844075717 33.633971444656915 4.107294253846263 4.1133135550946465 4.204246430582114
122400 2048 14909.907 15219.039 15258.285 32.85758523975663 32.94231652865861 33.62532039938277 4.107198154969579 4.117789566082326 4.203165049922847
122400 4096 30014.701 30439.967 30515.832 32.8583798731098 32.94027224142523 33.4069894615975 4.107297484138725 4.117534030178153 4.175873682699687
122400 8192 59855.329 60436.295 62381.965 32.147137397803995 33.18207378529739 33.50414463514184 4.018392174725499 4.147759223162174 4.18801807939273

134624 1 39.259 55.592 177.074 1.5205394354902468 4.84328680385667 6.858249063908913 0.19006742943628085 0.6054108504820838 0.8572811329886141
134624 2 31.981 32.906 33.852 15.907361455748555 16.364675135233696 16.83799756105187 1.9884201819685694 2.045584391904212 2.104749695131484
134624 4 47.907 48.407 49.037 21.96284438281298 22.248683041708844 22.48089005782036 2.7453555478516223 2.7810853802136055 2.810111257227545
134624 8 80.369 80.63 80.703 26.69025934599705 26.7144239116954 26.801179559282804 3.336282418249631 3.339302988961925 3.3501474449103505
134624 16 138.555 142.277 144.314 29.851351913189298 30.278737954834586 31.092115044567137 3.731418989148662 3.7848422443543233 3.886514380570892
134624 32 268.332 271.147 338.221 25.474278652123907 31.775885405333636 32.109237809877314 3.1842848315154884 3.9719856756667045 4.013654726234664
134624 64 525.942 590.201 604.812 28.491286548547315 29.196616068085273 32.76382566899011 3.5614108185684143 3.649577008510659 4.0954782086237635
134624 128 1039.089 1039.57 1054.884 32.670648147094845 33.15192242946603 33.16726863627658 4.083831018386856 4.143990303683254 4.145908579534573
134624 256 2087.305 2106.398 2166.804 31.8106704621184 32.72291751131552 33.02224064044306 3.9763338077648 4.09036468891444 4.127780080055382
134624 512 4172.611 4196.703 4256.405 32.38765484017616 32.848399326804866 33.03806082091046 4.04845685502202 4.106049915850608 4.129757602613807
134624 1024 8340.928 9018.827 20990.746 13.134833416592246 30.570489044750495 33.055069172159264 1.6418541770740307 3.821311130593812 4.131883646519908
134624 2048 16654.577 16980.082 20821.365 26.48336955814376 32.47451360953381 33.1092109994748 3.31042119476797 4.059314201191726 4.13865137493435
134624 4096 33295.712 33599.022 33870.885 32.56011196636875 32.82356873363754 33.12257770610221 4.070013995796094 4.102946091704693 4.140322213262777

148064 1 51.758 60.055 71.315 4.152394306948047 4.930946632253767 5.7213957262645385 0.5190492883685058 0.6163683290317209 0.7151744657830673
148064 2 12.315 33.925 36.224 16.349823321554773 17.45780397936625 48.09224522939505 2.0437279151943466 2.1822254974207813 6.011530653674381
148064 4 17.852 52.462 82.259 14.399786041648937 22.578475849186077 66.35178131301814 1.7999732552061172 2.8223094811482596 8.293972664127267
148064 8 29.426 87.406 87.426 27.097476723171596 27.103677093105734 80.50785020050296 3.3871845903964495 3.3879596366382168 10.06348127506287
148064 16 53.037 153.665 156.925 30.19307312410387 30.83361858588488 89.33476629522785 3.7741341405129836 3.85420232323561 11.166845786903481
148064 32 97.352 292.907 294.462 32.18104882803214 32.35189326304937 97.33848303065166 4.022631103504017 4.043986657881171 12.167310378831457
148064 64 191.295 570.239 589.997 32.122522656894866 33.23552405219566 99.07311743642019 4.015315332111858 4.154440506524457 12.384139679552524
148064 128 379.221 1126.163 1134.013 33.424999537042346 33.65799089474614 99.95328317788308 4.178124942130293 4.207248861843268 12.494160397235385
148064 256 754.83 2225.1 2248.898 33.70929584178562 34.06982517639657 100.4315779711988 4.213661980223202 4.258728147049571 12.55394724639985
148064 512 1520.289 4462.223 4467.053 33.94128880942313 33.9780275436705 99.72941723580188 4.242661101177891 4.2472534429588125 12.466177154475234
148064 1024 3009.133 8925.457 9081.998 33.388586079847194 33.9741788011527 100.77157506830041 4.173573259980899 4.246772350144088 12.596446883537551
148064 2048 6033.191 17820.646 19218.909 31.55590902688597 34.031883243738754 100.52228480749243 3.9444886283607463 4.253985405467344 12.565285600936553
148064 4096 12053.792 36073.57 36120.38 33.58049632921912 33.62407125216606 100.62727878496659 4.19756204115239 4.203008906520758 12.578409848120824

162848 1 65.889 93.037 2137.064 0.1524034844066439 3.500714769392822 4.943101276389079 0.019050435550830486 0.4375893461741027 0.6178876595486349
162848 2 41.019 41.982 2156.526 0.30205617738900437 15.515983040350626 15.880250615568395 0.037757022173625546 1.9394978800438283 1.9850313269460493
162848 4 58.61 92.407 2152.416 0.6052658965553126 14.098325884402696 22.228015696980037 0.07565823706941407 1.762290735550337 2.7785019621225047
162848 8 97.722 100.555 2303.674 1.131048924457193 25.911869126348762 26.66306461185813 0.14138111555714913 3.2389836407935952 3.332883076482266
162848 16 175.018 179.24 1817.9 2.866569118213323 29.073510377147958 29.774857443234406 0.35832113977666535 3.6341887971434947 3.721857180404301
162848 32 328.536 332.832 336.351 30.986297052781172 31.31391212383425 31.723378868678015 3.8732871315976465 3.914239015479281 3.965422358584752
162848 64 635.96 636.757 647.274 32.20358611654415 32.73547679884163 32.77650166677149 4.025448264568019 4.091934599855204 4.097062708346436
162848 128 1246.013 1278.197 1286.365 32.40844394864599 32.61554204868264 33.457987998520075 4.051055493580749 4.07694275608533 4.182248499815009
162848 256 2500.693 2515.358 2599.154 32.078967233184336 33.14763783127491 33.34202798984121 4.009870904148042 4.143454728909364 4.167753498730152
162848 512 4974.902 5043.996 5770.101 28.900075059344715 33.06036563074197 33.519525007728795 3.6125093824180894 4.132545703842746 4.189940625966099
162848 1024 9964.971 10179.715 10203.597 32.68579737126035 32.76247949967165 33.468507233989946 4.085724671407544 4.095309937458956 4.183563404248743
162848 2048 20233.565 20404.801 20697.383 32.22752403045351 32.68963064133779 32.96628191818891 4.028440503806689 4.086203830167224 4.120785239773614
162848 4096 39897.089 40800.583 41505.106 32.14184818610028 32.69685670913085 33.43729704189697 4.017731023262535 4.087107088641356 4.179662130237121

179104 1 53.889 67.075 213.332 1.6791104944405904 5.340409988818487 6.647145057432871 0.2098888118050738 0.6675512486023109 0.8308931321791089
179104 2 43.63 46.222 47.278 15.153263674436314 15.499459132015058 16.420261288104516 1.8941579593045392 1.9374323915018823 2.0525326610130645
179104 4 64.407 69.37 70.075 20.447120941848016 20.654922877324488 22.24652599872685 2.555890117731002 2.581865359665561 2.780815749840856
179104 8 107.907 111.611 114.852 24.950928151011734 25.67546209602996 26.55679427655296 3.1188660188764668 3.209432762003745 3.31959928456912
179104 16 193.295 204.443 235.036 24.38489422896918 28.03386763058652 29.650679013942423 3.0481117786211476 3.504233453823315 3.706334876742803
179104 32 366.276 374.498 411.739 27.839616844651587 30.60805665183793 31.295132632222693 3.4799521055814484 3.8260070814797413 3.9118915790278366
179104 64 704.774 727.792 742.681 30.86831627576308 31.499813133422737 32.52860065779952 3.858539534470385 3.937476641677842 4.06607508222494
179104 128 1391.123 1437.698 1467.548 31.243014879240746 31.8916935267351 32.959432055972044 3.9053768599050933 3.9864616908418875 4.1199290069965055
179104 256 2814.21 2974.689 2977.023 30.803002865614406 30.82717151271948 32.585076451295386 3.8503753582018008 3.853396439089935 4.073134556411923
179104 512 5503.068 5847.194 6005.655 30.538300318616372 31.36589892519386 33.327317779827546 3.8172875398270465 3.9207373656492326 4.165914722478443
179104 1024 11088.192 11509.112 11796.681 31.093914635820024 31.870833475249874 33.08068547153585 3.886739329477503 3.9838541844062343 4.135085683941981
179104 2048 22951.892 23219.976 44619.456 16.441482029722643 31.593916548406423 31.96294161718781 2.0551852537153303 3.949239568550803 3.995367702148476
179104 4096 46634.764 46758.426 107377.96 13.664070056834753 31.378728787833875 31.461936164188586 1.708008757104344 3.9223410984792344 3.9327420205235732

196992 1 53.833 68.352 77.073 5.111829045190923 5.764044943820225 7.318633551910539 0.6389786306488654 0.7205056179775281 0.9148291939888173
196992 2 46.185 50.278 53.296 14.78474932452717 15.672222443215722 17.061123741474503 1.8480936655658962 1.9590278054019652 2.132640467684313
196992 4 69.444 75.147 78.425 20.09481670385719 20.971376102838434 22.693623639191287 2.511852087982149 2.6214220128548043 2.836702954898911
196992 8 116.387 124.11 128.74 24.48246077365232 25.395794053662073 27.080962650467836 3.06030759670654 3.174474256707759 3.3851203313084794
196992 16 209.814 221.425 228.591 27.576518760581124 28.468980467426896 30.044439360576515 3.4470648450726404 3.558622558428362 3.7555549200720644
196992 32 394.036 418.442 424.683 29.686820522601565 30.129595021532257 31.995777035600806 3.7108525653251956 3.766199377691532 3.9994721294501008
196992 64 766.367 829.644 851.257 29.62087360221414 30.392524986620767 32.90195950504132 3.7026092002767674 3.799065623327596 4.112744938130165
196992 128 1559.012 1619.233 1623.861 31.05558419101142 31.144345501851806 32.34737898104697 3.8819480238764275 3.8930431877314757 4.043422372630872
196992 256 3209.799 3290.613 3420.281 29.488777091706794 30.650794851901455 31.422498418125247 3.6860971364633492 3.831349356487682 3.927812302265656
196992 512 6187.529 6526.376 6616.43 30.487711348869404 30.908395103193563 32.60102829417042 3.8109639186086754 3.8635493878991953 4.075128536771302
196992 1024 12251.299 12841.68 13012.527 31.003940741102788 31.4164202814585 32.93035424243584 3.8754925926378485 3.9270525351823125 4.11629428030448
196992 2048 24479.875 25831.833 26034.746 30.992398850367124 31.235848884591352 32.96092124653414 3.8740498562958905 3.904481110573919 4.120115155816768
196992 4096 48831.27 51851.384 52753.439 30.59058318453893 31.122765479123952 33.047644757140255 3.823822898067366 3.890345684890494 4.130955594642532

216672 1 55.055 76.776 81.128 5.3414850606449065 5.64426383244764 7.871110707474344 0.6676856325806133 0.705532979055955 0.983888838434293
216672 2 19.464 51.574 55.481 15.621347848813107 16.804746577732967 44.527743526510484 1.9526684811016384 2.100593322216621 5.5659679408138105
216672 4 28.89 78.481 82.296 21.06270049577136 22.086568723640116 59.99916926272066 2.63283756197142 2.7608210904550146 7.499896157840083
216672 8 47.499 131.277 135.685 25.550001842502855 26.407916085833776 72.98578917450894 3.193750230312857 3.300989510729222 9.123223646813617
216672 16 83.889 241.684 359.314 19.29650389353045 28.688303735456216 82.65093158817008 2.412062986691306 3.586037966932027 10.33136644852126
216672 32 156.702 451.015 939.828 14.754835991266487 30.746223518064813 88.492859057319 1.844354498908311 3.8432779397581016 11.061607382164874
216672 64 303.869 922.236 1314.438 21.09952390299124 30.072580120489768 91.26964580131569 2.637440487873905 3.759072515061221 11.408705725164461
216672 128 600.849 1705.066 1761.733 31.484925354750125 32.531310811429 92.31609272878875 3.9356156693437656 4.066413851428625 11.539511591098593
216672 256 1191.013 3399.782 3525.65 31.46542169529023 32.630346298674446 93.14429313533942 3.933177711911279 4.078793287334306 11.643036641917428
216672 512 2395.358 6870.841 7041.744 31.50812185163221 32.29184433172009 92.62587387772516 3.9385152314540264 4.036480541465012 11.578234234715644
216672 1024 4765.013 13545.09 14081.655 31.51222324364572 32.760524736269744 93.12550794719762 3.939027905455715 4.095065592033718 11.640688493399702
216672 2048 9534.915 27246.66 28283.922 31.37784469918988 32.572378119006146 93.07775811320813 3.922230587398735 4.071547264875768 11.634719764151017
216672 4096 19073.423 54246.247 56477.418 31.428083769693583 32.72073409981708 93.06022437608604 3.928510471211698 4.090091762477135 11.632528047010755

238336 1 89.481 100.795 119.37 3.99323113009969 4.729123468426013 5.327075021512947 0.49915389126246124 0.5911404335532516 0.6658843776891183
238336 2 61.111 61.24 66.075 14.428210367007187 15.567341606792944 15.600202909459837 1.8035262958758984 1.945917700849118 1.9500253636824796
238336 4 90.944 92.612 96.629 19.732047314988254 20.58791517297974 20.96551724137931 2.4665059143735317 2.5734893966224677 2.6206896551724137
238336 8 150.148 153.999 158.906 23.997684165481477 24.76234261261437 25.397447851453233 2.9997105206851846 3.095292826576796 3.174680981431654
238336 16 269.332 275.054 284.091 26.846158449229296 27.728198826412267 28.317288699449005 3.355769806153662 3.4660248533015334 3.5396610874311256
238336 32 503.09 521.109 532.256 28.658209583358385 29.271235000738805 30.319632670098787 3.582276197919798 3.6589043750923507 3.7899540837623484
238336 64 986.18 1035.884 1049.978 29.05490210271072 29.450216433500277 30.934523109371515 3.63186276283884 3.6812770541875346 3.8668153886714394
238336 128 1997.12 2062.323 2190.194 27.857813508757673 29.58509215093853 30.551001442076593 3.482226688594709 3.698136518867316 3.818875180259574
238336 256 3926.37 4075.646 4076.816 29.93219021903368 29.94078288448015 31.079096468239108 3.74152377737921 3.7425978605600188 3.8848870585298885
238336 512 7843.13 8021.207 9228.974 26.444549957557577 30.426351545347224 31.11717694338867 3.305568744694697 3.803293943168403 3.889647117923584
238336 1024 15744.301 15956.536 16499.158 29.584062895815652 30.590106023011508 31.00246419323411 3.6980078619769565 3.8237632528764385 3.875308024154264
238336 2048 31548.461 31556.4 32576.17 29.967434968567513 30.93585630807063 30.943641149405035 3.745929371070939 3.8669820385088287 3.8679551436756294
238336 4096 62912.091 63077.467 89326.995 21.857317734689275 30.953185104912343 31.034551243893638 2.7321647168361594 3.869148138114043 3.8793189054867048

262144 1 96.314 104.148 120.426 4.353611346386993 5.034066904789339 5.443528458998693 0.5442014182983741 0.6292583630986673 0.6804410573748366
262144 2 70.407 71.814 73.464 14.27333115539584 14.601275517308606 14.89306461005298 1.78416639442448 1.8251594396635757 1.8616330762566224
262144 4 103.241 105.111 109.647 19.126396527036764 19.95178430421174 20.313170155267773 2.3907995658795955 2.4939730380264673 2.5391462694084717
262144 8 170.055 173.722 179.074 23.422183008141886 24.1437699312695 24.66439681279586 2.9277728760177357 3.0179712414086874 3.0830496015994826
262144 16 303.868 309.739 319.832 26.2281697891393 27.08282780018016 27.606092118946385 3.2785212236424126 3.38535347502252 3.450761514868298
262144 32 574.404 583.386 601.83 27.877001811142684 28.75834524654346 29.208041726728922 3.4846252263928355 3.5947931558179325 3.6510052158411153
262144 64 1112.402 1130.939 1166.18 28.77294414241369 29.669533016369584 30.163944329478014 3.596618017801711 3.708691627046198 3.7704930411847517
262144 128 2226.358 2258.044 2326.509 28.845305992798654 29.719909798037598 30.142889867667282 3.6056632490998317 3.7149887247546998 3.7678612334584103
262144 256 4417.756 4566.536 5177.957 25.920981576324408 29.391584343143247 30.38142622634659 3.240122697040551 3.673948042892906 3.797678278293324
262144 512 8740.515 8803.586 9271.273 28.953462593540284 30.49160376237593 30.711629234661807 3.6191828241925355 3.8114504702969914 3.838953654332726
262144 1024 17736.324 17759.004 18347.624 29.2610591976378 30.230913400323576 30.269570628051223 3.657632399704725 3.778864175040447 3.783696328506403
262144 2048 35152.841 35512.184 36333.879 29.552083442563347 30.235871271673968 30.544951516152 3.6940104303204184 3.779483908959246 3.818118939519
262144 4096 69748.871 70608.425 72669.074 29.551548269350455 30.413985979718426 30.78879438779733 3.693943533668807 3.801748247464803 3.8485992984746664

288352 1 113.61 117.518 11802.499 0.04886287217647721 4.907367382018075 5.076172872106329 0.006107859022059651 0.6134209227522593 0.6345216090132911
288352 2 28.425 82.963 1288.122 0.8954182911245985 13.902679507732364 40.577238346525945 0.11192728639057481 1.7378349384665455 5.072154793315743
288352 4 38.907 122.353 1238.494 1.8625976387451213 18.85377555106945 59.290513275246106 0.23282470484314016 2.3567219438836813 7.411314159405763
288352 8 64.666 171.944 202.074 22.831398398606453 26.832177918392038 71.34556026350788 2.8539247998258066 3.3540222397990047 8.918195032938485
288352 16 115.148 303.221 361.481 25.52627662311436 30.430821084291658 80.13394935213812 3.190784577889295 3.8038526355364572 10.016743669017265
288352 32 217.11 678.979 3044.393 6.061808708665406 27.17982146723242 85.00081986090001 0.7577260885831758 3.3974776834040523 10.625102482612501
288352 64 420.22 1314.235 4222.813 8.740395560968484 28.084061069747804 87.83269715863119 1.0925494451210604 3.5105076337184755 10.979087144828899
288352 128 825.57 2691.138 6310.433 11.697788725432947 27.430073076891635 89.41472194968324 1.4622235906791183 3.4287591346114543 11.176840243710405
288352 256 1646.936 5146.441 10559.783 13.980990329062635 28.68705266416151 89.64296366100444 1.7476237911328294 3.5858815830201887 11.205370457625556
288352 512 3390.557 10259.843 18898.614 15.624026608512137 28.77943142014941 87.0867081721381 1.9530033260640172 3.5974289275186764 10.885838521517263
288352 1024 6527.949 20453.838 21782.804 27.110600453458613 28.872082393534168 90.46407929963914 3.3888250566823266 3.609010299191771 11.308009912454892
288352 2048 13084.082 39163.981 41009.951 28.800078107871915 30.157551960818285 90.26921353748777 3.6000097634839894 3.7696939951022856 11.283651692185972

317184 1 124.982 125.186 139.222 4.55652123945928 5.0674037032895045 5.075674897185195 0.56956515493241 0.6334254629111881 0.6344593621481494
317184 2 87.908 91.092 94.777 13.38653892822098 13.928072717692002 14.432543113254765 1.6733173660276226 1.7410090897115003 1.8040678891568456
317184 4 130.111 134.795 135.315 18.752333444185787 18.824674505730922 19.502363366663847 2.3440416805232234 2.3530843132163652 2.437795420832981
317184 8 214.999 222.092 222.555 22.80310035721507 22.850638474145846 23.60450048604877 2.8503875446518836 2.8563298092682308 2.9505625607560964
317184 16 385.296 396.294 397.813 25.51421899234062 25.612015321957937 26.343092064283045 3.1892773740425775 3.201501915244742 3.2928865080353806
317184 32 718.516 746.589 780.866 25.996491075293328 27.190028248474054 28.25236459591714 3.249561384411666 3.3987535310592567 3.5315455744896425
317184 64 1433.807 1445.347 1446.734 28.062900298188886 28.089830331401384 28.31591141625058 3.5078625372736107 3.511228791425173 3.5394889270313223
317184 128 2827.782 2863.487 2878.8 28.205885785744055 28.3567217172629 28.714767970091046 3.525735723218007 3.5445902146578625 3.5893459962613807
317184 256 5536.9 5661.564 5734.234 28.320819834000492 28.68433669565512 29.330168144629663 3.5401024792500615 3.58554208695689 3.666271018078708
317184 512 11295.557 11304.229 11442.924 28.384040302985493 28.732292666753303 28.754351467572597 3.5480050378731867 3.591536583344163 3.5942939334465747
317184 1024 22155.061 22602.012 22621.016 28.71634200691958 28.74048699735227 29.320290835579282 3.5895427508649473 3.592560874669034 3.6650363544474103
317184 2048 44521.825 45075.921 45312.359 28.671772837957963 28.82216569684732 29.180871718533552 3.5839716047447454 3.602770712105915 3.647608964816694

348896 1 146.184 153.461 177.332 3.934946879299845 4.547031493343586 4.77338149181853 0.4918683599124806 0.5683789366679483 0.5966726864773163
348896 2 98.704 101.204 104.981 13.293681713833934 13.789810679419787 14.139082509320799 1.6617102142292417 1.7237263349274734 1.7673853136650999
348896 4 106.981 143.296 148.055 18.852237344230183 19.478338543992855 26.090315102681785 2.356529668028773 2.434792317999107 3.261289387835223
348896 8 236.073 244.388 244.758 22.807573194747462 22.842103540272028 23.64665167130506 2.850946649343433 2.8552629425340035 2.9558314589131327
348896 16 422.128 436.276 437.127 25.54102583459727 25.59084616160412 26.448546412462573 3.192628229324659 3.198855770200515 3.3060683015578216
348896 32 791.662 821.386 822.922 27.13421685165787 27.18495810739409 28.205653422799124 3.391777106457234 3.398119763424261 3.5257066778498904
348896 64 1544.512 1628.974 1643.567 27.171808633295754 27.415224552386967 28.91443251978619 3.3964760791619693 3.426903069048371 3.6143040649732736
348896 128 3167.206 3276.668 3287.318 27.170287754333472 27.2585980636427 28.200684136112397 3.396285969291684 3.4073247579553376 3.5250855170140496
348896 256 6091.119 6237.195 6289.468 28.402203811196753 28.64023844051693 29.327082921873636 3.550275476399594 3.5800298050646164 3.6658853652342045
348896 512 12470.668 12475.048 13033.438 27.411762268712216 28.63872780289102 28.648786416252925 3.426470283589027 3.5798409753613774 3.5810983020316156
348896 1024 24866.715 24869.764 24877.245 28.722594001064028 28.731233959437656 28.734756802416403 3.5903242501330035 3.591404244929707 3.5918446003020503
348896 2048 48498.344 49633.046 49939.45 28.61621455582711 28.792873522209376 29.466532218089757 3.5770268194783887 3.599109190276172 3.6833165272612196

383776 1 133.888 157.018 213.832 3.5895095214935093 4.888305799335108 5.732791586998088 0.44868869018668867 0.6110382249168885 0.716598948374761
383776 2 109.055 113.11 117.314 13.085428849071723 13.571779683493945 14.076420154967677 1.6356786061339654 1.6964724604367432 1.7595525193709596
383776 4 158.147 161.888 162.499 18.893703961255145 18.96501284838901 19.413634150505544 2.361712995156893 2.370626606048626 2.426704268813193
383776 8 260.943 267.796 267.906 22.920039118198176 22.929453763312374 23.53163717746788 2.865004889774772 2.8661817204140467 2.941454647183485
383776 16 467.646 478.423 479.35 25.619760091790965 25.66940134567109 26.260958075125203 3.2024700114738707 3.2086751682088863 3.2826197593906503
383776 32 880.384 902.607 941.606 26.084863520410874 27.211913933749685 27.898807792963073 3.2606079400513592 3.4014892417187106 3.487350974120384
383776 64 1736.695 1749.01 1781.085 27.580563532902698 28.086361999073763 28.285523940588302 3.447570441612837 3.5107952498842203 3.5356904925735377
383776 128 3371.15 3439.448 3458.705 28.405618866020667 28.564658049780082 29.14336532043961 3.5507023582525834 3.5705822562225102 3.6429206650549513
383776 256 6680.32 6853.155 6868.91 28.60618526083469 28.67194919712162 29.41375742479402 3.575773157604336 3.5839936496402025 3.6767196780992526
383776 512 13378.474 13647.941 13959.245 28.152426868358567 28.79457230947877 29.37454779969674 3.519053358544821 3.5993215386848463 3.6718184749620923
383776 1024 26671.224 27393.77 27781.471 28.291275433183504 28.691678728411606 29.468960554641217 3.536409429147938 3.5864598410514508 3.683620069330152
383776 2048 53412.321 54466.726 54489.578 28.848571666310207 28.86067534149198 29.430409811249355 3.606071458288776 3.6075844176864975 3.6788012264061694

422144 1 173.517 196.499 230.406 3.6643490186887493 4.29665290917511 4.865736498441075 0.45804362733609366 0.5370816136468888 0.6082170623051344
422144 2 123.185 124.648 130.351 12.95407016440227 13.546755663949684 13.707642976011691 1.6192587705502837 1.6933444579937105 1.7134553720014614
422144 4 175.389 178.444 179.13 18.853078769608665 18.925556477102063 19.25520984782398 2.356634846201083 2.365694559637758 2.4069012309779976
422144 8 289.24 293.775 294.499 22.934896213569484 22.991418602672116 23.35190153505739 2.8668620266961855 2.8739273253340145 2.9189876918821738
422144 16 517.331 526.349 527.332 25.616894100870038 25.664735755173844 26.11211777372707 3.2021117626087547 3.2080919693967305 3.264014721715884
422144 32 991.384 991.513 1010.29 26.742040404240367 27.248473797116123 27.252019399143013 3.342755050530046 3.4060592246395154 3.4065024248928766
422144 64 1890.158 1956.14 1980.251 27.286658105462386 27.622988129683964 28.58725672668634 3.4108322631827983 3.4528735162104955 3.5734070908357927
422144 128 3750.074 3803.02 3878.592 27.86291107700939 28.41659102502748 28.81779506217744 3.4828638846261737 3.552073878128435 3.60222438277218
422144 256 7489.52 7581.832 7593.912 28.461974276236017 28.50732224085155 28.858688941347374 3.557746784529502 3.563415280106444 3.6073361176684218
422144 512 14847.3 15002.305 15217.349 28.40675179362713 28.81393599183592 29.114751907754275 3.5508439742033913 3.60174199897949 3.6393439884692844
422144 1024 30030.703 30083.181 32433.678 26.655962731084646 28.738679995310335 28.78890021322511 3.3319953413855807 3.592334999413792 3.5986125266531386
422144 2048 60016.499 60028.605 60031.437 28.803272258833317 28.804631125444274 28.81044134213827 3.6004090323541647 3.6005788906805343 3.6013051677672836

464352 1 197.999 198.0 235.036 3.951326605285999 4.690424242424243 4.69044793155521 0.4939158256607499 0.5863030303030303 0.5863059914444012
464352 2 137.907 139.555 142.018 13.078680167302737 13.30950521299846 13.468554895690573 1.6348350209128422 1.6636881516248074 1.6835693619613217
464352 4 192.963 195.277 195.573 18.994523783957906 19.023315597843066 19.251441986287528 2.374315472994738 2.3779144497303832 2.406430248285941
464352 8 323.257 323.868 354.72 20.94506089309878 22.940309014783804 22.983669340493787 2.6181326116373476 2.8675386268479754 2.8729586675617234
464352 16 569.127 654.424 688.792 21.57293348354801 22.705866533012237 26.1088720092352 2.696616685443501 2.8382333166265297 3.2636090011544
464352 32 1072.828 1090.866 1582.4 18.78066734074823 27.243060100873986 27.701111454958298 2.347583417593529 3.4053825126092483 3.462638931869787
464352 64 2103.86 2116.175 4654.921 12.76864977944846 28.08702304866091 28.251431178880726 1.5960812224310574 3.510877881082614 3.5314288973600907
464352 128 4199.483 4201.999 9189.139 12.936371078944395 28.28989535694797 28.30684443775579 1.6170463848680494 3.536236919618496 3.5383555547194736
464352 256 8204.184 8306.259 15725.568 15.11857784723579 28.622780002405417 28.978899546865357 1.8898222309044737 3.577847500300677 3.6223624433581696
464352 512 16353.718 17016.037 17782.465 26.73962513071163 27.944018222339313 29.075739718637685 3.3424531413389538 3.493002277792414 3.6344674648297106
464352 1024 32804.622 33002.393 33186.944 28.65563325143767 28.815876957770914 28.989600794668505 3.581954156429709 3.6019846197213643 3.623700099333563
464352 2048 66151.324 66180.148 66256.685 28.70632287142045 28.739521585838705 28.75204420700635 3.5882903589275563 3.592440198229838 3.5940055258757937

510784 1 249.61 261.684 266.036 3.8399615089687114 3.9038229314746027 4.092656544208967 0.4799951886210889 0.48797786643432534 0.5115820680261208
510784 2 157.592 163.944 164.906 12.389700799243204 12.462401795735131 12.964719021270115 1.5487125999054006 1.5578002244668914 1.6205898776587644
510784 4 211.499 215.796 218.258 18.722209495184597 18.935809746241823 19.320526338185996 2.3402761868980746 2.366976218280228 2.4150657922732495
510784 8 350.331 355.463 359.869 22.709774945883083 22.991264913647832 23.32806403087366 2.8387218682353854 2.873908114205979 2.9160080038592073
510784 16 627.83 638.33 641.886 25.464160302608256 25.60601569720991 26.03425768121944 3.183020037826032 3.2007519621512386 3.25428221015243
510784 32 1180.142 1199.717 1295.846 25.226898875329322 27.248239376452947 27.700205568482435 3.1533623594161653 3.4060299220566184 3.4625256960603044
510784 64 2331.378 2341.915 2381.192 27.456984569072972 27.917474374603692 28.0436514370471 3.4321230711341215 3.4896842968254616 3.5054564296308874
510784 128 4547.164 4622.184 4652.866 28.103260227137422 28.289809319577063 28.756540120391527 3.512907528392178 3.536226164947133 3.594567515048941
510784 256 9088.567 9208.035 9257.157 28.250726221884328 28.401435051017945 28.774768123511667 3.531340777735541 3.550179381377243 3.5968460154389583
510784 512 17992.118 18282.963 18325.681 28.54152137647709 28.608208417858748 29.07066394295547 3.567690172059636 3.5760260522323435 3.6338329928694337
510784 1024 36016.922 36411.205 36782.58 28.439702489602414 28.72977238737361 29.044281796206796 3.5549628112003018 3.5912215484217014 3.6305352245258495
510784 2048 72813.543 72913.429 73208.312 28.57832952083364 28.69390855284011 28.733271007015823 3.572291190104205 3.5867385691050138 3.591658875876978

561856 1 248.092 283.184 294.534 3.815219974603951 3.9681337928696534 4.529416506779743 0.47690249682549385 0.4960167241087067 0.5661770633474679
561856 2 173.999 181.871 189.462 11.862135942827585 12.35724222113476 12.916304116690327 1.4827669928534482 1.544655277641845 1.6145380145862909
561856 4 233.018 240.222 243.24 18.479065943101464 18.711225449792277 19.289702941403668 2.309883242887683 2.3389031812240346 2.4112128676754585
561856 8 384.74 391.758 395.535 22.727940637364583 22.94706425905789 23.365639132920933 2.840992579670573 2.868383032382236 2.9207048916151166
561856 16 690.627 702.275 702.294 25.600947751226695 25.601640383040834 26.033433387342228 3.200118468903337 3.2002050478801043 3.2541791734177785
561856 32 1299.493 1319.233 1320.346 27.234364325714623 27.25734119749885 27.671394920942248 3.404295540714328 3.407167649687356 3.458924365117781
561856 64 2598.931 2602.858 3326.429 21.62005201373605 27.630231076762545 27.671980518143805 2.7025065017170062 3.453778884595318 3.4589975647679756
561856 128 5055.789 5064.848 9888.046 14.546365985756943 28.398707325471563 28.449592338604322 1.8182957482196178 3.5498384156839453 3.5561990423255403
561856 256 10155.764 10158.271 10480.284 27.448709596037666 28.318822366522806 28.325813006288843 3.4310886995047083 3.5398527958153507 3.5407266257861054
561856 512 19886.184 20039.177 20462.707 28.116541179033643 28.71078707473865 28.931671556493693 3.5145676473792054 3.5888483843423313 3.6164589445617117
561856 1024 39532.923 40138.826 40232.019 28.601127077415626 28.667532229268488 29.106906362577842 3.5751408846769532 3.583441528658561 3.6383632953222302

618016 1 249.35 299.258 319.703 3.8661883060215265 4.130322330564262 4.957016242229797 0.4832735382526908 0.5162902913205327 0.6196270302787247
618016 2 199.444 222.258 240.518 10.278083137228814 11.122497277938251 12.394777481398288 1.2847603921536017 1.3903121597422814 1.549347185174786
618016 4 260.388 266.295 336.148 14.708188060021179 18.566356859873448 18.987541668586882 1.8385235075026474 2.320794607484181 2.3734427085733603
618016 8 428.627 433.979 469.091 21.079611418679956 22.78510250495992 23.069605974425315 2.6349514273349945 2.84813781311999 2.8837007468031643
618016 16 767.885 778.737 825.164 23.966765394515516 25.395623939789687 25.754523138230336 2.9958456743144395 3.174452992473711 3.219315392278792
618016 32 1495.994 1524.935 1559.123 25.368764363042555 25.937514713741894 26.439293205721416 3.1710955453803193 3.2421893392177368 3.304911650715177
618016 64 2801.358 2816.764 3072.468 25.746744311088026 28.0840169783482 28.23846434479277 3.2183430388860033 3.510502122293525 3.5298080430990963
618016 128 5550.993 5708.564 6001.14 26.363673568688615 27.71486769702503 28.501584491279303 3.295459196086077 3.464358462128129 3.562698061409913
618016 256 11060.411 11650.664 11918.374 26.549275261877167 27.159326884716613 28.60871915157583 3.318659407734646 3.3949158605895766 3.5760898939469787
618016 512 22074.426 22384.858 23687.397 26.71667064135413 28.27127087426688 28.6688489204657 3.3395838301692664 3.53390885928336 3.5836061150582124
618016 1024 44327.98 47459.461 49396.319 25.62330136381215 26.6690084828397 28.55299898619337 3.2029126704765187 3.3336260603549626 3.569124873274171

679808 1 317.758 325.702 336.925 4.035366921421681 4.1744171052066 4.2787781896915265 0.5044208651777101 0.521802138150825 0.5348472737114408
679808 2 237.776 246.647 253.665 10.719776082628664 11.024792517241238 11.436107933517258 1.339972010328583 1.3780990646551547 1.4295134916896572
679808 4 294.332 317.87 329.073 16.52661871378083 17.109082329254097 18.477311335498687 2.065827339222604 2.138635291156762 2.309663916937336
679808 8 478.924 519.536 543.683 20.006010855590482 20.935850451171817 22.711177556355498 2.5007513569488102 2.616981306396477 2.8388971945444372
679808 16 847.07 976.884 1007.255 21.597168542226147 22.268617358867584 25.681296705112917 2.6996460677782683 2.783577169858448 3.2101620881391146
679808 32 1667.436 1817.844 1949.49 22.317484059933623 23.933688479319454 26.092582863750092 2.789685507491703 2.9917110599149317 3.2615728579687615
679808 64 3204.781 3512.837 3629.426 23.97498226992367 24.770697871834074 27.151753583162154 2.996872783740459 3.096337233979259 3.3939691978952693
679808 128 6197.47 6883.378 7511.611 23.168245533481432 25.282767850320003 28.08095045236201 2.896030691685179 3.1603459812900003 3.5101188065452513
679808 256 12305.348 13818.069 14387.428 24.192072134088175 25.188881022377295 28.28540046165293 3.024009016761022 3.148610127797162 3.5356750577066163
679808 512 24286.699 27479.436 28797.801 24.17279680486715 25.33252108958859 28.662742186577102 3.021599600608394 3.1665651361985736 3.5828427733221377
679808 1024 49114.488 54401.707 57114.193 24.376546544218876 25.591968722599088 28.34696727368918 3.0470683180273594 3.198996090324886 3.5433709092111476

747776 1 165.22 365.943 401.571 3.7242529963568085 4.086844125997765 9.051882338699915 0.46553162454460106 0.5108555157497207 1.1314852923374894
747776 2 315.239 315.295 347.498 8.607543064996058 9.486683899205506 9.488369142142947 1.0759428831245073 1.1858354874006882 1.1860461427678683
747776 4 360.239 365.48 373.757 16.005607921724543 16.368085804968807 16.60621975965956 2.000700990215568 2.046010725621101 2.075777469957445
747776 8 582.775 605.219 720.275 16.6109000034709 19.768738258382502 20.530077645746644 2.0763625004338624 2.4710922822978127 2.5662597057183305
747776 16 1053.624 1083.015 1140.403 20.982785909893256 22.094645041850757 22.71097848948012 2.622848238736657 2.7618306302313447 2.838872311185015
747776 32 2049.732 2103.842 2135.748 22.40791703890159 22.74774626611694 23.34825430836812 2.800989629862699 2.8434682832646176 2.918531788546015
747776 64 3902.63 3962.131 4058.906 23.581558183411982 24.15753744638933 24.525852566090045 2.9476947729264977 3.0196921807986663 3.0657315707612556
747776 128 7882.021 7967.629 8065.626 23.734134957410625 24.026050409726658 24.287001519026656 2.966766869676328 3.003256301215832 3.035875189878332
747776 256 15343.711 15587.167 16332.659 23.44145628706263 24.562597680515005 24.952328155815763 2.9301820358828286 3.0703247100643756 3.1190410194769704
747776 512 30978.648 31245.068 32246.799 23.745694076488025 24.506991759467446 24.717754758051417 2.968211759561003 3.063373969933431 3.089719344756427
747776 1024 61601.004 62053.507 63866.234 23.97895025405757 24.67943105939202 24.86071895841178 2.997368781757196 3.0849288824240024 3.1075898698014726

822528 1 456.276 481.053 495.462 3.3202465577582134 3.419698037430387 3.605396733556005 0.4150308197197767 0.4274622546787984 0.45067459169450064
822528 2 398.941 454.535 466.091 7.058947716218507 7.23841288349632 8.247114234936996 0.8823684645273133 0.90480161043704 1.0308892793671245
822528 4 428.776 446.368 518.331 12.695023064412508 14.741701914115707 15.34653058939866 1.5868778830515635 1.8427127392644633 1.9183163236748324
822528 8 694.737 695.83 914.644 14.388601466800196 18.91330928531394 18.943064785667094 1.7985751833500245 2.3641636606642424 2.3678830982083867
822528 16 1251.716 1337.123 1674.363 15.719946033207851 19.684723095781017 21.027849767838713 1.9649932541509814 2.460590386972627 2.628481220979839
822528 32 2454.543 2470.895 2926.006 17.99100617018557 21.304746660622975 21.446677446677448 2.2488757712731964 2.663093332577872 2.680834680834681
822528 64 4656.2 4742.716 6266.491 16.80104288029776 22.199006645137512 22.611482324642413 2.10013036003722 2.774875830642189 2.8264352905803016
822528 128 9265.639 9268.474 11197.914 18.804142271498065 22.71864473051335 22.725595935693157 2.350517783937258 2.839830591314169 2.8406994919616446
822528 256 18294.857 18798.239 22311.069 18.875578574921715 22.402861033951105 23.019274542566798 2.3594473218652143 2.800357629243888 2.8774093178208497
822528 512 36733.492 37493.643 45428.487 18.5405398159089 22.46430606916485 22.92917515165724 2.3175674769886125 2.808038258645606 2.866146893957155
822528 1024 73338.539 74653.142 88572.521 19.018735438274362 22.564855260881046 22.969333272374023 2.3773419297842953 2.8206069076101308 2.871166659046753

904768 1 484.85 503.628 598.701 3.022436909241842 3.593001183413154 3.7321563370114466 0.37780461365523027 0.44912514792664426 0.4665195421264308
904768 2 498.294 517.126 539.684 6.705909384009902 6.998433650599661 7.262925100442712 0.8382386730012378 0.8748042063249576 0.907865637555339
904768 4 600.479 625.478 672.516 10.762783338983757 11.572179996738496 12.053950263040006 1.3453479173729697 1.446522499592312 1.5067437828800008
904768 8 1044.828 1093.55 1118.273 12.945218207003121 13.237883955923369 13.855187648110503 1.6181522758753901 1.6547354944904211 1.7318984560138129
904768 16 1828.732 1924.36 2053.472 14.099328357046018 15.045301294975992 15.832049748131492 1.7624160446307522 1.880662661871999 1.9790062185164365
904768 32 3309.632 3472.724 3728.632 15.529865108704747 16.674274143295005 17.495948794307044 1.9412331385880934 2.0842842679118756 2.1869935992883804
904768 64 6636.801 7370.315 15998.282 7.238921279172351 15.713073864549887 17.449717717918617 0.9048651598965439 1.964134233068736 2.181214714739827
904768 128 13558.654 13836.637 23486.12 9.862020972387096 16.739660655981652 17.082861469877468 1.232752621548387 2.0924575819977065 2.1353576837346835
904768 256 26294.208 27070.104 30094.813 15.392726181750989 17.112650028976617 17.61761434305228 1.9240907727188736 2.139081253622077 2.202201792881535
904768 512 51336.57 52012.143 53405.434 17.348092930019067 17.812810212415208 18.04722115248448 2.1685116162523834 2.226601276551901 2.25590264406056
904768 1024 102251.125 104406.951 106227.741 17.443323622969636 17.74752395556499 18.121706377313696 2.1804154528712045 2.2184404944456237 2.265213297164212

995232 1 530.757 533.794 588.498 3.382278274522598 3.7288991633476587 3.750235983698755 0.42278478431532474 0.46611239541845734 0.46877949796234436
995232 2 739.958 742.089 855.533 4.6531554013696725 5.364488626027336 5.379937780252392 0.5816444251712091 0.670561078253417 0.672492222531549
995232 4 972.644 977.459 980.199 8.122693453064123 8.145462878749901 8.185786371992219 1.0153366816330154 1.0181828598437377 1.0232232964990273
995232 8 1435.308 1461.733 1779.864 8.946589177600087 10.89372135677309 11.094282202844267 1.1183236472000109 1.3617151695966363 1.3867852753555334
995232 16 2649.895 2759.691 2763.651 11.523677917363662 11.54021374132104 12.018372048703817 1.4404597396704577 1.44252671766513 1.5022965060879772
995232 32 4721.829 5175.845 5336.384 11.935956632806034 12.306173774523772 13.489444026880264 1.4919945791007543 1.5382717218154716 1.686180503360033
995232 64 8981.142 10001.235 10161.707 12.536249667501728 12.737396531528356 14.18413114946852 1.567031208437716 1.5921745664410445 1.773016393683565
995232 128 18771.485 19832.932 20084.084 12.685636646411158 12.84627971295419 13.572681756398067 1.5857045808013948 1.6057849641192738 1.6965852195497584
995232 256 35828.959 39141.969 40285.991 12.648535417684029 13.018220519259009 14.22198127497927 1.5810669272105036 1.627277564907376 1.7777476593724086
995232 512 71836.213 77894.644 84961.371 11.995069712328442 13.083281669533017 14.186682808571769 1.4993837140410553 1.6354102086916271 1.773335351071471
995232 1024 140870.495 155329.863 155660.857 13.094076284059005 13.121978585663207 14.468857626999892 1.6367595355073756 1.640247323207901 1.8086072033749865

1094752 1 637.904 727.533 739.588 2.960437432732819 3.0094909784160992 3.4323409165015426 0.3700546790916024 0.3761863723020124 0.4290426145626928
1094752 2 1033.515 1051.514 1154.364 3.7934377717946854 4.164479027383374 4.2370047846427 0.4741797214743357 0.5205598784229217 0.5296255980803375
1094752 4 1108.457 1357.641 1512.364 5.790944508068164 6.450907124932143 7.901087728256485 0.7238680635085205 0.8063633906165178 0.9876359660320606
1094752 8 2083.028 2178.915 2210.155 7.925250491481367 8.038878065459185 8.408927772454332 0.9906563114351709 1.0048597581823981 1.0511159715567915
1094752 16 3691.095 3732.981 3838.241 9.12711421716354 9.38447423118414 9.490967856422012 1.1408892771454424 1.1730592788980174 1.1863709820527515
1094752 32 6847.282 6967.798 6998.413 10.01143087725746 10.055418942971654 10.2323999508126 1.2514288596571825 1.2569273678714568 1.279049993851575
1094752 64 13110.438 13393.683 13500.32 10.379624779264493 10.462264636246802 10.688297065284928 1.2974530974080616 1.3077830795308503 1.336037133160616
1094752 128 24445.865 26374.329 26390.46 10.619614512213884 10.626109653822851 11.46437289087541 1.3274518140267355 1.3282637067278564 1.4330466113594262
1094752 256 49581.597 52148.457 52694.696 10.6369913207204 10.7484105234408 11.304860228685252 1.32962391509005 1.3435513154301 1.4131075285856565
1094752 512 73162.791 101360.45 106264.678 10.549376040079848 11.059797465382209 15.322352150289076 1.318672005009981 1.382474683172776 1.9152940187861345

1204224 1 710.311 781.922 901.088 2.6728221882879364 3.0801640061284887 3.3906950617405616 0.33410277353599205 0.3850205007660611 0.4238368827175702
1204224 2 1341.511 1397.382 1437.198 3.3515882988982733 3.4470860509152117 3.5906496480461216 0.41894853736228416 0.43088575636440146 0.4488312060057652
1204224 4 1610.678 1718.195 1847.565 5.214318305445276 5.6069258727909235 5.9812029468335695 0.6517897881806595 0.7008657340988654 0.7476503683541962
1204224 8 2761.671 2816.672 2840.951 6.782089518615422 6.840549414344304 6.97678470751947 0.8477611898269277 0.855068676793038 0.8720980884399337
1204224 16 3601.741 4963.442 5100.198 7.555621958206329 7.763799395661318 10.699039159117772 0.9444527447757911 0.9704749244576647 1.3373798948897215
1204224 32 6932.743 9298.534 9417.9 8.183388653521487 8.288439446476188 11.116860382679697 1.0229235816901858 1.0360549308095235 1.389607547834962
1204224 64 15390.757 17758.163 18006.025 8.560505275317567 8.67998970388998 10.015145583807216 1.0700631594146959 1.0849987129862475 1.251893197975902
1204224 128 25784.962 35138.198 35439.923 8.698702420995666 8.773396518512419 11.955857991956709 1.0873378026244582 1.0966745648140523 1.4944822489945886
1204224 256 67185.92 68753.384 72385.488 8.517766544586948 8.967743144104732 9.176962792204082 1.0647208180733685 1.1209678930130915 1.1471203490255102
1204224 512 136742.254 137958.322 138766.097 8.886359151544054 8.93839065395417 9.017881012843333 1.1107948939430068 1.1172988317442714 1.1272351266054166

1324640 1 825.145 931.531 1066.774 2.4834501028334026 2.844006264955219 3.210684182779996 0.3104312628541753 0.35550078311940236 0.4013355228474995
1324640 2 1626.271 1737.306 1875.62 2.8249645450571013 3.0498714676631518 3.2581039691416747 0.35312056813213766 0.38123393345789397 0.40726299614270933
1324640 4 2350.212 2445.377 2449.117 4.326914557369043 4.333532212006574 4.509005996054824 0.5408643196711304 0.5416915265008218 0.563625749506853
1324640 8 3646.317 3878.629 4442.811 4.770457262305329 5.464363825465132 5.812506153469378 0.5963071577881661 0.6830454781831415 0.7265632691836722
1324640 16 6443.841 6959.818 9632.638 4.400505863502811 6.090458112554092 6.578138721920667 0.5500632329378514 0.7613072640692615 0.8222673402400834
1324640 32 10703.038 12246.965 12701.605 6.674507670487313 6.922283194244451 7.920831449911698 0.8343134588109141 0.8652853992805564 0.9901039312389622
1324640 64 19815.807 22710.531 24587.345 6.895983279203183 7.465872110167746 8.556498355075824 0.8619979099003979 0.9332340137709683 1.069562294384478
1324640 128 45648.615 47572.761 47775.198 7.097989211891911 7.128193379400452 7.428655612004877 0.8872486514864889 0.8910241724250565 0.9285819515006096
1324640 256 86709.009 93860.747 97525.516 6.9542383144119935 7.225764781096403 7.821744105044494 0.8692797893014992 0.9032205976370504 0.9777180131305617
1324640 512 176065.489 187059.146 189252.189 7.167321906115442 7.251350115754297 7.704129683245307 0.8959152382644302 0.9064187644692872 0.9630162104056633

1457088 1 887.828 922.07 936.403 3.1120959672277855 3.160471547713297 3.2823655032281027 0.3890119959034732 0.39505894346416215 0.41029568790351284
1457088 2 1896.974 1948.491 2301.988 2.531877664001724 2.991213200368901 3.072446960264084 0.3164847080002155 0.37390165004611264 0.3840558700330105
1457088 4 2865.672 2902.411 2935.803 3.9705334451937 4.0162141061345205 4.067703491537063 0.4963166806492125 0.5020267632668151 0.5084629364421329
1457088 8 4575.517 4689.255 4735.271 4.9233524332609475 4.971665648381246 5.095251094029375 0.6154190541576184 0.6214582060476558 0.6369063867536718
1457088 16 8048.298 8354.145 8514.363 5.476254183665884 5.581279233242899 5.793375941099597 0.6845317729582355 0.6976599041553624 0.7241719926374496
1457088 32 15193.211 15596.402 15717.443 5.933129962679045 5.979175966354291 6.137848806285913 0.7416412453348806 0.7473969957942864 0.7672311007857391
1457088 64 30458.033 30556.327 31238.332 5.970461675098402 6.1037199922621586 6.123417884536405 0.7463077093873003 0.7629649990327698 0.7654272355670506
1457088 128 57949.691 59884.53 60220.621 6.194132870200724 6.228896310950424 6.436868282869706 0.7742666087750905 0.778612038868803 0.8046085353587132
1457088 256 114552.886 117139.015 118051.848 6.319503410060976 6.3687496091716325 6.512529557745058 0.789937926257622 0.7960937011464541 0.8140661947181322
1457088 512 227102.912 230695.629 235083.267 6.346934560850731 6.467647950104855 6.569964686318069 0.7933668201063414 0.8084559937631068 0.8212455857897586

1602784 1 1070.161 1072.828 1080.365 2.967115743290462 2.9879607914782236 2.9954072331172594 0.3708894679113077 0.37349509893477795 0.37442590413965743
1602784 2 2292.935 2394.431 2476.562 2.5887242071872216 2.677519627836425 2.7960391376118383 0.3235905258984027 0.3346899534795531 0.3495048922014798
1602784 4 3304.634 3320.225 3452.168 3.714266513101332 3.8618683974730628 3.8800883849769745 0.4642833141376665 0.48273354968413285 0.4850110481221218
1602784 8 5477.847 5701.769 5852.766 4.381611019473527 4.497646958338718 4.681500596858583 0.5477013774341909 0.5622058697923398 0.5851875746073228
1602784 16 9987.586 10201.229 10361.208 4.950106975943346 5.027736167867617 5.13528374123637 0.6187633719929182 0.6284670209834521 0.6419104676545463
1602784 32 18390.487 18615.307 18966.461 5.408398330083825 5.5104208595646575 5.577784644854701 0.6760497912604782 0.6888026074455822 0.6972230806068376
1602784 64 36105.837 36274.175 36447.382 5.6288364415309715 5.655713796385443 5.682082705907081 0.7036045551913714 0.7069642245481804 0.7102603382383851
1602784 128 69558.232 71691.584 72092.135 5.6915044061325135 5.72330364467885 5.898837451762718 0.7114380507665642 0.7154129555848563 0.7373546814703398
1602784 256 139150.149 141143.289 142229.91 5.76971052010087 5.81412983794079 5.897409481034763 0.7212138150126087 0.7267662297425987 0.7371761851293454
1602784 512 277501.821 283934.897 285231.655 5.754097721026089 5.780377239082379 5.914378543843862 0.7192622151282612 0.7225471548852974 0.7392973179804827

1763040 1 1067.292 1171.698 1204.087 2.9284262682015503 3.009376136171607 3.303763168842267 0.3660532835251938 0.37617201702145087 0.41297039610528335
1763040 2 2494.49 2643.413 2732.653 2.5807008793286235 2.6678237566358343 2.8270949171975035 0.32258760991607793 0.3334779695794793 0.35338686464968794
1763040 4 3639.984 3875.592 3909.962 3.6072780246969147 3.6392685298142835 3.87483021903393 0.45090975308711434 0.45490856622678544 0.48435377737924123
1763040 8 6039.084 6487.059 6553.394 4.304432176670592 4.348448195091181 4.671013021180033 0.538054022083824 0.5435560243863976 0.5838766276475041
1763040 16 10690.842 11568.852 11668.386 4.835054308282225 4.87665327553676 5.277159647481461 0.6043817885352781 0.609581659442095 0.6596449559351826
1763040 32 20764.705 21638.187 21848.34 5.164445445283257 5.21460323824727 5.433959211074754 0.6455556806604071 0.6518254047809088 0.6792449013843442
1763040 64 41230.469 42194.583 42571.127 5.30099003486565 5.348296012310396 5.4733580643965025 0.6626237543582062 0.6685370015387995 0.6841697580495628
1763040 128 82114.158 85147.278 85753.435 5.263208873207236 5.300677257116781 5.496472849420194 0.6579011091509045 0.6625846571395976 0.6870591061775243
1763040 256 161790.097 162464.194 163698.654 5.514257191143429 5.556156453772209 5.57930613021389 0.6892821488929286 0.6945195567215261 0.6974132662767363
1763040 512 323044.772 326836.862 333883.533 5.407133870240914 5.523712805687138 5.588553403365402 0.6758917337801142 0.6904641007108923 0.6985691754206752

1939328 1 1347.623 1380.161 1391.994 2.7864028149546622 2.8102924224057917 2.878146187769131 0.3483003518693328 0.35128655280072396 0.3597682734711414
1939328 2 2879.67 3079.263 3109.672 2.4945756337002742 2.5192106033164428 2.693819777960669 0.3118219542125343 0.31490132541455534 0.33672747224508365
1939328 4 4343.849 4465.701 4478.832 3.4639888256581175 3.4741743793415636 3.571630597656594 0.4329986032072647 0.43427179741769545 0.44645382470707423
1939328 8 7217.32 7253.814 7303.465 4.248565304276806 4.2776459390880435 4.299275631397804 0.5310706630346007 0.5347057423860054 0.5374094539247255
1939328 16 12874.713 13140.609 13359.972 4.6451067412416736 4.722649916758043 4.820184807226383 0.5806383426552092 0.5903312395947554 0.6025231009032979
1939328 32 24285.136 24313.273 24449.707 5.076420424997322 5.104906772527088 5.11082136826411 0.6345525531246653 0.638113346565886 0.6388526710330138
1939328 64 47147.294 47836.215 48408.7 5.1278795753655855 5.1892480205635 5.265073834354099 0.6409849469206982 0.6486560025704375 0.6581342292942624
1939328 128 94950.083 95009.12 95476.813 5.199879975046926 5.225476964737702 5.228726003325347 0.6499849968808658 0.6531846205922127 0.6535907504156684
1939328 256 184602.764 187726.994 187743.249 5.288797020871839 5.289254969905926 5.378770688395543 0.6610996276089799 0.6611568712382407 0.6723463360494428
1939328 512 368471.308 371729.156 376185.274 5.278972913756322 5.3422548109193775 5.389488486305696 0.6598716142195402 0.6677818513649222 0.673686060788212

2133248 1 303.517 1445.697 1574.919 2.709025670526547 2.9511688825528446 14.056860077030281 0.3386282088158184 0.3688961103191056 1.7571075096287851
2133248 2 3266.057 3267.116 3452.354 2.4716445648389476 2.6117811550003123 2.6126280098602077 0.30895557060486845 0.32647264437503903 0.32657850123252596
2133248 4 5016.346 5167.883 10366.548 1.646255243307608 3.3023162482587165 3.4020747372689204 0.205781905413451 0.41278953103233956 0.42525934215861505
2133248 8 7967.348 8333.46 8937.201 3.819089220439375 4.095773904236656 4.28398106873203 0.4773861525549219 0.511971738029582 0.5354976335915037
2133248 16 14384.191 14586.76 15095.009 4.522285213609346 4.679855978983681 4.7457612318968785 0.5652856517011683 0.5849819973729601 0.5932201539871098
2133248 32 28095.654 28483.319 31676.571 4.310058434039467 4.793257134114181 4.859394694994465 0.5387573042549334 0.5991571417642726 0.6074243368743081
2133248 64 53811.983 54806.705 58267.982 4.686205607738397 4.9821594638831135 5.074255375424466 0.5857757009672996 0.6227699329853892 0.6342819219280582
2133248 128 99294.443 105755.087 106592.883 5.123339125746322 5.1639264218089105 5.499919950203054 0.6404173907182903 0.6454908027261138 0.6874899937753818
2133248 256 210182.25 210344.567 211020.48 5.1759098263827275 5.192541892465423 5.1965519257691835 0.6469887282978409 0.6490677365581778 0.6495689907211479

2346560 1 1610.067 1642.88 1721.843 2.725637587166774 2.8566419945461625 2.9148600648296004 0.3407046983958468 0.3570802493182703 0.36435750810370005
2346560 2 3661.295 3668.742 3898.741 2.407505397255165 2.5584355618356374 2.563639368037812 0.30093817465689565 0.31980444522945467 0.3204549210047265
2346560 4 5351.476 5649.288 5666.452 3.312916089291853 3.322981586352121 3.5079069774394953 0.4141145111614816 0.41537269829401513 0.4384883721799369
2346560 8 9046.904 9438.083 9734.175 3.8570253770863996 3.9780281652534737 4.150034089009898 0.48212817213579995 0.4972535206566842 0.5187542611262372
2346560 16 16453.454 16617.723 16993.104 4.418846609777708 4.518664801429173 4.563778523342272 0.5523558262222135 0.5648331001786466 0.570472315417784
2346560 32 30614.791 31177.201 33543.963 4.477104866828049 4.816976353970968 4.905466772580613 0.5596381083535061 0.602122044246371 0.6131833465725767
2346560 64 59929.953 60255.306 62099.745 4.836729683833645 4.984783912639993 5.011845745982814 0.6045912104792056 0.6230979890799991 0.6264807182478518
2346560 128 118253.155 118966.674 119224.772 5.038544842006492 5.049475956602771 5.079943617571979 0.6298181052508115 0.6311844945753464 0.6349929521964974
2346560 256 234174.758 234506.043 236250.072 5.085453349618451 5.123274030085443 5.130521881440356 0.6356816687023064 0.6404092537606804 0.6413152351800445

2581216 1 1883.398 1910.695 1970.213 2.6202405526712083 2.701860841212229 2.7410202198366993 0.32753006908390103 0.33773260515152864 0.3426275274795874
2581216 2 4074.961 4160.832 4232.408 2.439477479486855 2.4814421731038405 2.5337332062809925 0.30493468493585685 0.31018027163798007 0.31671665078512407
2581216 4 6060.841 6147.767 6218.472 3.3207077236980402 3.358898930294528 3.407073044813418 0.41508846546225503 0.419862366286816 0.42588413060167724
2581216 8 9869.264 10307.473 10327.747 3.9988833963496586 4.0067488898588435 4.184654093760184 0.4998604245437073 0.5008436112323554 0.523081761720023
2581216 16 18072.92 18424.246 18694.164 4.41843304680541 4.483163761491244 4.5703135962534 0.5523041308506762 0.5603954701864055 0.571289199531675
2581216 32 32747.06 33792.041 35309.6 4.678552688220767 4.888660735230524 5.0446612306570415 0.5848190860275959 0.6110825919038155 0.6305826538321302
2581216 64 63344.702 67166.992 67629.972 4.885343557439296 4.919018079594811 5.215837119259002 0.610667944679912 0.6148772599493514 0.6519796399073753
2581216 128 133531.472 133746.359 140554.623 4.7013131400167465 4.940630166986452 4.948580930793603 0.5876641425020933 0.6175787708733065 0.6185726163492004
2581216 256 263360.636 267314.664 269949.521 4.895665630760648 4.94392104130883 5.018147784242137 0.611958203845081 0.6179901301636037 0.6272684730302671

2839328 1 1920.028 2199.916 2207.302 2.5726683525860983 2.5813058316772093 2.957590201809557 0.3215835440732623 0.32266322895965116 0.3696987752261946
2839328 2 4118.073 4583.256 4814.809 2.3588291872014024 2.4780007924497345 2.7579190558302384 0.2948536484001753 0.3097500990562168 0.3447398819787798
2839328 4 6477.043 6617.378 7592.998 2.9915224526596744 3.4325716318457253 3.506943523456614 0.3739403065824593 0.42907145398071567 0.4383679404320768
2839328 8 10690.986 12145.631 15900.568 2.8570833444440473 3.7403777539429615 4.249303852797112 0.3571354180555059 0.4675472192428702 0.531162981599639
2839328 16 19669.461 20592.261 23663.824 3.8395525592144364 4.412264199642769 4.619267198018289 0.47994406990180455 0.5515330249553462 0.5774083997522861
2839328 32 27147.844 38422.502 38961.291 4.664039289663169 4.729441929627592 6.69360675565986 0.5830049112078961 0.591180241203449 0.8367008444574825
2839328 64 77052.61 77112.049 78134.94 4.651363192958233 4.7130635058082815 4.716699200714939 0.5814203991197792 0.5891329382260352 0.5895874000893674
2839328 128 148656.728 148799.898 149963.727 4.846958544848648 4.884868724842809 4.889573299366577 0.605869818106081 0.6106085906053511 0.6111966624208222
2839328 256 294893.33 294936.357 295662.898 4.916869670945321 4.928981800639789 4.929700973568985 0.6146087088681651 0.6161227250799737 0.6162126216961231

3123232 1 2031.842 2342.729 2477.451 2.521326960654318 2.6663194932064274 3.0742862880086146 0.31516587008178976 0.3332899366508034 0.3842857860010768
3123232 2 4475.554 5202.197 5282.844 2.3648110752465907 2.4014715321238316 2.7913701856798063 0.29560138440582384 0.30018394151547895 0.3489212732099758
3123232 4 6769.026 7637.091 7666.63 3.259040282366568 3.2716457090795434 3.691204022558046 0.407380035295821 0.40895571363494293 0.46140050281975575
3123232 8 12130.206 12260.308 12973.641 3.851787790335805 4.075893688804555 4.119609510341375 0.48147347379197564 0.5094867111005694 0.5149511887926719
3123232 16 23094.334 23220.548 23301.583 4.289125936207854 4.304094115263774 4.32761663531843 0.5361407420259817 0.5380117644079717 0.5409520794148037
3123232 32 43136.855 43380.163 43412.568 4.6043543888028005 4.607793843467117 4.633783524552265 0.5755442986003501 0.5759742304333896 0.5792229405690331
3123232 64 83639.89 83950.672 85608.343 4.669798316269246 4.762007098644785 4.779701360200259 0.5837247895336557 0.5952508873305982 0.5974626700250324
3123232 128 165073.551 165494.918 165506.225 4.830920359642062 4.831250419423755 4.843582676669989 0.6038650449552577 0.6039063024279694 0.6054478345837486
3123232 256 328947.05 331082.949 348778.971 4.5848371517788555 4.829891689771073 4.861252849052758 0.5731046439723569 0.6037364612213841 0.6076566061315948

3435552 1 2336.452 2576.172 2712.893 2.5327589403636637 2.667175949431948 2.940828230154097 0.31659486754545796 0.3333969936789935 0.3676035287692621
3435552 2 5021.161 5503.198 5699.434 2.4111531074840062 2.4971313043797445 2.7368586667505785 0.3013941384355008 0.31214141304746806 0.3421073333438223
3435552 4 8258.908 8458.494 8535.311 3.2200837204408836 3.249327362530493 3.3278510912096375 0.40251046505511046 0.4061659203163116 0.4159813864012047
3435552 8 13301.807 13582.088 14209.354 3.8684962032756736 4.047156225169503 4.132433435547516 0.4835620254094592 0.5058945281461878 0.5165541794434395
3435552 16 24563.299 25628.043 25760.703 4.2676499938685675 4.289740890476889 4.475688058025105 0.5334562492335709 0.5362176113096111 0.5594610072531381
3435552 32 47495.463 47935.123 48681.877 4.516574576612977 4.586935721433322 4.629396454141315 0.5645718220766222 0.5733669651791653 0.5786745567676643
3435552 64 93957.715 93967.66 94515.557 4.652680150845432 4.679808521357241 4.680303857964192 0.581585018855679 0.5849760651696552 0.585037982245524
3435552 128 182905.276 187327.246 188300.985 4.67072071874717 4.694999423628958 4.808507065701046 0.5838400898433963 0.5868749279536197 0.6010633832126308
3435552 256 364272.875 364740.574 369928.317 4.754982365948482 4.8226129731319665 4.82880484581785 0.5943727957435603 0.6028266216414958 0.6036006057272313

3779104 1 2950.968 3048.598 3154.613 2.3959224158399146 2.4792406214266363 2.5612639649091418 0.2994903019799893 0.30990507767832953 0.3201579956136427
3779104 2 6401.86 6410.06 6550.116 2.3078088998729185 2.3582331522637854 2.3612537606258184 0.2884761124841148 0.2947791440329732 0.2951567200782273
3779104 4 9370.637 9492.939 9650.601 3.132740852098227 3.1847704909933583 3.226336907512264 0.3915926065122784 0.3980963113741698 0.403292113439033
3779104 8 15742.147 15996.641 16570.964 3.6488923637755777 3.7798975422402745 3.841004915022074 0.4561115454719472 0.4724871927800343 0.48012561437775925
3779104 16 27726.656 28178.874 28435.975 4.252758275388834 4.2915599821341335 4.361554743565182 0.5315947844236043 0.5364449977667667 0.5451943429456477
3779104 32 52291.323 52651.732 52867.192 4.5749102013967375 4.593631525739742 4.625292345347622 0.5718637751745922 0.5742039407174677 0.5781615431684527
3779104 64 102445.314 104257.133 104857.811 4.613154779666343 4.639733494302016 4.7217905154744315 0.5766443474582928 0.579966686787752 0.5902238144343039
3779104 128 200546.705 204375.857 204500.333 4.7308021938526625 4.733683509398079 4.824066413856064 0.5913502742315828 0.5917104386747599 0.603008301732008
3779104 256 404428.596 406517.684 409476.625 4.725303301501032 4.759697607644543 4.7842839678923195 0.590662912687629 0.5949622009555678 0.5980354959865399

4156992 1 3209.243 3221.856 3521.853 2.360684560088113 2.580495217663359 2.5906371066323115 0.2950855700110141 0.32256190220791986 0.32382963832903894
4156992 2 6588.397 6956.948 7074.834 2.3502979716555896 2.3901239451552607 2.523826053590881 0.2937872464569487 0.2987654931444076 0.31547825669886015
4156992 4 10511.355 10567.509 18466.504 1.8008788236257387 3.1469985973042465 3.1638105648605723 0.22510985295321734 0.3933748246630308 0.39547632060757154
4156992 8 17348.449 17389.719 21525.211 3.089952149597976 3.8247812975011266 3.8338800200525127 0.386244018699747 0.4780976621876408 0.4792350025065641
4156992 16 31481.786 31607.359 38159.594 3.485984258637553 4.208632046733167 4.225419231297741 0.4357480323296941 0.5260790058416459 0.5281774039122177
4156992 32 57945.354 59008.569 62003.022 4.2908793703635935 4.508624637211589 4.5913514998976455 0.5363599212954492 0.5635780796514486 0.5739189374872057
4156992 64 114698.376 115076.304 138155.055 3.851433275459953 4.6238448534113505 4.639080295260675 0.48142915943249415 0.5779806066764188 0.5798850369075844
4156992 128 224807.211 226136.351 227926.812 4.6689985380043835 4.705965879850958 4.733789219955226 0.5836248172505479 0.5882457349813698 0.5917236524944033
4156992 256 447814.037 452378.141 480545.133 4.429094704825572 4.704869026817103 4.7528208768498255 0.5536368381031965 0.5881086283521378 0.5941026096062282

4572672 1 3509.391 3726.89 3982.554 2.296351537229627 2.4538808497165197 2.6059632568727733 0.2870439421537034 0.30673510621456496 0.32574540710909666
4572672 2 7527.946 7831.78 11583.775 1.5789919952692453 2.335444560495826 2.4297049952271177 0.19737399940865566 0.29193057006197826 0.3037131244033897
4572672 4 11097.874 11622.616 11790.551 3.102601057406053 3.1474304924123793 3.2962507954226186 0.38782513217575665 0.3934288115515474 0.4120313494278273
4572672 8 18512.763 19281.106 19561.414 3.740156616489994 3.794530873903188 3.952016886944429 0.46751957706124925 0.4743163592378985 0.4940021108680536
4572672 16 33680.662 33720.129 34747.814 4.2110707741212146 4.339411157056961 4.344496079085382 0.5263838467651518 0.5424263946321202 0.5430620098856728
4572672 32 65129.688 65392.044 66616.124 4.393095701575192 4.475330485158103 4.49335805201462 0.549136962696899 0.5594163106447628 0.5616697565018275
4572672 64 126349.211 130301.244 149012.212 3.927879521713294 4.491914259851579 4.632415282751548 0.4909849402141617 0.5614892824814474 0.5790519103439435
4572672 128 244591.398 258388.613 298979.807 3.9153280743137278 4.530401004939022 4.785957484898958 0.48941600928921597 0.5663001256173777 0.5982446856123698

5029920 1 3990.684 4128.628 4159.945 2.4182627414545146 2.4366060589619605 2.520831015434948 0.3022828426818143 0.30457575737024506 0.3151038769293685
5029920 2 8163.867 8539.272 8565.259 2.3489867615211635 2.3561352771055892 2.4644791494030955 0.29362334519014543 0.29451690963819865 0.30805989367538694
5029920 4 12119.087 12790.961 12878.751 3.124476899972676 3.1459215613275657 3.3203293284386857 0.3905596124965845 0.3932401951659457 0.4150411660548357
5029920 8 20560.304 21274.342 21671.515 3.71357147850531 3.782900547523397 3.9142767538845726 0.46419643481316375 0.4728625684404246 0.4892845942355716
5029920 16 37023.392 37714.152 38937.469 4.13374171803514 4.2678260404741435 4.3474525510790585 0.5167177147543925 0.5334782550592679 0.5434315688848823
5029920 32 71452.072 73497.516 73605.367 4.373524555621059 4.379942309887045 4.505326031692965 0.5466905694526324 0.5474927887358806 0.5631657539616206
5029920 64 140277.267 140587.176 167327.816 3.8477150744619775 4.579576731806605 4.589694208969727 0.4809643843077472 0.5724470914758256 0.5737117761212158
5029920 128 275258.243 275373.952 277059.816 4.647586714632049 4.676039656793683 4.6780053013707565 0.5809483393290061 0.5845049570992104 0.5847506626713446

5532896 1 4376.182 4602.887 4617.534 2.396472229549366 2.4040981236341454 2.5286407192388247 0.29955902869367074 0.3005122654542682 0.3160800899048531
5532896 2 9096.324 9308.292 9454.269 2.34090906446601 2.377620298116991 2.4330250329693617 0.2926136330582513 0.29720253726462387 0.3041281291211702
5532896 4 13568.366 14435.875 14610.481 3.0295489929455437 3.066192246746387 3.2622327552190145 0.37869362411819296 0.38327403084329836 0.4077790944023768
5532896 8 22976.083 23916.125 24339.988 3.6370739377521466 3.70153342148864 3.8529777247061654 0.4546342422190183 0.46269167768608 0.4816222155882707
5532896 16 41028.228 42554.33 43707.241 4.050877336320542 4.1606264744386765 4.315386762499224 0.5063596670400677 0.5200783093048346 0.539423345312403
5532896 32 78673.508 81476.385 81550.045 4.342184532209639 4.34611015203976 4.500947688769642 0.5427730665262048 0.54326376900497 0.5626184610962053
5532896 64 155548.217 156795.652 172890.27 4.096301590598476 4.516775044246763 4.552997788460667 0.5120376988248095 0.5645968805308453 0.5691247235575834
5532896 128 308342.378 312016.097 316657.44 4.473039938679476 4.539577892354701 4.593664306500224 0.5591299923349345 0.5674472365443376 0.574208038312528

6086176 1 4834.849 5098.974 5170.346 2.3542625580570435 2.387215937951439 2.517628161706808 0.29428281975713044 0.2984019922439299 0.314703520213351
6086176 2 10106.563 10181.14 10782.352 2.257828718632076 2.391156982420436 2.4088014886960085 0.2822285898290095 0.2988946228025545 0.30110018608700106
6086176 4 15144.377 15229.019 15752.568 3.090887022357244 3.1971467105005256 3.215015579709882 0.3863608777946555 0.3996433388125657 0.40187694746373526
6086176 8 25480.296 25942.256 26027.468 3.741386446042312 3.7536757019127407 3.821730171423441 0.467673305755289 0.4692094627390926 0.4777162714279301
6086176 16 45572.195 46899.756 52178.102 3.7325549327187106 4.152636359131591 4.273606570848738 0.46656936658983883 0.5190795448914489 0.5342008213560923
6086176 32 88462.219 89049.64 89298.552 4.361943786053777 4.3741363131844215 4.403182153954335 0.5452429732567221 0.5467670391480527 0.5503977692442918
6086176 64 171379.749 171450.703 171845.09 4.533330152173682 4.543758143703849 4.545639333384717 0.5666662690217102 0.5679697679629812 0.5682049166730896
6086176 128 327636.935 337339.988 340714.6 4.572921313028559 4.618666957443539 4.75544998002133 0.5716151641285698 0.5773333696804424 0.5944312475026663

6694784 1 5396.695 5644.346 5646.102 2.3714711494762226 2.37220893262036 2.4810681352197963 0.2964338936845278 0.296526116577545 0.31013351690247454
6694784 2 11079.426 11155.339 11638.667 2.3008765522718364 2.400566760006128 2.4170147442656322 0.28760956903397955 0.300070845000766 0.30212684303320403
6694784 4 16596.964 16663.823 17506.304 3.0593706130088907 3.214044700306766 3.2269921173535114 0.38242132662611134 0.4017555875383457 0.40337401466918893
6694784 8 27807.488 28355.522 28640.899 3.739985396408122 3.7776255362183067 3.852075527282435 0.4674981745510153 0.47220319202728833 0.4815094409103044
6694784 16 52271.064 53184.933 59862.248 3.5787678404593155 4.028078553751304 4.098502529047429 0.44734598005741444 0.503509819218913 0.5123128161309286
6694784 32 97110.802 98026.324 104484.107 4.100778465762262 4.370929751481857 4.412137137946816 0.5125973082202827 0.5463662189352321 0.551517142243352
6694784 64 190412.005 195968.834 201940.528 4.243488716638396 4.372799156420964 4.500411368495384 0.5304360895797995 0.5465998945526205 0.562551421061923
6694784 128 373426.995 373840.839 380654.68 4.502413326430139 4.584476935651217 4.589557602818725 0.5628016658037673 0.5730596169564022 0.5736947003523406

7364256 1 5907.951 6336.193 8657.61 1.701221468742528 2.324504951159158 2.4929983339401427 0.212652683592816 0.2905631188948947 0.31162479174251784
7364256 2 12549.14 13104.51 17460.293 1.6870864652729478 2.2478539067847634 2.3473340802636677 0.21088580815911848 0.2809817383480954 0.29341676003295847
7364256 4 19331.736 19653.831 23490.323 2.5080135339135183 2.997585966827536 3.047530133868991 0.3135016917391898 0.374698245853442 0.3809412667336239
7364256 8 31885.069 32117.113 41912.333 2.811298908128068 3.6687013555670456 3.6954003768974117 0.3514123635160085 0.4585876694458807 0.46192504711217647
7364256 16 55403.491 56170.77 72215.364 3.2632417666689317 4.195352707466891 4.253453848242162 0.40790522083361647 0.5244190884333614 0.5316817310302703
7364256 32 108916.018 109293.75 119592.986 3.940970116759188 4.31234525304512 4.327300911790587 0.4926212645948985 0.53904315663064 0.5409126139738234
7364256 64 206779.337 208772.271 257510.151 3.6605344074377864 4.515086047993413 4.558602332688589 0.4575668009297233 0.5643857559991766 0.5698252915860736
7364256 128 411777.571 419438.939 458459.719 4.112137790670329 4.49469365074853 4.578320114477531 0.5140172238337911 0.5618367063435662 0.5722900143096914

8100672 1 5791.824 7578.263 10890.555 1.4876509048436926 2.1378703800593883 2.7972783703372204 0.18595636310546157 0.26723379750742354 0.34965979629215255
8100672 2 12263.644 17850.057 18165.622 1.7837367748816968 1.8152708419922694 2.6421745445317883 0.2229670968602121 0.22690885524903368 0.33027181806647354
8100672 4 18507.707 20381.119 25842.347 2.5077202159695475 3.1796770334347197 3.5015345769197666 0.31346502699619344 0.39745962917933997 0.4376918221149708
8100672 8 34665.086 35044.377 38031.465 3.407987359939987 3.698474993577429 3.738942173690265 0.4259984199924984 0.4623093741971786 0.46736777171128313
8100672 16 63256.7 63610.324 80276.909 3.229091742931956 4.075148304542514 4.097929610618322 0.4036364678664945 0.5093935380678143 0.5122412013272902
8100672 32 118984.452 119325.653 119780.386 4.32827965673779 4.344774111565096 4.357233229094503 0.5410349570922237 0.543096763945637 0.5446541536368129
8100672 64 229250.723 230403.332 234331.233 4.4248732988999375 4.500308250750471 4.522934551443051 0.5531091623624922 0.5625385313438088 0.5653668189303813
8100672 128 457893.902 458354.014 496084.438 4.180280357836986 4.524389377334001 4.528935683445725 0.5225350447296232 0.5655486721667501 0.5661169604307156

8910720 1 7980.553 7981.648 9598.235 1.8567413696372304 2.2328020478978776 2.2331084073998384 0.2320926712046538 0.2791002559872347 0.2791385509249798
8910720 2 15538.55 15721.146 20269.391 1.7584583572343144 2.267193498489232 2.293835653905931 0.2198072946542893 0.283399187311154 0.28672945673824135
8910720 4 22440.478 24163.494 26116.457 2.7295341018117427 2.9501428891037036 3.1766596059139207 0.34119176272646784 0.36876786113796295 0.3970824507392401
8910720 8 37450.569 38055.793 38641.295 3.689615474843688 3.746381529876411 3.806925336701827 0.461201934355461 0.4682976912345514 0.4758656670877284
8910720 16 68017.062 70429.093 72874.406 3.912800881011641 4.048654154895904 4.1922281206442 0.4891001101264551 0.506081769361988 0.524028515080525
8910720 32 130961.26 135185.681 136625.836 4.174072025440342 4.218539092169089 4.354616624794233 0.5217590031800428 0.5273173865211361 0.5443270780992792
8910720 64 252672.287 254840.642 256088.022 4.453828613663157 4.475628969730817 4.514037425877259 0.5567285767078947 0.5594536212163521 0.5642546782346574

9801792 1 8260.756 8392.722 8481.087 2.3114471057778325 2.335783789812173 2.373098055432215 0.28893088822222907 0.29197297372652165 0.29663725692902687
9801792 2 17250.127 17302.879 17534.725 2.2359727911330234 2.2659332010586217 2.2728625708088988 0.2794965988916279 0.2832416501323277 0.28410782135111234
9801792 4 25708.894 25978.699 26089.663 3.00557105701212 3.0184088895290713 3.050085935240933 0.375696382126515 0.3773011111911339 0.3812607419051166
9801792 8 41557.723 42432.08 43354.512 3.617355259355704 3.6959930316873457 3.773755169406178 0.452169407419463 0.4619991289609182 0.47171939617577224
9801792 16 74803.527 75944.742 77876.245 4.027638261192486 4.130073205067969 4.193082286079906 0.5034547826490607 0.5162591506334961 0.5241352857599882
9801792 32 144592.559 144941.318 145303.983 4.317257345932493 4.328059773818257 4.338499106306016 0.5396571682415616 0.5410074717272821 0.542312388288252
9801792 64 279118.985 280105.028 281384.215 4.458776680134669 4.479139074932993 4.494962519299789 0.5573470850168336 0.5598923843666241 0.5618703149124736

10781952 1 8959.016 9096.345 9259.952 2.3287274059303975 2.370611932594905 2.406950048978593 0.2910909257412997 0.29632649157436314 0.3008687561223241
10781952 2 18752.175 18869.279 19083.384 2.2599664713553946 2.2856097469330967 2.299882973575065 0.28249580891942433 0.2857012183666371 0.28748537169688315
10781952 4 28639.353 28755.575 29307.359 2.9431384793150412 2.9996136749134727 3.011786474366233 0.36789230991438016 0.3749517093641841 0.3764733092957791
10781952 8 46866.237 47489.128 48511.617 3.556080845542625 3.632646866036369 3.6809277433560537 0.4445101056928281 0.45408085825454614 0.4601159679195067
10781952 16 80861.254 83115.499 84050.538 4.104940577536815 4.15112064718519 4.266845329902996 0.5131175721921019 0.5188900808981487 0.5333556662378744
10781952 32 156084.149 160077.726 160208.081 4.307179286418142 4.310686722273903 4.420980172688771 0.5383974108022678 0.5388358402842379 0.5526225215860964
10781952 64 312458.796 314758.595 315181.848 4.378709829761516 4.384597840767462 4.416869915865642 0.5473387287201895 0.5480747300959328 0.5521087394832053

11860128 1 10235.651 10288.084 10354.802 2.2907493547438182 2.3056048142686234 2.31741547264556 0.2863436693429773 0.2882006017835779 0.289676934080695
11860128 2 20585.154 21124.905 21414.156 2.2153808910330155 2.245714809131686 2.304598352774043 0.27692261137912694 0.28071435114146076 0.28807479409675535
11860128 4 30626.048 30679.883 31617.513 3.0009009247501535 3.0926136191588474 3.098049869183252 0.3751126155937692 0.3865767023948559 0.3872562336479065
11860128 8 50399.423 50648.218 51225.35 3.7044558602332636 3.74666780971445 3.7651631051411036 0.46305698252915795 0.46833347621430627 0.47064538814263795
11860128 16 92879.86 94531.004 99772.87 3.8038807142663127 4.014810802178722 4.08618290337647 0.4754850892832891 0.5018513502723403 0.5107728629220587
11860128 32 175251.643 175376.291 176360.314 4.303962579699194 4.3281117856461 4.331190161794945 0.5379953224623992 0.5410139732057625 0.5413987702243681
11860128 64 340282.69 344201.018 356640.96 4.256651799053031 4.410493591276944 4.4612800727536275 0.5320814748816288 0.551311698909618 0.5576600090942034

13046112 1 10018.319 11339.653 11341.501 2.30059707264497 2.300971996233042 2.604451305653174 0.2875746340806212 0.28762149952913024 0.32555641320664674
13046112 2 20143.416 23323.368 23726.746 2.199393376571739 2.237431918066036 2.5906453999659242 0.27492417207146735 0.2796789897582545 0.32383067499574053
13046112 4 29892.847 33544.042 34477.327 3.027174815495413 3.1113989184726156 3.4914337868186327 0.3783968519369266 0.38892486480907695 0.4364292233523291
13046112 8 54091.483 55155.477 56642.856 3.6851565535466646 3.7845342539599467 3.8589770592904618 0.4606445691933331 0.47306678174499334 0.4823721324113077
13046112 16 102763.429 103545.213 104264.069 4.004021596356459 4.031819259476534 4.062491764458346 0.5005026995445574 0.5039774074345668 0.5078114705572933
13046112 32 194508.652 196574.214 197121.569 4.235716934659748 4.247511161357105 4.292617111962711 0.5294646168324685 0.5309388951696381 0.5365771389953389
13046112 64 376787.523 378337.808 378526.02 4.411591932306266 4.413786570333992 4.431947010092476 0.5514489915382832 0.551723321291749 0.5539933762615595

14350720 1 11868.224 12472.716 13292.543 2.1592136282726337 2.301137939803969 2.4183433005646 0.2699017035340792 0.28764224247549613 0.302292912570575
14350720 2 24464.208 24842.806 24884.445 2.3067775873643157 2.310643974758729 2.346402548572184 0.28834719842053946 0.28883049684484113 0.293300318571523
14350720 4 36448.712 36802.627 37063.242 3.097563888231904 3.119499050978073 3.14978921614569 0.387195486028988 0.38993738137225914 0.39372365201821125
14350720 8 63369.88 63877.709 63933.676 3.591401814592986 3.59454845194902 3.62335418656308 0.4489252268241232 0.4493185564936275 0.452919273320385
14350720 16 111492.579 111794.701 112352.126 4.087355142705532 4.107735303124967 4.1188664224907745 0.5109193928381915 0.5134669128906209 0.5148583028113468
14350720 32 214603.534 214949.812 227107.335 4.044105752903137 4.272839652448731 4.279734181823865 0.5055132191128922 0.5341049565560914 0.5349667727279831
14350720 64 404045.913 414642.122 419854.209 4.375071442954143 4.430066465847386 4.546246109411829 0.5468839303692679 0.5537583082309232 0.5682807636764786

15785792 1 13727.915 13771.281 13776.642 2.291674850809072 2.2925669732539764 2.299809111580309 0.286459356351134 0.28657087165674705 0.28747613894753865
15785792 2 28002.475 28195.412 28273.243 2.233318901549426 2.2394837855180127 2.2549138245815774 0.27916486269367824 0.2799354731897516 0.2818642280726972
15785792 4 40347.879 40530.392 41232.123 3.0628143013640114 3.1158429457084944 3.1299374125713024 0.38285178767050143 0.3894803682135618 0.3912421765714128
15785792 8 68397.706 70143.926 70831.342 3.5658320860276795 3.6007775213494604 3.6927067700194507 0.44572901075345994 0.45009719016868255 0.46158834625243134
15785792 16 123626.409 124908.307 128377.859 3.934832282878312 4.044129298782346 4.086063391196617 0.491854035359789 0.5055161623477933 0.5107579238995771
15785792 32 223296.788 244899.903 246195.724 4.103607778338182 4.125320898963361 4.524430006579405 0.5129509722922727 0.5156651123704201 0.5655537508224256
15785792 64 458752.223 459080.183 493055.41 4.098081747039344 4.4013691961083845 4.4045157161015 0.512260218379918 0.5501711495135481 0.5505644645126875

17364352 1 13035.683 14476.597 15252.959 2.2768502819682395 2.398954947768457 2.664126152806876 0.28460628524602993 0.2998693684710571 0.3330157691008595
17364352 2 27384.025 30617.999 31022.452 2.238939978052025 2.268515587840995 2.5364207051373926 0.2798674972565031 0.28356444848012435 0.3170525881421741
17364352 4 44635.67 47353.326 50713.519 2.739206798092635 2.9335809695817354 3.1121929165620235 0.34240084976157936 0.3666976211977169 0.38902411457025293
17364352 8 74872.933 76219.0 77223.876 3.5977167476027745 3.645149267243076 3.7106818294402864 0.4497145934503468 0.4556436584053845 0.4638352286800358
17364352 16 137326.484 138649.624 141152.199 3.9365965811131285 4.007650709532396 4.046264404468405 0.49207457263914106 0.5009563386915495 0.5057830505585507
17364352 32 248684.693 258518.397 263364.76 4.219693356089098 4.298798618962502 4.468785410929976 0.5274616695111373 0.5373498273703128 0.558598176366247

19100768 1 15819.642 15863.904 16710.721 2.286049536701618 2.4080791210032535 2.4148167196198247 0.28575619208770225 0.3010098901254067 0.3018520899524781
19100768 2 29826.726 32788.888 34456.975 2.2173470538258218 2.3301513610342623 2.561564148877755 0.2771683817282277 0.2912689201292828 0.3201955186097194
19100768 4 48870.596 48916.688 50351.167 3.0348083888502524 3.123803966450059 3.1267501628177405 0.37935104860628155 0.3904754958062574 0.39084377035221757
19100768 8 84123.922 84972.898 86070.009 3.550740746407962 3.596585443043263 3.6328820712852643 0.44384259330099524 0.4495731803804079 0.45411025891065804
19100768 16 150701.509 150804.249 150949.766 4.049191941112383 4.053099166986999 4.055862347071788 0.5061489926390479 0.5066373958733749 0.5069827933839735
19100768 32 285792.736 286098.315 287824.085 4.247209374434387 4.2728289119773395 4.277397561287212 0.5309011718042984 0.5341036139971674 0.5346746951609015

21010816 1 17642.803 18903.822 21330.891 1.9699895330204444 2.222917249220819 2.3818002162128096 0.24624869162755555 0.27786465615260236 0.2977250270266012
21010816 2 35755.308 37654.886 45932.043 1.8297305869891312 2.2319351597558947 2.350511538035136 0.2287163233736414 0.27899189496948684 0.293813942254392
21010816 4 53722.407 55793.248 70479.084 2.384913629127189 3.0126679127911684 3.1287974122231716 0.29811420364089863 0.37658348909889605 0.39109967652789646
21010816 8 92347.664 93696.374 120478.421 2.790317578946358 3.587898246734714 3.6402984270398004 0.34878969736829474 0.44848728084183925 0.45503730337997506
21010816 16 166265.582 166425.79 206093.002 3.262343240553117 4.039915400131194 4.04380812861197 0.4077929050691396 0.5049894250163992 0.5054760160764963
21010816 32 318666.805 319090.529 348621.533 3.857169155411867 4.214140194678108 4.219743641010868 0.48214614442648335 0.5267675243347635 0.5274679551263585

23111872 1 17494.971 19346.56 22378.756 2.0655189233932396 2.389248734658771 2.6421160686691048 0.25818986542415495 0.29865609183234637 0.3302645085836381
23111872 2 35918.307 41674.294 44616.977 2.072024915538316 2.218333632718529 2.573826433411797 0.2590031144422895 0.2772917040898161 0.32172830417647463
23111872 4 59858.635 60381.895 61618.278 3.0006514625416827 3.0620929667742294 3.088860546185191 0.37508143281771034 0.38276162084677867 0.38610756827314885
23111872 8 101575.833 101945.079 102533.391 3.606531963816548 3.62734479807505 3.6405308337466447 0.4508164954770685 0.45341809975938124 0.4550663542183306
23111872 16 182805.261 183197.1 183651.86 4.02707548946142 4.0370721152245315 4.045725489268057 0.5033844361826775 0.5046340144030664 0.5057156861585071
23111872 32 344803.043 347915.496 351379.555 4.209578465656603 4.251491597833285 4.289868775897085 0.5261973082070753 0.5314364497291606 0.5362335969871356

25423040 1 18737.09 21877.847 33517.652 1.5169940901588213 2.3240897516103844 2.7136593782705853 0.18962426126985266 0.29051121895129806 0.33920742228382317
25423040 2 44739.345 45873.535 54493.07 1.866148484568772 2.216793626216074 2.2729917033877007 0.2332685605710965 0.27709920327700927 0.2841239629234626
25423040 4 66975.92 68443.28 72042.002 2.823135314868124 2.971574711206126 3.036678256901884 0.3528919143585155 0.37144683890076574 0.3795847821127355
25423040 8 110961.109 111936.297 113478.1 3.5845563152714046 3.6339297520267264 3.6658667497636492 0.4480695394089256 0.4542412190033408 0.45823334372045615
25423040 16 200415.975 204596.71 224149.726 3.6294368702462747 3.9762969795555367 4.059243680549916 0.45367960878078434 0.4970371224444421 0.5074054600687395
25423040 32 379675.706 381153.556 382747.02 4.251044358229099 4.2688164242130275 4.285432368432865 0.5313805447786374 0.5336020530266284 0.5356790460541081

27965344 1 23585.089 23636.394 25626.461 2.1825365585985517 2.3662952986821932 2.3714427365527433 0.27281706982481896 0.29578691233527415 0.2964303420690929
27965344 2 47765.867 48236.857 48586.672 2.3023057845987065 2.319002168818752 2.341868430860891 0.2877882230748383 0.289875271102344 0.29273355385761135
27965344 4 75081.413 75380.411 75453.123 2.965056224379208 2.9679163197982565 2.9797355039122664 0.370632028047401 0.37098953997478207 0.3724669379890333
27965344 8 123072.975 123675.499 128393.954 3.484942164800065 3.6178993221608104 3.6356113435951314 0.4356177706000081 0.4522374152701013 0.4544514179493914
27965344 16 220890.222 221733.354 223008.675 4.012808057803133 4.035888114514337 4.05129299023476 0.5016010072253916 0.5044860143142921 0.506411623779345
27965344 32 416311.31 427221.904 434630.906 4.1179354511894735 4.189349841950051 4.299143388633857 0.5147419313986842 0.5236687302437564 0.5373929235792321

30761856 1 26260.031 26372.982 27278.21 2.2554160261982 2.3328310768952862 2.3428651702657928 0.281927003274775 0.2916038846119108 0.2928581462832241
30761856 2 55492.767 55818.492 56138.582 2.1918513011247773 2.2044204275529338 2.217359678604601 0.27398141264059717 0.2755525534441167 0.27716995982557513
30761856 4 79656.938 79864.147 80778.329 3.0465454169025956 3.0814183490872322 3.089433942339084 0.38081817711282445 0.38517729363590403 0.3861792427923855
30761856 8 135809.248 136194.949 136248.367 3.6124447348422164 3.6138615977601347 3.6241250374937652 0.45155559185527705 0.45173269972001684 0.45301562968672066
30761856 16 233218.662 246554.186 249732.833 3.9417299686821714 3.9925478774876697 4.220843150193529 0.4927162460852714 0.4990684846859587 0.5276053937741911
30761856 32 461306.49 465797.42 475479.964 4.140571492093408 4.226641667530061 4.267789044112516 0.517571436511676 0.5283302084412577 0.5334736305140645

33838016 1 28496.872 28636.742 28896.73 2.3419962051069447 2.3632587813236574 2.3748582651457326 0.2927495256383681 0.2954073476654572 0.2968572831432166
33838016 2 60306.653 60970.095 62821.009 2.1545668583578466 2.2199746285453545 2.2443968827120946 0.2693208572947308 0.2774968285681693 0.2805496103390118
33838016 4 88566.065 90674.855 92111.547 2.9388728863711298 2.9854376717779147 3.056522021160136 0.3673591107963912 0.37317970897223934 0.382065252645017
33838016 8 149288.014 149680.66 151014.949 3.5851302111819408 3.617088914493028 3.626602307134985 0.4481412763977426 0.4521361143116285 0.45332528839187314
33838016 16 257902.883 267694.534 269293.56 4.020952123771545 4.044970570822339 4.198543651022311 0.5026190154714432 0.5056213213527924 0.5248179563777888

37221792 1 27637.847 33434.847 33469.496 2.2242218406874126 2.2265268329177634 2.69353774192324 0.27802773008592657 0.27831585411472043 0.336692217740405
37221792 2 58346.604 63956.172 64642.875 2.303226272036941 2.327956213514467 2.551770930832581 0.2879032840046176 0.29099452668930836 0.31897136635407264
37221792 4 97742.413 100059.031 104282.021 2.855471471923238 2.975986605346997 3.0465212271769877 0.35693393399040474 0.37199832566837465 0.38081515339712346
37221792 8 163771.372 164146.886 164488.324 3.620613655228197 3.628144806840868 3.6364638381364967 0.45257670690352464 0.4535181008551085 0.4545579797670621
37221792 16 295792.762 296978.869 299307.093 3.979515928144075 4.01071412255934 4.026796788218908 0.4974394910180094 0.5013392653199175 0.5033495985273635

40943968 1 34764.715 34941.783 36536.026 2.2412929090865 2.3435534471724004 2.35548992707117 0.2801616136358125 0.29294418089655005 0.29443624088389625
40943968 2 70243.769 73473.483 73902.27 2.2161142276143884 2.22904734215472 2.3315359402198363 0.27701427845179855 0.27863091776934 0.29144199252747954
40943968 4 100199.01 108505.962 112957.487 2.8997789584323876 3.0187442050419313 3.269011779657304 0.36247236980404846 0.3773430256302414 0.408626472457163
40943968 8 170153.702 180397.769 181908.53 3.6012796541206726 3.631438967518495 3.8500689688197323 0.4501599567650841 0.45392987093981185 0.48125862110246653
40943968 16 323815.767 325943.819 326807.875 4.009104664323036 4.019732541699156 4.046149414336579 0.5011380830403795 0.5024665677123945 0.5057686767920724

45038336 1 38906.671 39738.988 40303.766 2.2349442977611567 2.2667077480684714 2.315198645497066 0.2793680372201446 0.2833384685085589 0.28939983068713326
45038336 2 77990.98 79188.022 82665.909 2.179294296515871 2.2750075005030435 2.309925378550186 0.2724117870644839 0.28437593756288043 0.28874067231877326
45038336 4 118182.357 120025.34 135280.666 2.663401198808409 3.0019218275074246 3.0487349985751258 0.33292514985105115 0.3752402284384281 0.3810918748218907
45038336 8 197204.908 199728.069 231181.918 3.117083646654406 3.6079724778193296 3.6541350989094044 0.38963545583180076 0.4509965597274162 0.45676688736367554
45038336 16 355958.675 363660.969 436548.174 3.301415142329744 3.9631054054635153 4.048859750362875 0.412676892791218 0.4953881756829394 0.5061074687953594

49542144 1 37376.272 44233.948 47560.491 2.0833318983187117 2.240005526976702 2.650994406290708 0.26041648728983896 0.28000069087208773 0.3313743007863385
49542144 2 79625.553 87469.549 87495.406 2.264902639574014 2.2655721707219505 2.4887560404133082 0.28311282994675174 0.2831965213402438 0.31109450505166353
49542144 4 130514.59 130661.696 131961.645 3.00342688210654 3.033307879303817 3.036726790468407 0.3754283602633175 0.37916348491297713 0.3795908488085509
49542144 8 218382.049 218649.415 223564.262 3.5456217237440217 3.6253209458621236 3.6297594405298397 0.4432027154680027 0.45316511823276545 0.45371993006622996
49542144 16 392421.876 392655.436 393726.884 4.0265185650873665 4.037505819733513 4.039908845448769 0.5033148206359208 0.5046882274666892 0.5049886056810962

54496352 1 48049.967 48151.19 48495.566 2.247477717859814 2.2635516173120536 2.268320059408157 0.2809347147324768 0.2829439521640067 0.28354000742601965
54496352 2 95135.049 95578.293 95947.843 2.2719156698499208 2.280699949307527 2.2913259654704126 0.2839894587312401 0.2850874936634409 0.28641574568380157
54496352 4 144001.63 144455.536 149298.213 2.9201341880763168 3.018027747998526 3.027540841030758 0.3650167735095396 0.3772534684998157 0.37844260512884476
54496352 8 234778.122 239293.681 245175.063 3.556404233492539 3.6438138623476646 3.7138964421906397 0.4445505291865674 0.4554767327934581 0.46423705527382997
54496352 16 424933.815 433047.184 480458.738 3.629621289143876 4.027005205049433 4.103893835796523 0.4537026611429845 0.5033756506311792 0.5129867294745654

59945984 1 51149.528 53828.237 58187.571 2.0604394708278853 2.227306237059185 2.34395062257466 0.25755493385348566 0.27841327963239815 0.2929938278218325
59945984 2 104476.212 106244.945 115042.373 2.0843097177767707 2.2568973610932734 2.295105569103137 0.26053871472209633 0.2821121701366592 0.2868881961378921
59945984 4 158779.873 163437.735 179440.179 2.672577984889326 2.9342542712060964 3.0203316260367585 0.33407224811116576 0.36678178390076205 0.3775414532545948
59945984 8 262893.929 266433.367 270045.663 3.5517539268905054 3.599908505453823 3.648375402385195 0.4439692408613132 0.44998856318172786 0.4560469252981494
59945984 16 476439.21 478104.046 482354.088 3.9768948490802467 4.012246924176836 4.026267040447825 0.49711185613503084 0.5015308655221045 0.5032833800559782

65940576 1 57873.865 58714.844 62872.27 2.0976044287887174 2.246129649939971 2.278768698098874 0.2622005535985897 0.2807662062424964 0.28484608726235927
65940576 2 115192.477 116784.208 128023.306 2.06026787028918 2.258544271670704 2.289752862940867 0.2575334837861475 0.282318033958838 0.2862191078676084
65940576 4 169077.502 174124.649 174296.432 3.026594417033161 3.0295803094483196 3.120016570862278 0.37832430212914514 0.37869753868103995 0.39000207135778475
65940576 8 278841.624 293489.298 294263.117 3.585394006412295 3.594847318759814 3.783686240473194 0.4481742508015369 0.4493559148449767 0.47296078005914927
65940576 16 522824.182 526160.391 530263.261 3.9793411823792177 4.01037111134426 4.035961810197984 0.4974176477974022 0.5012963889180325 0.504495226274748

72534624 1 62994.359 65788.958 75393.065 1.924172309482311 2.2050698538195426 2.3028926764696505 0.2405215386852889 0.2756337317274428 0.2878615845587063
72534624 2 128289.137 128853.378 145565.992 1.9931749992814256 2.2516949148201615 2.2615983144387357 0.2491468749101782 0.2814618643525202 0.28269978930484196
72534624 4 190947.13 192449.737 221688.712 2.617530621044882 3.0152132242196834 3.0389406324148474 0.32719132763061026 0.3769016530274604 0.3798675790518559
72534624 8 311320.676 321433.201 396533.932 2.9267457091162634 3.6105603913641766 3.727841012397134 0.3658432136395329 0.4513200489205221 0.46598012654964177

79788064 1 70620.675 71545.206 71941.321 2.2181428667399645 2.230423768714846 2.2596233751659835 0.27726785834249557 0.27880297108935576 0.28245292189574794
79788064 2 141030.886 141048.736 141378.321 2.2574341931815702 2.2627090823415816 2.262995468949972 0.2821792741476963 0.2828386352926977 0.2828744336187465
79788064 4 209309.424 209364.55 209602.418 3.0453108227024366 3.04877073028839 3.0495736876137984 0.3806638528378046 0.38109634128604875 0.3811967109517248
79788064 8 341526.569 352510.675 357497.292 3.5709613822753097 3.6214762120324444 3.737949371663673 0.4463701727844137 0.45268452650405555 0.46724367145795914

87766848 1 75132.873 75631.37 77623.907 2.261335492942915 2.320911230353225 2.336310179433708 0.28266693661786435 0.29011390379415314 0.2920387724292135
87766848 2 153653.84 154425.169 155164.164 2.2625545934691464 2.273381951098917 2.2847941320568363 0.2828193241836433 0.28417274388736463 0.28559926650710454
87766848 4 222561.913 237066.784 241468.74 2.9077667941614305 2.96175943399983 3.1547840982118083 0.3634708492701788 0.37021992924997876 0.39434801227647603
87766848 8 384529.711 392337.427 407256.202 3.448123223424845 3.5792393775371316 3.651914345833214 0.43101540292810564 0.44740492219214145 0.45648929322915177

96543520 1 83023.715 84093.068 86026.19 2.2445146065401707 2.296111256162042 2.325685377967006 0.28056432581752133 0.28701390702025525 0.29071067224587577
96543520 2 168473.101 170545.503 174735.083 2.2100546345349543 2.2643463076244235 2.292200224889313 0.2762568293168693 0.28304328845305293 0.28652502811116415
96543520 4 240822.968 254427.285 254546.32 3.034214597956081 3.0356341695034788 3.2071200119084984 0.37927682474451013 0.37945427118793484 0.4008900014885623
96543520 8 424438.984 427814.995 429781.338 3.5941447043473067 3.610664277908258 3.6393836999666362 0.44926808804341334 0.45133303473853226 0.45492296249582953

106197856 1 91816.698 92749.059 93723.555 2.2661935091984082 2.2900039557274647 2.31325800890814 0.28327418864980103 0.2862504944659331 0.2891572511135175
106197856 2 186546.689 186937.704 188773.372 2.250271950431653 2.2723688956830235 2.2771319409480375 0.28128399380395663 0.28404611196037793 0.2846414926185047
106197856 4 268663.043 279978.02 280775.699 3.025841805490438 3.0344626624618605 3.1622616885196226 0.37823022568630477 0.37930783280773256 0.39528271106495283
106197856 8 466542.249 471199.388 538227.307 3.156966720010733 3.6060439365426338 3.642040350347777 0.3946208400013416 0.4507554920678292 0.45525504379347215

116817632 1 104310.34 106294.644 114295.857 2.0441271462709274 2.197996580147538 2.239809246139932 0.2555158932838659 0.27474957251844223 0.2799761557674915
116817632 2 206861.464 221838.708 238104.98 1.9624559217535054 2.106352548717512 2.2588572997820417 0.24530699021918817 0.263294068589689 0.2823571624727552
116817632 4 306397.361 345555.157 375169.624 2.490982734785586 2.7044627668514294 3.0500949908638413 0.31137284184819825 0.3380578458564287 0.38126187385798016
116817632 8 505244.619 516527.411 551937.177 3.3864037247123147 3.618553579531136 3.6993607486594526 0.42330046558903933 0.452319197441392 0.4624200935824316

128499392 1 113627.137 116427.857 116894.26 2.1985577734954647 2.207365063843784 2.261772942497002 0.2748197216869331 0.275920632980473 0.28272161781212524
128499392 2 223814.754 225986.429 227324.533 2.2610738982580467 2.2744621005538344 2.2965312108065943 0.28263423728225584 0.2843077625692293 0.2870664013508243
128499392 4 328778.183 342892.66 353131.833 2.9110803386564132 2.9980085779613947 3.126713356159645 0.36388504233205166 0.37475107224517434 0.3908391695199556
128499392 8 563249.691 567500.573 646316.679 3.1810880622500535 3.6228866891381974 3.6502288502808957 0.3976360077812567 0.4528608361422747 0.45627860628511197

141349312 1 108278.59 122259.789 126786.754 2.229717340977118 2.3122780295326697 2.6108450802693315 0.27871466762213976 0.2890347536915837 0.32635563503366644
141349312 2 243577.966 246100.347 247259.517 2.286655150264651 2.2974256432072404 2.321216722862363 0.2858318937830814 0.28717820540090505 0.2901520903577954
141349312 4 369277.46 370046.053 372186.194 3.038249441353539 3.0558209899350013 3.0621812010947 0.3797811801691924 0.38197762374187516 0.3827726501368375

155484224 1 136751.221 139369.464 151702.381 2.049858716456138 2.231252378211055 2.273972003511399 0.25623233955701724 0.27890654727638187 0.28424650043892485
155484224 2 271445.592 287528.684 305681.935 2.0345883246257257 2.163042960958984 2.2912027836502866 0.2543235405782157 0.270380370119873 0.28640034795628583
155484224 4 384271.316 405153.337 411632.792 3.021804424172309 3.0701309316872294 3.2369675804789972 0.37772555302153865 0.3837663664609037 0.40462094755987466

171032640 1 148868.787 149319.687 149632.34 2.286038432600867 2.2908250537653485 2.297763600371111 0.2857548040751084 0.28635313172066856 0.28722045004638885
171032640 2 294804.772 300023.738 307140.714 2.227417365448985 2.2802547710408168 2.3206224083781115 0.2784271706811231 0.2850318463801021 0.29007780104726394
171032640 4 436740.112 443597.158 449391.478 3.04469752316932 3.084467732320323 3.13289547354423 0.380587190396165 0.3855584665400404 0.39161193419302875

188135904 1 150996.531 163277.381 164664.82 2.285077091755239 2.304494386763835 2.491923526375583 0.2856346364694049 0.28806179834547935 0.3114904407969479
188135904 2 322088.598 328449.237 331462.568 2.270372852478473 2.291202204863091 2.3364491033613053 0.28379660655980915 0.2864002756078864 0.29205613792016316
188135904 4 468024.326 493687.977 530897.591 2.8349859888514732 3.0486608994328415 3.2158312044660686 0.35437324860643415 0.3810826124291052 0.4019789005582586

206949472 1 179662.523 181640.97 183190.622 2.2593893698335714 2.2786651271461498 2.303757829338732 0.2824236712291964 0.2848331408932687 0.2879697286673415
206949472 2 358974.132 362209.015 362285.019 2.2849354640303248 2.285414922651773 2.306009860342806 0.2856169330037906 0.28567686533147163 0.28825123254285073
206949472 4 539417.662 540679.948 540917.555 3.0607174063707356 3.062062468053652 3.0692279705146177 0.38258967579634195 0.3827578085067065 0.3836534963143272

227644416 1 198677.382 199086.03 203704.775 2.2350425118900623 2.2868949267811507 2.2915987085032152 0.2793803139862578 0.28586186584764384 0.2864498385629019
227644416 2 375168.447 405150.298 405493.397 2.2456041719466024 2.247505847817493 2.42711686252229 0.2807005214933253 0.2809382309771866 0.30338960781528623
227644416 4 595606.918 596751.771 656352.782 2.774659265480191 3.05178034905237 3.057646365349974 0.34683240818502387 0.38147254363154626 0.38220579566874674

250408832 1 218659.867 219029.012 225774.667 2.2182190351763427 2.2865357398407116 2.290395905161691 0.27727737939704283 0.28581696748008895 0.2862994881452114
250408832 2 436256.425 437545.174 461720.449 2.1693544874812334 2.2892158056347345 2.295978398484332 0.2711693109351542 0.2861519757043418 0.2869972998105415
250408832 4 648646.987 654768.026 671696.337 2.9824052114787696 3.0595120354884284 3.088383506204431 0.3728006514348462 0.38243900443605355 0.3860479382755539

275449696 1 239049.97 242339.415 244537.727 2.252819631385549 2.2732554339128037 2.3045365452252518 0.2816024539231936 0.28415692923910046 0.28806706815315647
275449696 2 462239.818 485324.381 490617.97 2.2457367063012392 2.270231678305072 2.3836085536014986 0.2807170882876549 0.283778959788134 0.2979510692001873

302994656 1 263484.885 264538.876 270249.807 2.2423302304152988 2.2907382127079123 2.2999016129521053 0.28029127880191235 0.28634227658848904 0.28748770161901316
302994656 2 517183.3 527184.72 532108.049 2.2776927097376043 2.298963869817775 2.3434218080900906 0.28471158871720054 0.28737048372722185 0.2929277260112613

333294112 1 270431.902 290675.238 300907.977 2.215256074783288 2.2932404857960416 2.4649023250222895 0.276907009347911 0.2866550607245052 0.3081127906277862
333294112 2 582492.149 584284.738 588802.721 2.264215840809608 2.281723894694644 2.2887457801598625 0.283026980101201 0.2852154868368305 0.2860932225199828

366623520 1 320256.066 323528.434 350092.882 2.094435727487884 2.266406791311579 2.289564875876543 0.2618044659359855 0.28330084891394736 0.28619560948456785
366623520 2 640507.508 698619.33 746212.054 1.9652511268599795 2.0991318405117707 2.2895814048755847 0.24565639085749744 0.26239148006397134 0.2861976756094481

403285856 1 348295.328 352791.649 352861.627 2.285801714562746 2.2862551148425854 2.3157695414163006 0.28572521432034326 0.28578188935532317 0.2894711926770376
403285856 2 683368.233 703778.377 705254.41 2.2873212859455925 2.292118480360757 2.360577132651116 0.28591516074319906 0.2865148100450946 0.2950721415813895

443614432 1 388745.741 392396.799 393747.203 2.2532956608710184 2.261050208006411 2.282285747279737 0.2816619576088773 0.2826312760008014 0.28528571840996714
443614432 2 774899.4 777929.615 777941.269 2.2809661843508655 2.281000355025692 2.2899201212441254 0.2851207730438582 0.2851250443782115 0.28624001515551567

487975872 1 430247.741 430875.232 441294.089 2.211567678623495 2.265044893552851 2.2683483281786714 0.27644595982793685 0.28313061169410636 0.2835435410223339
487975872 2 854853.777 858880.49 886938.36 2.2007205641663754 2.272613606579886 2.283318551682553 0.2750900705207969 0.28407670082248576 0.2854148189603191

536773440 1 451044.793 472598.293 476290.327 2.253975819248582 2.271584336848208 2.3801336289897046 0.28174697740607274 0.283948042106026 0.2975167036237131
536773440 2 920335.627 941719.954 985096.137 2.17957789027448 2.2799705484418356 2.3329464784481284 0.27244723628431 0.28499631855522944 0.29161830980601605

590450784 1 513396.77 518166.982 546498.496 2.160850535991228 2.278998101040718 2.300173349357067 0.2701063169989035 0.28487476263008976 0.28752166866963336

649495840 1 566057.338 572289.349 574700.096 2.2602948721275316 2.2698162778493365 2.294805831136492 0.28253685901594144 0.28372703473116706 0.2868507288920615

714445408 1 612153.141 633456.753 634466.41 2.25211420727537 2.2557038175580075 2.3342048260436847 0.28151427590942124 0.28196297719475094 0.2917756032554606

785889920 1 690060.37 690071.668 693999.622 2.264813683140594 2.2777052194526557 2.2777425111371055 0.28310171039257426 0.28471315243158196 0.2847178138921382

864478912 1 738136.818 750822.362 760633.613 2.2730494609367207 2.3027521708257273 2.3423270345525564 0.2841311826170901 0.2878440213532159 0.29279087931906955

950926784 1 834075.541 835159.71 844416.713 2.2522689789537598 2.2772333785115184 2.2801934291464856 0.28153362236921997 0.2846541723139398 0.2850241786433107

1046019456 1 903124.217 920061.071 922306.14 2.268269527079154 2.2738044005341904 2.316446478369653 0.2835336908848943 0.2842255500667738 0.2895558097962066

META_DATA
FLOPS          2
OPENMP_THREADS 4
ERT_VERSION  1.1.0
HOSTNAME  ('raspi', [], ['127.0.1.1'])
UNAME  uname_result(system='Linux', node='raspi', release='6.1.21-v8+', version='#1642 SMP PREEMPT Mon Apr  3 17:24:16 BST 2023', machine='aarch64')
TIMESTAMP_DATA  1765911462.4081962
CONFIG  {'ERT_MPI': ['False'], 'ERT_OPENMP': ['True'], 'ERT_OPENMP_CFLAGS': ['-fopenmp'], 'ERT_OPENMP_LDFLAGS': ['-fopenmp'], 'ERT_PRECISION': ['FP64'], 'ERT_TRIALS_MIN': ['1'], 'ERT_TRIALS': ['3', '#', 'Run', 'each', 'test', '3', 'times', 'to', 'filter', 'out', 'background', 'noise'], 'ERT_RESULTS': ['Results/Raspi'], 'ERT_GNUPLOT': ['gnuplot'], 'ERT_DRIVER': ['driver1'], 'ERT_KERNEL': ['kernel1'], 'ERT_CC': ['g++'], 'ERT_LD': ['g++'], 'ERT_CFLAGS': ['-O3', '-march=native', '-fopenmp', '-fstrict-aliasing', '-funroll-loops', '-Wno-all'], 'ERT_LDFLAGS': ['-O3', '-march=native', '-fopenmp'], 'ERT_LDLIBS': ['-lm'], 'ERT_RUN': ['export', 'OMP_NUM_THREADS=ERT_OPENMP_THREADS;', './ERT_CODE'], 'ERT_WORKING_SET_MIN': ['128'], 'ERT_MEMORY_MAX': ['1073741824'], 'ERT_ALIGN': ['64'], 'ERT_MIN_PROCS': ['1'], 'ERT_MAX_PROCS': ['1'], 'ERT_OPENMP_THREADS': ['1,2,4', '#', 'Logical', 'Threads'], 'ERT_NUM_EXPERIMENTS': ['3'], 'ERT_FLOPS': ['1,2,4'], 'ERT_GPU': [False], 'ERT_HIP': [False], 'ERT_OCL': [False], 'ERT_SYCL': [False], 'ERT_WSS_MULT': [1.1]}
TIMESTAMP_DATA  1765911637.3623989
TIMESTAMP_DATA  1765911812.6866758
