fp64
        1024            1           0.681         2048          512
        1024            2           0.281         4096         1024
        1024            4           0.341         8192         2048
        1024            8           0.361        16384         4096
        1024           16           0.411        32768         8192
        1024           32           0.581        65536        16384
        1024           64           0.892       131072        32768
        1024          128           1.533       262144        65536
        1024          256           2.806       524288       131072
        1024          512          17.338      1048576       262144
        1024         1024          10.964      2097152       524288
        1024         2048          21.597      4194304      1048576
        1024         4096          42.964      8388608      2097152
        1024         8192          85.689     16777216      4194304
        1024        16384         171.057     33554432      8388608
        1024        32768         342.014     67108864     16777216
        1024        65536         687.755    134217728     33554432
        1024       131072        1377.656    268435456     67108864
        1024       262144        2754.600    536870912    134217728
        1024       524288        5520.675   1073741824    268435456
        1024      1048576       10991.850   2147483648    536870912
        1120            1           0.762         2240          560
        1120            2           0.361         4480         1120
        1120            4           0.421         8960         2240
        1120            8           0.360        17920         4480
        1120           16           0.421        35840         8960
        1120           32           0.601        71680        17920
        1120           64           0.962       143360        35840
        1120          128           1.664       286720        71680
        1120          256           3.117       573440       143360
        1120          512           5.973      1146880       286720
        1120         1024          11.685      2293760       573440
        1120         2048          23.101      4587520      1146880
        1120         4096          45.961      9175040      2293760
        1120         8192          91.672     18350080      4587520
        1120        16384         183.755     36700160      9175040
        1120        32768         383.334     73400320     18350080
        1120        65536         734.108    146800640     36700160
        1120       131072        1470.410    293601280     73400320
        1120       262144        2940.650    587202560    146800640
        1120       524288        5895.210   1174405120    293601280
        1232            1           0.762         2464          616
        1232            2           0.391         4928         1232
        1232            4           0.441         9856         2464
        1232            8           0.361        19712         4928
        1232           16           0.451        39424         9856
        1232           32           0.652        78848        19712
        1232           64           1.053       157696        39424
        1232          128           1.844       315392        78848
        1232          256           3.448       630784       157696
        1232          512           6.625      1261568       315392
        1232         1024          12.989      2523136       630784
        1232         2048          25.717      5046272      1261568
        1232         4096          51.132     10092544      2523136
        1232         8192         105.693     20185088      5046272
        1232        16384         203.819     40370176     10092544
        1232        32768         410.314     80740352     20185088
        1232        65536         814.465    161480704     40370176
        1232       131072        1639.753    322961408     80740352
        1232       262144        3280.519    645922816    161480704
        1232       524288        6549.603   1291845632    322961408
        1352            1           0.792         2704          676
        1352            2           0.310         5408         1352
        1352            4           0.331        10816         2704
        1352            8           0.381        21632         5408
        1352           16           0.471        43264        10816
        1352           32           0.691        86528        21632
        1352           64           1.133       173056        43264
        1352          128           2.005       346112        86528
        1352          256           3.768       692224       173056
        1352          512           7.296      1384448       346112
        1352         1024          14.351      2768896       692224
        1352         2048          28.452      5537792      1384448
        1352         4096          56.665     11075584      2768896
        1352         8192         113.029     22151168      5537792
        1352        16384         225.858     44302336     11075584
        1352        32768         451.475     88604672     22151168
        1352        65536         904.984    177209344     44302336
        1352       131072        1835.073    354418688     88604672
        1352       262144        3624.597    708837376    177209344
        1352       524288        7242.449   1417674752    354418688
        1480            1           0.792         2960          740
        1480            2           0.301         5920         1480
        1480            4           0.330        11840         2960
        1480            8           0.370        23680         5920
        1480           16           0.481        47360        11840
        1480           32           0.842        94720        23680
        1480           64           1.213       189440        47360
        1480          128           2.175       378880        94720
        1480          256           4.099       757760       189440
        1480          512           7.967      1515520       378880
        1480         1024          15.675      3031040       757760
        1480         2048          31.078      6062080      1515520
        1480         4096          62.026     12124160      3031040
        1480         8192         124.274     24248320      6062080
        1480        16384         248.437     48496640     12124160
        1480        32768         499.440     96993280     24248320
        1480        65536         993.148    193986560     48496640
        1480       131072        1994.605    387973120     96993280
        1480       262144        3985.161    775946240    193986560
        1480       524288        7957.213   1551892480    387973120
        1624            1           1.102         3248          812
        1624            2           0.380         6496         1624
        1624            4           0.541        12992         3248
        1624            8           0.411        25984         6496
        1624           16           0.532        51968        12992
        1624           32           0.792       103936        25984
        1624           64           1.333       207872        51968
        1624          128           2.425       415744       103936
        1624          256           4.590       831488       207872
        1624          512           8.950      1662976       415744
        1624         1024          17.669      3325952       831488
        1624         2048          35.017      6651904      1662976
        1624         4096          69.783     13303808      3325952
        1624         8192         139.337     26607616      6651904
        1624        16384         278.473     53215232     13303808
        1624        32768         559.202    106430464     26607616
        1624        65536        1118.916    212860928     53215232
        1624       131072        2233.130    425721856    106430464
        1624       262144        4471.693    851443712    212860928
        1624       524288        8938.125   1702887424    425721856
        1784            1           0.882         3568          892
        1784            2           0.401         7136         1784
        1784            4           0.421        14272         3568
        1784            8           0.551        28544         7136
        1784           16           0.572        57088        14272
        1784           32           0.842       114176        28544
        1784           64           1.423       228352        57088
        1784          128           2.575       456704       114176
        1784          256           4.901       913408       228352
        1784          512           9.561      1826816       456704
        1784         1024          18.852      3653632       913408
        1784         2048          37.503      7307264      1826816
        1784         4096          74.584     14614528      3653632
        1784         8192         148.638     29229056      7307264
        1784        16384         310.474     58458112     14614528
        1784        32768         597.346    116916224     29229056
        1784        65536        1195.203    233832448     58458112
        1784       131072        2388.333    467664896    116916224
        1784       262144        4775.222    935329792    233832448
        1784       524288        9544.612   1870659584    467664896
        1960            1           0.872         3920          980
        1960            2           0.301         7840         1960
        1960            4           0.371        15680         3920
        1960            8           0.441        31360         7840
        1960           16           0.591        62720        15680
        1960           32           0.902       125440        31360
        1960           64           1.554       250880        62720
        1960          128           2.846       501760       125440
        1960          256           5.442      1003520       250880
        1960          512          10.673      2007040       501760
        1960         1024          21.016      4014080      1003520
        1960         2048          41.802      8028160      2007040
        1960         4096          83.374     16056320      4014080
        1960         8192         166.507     32112640      8028160
        1960        16384         346.935     64225280     16056320
        1960        32768         665.256    128450560     32112640
        1960        65536        1338.510    256901120     64225280
        1960       131072        2671.838    513802240    128450560
        1960       262144        5345.037   1027604480    256901120
        1960       524288       10699.376   2055208960    513802240
        2152            1           0.982         4304         1076
        2152            2           0.311         8608         2152
        2152            4           0.371        17216         4304
        2152            8           0.441        34432         8608
        2152           16           0.601        68864        17216
        2152           32           0.952       137728        34432
        2152           64           1.613       275456        68864
        2152          128           3.057       550912       137728
        2152          256           5.943      1101824       275456
        2152          512          11.625      2203648       550912
        2152         1024          22.941      4407296      1101824
        2152         2048          45.651      8814592      2203648
        2152         4096          90.930     17629184      4407296
        2152         8192         181.610     35258368      8814592
        2152        16384         366.757     70516736     17629184
        2152        32768         728.584    141033472     35258368
        2152        65536        1458.971    282066944     70516736
        2152       131072        2915.666    564133888    141033472
        2152       262144        5837.406   1128267776    282066944
        2360            1           0.791         4720         1180
        2360            2           0.401         9440         2360
        2360            4           0.511        18880         4720
        2360            8           0.461        37760         9440
        2360           16           0.652        75520        18880
        2360           32           1.032       151040        37760
        2360           64           1.794       302080        75520
        2360          128           3.317       604160       151040
        2360          256           6.374      1208320       302080
        2360          512          25.756      2416640       604160
        2360         1024          25.165      4833280      1208320
        2360         2048          52.936      9666560      2416640
        2360         4096          98.997     19333120      4833280
        2360         8192         197.795     38666240      9666560
        2360        16384         395.400     77332480     19333120
        2360        32768         791.622    154664960     38666240
        2360        65536        1592.826    309329920     77332480
        2360       131072        3166.539    618659840    154664960
        2360       262144        6336.405   1237319680    309329920
        2592            1           0.892         5184         1296
        2592            2           0.331        10368         2592
        2592            4           0.361        20736         5184
        2592            8           0.481        41472        10368
        2592           16           0.682        82944        20736
        2592           32           1.092       165888        41472
        2592           64           2.024       331776        82944
        2592          128           3.588       663552       165888
        2592          256           6.906      1327104       331776
        2592          512          13.540      2654208       663552
        2592         1024          26.789      5308416      1327104
        2592         2048          53.278     10616832      2654208
        2592         4096         106.535     21233664      5308416
        2592         8192         211.896     42467328     10616832
        2592        16384         427.441     84934656     21233664
        2592        32768         852.567    169869312     42467328
        2592        65536        1702.968    339738624     84934656
        2592       131072        3400.553    679477248    169869312
        2592       262144        6800.065   1358954496    339738624
        2848            1           0.892         5696         1424
        2848            2           0.421        11392         2848
        2848            4           0.381        22784         5696
        2848            8           0.491        45568        11392
        2848           16           0.722        91136        22784
        2848           32           1.173       182272        45568
        2848           64           2.085       364544        91136
        2848          128           3.908       729088       182272
        2848          256           7.556      1458176       364544
        2848          512          14.842      2916352       729088
        2848         1024          29.405      5832704      1458176
        2848         2048          58.660     11665408      2916352
        2848         4096         117.008     23330816      5832704
        2848         8192         248.146     46661632     11665408
        2848        16384         471.087     93323264     23330816
        2848        32768         936.662    186646528     46661632
        2848        65536        1876.329    373293056     93323264
        2848       131072        3752.138    746586112    186646528
        2848       262144        7512.734   1493172224    373293056
        3128            1           1.023         6256         1564
        3128            2           0.361        12512         3128
        3128            4           0.511        25024         6256
        3128            8           0.541        50048        12512
        3128           16           0.801       100096        25024
        3128           32           1.273       200192        50048
        3128           64           2.285       400384       100096
        3128          128           4.310       800768       200192
        3128          256           8.388      1601536       400384
        3128          512          16.506      3203072       800768
        3128         1024          32.702      6406144      1601536
        3128         2048          68.811     12812288      3203072
        3128         4096         129.876     25624576      6406144
        3128         8192         273.712     51249152     12812288
        3128        16384         519.052    102498304     25624576
        3128        32768        1042.734    204996608     51249152
        3128        65536        2081.902    409993216    102498304
        3128       131072        4171.320    819986432    204996608
        3128       262144        8317.826   1639972864    409993216
        3440            1           0.882         6880         1720
        3440            2           0.501        13760         3440
        3440            4           0.501        27520         6880
        3440            8           0.581        55040        13760
        3440           16           0.832       110080        27520
        3440           32           1.373       220160        55040
        3440           64           2.516       440320       110080
        3440          128           4.791       880640       220160
        3440          256           9.250      1761280       440320
        3440          512          18.260      3522560       880640
        3440         1024          36.250      7045120      1761280
        3440         2048          89.808     14090240      3522560
        3440         4096         144.107     28180480      7045120
        3440         8192         287.843     56360960     14090240
        3440        16384         581.720    112721920     28180480
        3440        32768        1152.767    225443840     56360960
        3440        65536        2309.432    450887680    112721920
        3440       131072        4655.155    901775360    225443840
        3440       262144        9245.136   1803550720    450887680
        3784            1           0.962         7568         1892
        3784            2           0.371        15136         3784
        3784            4           0.451        30272         7568
        3784            8           0.601        60544        15136
        3784           16           0.892       121088        30272
        3784           32           1.493       242176        60544
        3784           64           2.716       484352       121088
        3784          128           5.151       968704       242176
        3784          256          10.022      1937408       484352
        3784          512          19.763      3874816       968704
        3784         1024          39.197      7749632      1937408
        3784         2048          78.132     15499264      3874816
        3784         4096         156.053     30998528      7749632
        3784         8192         326.338     61997056     15499264
        3784        16384         623.342    123994112     30998528
        3784        32768        1254.120    247988224     61997056
        3784        65536        2503.861    495976448    123994112
        3784       131072        5005.887    991952896    247988224
        3784       262144       10002.472   1983905792    495976448
        4160            1           0.972         8320         2080
        4160            2           0.491        16640         4160
        4160            4           0.471        33280         8320
        4160            8           0.641        66560        16640
        4160           16           0.982       133120        33280
        4160           32           1.653       266240        66560
        4160           64           2.996       532480       133120
        4160          128           5.723      1064960       266240
        4160          256          10.945      2129920       532480
        4160          512          21.868      4259840      1064960
        4160         1024          43.366      8519680      2129920
        4160         2048          86.390     17039360      4259840
        4160         4096         174.574     34078720      8519680
        4160         8192         357.787     68157440     17039360
        4160        16384         695.420    136314880     34078720
        4160        32768        1398.748    272629760     68157440
        4160        65536        2798.539    545259520    136314880
        4160       131072        5578.988   1090519040    272629760
        4576            1           1.223         9152         2288
        4576            2           0.391        18304         4576
        4576            4           0.501        36608         9152
        4576            8           0.681        73216        18304
        4576           16           1.032       146432        36608
        4576           32           1.774       292864        73216
        4576           64           3.228       585728       146432
        4576          128           6.143      1171456       292864
        4576          256          11.987      2342912       585728
        4576          512          23.682      4685824      1171456
        4576         1024          47.094      9371648      2342912
        4576         2048          93.937     18743296      4685824
        4576         4096         187.623     37486592      9371648
        4576         8192         378.633     74973184     18743296
        4576        16384         751.745    149946368     37486592
        4576        32768        1506.655    299892736     74973184
        4576        65536        3010.044    599785472    149946368
        4576       131072        6021.181   1199570944    299892736
        5032            1           1.604        10064         2516
        5032            2           0.411        20128         5032
        5032            4           0.511        40256        10064
        5032            8           0.721        80512        20128
        5032           16           1.102       161024        40256
        5032           32           1.894       322048        80512
        5032           64           3.577       644096       161024
        5032          128           6.895      1288192       322048
        5032          256          13.389      2576384       644096
        5032          512          26.619      5152768      1288192
        5032         1024          53.087     10305536      2576384
        5032         2048         106.013     20611072      5152768
        5032         4096         211.876     41222144     10305536
        5032         8192         438.714     82444288     20611072
        5032        16384         852.504    164888576     41222144
        5032        32768        1690.977    329777152     82444288
        5032        65536        3407.329    659554304    164888576
        5032       131072        6799.996   1319108608    329777152
        5528            1           1.293        11056         2764
        5528            2           0.431        22112         5528
        5528            4           0.571        44224        11056
        5528            8           0.782        88448        22112
        5528           16           1.223       176896        44224
        5528           32           2.095       353792        88448
        5528           64           3.899       707584       176896
        5528          128           7.586      1415168       353792
        5528          256          14.862      2830336       707584
        5528          512          29.465      5660672      1415168
        5528         1024          58.519     11321344      2830336
        5528         2048         116.717     22642688      5660672
        5528         4096         233.142     45285376     11321344
        5528         8192         469.071     90570752     22642688
        5528        16384         934.644    181141504     45285376
        5528        32768        1870.391    362283008     90570752
        5528        65536        3748.248    724566016    181141504
        5528       131072        7484.340   1449132032    362283008
        6080            1           1.143        12160         3040
        6080            2           0.461        24320         6080
        6080            4           0.582        48640        12160
        6080            8           0.822        97280        24320
        6080           16           1.303       194560        48640
        6080           32           2.205       389120        97280
        6080           64           4.269       778240       194560
        6080          128           8.248      1556480       389120
        6080          256          15.995      3112960       778240
        6080          512          31.890      6225920      1556480
        6080         1024          63.810     12451840      3112960
        6080         2048         127.420     24903680      6225920
        6080         4096         268.080     49807360     12451840
        6080         8192         512.707     99614720     24903680
        6080        16384        1023.560    199229440     49807360
        6080        32768        2043.722    398458880     99614720
        6080        65536        4089.057    796917760    199229440
        6080       131072        8181.342   1593835520    398458880
        6688            1           1.343        13376         3344
        6688            2           0.471        26752         6688
        6688            4           0.601        53504        13376
        6688            8           0.872       107008        26752
        6688           16           1.393       214016        53504
        6688           32           2.465       428032       107008
        6688           64           4.600       856064       214016
        6688          128           8.889      1712128       428032
        6688          256          17.428      3424256       856064
        6688          512          34.566      6848512      1712128
        6688         1024          84.476     13697024      3424256
        6688         2048         137.231     27394048      6848512
        6688         4096         274.163     54788096     13697024
        6688         8192         550.149    109576192     27394048
        6688        16384        1097.773    219152384     54788096
        6688        32768        2203.013    438304768    109576192
        6688        65536        4401.194    876609536    219152384
        6688       131072        8807.228   1753219072    438304768
        7352            1           1.594        14704         3676
        7352            2           0.622        29408         7352
        7352            4           0.862        58816        14704
        7352            8           0.962       117632        29408
        7352           16           1.513       235264        58816
        7352           32           2.676       470528       117632
        7352           64           5.062       941056       235264
        7352          128           9.801      1882112       470528
        7352          256          19.222      3764224       941056
        7352          512          38.114      7528448      1882112
        7352         1024          75.897     15056896      3764224
        7352         2048         151.442     30113792      7528448
        7352         4096         302.535     60227584     15056896
        7352         8192         607.775    120455168     30113792
        7352        16384        1211.162    240910336     60227584
        7352        32768        2431.093    481820672    120455168
        7352        65536        4865.163    963641344    240910336
        7352       131072        9717.098   1927282688    481820672
        8080            1           1.363        16160         4040
        8080            2           0.612        32320         8080
        8080            4           0.692        64640        16160
        8080            8           1.012       129280        32320
        8080           16           1.664       258560        64640
        8080           32           2.927       517120       129280
        8080           64           5.532      1034240       258560
        8080          128          10.694      2068480       517120
        8080          256          21.086      4136960      1034240
        8080          512          41.872      8273920      2068480
        8080         1024          83.273     16547840      4136960
        8080         2048         166.186     33095680      8273920
        8080         4096         335.608     66191360     16547840
        8080         8192         663.819    132382720     33095680
        8080        16384        1337.881    264765440     66191360
        8080        32768        2665.498    529530880    132382720
        8080        65536        5372.489   1059061760    264765440
        8080       131072       10651.151   2118123520    529530880
        8888            1           1.684        17776         4444
        8888            2           0.601        35552         8888
        8888            4           0.852        71104        17776
        8888            8           1.093       142208        35552
        8888           16           1.804       284416        71104
        8888           32           3.227       568832       142208
        8888           64           6.054      1137664       284416
        8888          128          11.756      2275328       568832
        8888          256          23.201      4550656      1137664
        8888          512          46.092      9101312      2275328
        8888         1024          91.692     18202624      4550656
        8888         2048         196.482     36405248      9101312
        8888         4096         365.944     72810496     18202624
        8888         8192         733.352    145620992     36405248
        8888        16384        1464.840    291241984     72810496
        8888        32768        2938.629    582483968    145620992
        8888        65536        5872.387   1164967936    291241984
        9776            1           2.005        19552         4888
        9776            2           0.761        39104         9776
        9776            4           0.892        78208        19552
        9776            8           1.323       156416        39104
        9776           16          37.582       312832        78208
        9776           32           3.567       625664       156416
        9776           64           6.764      1251328       312832
        9776          128          13.159      2502656       625664
        9776          256          25.947      5005312      1251328
        9776          512          51.623     10010624      2502656
        9776         1024         102.907     20021248      5005312
        9776         2048         204.891     40042496     10010624
        9776         4096         409.230     80084992     20021248
        9776         8192         822.829    160169984     40042496
        9776        16384        1635.505    320339968     80084992
        9776        32768        3279.057    640679936    160169984
        9776        65536        6564.598   1281359872    320339968
       10752            1           2.034        21504         5376
       10752            2           0.682        43008        10752
       10752            4           0.832        86016        21504
       10752            8           1.262       172032        43008
       10752           16           2.195       344064        86016
       10752           32           3.918       688128       172032
       10752           64           7.366      1376256       344064
       10752          128          14.392      2752512       688128
       10752          256          28.272      5505024      1376256
       10752          512          56.093     11010048      2752512
       10752         1024         112.958     22020096      5505024
       10752         2048         223.311     44040192     11010048
       10752         4096         459.169     88080384     22020096
       10752         8192         894.977    176160768     44040192
       10752        16384        1804.316    352321536     88080384
       10752        32768        3597.346    704643072    176160768
       10752        65536        7236.466   1409286144    352321536
       11824            1           1.403        23648         5912
       11824            2           1.072        47296        11824
       11824            4           1.103        94592        23648
       11824            8           1.443       189184        47296
       11824           16           2.255       378368        94592
       11824           32           4.209       756736       189184
       11824           64           8.128      1513472       378368
       11824          128          15.744      3026944       756736
       11824          256          31.189      6053888      1513472
       11824          512          62.086     12107776      3026944
       11824         1024         123.822     24215552      6053888
       11824         2048         247.404     48431104     12107776
       11824         4096         507.053     96862208     24215552
       11824         8192         987.979    193724416     48431104
       11824        16384        1983.283    387448832     96862208
       11824        32768        3960.183    774897664    193724416
       11824        65536        7925.598   1549795328    387448832
       13000            1           1.934        26000         6500
       13000            2           0.681        52000        13000
       13000            4           1.072       104000        26000
       13000            8           1.473       208000        52000
       13000           16           2.506       416000       104000
       13000           32           4.590       832000       208000
       13000           64           8.729      1664000       416000
       13000          128          17.097      3328000       832000
       13000          256          35.758      6656000      1664000
       13000          512          68.721     13312000      3328000
       13000         1024         133.774     26624000      6656000
       13000         2048         267.207     53248000     13312000
       13000         4096         536.587    106496000     26624000
       13000         8192        1073.497    212992000     53248000
       13000        16384        2142.213    425984000    106496000
       13000        32768        4282.881    851968000    212992000
       13000        65536        8574.764   1703936000    425984000
       14296            1           2.145        28592         7148
       14296            2           0.852        57184        14296
       14296            4           1.022       114368        28592
       14296            8           1.604       228736        57184
       14296           16           2.736       457472       114368
       14296           32           4.941       914944       228736
       14296           64           9.651      1829888       457472
       14296          128          19.162      3659776       914944
       14296          256          37.613      7319552      1829888
       14296          512          74.954     14639104      3659776
       14296         1024         149.498     29278208      7319552
       14296         2048         310.732     58556416     14639104
       14296         4096         600.118    117112832     29278208
       14296         8192        1199.133    234225664     58556416
       14296        16384        2401.532    468451328    117112832
       14296        32768        4829.311    936902656    234225664
       14296        65536        9575.200   1873805312    468451328
       15720            1           1.814        31440         7860
       15720            2           0.882        62880        15720
       15720            4           1.192       125760        31440
       15720            8           1.724       251520        62880
       15720           16           2.917       503040       125760
       15720           32           5.422      1006080       251520
       15720           64          10.693      2012160       503040
       15720          128          20.997      4024320      1006080
       15720          256          41.531      8048640      2012160
       15720          512          82.641     16097280      4024320
       15720         1024         164.852     32194560      8048640
       15720         2048         341.740     64389120     16097280
       15720         4096         659.678    128778240     32194560
       15720         8192        1321.842    257556480     64389120
       15720        16384        2641.839    515112960    128778240
       15720        32768        5289.071   1030225920    257556480
       15720        65536       10589.687   2060451840    515112960
       17288            1           2.305        34576         8644
       17288            2           0.821        69152        17288
       17288            4           1.172       138304        34576
       17288            8           1.874       276608        69152
       17288           16           3.257       553216       138304
       17288           32           6.063      1106432       276608
       17288           64          11.535      2212864       553216
       17288          128          22.589      4425728      1106432
       17288          256          44.818      8851456      2212864
       17288          512          89.016     17702912      4425728
       17288         1024         177.640     35405824      8851456
       17288         2048         358.958     70811648     17702912
       17288         4096         712.805    141623296     35405824
       17288         8192        1425.399    283246592     70811648
       17288        16384        2846.710    566493184    141623296
       17288        32768        5694.060   1132986368    283246592
       19016            1           2.435        38032         9508
       19016            2           0.972        76064        19016
       19016            4           1.272       152128        38032
       19016            8           2.034       304256        76064
       19016           16           3.548       608512       152128
       19016           32           6.565      1217024       304256
       19016           64          12.698      2434048       608512
       19016          128          24.865      4868096      1217024
       19016          256          49.258      9736192      2434048
       19016          512          98.075     19472384      4868096
       19016         1024         196.191     38944768      9736192
       19016         2048         396.450     77889536     19472384
       19016         4096         785.314    155779072     38944768
       19016         8192        1570.127    311558144     77889536
       19016        16384        3137.909    623116288    155779072
       19016        32768        6269.082   1246232576    311558144
       20912            1           2.195        41824        10456
       20912            2           1.082        83648        20912
       20912            4           1.533       167296        41824
       20912            8           2.376       334592        83648
       20912           16           3.938       669184       167296
       20912           32           7.326      1338368       334592
       20912           64          14.161      2676736       669184
       20912          128          27.771      5353472      1338368
       20912          256          54.991     10706944      2676736
       20912          512         113.118     21413888      5353472
       20912         1024         219.001     42827776     10706944
       20912         2048         448.415     85655552     21413888
       20912         4096         873.368    171311104     42827776
       20912         8192        1751.545    342622208     85655552
       20912        16384        3493.489    685244416    171311104
       20912        32768        7009.247   1370488832    342622208
       23000            1           2.706        46000        11500
       23000            2           1.012        92000        23000
       23000            4           1.493       184000        46000
       23000            8           2.385       368000        92000
       23000           16           4.319       736000       184000
       23000           32           8.077      1472000       368000
       23000           64          15.274      2944000       736000
       23000          128          30.677      5888000      1472000
       23000          256          60.543     11776000      2944000
       23000          512         120.354     23552000      5888000
       23000         1024         258.418     47104000     11776000
       23000         2048         480.976     94208000     23552000
       23000         4096         967.734    188416000     47104000
       23000         8192        1932.853    376832000     94208000
       23000        16384        3860.485    753664000    188416000
       23000        32768        7719.937   1507328000    376832000
       25296            1           2.947        50592        12648
       25296            2           1.313       101184        25296
       25296            4           1.744       202368        50592
       25296            8           2.726       404736       101184
       25296           16           4.650       809472       202368
       25296           32           8.690      1618944       404736
       25296           64          16.807      3237888       809472
       25296          128          33.053      6475776      1618944
       25296          256          65.484     12951552      3237888
       25296          512         130.377     25903104      6475776
       25296         1024         260.172     51806208     12951552
       25296         2048         522.998    103612416     25903104
       25296         4096        1042.498    207224832     51806208
       25296         8192        2088.855    414449664    103612416
       25296        16384        4170.565    828899328    207224832
       25296        32768        8403.337   1657798656    414449664
       27824            1           3.007        55648        13912
       27824            2           1.182       111296        27824
       27824            4           1.744       222592        55648
       27824            8           2.827       445184       111296
       27824           16           5.111       890368       222592
       27824           32           9.652      1780736       445184
       27824           64          18.791      3561472       890368
       27824          128          37.022      7122944      1780736
       27824          256          73.512     14245888      3561472
       27824          512         145.710     28491776      7122944
       27824         1024         293.053     56983552     14245888
       27824         2048         585.155    113967104     28491776
       27824         4096        1163.865    227934208     56983552
       27824         8192        2339.075    455868416    113967104
       27824        16384        4670.933    911736832    227934208
       27824        32768        9281.640   1823473664    455868416
       30600            1           3.488        61200        15300
       30600            2           1.303       122400        30600
       30600            4           1.914       244800        61200
       30600            8           3.097       489600       122400
       30600           16           5.552       979200       244800
       30600           32          10.403      1958400       489600
       30600           64          20.234      3916800       979200
       30600          128          39.778      7833600      1958400
       30600          256          78.973     15667200      3916800
       30600          512         157.104     31334400      7833600
       30600         1024         327.508     62668800     15667200
       30600         2048         629.991    125337600     31334400
       30600         4096        1255.874    250675200     62668800
       30600         8192        2513.701    501350400    125337600
       30600        16384        5043.027   1002700800    250675200
       30600        32768       10056.108   2005401600    501350400
       33656            1           3.388        67312        16828
       33656            2           1.513       134624        33656
       33656            4           2.085       269248        67312
       33656            8           3.428       538496       134624
       33656           16           6.124      1076992       269248
       33656           32          11.525      2153984       538496
       33656           64          22.459      4307968      1076992
       33656          128          43.977      8615936      2153984
       33656          256         101.773     17231872      4307968
       33656          512         174.953     34463744      8615936
       33656         1024         347.171     68927488     17231872
       33656         2048         704.084    137854976     34463744
       33656         4096        1394.888    275709952     68927488
       33656         8192        2790.939    551419904    137854976
       33656        16384        5571.936   1102839808    275709952
       37016            1           3.848        74032        18508
       37016            2           1.603       148064        37016
       37016            4           2.445       296128        74032
       37016            8           3.879       592256       148064
       37016           16           6.805      1184512       296128
       37016           32          13.099      2369024       592256
       37016           64          38.404      4738048      1184512
       37016          128          49.839      9476096      2369024
       37016          256          98.897     18952192      4738048
       37016          512         197.332     37904384      9476096
       37016         1024         393.723     75808768     18952192
       37016         2048         789.340    151617536     37904384
       37016         4096        1582.680    303235072     75808768
       37016         8192        3155.297    606470144    151617536
       37016        16384        6321.851   1212940288    303235072
       40712            1           3.899        81424        20356
       40712            2           1.684       162848        40712
       40712            4           2.575       325696        81424
       40712            8           4.209       651392       162848
       40712           16           7.466      1302784       325696
       40712           32          14.121      2605568       651392
       40712           64          27.470      5211136      1302784
       40712          128          54.018     10422272      2605568
       40712          256         107.726     20844544      5211136
       40712          512         227.589     41689088     10422272
       40712         1024         427.057     83378176     20844544
       40712         2048         857.721    166756352     41689088
       40712         4096        1708.696    333512704     83378176
       40712         8192        3412.201    667025408    166756352
       40712        16384        6828.792   1334050816    333512704
       44776            1           4.350        89552        22388
       44776            2           1.794       179104        44776
       44776            4           2.796       358208        89552
       44776            8           4.530       716416       179104
       44776           16           8.198      1432832       358208
       44776           32          15.514      2865664       716416
       44776           64          30.166      5731328      1432832
       44776          128          59.190     11462656      2865664
       44776          256         118.029     22925312      5731328
       44776          512         234.544     45850624     11462656
       44776         1024         471.283     91701248     22925312
       44776         2048         942.135    183402496     45850624
       44776         4096        1929.811    366804992     91701248
       44776         8192        3757.979    733609984    183402496
       44776        16384        7507.790   1467219968    366804992
       49248            1           4.560        98496        24624
       49248            2           2.065       196992        49248
       49248            4           2.987       393984        98496
       49248            8           4.981       787968       196992
       49248           16           8.930      1575936       393984
       49248           32          16.927      3151872       787968
       49248           64          32.852      6303744      1575936
       49248          128          64.942     12607488      3151872
       49248          256         128.743     25214976      6303744
       49248          512         260.360     50429952     12607488
       49248         1024         517.755    100859904     25214976
       49248         2048        1028.976    201719808     50429952
       49248         4096        2056.680    403439616    100859904
       49248         8192        4105.330    806879232    201719808
       49248        16384        8259.529   1613758464    403439616
       54168            1           5.011       108336        27084
       54168            2           2.316       216672        54168
       54168            4           3.478       433344       108336
       54168            8           5.572       866688       216672
       54168           16          10.072      1733376       433344
       54168           32          18.942      3466752       866688
       54168           64          37.071      6933504      1733376
       54168          128          72.549     13867008      3466752
       54168          256         143.756     27734016      6933504
       54168          512         287.561     55468032     13867008
       54168         1024         581.525    110936064     27734016
       54168         2048        1147.316    221872128     55468032
       54168         4096        2296.064    443744256    110936064
       54168         8192        4586.947    887488512    221872128
       54168        16384        9170.345   1774977024    443744256
       59584            1           5.753       119168        29792
       59584            2           2.396       238336        59584
       59584            4           3.638       476672       119168
       59584            8           5.993       953344       238336
       59584           16          10.954      1906688       476672
       59584           32          20.715      3813376       953344
       59584           64          40.549      7626752      1906688
       59584          128          79.835     15253504      3813376
       59584          256         171.025     30507008      7626752
       59584          512         314.109     61014016     15253504
       59584         1024         631.665    122028032     30507008
       59584         2048        1258.449    244056064     61014016
       59584         4096        2518.983    488112128    122028032
       59584         8192        5053.439    976224256    244056064
       59584        16384       10100.365   1952448512    488112128
       65536            1           5.983       131072        32768
       65536            2           2.575       262144        65536
       65536            4           3.969       524288       131072
       65536            8           6.635      1048576       262144
       65536           16          12.016      2097152       524288
       65536           32          22.840      4194304      1048576
       65536           64          44.708      8388608      2097152
       65536          128          87.652     16777216      4194304
       65536          256         174.111     33554432      8388608
       65536          512         347.141     67108864     16777216
       65536         1024         699.884    134217728     33554432
       65536         2048        1392.453    268435456     67108864
       65536         4096        2783.253    536870912    134217728
       65536         8192        5562.867   1073741824    268435456
       65536        16384       11147.681   2147483648    536870912
       72088            1           6.273       144176        36044
       72088            2           3.027       288352        72088
       72088            4           4.600       576704       144176
       72088            8           7.306      1153408       288352
       72088           16          13.159      2306816       576704
       72088           32          25.014      4613632      1153408
       72088           64          48.967      9227264      2306816
       72088          128          96.411     18454528      4613632
       72088          256         191.670     36909056      9227264
       72088          512         388.520     73818112     18454528
       72088         1024         759.794    147636224     36909056
       72088         2048        1529.019    295272448     73818112
       72088         4096        3046.762    590544896    147636224
       72088         8192        6105.429   1181089792    295272448
       79296            1           8.258       158592        39648
       79296            2           3.086       317184        79296
       79296            4           4.771       634368       158592
       79296            8           7.957      1268736       317184
       79296           16          14.471      2537472       634368
       79296           32          27.570      5074944      1268736
       79296           64          53.808     10149888      2537472
       79296          128         106.203     20299776      5074944
       79296          256         210.661     40599552     10149888
       79296          512         422.916     81199104     20299776
       79296         1024         838.737    162398208     40599552
       79296         2048        1689.630    324796416     81199104
       79296         4096        3364.217    649592832    162398208
       79296         8192        6726.830   1299185664    324796416
       87224            1           8.319       174448        43612
       87224            2           3.358       348896        87224
       87224            4           5.161       697792       174448
       87224            8           8.528      1395584       348896
       87224           16          15.824      2791168       697792
       87224           32          29.765      5582336      1395584
       87224           64          58.107     11164672      2791168
       87224          128         130.896     22329344      5582336
       87224          256         229.392     44658688     11164672
       87224          512         455.347     89317376     22329344
       87224         1024         913.932    178634752     44658688
       87224         2048        1834.638    357269504     89317376
       87224         4096        3643.228    714539008    178634752
       87224         8192        7283.559   1429078016    357269504
       95944            1           8.689       191888        47972
       95944            2           3.698       383776        95944
       95944            4           5.802       767552       191888
       95944            8           9.531      1535104       383776
       95944           16          17.538      3070208       767552
       95944           32          33.113      6140416      1535104
       95944           64          65.002     12280832      3070208
       95944          128         127.789     24561664      6140416
       95944          256         254.087     49123328     12280832
       95944          512         509.766     98246656     24561664
       95944         1024        1013.028    196493312     49123328
       95944         2048        2030.406    392986624     98246656
       95944         4096        4061.784    785973248    196493312
       95944         8192        8107.273   1571946496    392986624
      105536            1           9.070       211072        52768
      105536            2           4.049       422144       105536
      105536            4           6.224       844288       211072
      105536            8          10.703      1688576       422144
      105536           16          19.152      3377152       844288
      105536           32          36.670      6754304      1688576
      105536           64          71.257     13508608      3377152
      105536          128         140.788     27017216      6754304
      105536          256         293.663     54034432     13508608
      105536          512         559.906    108068864     27017216
      105536         1024        1115.743    216137728     54034432
      105536         2048        2240.236    432275456    108068864
      105536         4096        4470.349    864550912    216137728
      105536         8192        8940.868   1729101824    432275456
      116088            1          10.734       232176        58044
      116088            2           4.219       464352       116088
      116088            4           6.855       928704       232176
      116088            8          11.435      1857408       464352
      116088           16          20.715      3714816       928704
      116088           32          39.556      7429632      1857408
      116088           64          77.590     14859264      3714816
      116088          128         152.444     29718528      7429632
      116088          256         318.899     59437056     14859264
      116088          512         604.544    118874112     29718528
      116088         1024        1211.021    237748224     59437056
      116088         2048        2456.128    475496448    118874112
      116088         4096        4887.433    950992896    237748224
      116088         8192        9719.263   1901985792    475496448
      127696            1          11.756       255392        63848
      127696            2           4.821       510784       127696
      127696            4           7.557      1021568       255392
      127696            8          12.527      2043136       510784
      127696           16          23.642      4086272      1021568
      127696           32          44.157      8172544      2043136
      127696           64          86.369     16345088      4086272
      127696          128         170.543     32690176      8172544
      127696          256         337.870     65380352     16345088
      127696          512         678.767    130760704     32690176
      127696         1024        1355.228    261521408     65380352
      127696         2048        2716.779    523042816    130760704
      127696         4096        5411.470   1046085632    261521408
      127696         8192       10803.548   2092171264    523042816
      140464            1          12.567       280928        70232
      140464            2           5.412       561856       140464
      140464            4           8.228      1123712       280928
      140464            8          13.720      2247424       561856
      140464           16          25.115      4494848      1123712
      140464           32          48.196      8989696      2247424
      140464           64          94.025     17979392      4494848
      140464          128         199.878     35958784      8989696
      140464          256         369.659     71917568     17979392
      140464          512         738.146    143835136     35958784
      140464         1024        1478.097    287670272     71917568
      140464         2048        2948.337    575340544    143835136
      140464         4096        5897.224   1150681088    287670272
      154504            1          13.470       309008        77252
      154504            2           5.792       618016       154504
      154504            4           9.170      1236032       309008
      154504            8          15.263      2472064       618016
      154504           16          27.760      4944128      1236032
      154504           32          53.287      9888256      2472064
      154504           64         103.988     19776512      4944128
      154504          128         208.105     39553024      9888256
      154504          256         419.348     79106048     19776512
      154504          512         814.022    158212096     39553024
      154504         1024        1631.132    316424192     79106048
      154504         2048        3276.615    632848384    158212096
      154504         4096        6498.230   1265696768    316424192
      169952            1          15.013       339904        84976
      169952            2           6.173       679808       169952
      169952            4           9.622      1359616       339904
      169952            8          16.456      2719232       679808
      169952           16          30.277      5438464      1359616
      169952           32          57.847     10876928      2719232
      169952           64         112.887     21753856      5438464
      169952          128         223.999     43507712     10876928
      169952          256         459.575     87015424     21753856
      169952          512         888.603    174030848     43507712
      169952         1024        1778.439    348061696     87015424
      169952         2048        3553.151    696123392    174030848
      169952         4096        7107.444   1392246784    348061696
      186944            1          16.536       373888        93472
      186944            2           7.105       747776       186944
      186944            4          10.883      1495552       373888
      186944            8          18.340      2991104       747776
      186944           16          33.904      5982208      1495552
      186944           32          64.541     11964416      2991104
      186944           64         126.216     23928832      5982208
      186944          128         262.654     47857664     11964416
      186944          256         499.091     95715328     23928832
      186944          512         990.446    191430656     47857664
      186944         1024        2022.493    382861312     95715328
      186944         2048        3972.007    765722624    191430656
      186944         4096        7912.014   1531445248    382861312
      205632            1          17.688       411264       102816
      205632            2           7.797       822528       205632
      205632            4          12.167      1645056       411264
      205632            8          23.711      3290112       822528
      205632           16          37.261      6580224      1645056
      205632           32          70.824     13160448      3290112
      205632           64         138.333     26320896      6580224
      205632          128         274.110     52641792     13160448
      205632          256         547.638    105283584     26320896
      205632          512        1092.419    210567168     52641792
      205632         1024        2178.916    421134336    105283584
      205632         2048        4386.343    842268672    210567168
      205632         4096        8699.326   1684537344    421134336
      226192            1          19.433       452384       113096
      226192            2           8.769       904768       226192
      226192            4          13.329      1809536       452384
      226192            8          22.279      3619072       904768
      226192           16          41.200      7238144      1809536
      226192           32          78.772     14476288      3619072
      226192           64         167.807     28952576      7238144
      226192          128         301.790     57905152     14476288
      226192          256         606.016    115810304     28952576
      226192          512        1204.114    231620608     57905152
      226192         1024        2402.374    463241216    115810304
      226192         2048        4803.917    926482432    231620608
      226192         4096        9593.111   1852964864    463241216
      248808            1          21.948       497616       124404
      248808            2           8.789       995232       248808
      248808            4          13.871      1990464       497616
      248808            8          24.534      3980928       995232
      248808           16          44.127      7961856      1990464
      248808           32          84.455     15923712      3980928
      248808           64         165.713     31847424      7961856
      248808          128         331.986     63694848     15923712
      248808          256         652.597    127389696     31847424
      248808          512        1308.341    254779392     63694848
      248808         1024        2613.526    509558784    127389696
      248808         2048        5227.042   1019117568    254779392
      248808         4096       10429.630   2038235136    509558784
      273688            1          22.710       547376       136844
      273688            2          10.383      1094752       273688
      273688            4          15.805      2189504       547376
      273688            8          26.789      4379008      1094752
      273688           16          49.529      8758016      2189504
      273688           32          94.326     17516032      4379008
      273688           64         185.335     35032064      8758016
      273688          128         378.668     70064128     17516032
      273688          256         729.987    140128256     35032064
      273688          512        1449.289    280256512     70064128
      273688         1024        2898.780    560513024    140128256
      273688         2048        5792.488   1121026048    280256512
      301056            1          26.338       602112       150528
      301056            2          10.934      1204224       301056
      301056            4          16.987      2408448       602112
      301056            8          29.855      4816896      1204224
      301056           16          54.590      9633792      2408448
      301056           32         104.479     19267584      4816896
      301056           64         203.184     38535168      9633792
      301056          128         413.063     77070336     19267584
      301056          256         801.793    154140672     38535168
      301056          512        1601.503    308281344     77070336
      301056         1024        3197.915    616562688    154140672
      301056         2048        6394.375   1233125376    308281344
      331160            1          27.871       662320       165580
      331160            2          11.926      1324640       331160
      331160            4          19.102      2649280       662320
      331160            8          32.411      5298560      1324640
      331160           16          60.112     10597120      2649280
      331160           32         114.741     21194240      5298560
      331160           64         237.259     42388480     10597120
      331160          128         440.914     84776960     21194240
      331160          256         878.922    169553920     42388480
      331160          512        1752.573    339107840     84776960
      331160         1024        3518.786    678215680    169553920
      331160         2048        7061.384   1356431360    339107840
      364272            1          31.279       728544       182136
      364272            2          13.129      1457088       364272
      364272            4          20.685      2914176       728544
      364272            8          35.377      5828352      1457088
      364272           16          64.611     11656704      2914176
      364272           32         124.412     23313408      5828352
      364272           64         242.851     46626816     11656704
      364272          128         484.780     93253632     23313408
      364272          256         962.424    186507264     46626816
      364272          512        1915.650    373014528     93253632
      364272         1024        3824.916    746029056    186507264
      364272         2048        7646.463   1492058112    373014528
      400696            1          33.574       801392       200348
      400696            2          14.371      1602784       400696
      400696            4          23.131      3205568       801392
      400696            8          38.684      6411136      1602784
      400696           16          71.266     12822272      3205568
      400696           32         137.079     25644544      6411136
      400696           64         267.906     51289088     12822272
      400696          128         536.734    102578176     25644544
      400696          256        1055.499    205156352     51289088
      400696          512        2110.065    410312704    102578176
      400696         1024        4220.806    820625408    205156352
      400696         2048        8441.661   1641250816    410312704
      440760            1          36.559       881520       220380
      440760            2          16.155      1763040       440760
      440760            4          25.295      3526080       881520
      440760            8          42.393      7052160      1763040
      440760           16          78.742     14104320      3526080
      440760           32         164.529     28208640      7052160
      440760           64         293.983     56417280     14104320
      440760          128         581.921    112834560     28208640
      440760          256        1166.087    225669120     56417280
      440760          512        2319.156    451338240    112834560
      440760         1024        4638.483    902676480    225669120
      440760         2048        9249.605   1805352960    451338240
      484832            1          40.930       969664       242416
      484832            2          17.769      1939328       484832
      484832            4          40.799      3878656       969664
      484832            8          47.303      7757312      1939328
      484832           16          86.128     15514624      3878656
      484832           32         165.130     31029248      7757312
      484832           64         323.337     62058496     15514624
      484832          128         642.544    124116992     31029248
      484832          256        1282.802    248233984     62058496
      484832          512        2568.931    496467968    124116992
      484832         1024        5084.527    992935936    248233984
      484832         2048       10157.449   1985871872    496467968
      533312            1          45.420      1066624       266656
      533312            2          20.525      2133248       533312
      533312            4          31.028      4266496      1066624
      533312            8          53.457      8532992      2133248
      533312           16          97.634     17065984      4266496
      533312           32         186.017     34131968      8532992
      533312           64         377.404     68263936     17065984
      533312          128         722.799    136527872     34131968
      533312          256        1436.458    273055744     68263936
      533312          512        2863.685    546111488    136527872
      533312         1024        5708.260   1092222976    273055744
      586640            1          49.679      1173280       293320
      586640            2          22.749      2346560       586640
      586640            4          35.107      4693120      1173280
      586640            8          59.780      9386240      2346560
      586640           16         109.620     18772480      4693120
      586640           32         209.157     37544960      9386240
      586640           64         419.767     75089920     18772480
      586640          128         812.505    150179840     37544960
      586640          256        1606.199    300359680     75089920
      586640          512        3220.003    600719360    150179840
      586640         1024        6502.304   1201438720    300359680
      645304            1          54.038      1290608       322652
      645304            2          23.953      2581216       645304
      645304            4          38.093      5162432      1290608
      645304            8          65.313     10324864      2581216
      645304           16         119.972     20649728      5162432
      645304           32         229.852     41299456     10324864
      645304           64         452.699     82598912     20649728
      645304          128         890.576    165197824     41299456
      645304          256        1774.656    330395648     82598912
      645304          512        3535.994    660791296    165197824
      645304         1024        7181.638   1321582592    330395648
      709832            1          58.348      1419664       354916
      709832            2          26.508      2839328       709832
      709832            4          41.560      5678656      1419664
      709832            8          71.406     11357312      2839328
      709832           16         130.616     22714624      5678656
      709832           32         261.081     45429248     11357312
      709832           64         487.515     90858496     22714624
      709832          128         972.354    181716992     45429248
      709832          256        1920.476    363433984     90858496
      709832          512        3842.042    726867968    181716992
      709832         1024        7688.666   1453735936    363433984
      780808            1          64.942      1561616       390404
      780808            2          28.612      3123232       780808
      780808            4          45.039      6246464      1561616
      780808            8          76.827     12492928      3123232
      780808           16         141.890     24985856      6246464
      780808           32         284.231     49971712     12492928
      780808           64         530.669     99943424     24985856
      780808          128        1053.682    199886848     49971712
      780808          256        2143.312    399773696     99943424
      780808          512        4189.452    799547392    199886848
      780808         1024        8349.589   1599094784    399773696
      858888            1          70.384      1717776       429444
      858888            2          31.088      3435552       858888
      858888            4          48.607      6871104      1717776
      858888            8          97.563     13742208      3435552
      858888           16         155.610     27484416      6871104
      858888           32         298.432     54968832     13742208
      858888           64         591.513    109937664     27484416
      858888          128        1162.379    219875328     54968832
      858888          256        2305.175    439750656    109937664
      858888          512        4607.245    879501312    219875328
      858888         1024        9206.410   1759002624    439750656
      944776            1          79.504      1889552       472388
      944776            2          34.425      3779104       944776
      944776            4          53.898      7558208      1889552
      944776            8          92.361     15116416      3779104
      944776           16         170.432     30232832      7558208
      944776           32         327.896     60465664     15116416
      944776           64         647.564    120931328     30232832
      944776          128        1273.993    241862656     60465664
      944776          256        2533.494    483725312    120931328
      944776          512        5067.510    967450624    241862656
      944776         1024       10112.731   1934901248    483725312
     1039248            1          85.527      2078496       519624
     1039248            2          38.043      4156992      1039248
     1039248            4          59.059      8313984      2078496
     1039248            8         114.931     16627968      4156992
     1039248           16         188.601     33255936      8313984
     1039248           32         360.407     66511872     16627968
     1039248           64         707.924    133023744     33255936
     1039248          128        1403.783    266047488     66511872
     1039248          256        2799.669    532094976    133023744
     1039248          512        5566.705   1064189952    266047488
     1039248         1024       11109.339   2128379904    532094976
     1143168            1          94.927      2286336       571584
     1143168            2          41.962      4572672      1143168
     1143168            4          65.543      9145344      2286336
     1143168            8         112.405     18290688      4572672
     1143168           16         206.421     36581376      9145344
     1143168           32         402.939     73162752     18290688
     1143168           64         782.377    146325504     36581376
     1143168          128        1542.666    292651008     73162752
     1143168          256        3069.357    585302016    146325504
     1143168          512        6126.006   1170604032    292651008
     1257480            1         105.470      2514960       628740
     1257480            2          45.038      5029920      1257480
     1257480            4          71.295     10059840      2514960
     1257480            8         123.309     20119680      5029920
     1257480           16         227.807     40239360     10059840
     1257480           32         447.877     80478720     20119680
     1257480           64         857.611    160957440     40239360
     1257480          128        1698.425    321914880     80478720
     1257480          256        3381.869    643829760    160957440
     1257480          512        6737.530   1287659520    321914880
     1383224            1         116.464      2766448       691612
     1383224            2          49.759      5532896      1383224
     1383224            4          78.571     11065792      2766448
     1383224            8         134.814     22131584      5532896
     1383224           16         248.462     44263168     11065792
     1383224           32         488.265     88526336     22131584
     1383224           64         939.600    177052672     44263168
     1383224          128        1856.140    354105344     88526336
     1383224          256        3685.531    708210688    177052672
     1383224          512        7365.470   1416421376    354105344
     1521544            1         123.309      3043088       760772
     1521544            2          56.563      6086176      1521544
     1521544            4          99.457     12172352      3043088
     1521544            8         150.248     24344704      6086176
     1521544           16         277.265     48689408     12172352
     1521544           32         527.140     97378816     24344704
     1521544           64        1063.179    194757632     48689408
     1521544          128        2054.101    389515264     97378816
     1521544          256        4081.766    779030528    194757632
     1521544          512        8149.200   1558061056    389515264
     1673696            1         139.865      3347392       836848
     1673696            2          59.600      6694784      1673696
     1673696            4         105.681     13389568      3347392
     1673696            8         162.966     26779136      6694784
     1673696           16         301.688     53558272     13389568
     1673696           32         585.076    107116544     26779136
     1673696           64        1129.655    214233088     53558272
     1673696          128        2242.482    428466176    107116544
     1673696          256        4488.503    856932352    214233088
     1673696          512        8948.293   1713864704    428466176
     1841064            1         153.174      3682128       920532
     1841064            2          67.999      7364256      1841064
     1841064            4         105.370     14728512      3682128
     1841064            8         182.759     29457024      7364256
     1841064           16         345.634     58914048     14728512
     1841064           32         641.500    117828096     29457024
     1841064           64        1249.456    235656192     58914048
     1841064          128        2467.103    471312384    117828096
     1841064          256        4918.331    942624768    235656192
     1841064          512        9801.745   1885249536    471312384
     2025168            1         168.999      4050336      1012584
     2025168            2          73.831      8100672      2025168
     2025168            4         114.871     16201344      4050336
     2025168            8         210.699     32402688      8100672
     2025168           16         365.918     64805376     16201344
     2025168           32         704.427    129610752     32402688
     2025168           64        1379.620    259221504     64805376
     2025168          128        2737.683    518443008    129610752
     2025168          256        5422.230   1036886016    259221504
     2025168          512       10805.827   2073772032    518443008
     2227680            1         185.064      4455360      1113840
     2227680            2          79.223      8910720      2227680
     2227680            4         124.662     17821440      4455360
     2227680            8         227.496     35642880      8910720
     2227680           16         398.970     71285760     17821440
     2227680           32         773.217    142571520     35642880
     2227680           64        1508.291    285143040     71285760
     2227680          128        2985.845    570286080    142571520
     2227680          256        5972.340   1140572160    285143040
     2450448            1         216.883      4900896      1225224
     2450448            2          89.054      9801792      2450448
     2450448            4         139.163     19603584      4900896
     2450448            8         243.350     39207168      9801792
     2450448           16         446.493     78414336     19603584
     2450448           32         849.601    156828672     39207168
     2450448           64        1679.310    313657344     78414336
     2450448          128        3307.648    627314688    156828672
     2450448          256        6581.652   1254629376    313657344
     2695488            1         223.788      5390976      1347744
     2695488            2         100.008     10781952      2695488
     2695488            4         169.189     21563904      5390976
     2695488            8         264.386     43127808     10781952
     2695488           16         487.703     86255616     21563904
     2695488           32         940.138    172511232     43127808
     2695488           64        1845.352    345022464     86255616
     2695488          128        3659.274    690044928    172511232
     2695488          256        7238.033   1380089856    345022464
     2965032            1         244.372      5930064      1482516
     2965032            2         107.144     11860128      2965032
     2965032            4         182.167     23720256      5930064
     2965032            8         288.148     47440512     11860128
     2965032           16         533.021     94881024     23720256
     2965032           32        1026.166    189762048     47440512
     2965032           64        2008.157    379524096     94881024
     2965032          128        3973.138    759048192    189762048
     2965032          256        7910.639   1518096384    379524096
     3261528            1         268.124      6523056      1630764
     3261528            2         129.923     13046112      3261528
     3261528            4         186.466     26092224      6523056
     3261528            8         320.999     52184448     13046112
     3261528           16         595.548    104368896     26092224
     3261528           32        1137.208    208737792     52184448
     3261528           64        2226.352    417475584    104368896
     3261528          128        4401.612    834951168    208737792
     3261528          256        8754.378   1669902336    417475584
     3587680            1         297.268      7175360      1793840
     3587680            2         130.294     14350720      3587680
     3587680            4         201.890     28701440      7175360
     3587680            8         361.538     57402880     14350720
     3587680           16         643.722    114805760     28701440
     3587680           32        1247.339    229611520     57402880
     3587680           64        2432.461    459223040    114805760
     3587680          128        4811.375    918446080    229611520
     3587680          256        9597.074   1836892160    459223040
     3946448            1         342.867      7892896      1973224
     3946448            2         160.540     15785792      3946448
     3946448            4         223.918     31571584      7892896
     3946448            8         395.983     63143168     15785792
     3946448           16         715.369    126286336     31571584
     3946448           32        1398.358    252572672     63143168
     3946448           64        2684.450    505145344    126286336
     3946448          128        5322.619   1010290688    252572672
     3946448          256       10587.432   2020581376    505145344
     4341088            1         372.151      8682176      2170544
     4341088            2         343.619     17364352      4341088
     4341088            4         272.062     34728704      8682176
     4341088            8         488.584     69457408     17364352
     4341088           16         845.413    138914816     34728704
     4341088           32        1671.883    277829632     69457408
     4341088           64        3173.726    555659264    138914816
     4341088          128        6371.675   1111318528    277829632
     4775192            1         403.490      9550384      2387596
     4775192            2         630.144     19100768      4775192
     4775192            4         777.635     38201536      9550384
     4775192            8        1335.891     76403072     19100768
     4775192           16        2349.169    152806144     38201536
     4775192           32        4475.924    305612288     76403072
     4775192           64        8598.378    611224576    152806144
     4775192          128       17101.909   1222449152    305612288
     5252704            1         449.439     10505408      2626352
     5252704            2         845.813     21010816      5252704
     5252704            4        1259.805     42021632     10505408
     5252704            8        2157.001     84043264     21010816
     5252704           16        3788.325    168086528     42021632
     5252704           32        7167.269    336173056     84043264
     5252704           64       14026.076    672346112    168086528
     5252704          128       27774.406   1344692224    336173056
     5777968            1         487.281     11555936      2888984
     5777968            2         949.366     23111872      5777968
     5777968            4        1523.105     46223744     11555936
     5777968            8        2648.535     92447488     23111872
     5777968           16        4677.681    184894976     46223744
     5777968           32        8694.995    369789952     92447488
     5777968           64       16949.863    739579904    184894976
     5777968          128       34286.749   1479159808    369789952
     6355760            1         551.931     12711520      3177880
     6355760            2        1066.562     25423040      6355760
     6355760            4        1718.521     50846080     12711520
     6355760            8        3008.819    101692160     25423040
     6355760           16        5451.316    203384320     50846080
     6355760           32       10015.419    406768640    101692160
     6355760           64       19660.994    813537280    203384320
     6355760          128       38664.638   1627074560    406768640
     6991336            1         597.090     13982672      3495668
     6991336            2        1181.181     27965344      6991336
     6991336            4        1876.765     55930688     13982672
     6991336            8        3260.416    111861376     27965344
     6991336           16        5967.369    223722752     55930688
     6991336           32       11073.382    447445504    111861376
     6991336           64       21636.494    894891008    223722752
     6991336          128       42396.620   1789782016    447445504
     7690464            1         650.907     15380928      3845232
     7690464            2        1312.477     30761856      7690464
     7690464            4        2073.783     61523712     15380928
     7690464            8        3592.379    123047424     30761856
     7690464           16        6615.900    246094848     61523712
     7690464           32       12423.220    492189696    123047424
     7690464           64       25055.004    984379392    246094848
     7690464          128       48219.494   1968758784    492189696
     8459504            1         712.802     16919008      4229752
     8459504            2        1438.461     33838016      8459504
     8459504            4        2255.229     67676032     16919008
     8459504            8        3904.358    135352064     33838016
     8459504           16        7196.103    270704128     67676032
     8459504           32       13781.437    541408256    135352064
     8459504           64       26861.556   1082816512    270704128
     9305448            1         785.259     18610896      4652724
     9305448            2        1545.143     37221792      9305448
     9305448            4        2474.637     74443584     18610896
     9305448            8        4279.735    148887168     37221792
     9305448           16        7918.776    297774336     74443584
     9305448           32       15164.306    595548672    148887168
     9305448           64       29503.978   1191097344    297774336
    10235992            1         852.864     20471984      5117996
    10235992            2        1683.119     40943968     10235992
    10235992            4        2652.547     81887936     20471984
    10235992            8        4577.822    163775872     40943968
    10235992           16        8485.247    327551744     81887936
    10235992           32       16207.676    655103488    163775872
    10235992           64       32404.147   1310206976    327551744
    11259584            1         947.770     22519168      5629792
    11259584            2        1872.411     45038336     11259584
    11259584            4        2949.753     90076672     22519168
    11259584            8        5081.327    180153344     45038336
    11259584           16        9391.066    360306688     90076672
    11259584           32       17976.221    720613376    180153344
    11259584           64       35084.865   1441226752    360306688
    12385536            1        1033.938     24771072      6192768
    12385536            2        2065.610     49542144     12385536
    12385536            4        3254.485     99084288     24771072
    12385536            8        5661.708    198168576     49542144
    12385536           16       10429.604    396337152     99084288
    12385536           32       19965.506    792674304    198168576
    12385536           64       38946.590   1585348608    396337152
    13624088            1        1150.892     27248176      6812044
    13624088            2        2252.517     54496352     13624088
    13624088            4        3567.546    108992704     27248176
    13624088            8        6188.434    217985408     54496352
    13624088           16       11419.797    435970816    108992704
    13624088           32       21831.402    871941632    217985408
    13624088           64       43334.400   1743883264    435970816
    14986496            1        1242.030     29972992      7493248
    14986496            2        2493.711     59945984     14986496
    14986496            4        3927.578    119891968     29972992
    14986496            8        6801.857    239783936     59945984
    14986496           16       12573.545    479567872    119891968
    14986496           32       24036.386    959135744    239783936
    14986496           64       46922.280   1918271488    479567872
    16485144            1        1383.257     32970288      8242572
    16485144            2        2706.855     65940576     16485144
    16485144            4        4321.645    131881152     32970288
    16485144            8        7452.813    263762304     65940576
    16485144           16       13792.485    527524608    131881152
    16485144           32       26366.491   1055049216    263762304
    16485144           64       51549.993   2110098432    527524608
    18133656            1        1494.245     36267312      9066828
    18133656            2        2988.971     72534624     18133656
    18133656            4        4765.818    145069248     36267312
    18133656            8        8212.694    290138496     72534624
    18133656           16       15267.784    580276992    145069248
    18133656           32       29102.635   1160553984    290138496
    19947016            1        1664.514     39894032      9973508
    19947016            2        3291.417     79788064     19947016
    19947016            4        5226.178    159576128     39894032
    19947016            8        9036.523    319152256     79788064
    19947016           16       16682.435    638304512    159576128
    19947016           32       31929.103   1276609024    319152256
    21941712            1        1853.696     43883424     10970856
    21941712            2        3691.867     87766848     21941712
    21941712            4        5800.586    175533696     43883424
    21941712            8        9989.762    351067392     87766848
    21941712           16       18402.370    702134784    175533696
    21941712           32       35191.838   1404269568    351067392
    24135880            1        2025.929     48271760     12067940
    24135880            2        4060.277     96543520     24135880
    24135880            4        7469.940    193087040     48271760
    24135880            8       11128.224    386174080     96543520
    24135880           16       20351.452    772348160    193087040
    24135880           32       38703.292   1544696320    386174080
    26549464            1        2226.124     53098928     13274732
    26549464            2        4514.223    106197856     26549464
    26549464            4        7063.678    212395712     53098928
    26549464            8       12143.720    424791424    106197856
    26549464           16       22278.387    849582848    212395712
    26549464           32       42527.236   1699165696    424791424
    29204408            1        2431.991     58408816     14602204
    29204408            2        4874.144    116817632     29204408
    29204408            4        7745.479    233635264     58408816
    29204408            8       13444.314    467270528    116817632
    29204408           16       24822.226    934541056    233635264
    29204408           32       47405.469   1869082112    467270528
    32124848            1        2661.583     64249696     16062424
    32124848            2        5356.077    128499392     32124848
    32124848            4        8499.485    256998784     64249696
    32124848            8       14755.433    513997568    128499392
    32124848           16       27226.242   1027995136    256998784
    32124848           32       52081.611   2055990272    513997568
    35337328            1        2947.202     70674656     17668664
    35337328            2        5907.563    141349312     35337328
    35337328            4        9333.404    282698624     70674656
    35337328            8       16244.313    565397248    141349312
    35337328           16       29914.272   1130794496    282698624
    38871056            1        3233.132     77742112     19435528
    38871056            2        6467.086    155484224     38871056
    38871056            4       10184.981    310968448     77742112
    38871056            8       17712.598    621936896    155484224
    38871056           16       32629.742   1243873792    310968448
    42758160            1        3540.449     85516320     21379080
    42758160            2        7059.853    171032640     42758160
    42758160            4       11172.633    342065280     85516320
    42758160            8       19449.855    684130560    171032640
    42758160           16       35792.671   1368261120    342065280
    47033976            1        3929.503     94067952     23516988
    47033976            2        7790.867    188135904     47033976
    47033976            4       12367.604    376271808     94067952
    47033976            8       21502.567    752543616    188135904
    47033976           16       39681.766   1505087232    376271808
    51737368            1        4279.721    103474736     25868684
    51737368            2        8564.905    206949472     51737368
    51737368            4       13515.761    413898944    103474736
    51737368            8       23516.657    827797888    206949472
    51737368           16       43243.924   1655595776    413898944
    56911104            1        4725.487    113822208     28455552
    56911104            2        9438.838    227644416     56911104
    56911104            4       14894.578    455288832    113822208
    56911104            8       25783.608    910577664    227644416
    56911104           16       47535.612   1821155328    455288832
    62602208            1        5310.024    125204416     31301104
    62602208            2       10525.824    250408832     62602208
    62602208            4       16657.828    500817664    125204416
    62602208            8       28862.658   1001635328    250408832
    62602208           16       53045.649   2003270656    500817664
    68862424            1        5782.377    137724848     34431212
    68862424            2       12529.975    275449696     68862424
    68862424            4       18258.255    550899392    137724848
    68862424            8       31463.312   1101798784    275449696
    75748664            1        6323.720    151497328     37874332
    75748664            2       12805.291    302994656     75748664
    75748664            4       20101.989    605989312    151497328
    75748664            8       35039.400   1211978624    302994656
    83323528            1        6953.414    166647056     41661764
    83323528            2       13907.148    333294112     83323528
    83323528            4       22042.853    666588224    166647056
    83323528            8       38262.718   1333176448    333294112
    91655880            1        7747.615    183311760     45827940
    91655880            2       16054.992    366623520     91655880
    91655880            4       24483.530    733247040    183311760
    91655880            8       42161.363   1466494080    366623520
   100821464            1        8542.084    201642928     50410732
   100821464            2       17074.368    403285856    100821464
   100821464            4       26937.309    806571712    201642928
   100821464            8       46275.086   1613143424    403285856
   110903608            1        9315.267    221807216     55451804
   110903608            2       18526.058    443614432    110903608
   110903608            4       29617.449    887228864    221807216
   110903608            8       51240.831   1774457728    443614432
   121993968            1       10359.246    243987936     60996984
   121993968            2       20742.194    487975872    121993968
   121993968            4       32928.534    975951744    243987936
   121993968            8       56512.678   1951903488    487975872
   134193360            1       11332.603    268386720     67096680
   134193360            2       22602.580    536773440    134193360
   134193360            4       36095.207   1073546880    268386720
   134193360            8       61623.185   2147093760    536773440
   147612696            1       12903.240    295225392     73806348
   147612696            2       24951.762    590450784    147612696
   147612696            4       38928.962   1180901568    295225392
   162373960            1       13468.792    324747920     81186980
   162373960            2       26905.795    649495840    162373960
   162373960            4       42625.001   1298991680    324747920
   178611352            1       14859.027    357222704     89305676
   178611352            2       29663.556    714445408    178611352
   178611352            4       47143.187   1428890816    357222704
   196472480            1       16459.085    392944960     98236240
   196472480            2       32821.131    785889920    196472480
   196472480            4       52068.342   1571779840    392944960
   216119728            1       18011.621    432239456    108059864
   216119728            2       36047.785    864478912    216119728
   216119728            4       57205.105   1728957824    432239456
   237731696            1       19755.521    475463392    118865848
   237731696            2       39563.577    950926784    237731696
   237731696            4       66130.204   1901853568    475463392
   261504864            1       21742.511    523009728    130752432
   261504864            2       43510.177   1046019456    261504864
   261504864            4       68999.478   2092038912    523009728
   287655344            1       23920.153    575310688    143827672
   287655344            2       47983.826   1150621376    287655344
   316420872            1       26376.706    632841744    158210436
   316420872            2       52429.625   1265683488    316420872
   348062952            1       29344.554    696125904    174031476
   348062952            2       58512.337   1392251808    348062952
   382869240            1       32325.784    765738480    191434620
   382869240            2       64375.268   1531476960    382869240
   421156160            1       34665.007    842312320    210578080
   421156160            2       69587.277   1684624640    421156160
   463271776            1       38234.403    926543552    231635888
   463271776            2       76801.305   1853087104    463271776
   509598952            1       42993.737   1019197904    254799476
   509598952            2       86888.398   2038395808    509598952
   560558840            1       47375.837   1121117680    280279420
   616614720            1       50737.938   1233229440    308307360
   678276192            1       56666.736   1356552384    339138096
   746103808            1       61766.572   1492207616    373051904
   820714184            1       68683.883   1641428368    410357092
   902785600            1       74119.592   1805571200    451392800
   993064160            1       83572.595   1986128320    496532080

META_DATA
FLOPS          4
OPENMP_THREADS 1
ERT_VERSION  1.1.0
HOSTNAME  ('cachyos-laptop', [], ['127.0.1.1'])
UNAME  uname_result(system='Linux', node='cachyos-laptop', release='6.18.0-2-cachyos', version='#1 SMP PREEMPT_DYNAMIC Sat, 06 Dec 2025 07:42:36 +0000', machine='x86_64')
TIMESTAMP_DATA  1765908043.0990098
CONFIG  {'ERT_MPI': ['False'], 'ERT_OPENMP': ['True'], 'ERT_OPENMP_CFLAGS': ['-fopenmp'], 'ERT_OPENMP_LDFLAGS': ['-fopenmp'], 'ERT_PRECISION': ['FP64'], 'ERT_TRIALS_MIN': ['1'], 'ERT_TRIALS': ['3', '#', 'Run', 'each', 'test', '3', 'times', 'to', 'filter', 'out', 'background', 'noise'], 'ERT_RESULTS': ['Results/5500U'], 'ERT_GNUPLOT': ['gnuplot'], 'ERT_DRIVER': ['driver1'], 'ERT_KERNEL': ['kernel1'], 'ERT_CC': ['g++'], 'ERT_LD': ['g++'], 'ERT_CFLAGS': ['-O3', '-march=native', '-fopenmp', '-fstrict-aliasing', '-funroll-loops', '-Wno-all'], 'ERT_LDFLAGS': ['-O3', '-march=native', '-fopenmp'], 'ERT_LDLIBS': ['-lm'], 'ERT_RUN': ['export', 'OMP_NUM_THREADS=ERT_OPENMP_THREADS;', './ERT_CODE'], 'ERT_WORKING_SET_MIN': ['128'], 'ERT_MEMORY_MAX': ['1073741824'], 'ERT_ALIGN': ['64'], 'ERT_MIN_PROCS': ['1'], 'ERT_MAX_PROCS': ['1'], 'ERT_OPENMP_THREADS': ['1,2,4,8,12', '#', 'Logical', 'Threads'], 'ERT_NUM_EXPERIMENTS': ['5'], 'ERT_FLOPS': ['1,2,4,8'], 'ERT_GPU': [False], 'ERT_HIP': [False], 'ERT_OCL': [False], 'ERT_SYCL': [False], 'ERT_WSS_MULT': [1.1]}
