fp64
        1024            1           1.100         2048          512
        1024            2           0.275         4096         1024
        1024            4           0.275         8192         2048
        1024            8           0.275        16384         4096
        1024           16           0.366        32768         8192
        1024           32           0.458        65536        16384
        1024           64           0.734       131072        32768
        1024          128           1.375       262144        65536
        1024          256           2.566       524288       131072
        1024          512           4.858      1048576       262144
        1024         1024           9.533      2097152       524288
        1024         2048          18.883      4194304      1048576
        1024         4096          37.492      8388608      2097152
        1024         8192          74.525     16777216      4194304
        1024        16384         149.233     33554432      8388608
        1024        32768         298.467     67108864     16777216
        1024        65536         596.658    134217728     33554432
        1024       131072        1089.917    268435456     67108864
        1024       262144        1989.259    536870912    134217728
        1024       524288        4368.742   1073741824    268435456
        1024      1048576        7704.950   2147483648    536870912
        1120            1           1.283         2240          560
        1120            2           0.275         4480         1120
        1120            4           0.275         8960         2240
        1120            8           0.275        17920         4480
        1120           16           0.367        35840         8960
        1120           32           0.458        71680        17920
        1120           64           0.641       143360        35840
        1120          128           1.100       286720        71680
        1120          256           2.108       573440       143360
        1120          512           3.941      1146880       286720
        1120         1024           7.700      2293760       573440
        1120         2048          14.941      4587520      1146880
        1120         4096          29.700      9175040      2293760
        1120         8192          59.217     18350080      4587520
        1120        16384         119.258     36700160      9175040
        1120        32768         246.217     73400320     18350080
        1120        65536         593.817    146800640     36700160
        1120       131072        1147.117    293601280     73400320
        1120       262144        2065.892    587202560    146800640
        1120       524288        4514.492   1174405120    293601280
        1232            1           0.825         2464          616
        1232            2           0.275         4928         1232
        1232            4           0.275         9856         2464
        1232            8           0.275        19712         4928
        1232           16           0.367        39424         9856
        1232           32           0.459        78848        19712
        1232           64           0.734       157696        39424
        1232          128           1.284       315392        78848
        1232          256           2.291       630784       157696
        1232          512           4.308      1261568       315392
        1232         1024           8.433      2523136       630784
        1232         2048          16.591      5046272      1261568
        1232         4096          33.183     10092544      2523136
        1232         8192          66.091     20185088      5046272
        1232        16384         132.092     40370176     10092544
        1232        32768         263.083     80740352     20185088
        1232        65536         592.350    161480704     40370176
        1232       131072        1262.892    322961408     80740352
        1232       262144        2296.525    645922816    161480704
        1232       524288        4606.800   1291845632    322961408
        1352            1           0.825         2704          676
        1352            2           0.275         5408         1352
        1352            4           0.275        10816         2704
        1352            8           0.275        21632         5408
        1352           16           0.367        43264        10816
        1352           32           0.459        86528        21632
        1352           64           0.734       173056        43264
        1352          128           1.375       346112        86528
        1352          256           2.475       692224       173056
        1352          512           4.583      1384448       346112
        1352         1024           8.983      2768896       692224
        1352         2048          17.783      5537792      1384448
        1352         4096          35.566     11075584      2768896
        1352         8192          70.858     22151168      5537792
        1352        16384         141.442     44302336     11075584
        1352        32768         306.625     88604672     22151168
        1352        65536         727.008    177209344     44302336
        1352       131072        1344.383    354418688     88604672
        1352       262144        2538.158    708837376    177209344
        1352       524288        4944.683   1417674752    354418688
        1480            1           1.100         2960          740
        1480            2           0.183         5920         1480
        1480            4           0.275        11840         2960
        1480            8           0.275        23680         5920
        1480           16           0.366        47360        11840
        1480           32           0.550        94720        23680
        1480           64           0.825       189440        47360
        1480          128           1.375       378880        94720
        1480          256           2.658       757760       189440
        1480          512           5.133      1515520       378880
        1480         1024           9.900      3031040       757760
        1480         2048          19.709      6062080      1515520
        1480         4096          39.325     12124160      3031040
        1480         8192          78.375     24248320      6062080
        1480        16384         156.566     48496640     12124160
        1480        32768         318.266     96993280     24248320
        1480        65536         636.075    193986560     48496640
        1480       131072        1418.175    387973120     96993280
        1480       262144        2750.184    775946240    193986560
        1480       524288        5260.475   1551892480    387973120
        1624            1           1.283         3248          812
        1624            2           0.183         6496         1624
        1624            4           0.275        12992         3248
        1624            8           0.367        25984         6496
        1624           16           0.458        51968        12992
        1624           32           0.550       103936        25984
        1624           64           0.917       207872        51968
        1624          128           1.558       415744       103936
        1624          256           2.842       831488       207872
        1624          512           5.591      1662976       415744
        1624         1024          10.908      3325952       831488
        1624         2048          21.634      6651904      1662976
        1624         4096          43.083     13303808      3325952
        1624         8192          85.984     26607616      6651904
        1624        16384         171.967     53215232     13303808
        1624        32768         343.567    106430464     26607616
        1624        65536         697.492    212860928     53215232
        1624       131072        1812.250    425721856    106430464
        1624       262144        2999.058    851443712    212860928
        1624       524288        5785.175   1702887424    425721856
        1784            1           0.917         3568          892
        1784            2           0.275         7136         1784
        1784            4           0.275        14272         3568
        1784            8           0.367        28544         7136
        1784           16           0.366        57088        14272
        1784           32           0.550       114176        28544
        1784           64           0.917       228352        57088
        1784          128           1.650       456704       114176
        1784          256           3.208       913408       228352
        1784          512           6.141      1826816       456704
        1784         1024          12.008      3653632       913408
        1784         2048          23.925      7307264      1826816
        1784         4096          47.666     14614528      3653632
        1784         8192          94.966     29229056      7307264
        1784        16384         201.300     58458112     14614528
        1784        32768         393.525    116916224     29229056
        1784        65536         815.008    233832448     58458112
        1784       131072        1672.184    467664896    116916224
        1784       262144        3197.242    935329792    233832448
        1784       524288        6216.467   1870659584    467664896
        1960            1           1.375         3920          980
        1960            2           0.275         7840         1960
        1960            4           0.367        15680         3920
        1960            8           0.366        31360         7840
        1960           16           0.550        62720        15680
        1960           32           0.733       125440        31360
        1960           64           1.100       250880        62720
        1960          128           2.017       501760       125440
        1960          256           3.758      1003520       250880
        1960          512           7.150      2007040       501760
        1960         1024          14.117      4014080      1003520
        1960         2048          27.867      8028160      2007040
        1960         4096          55.366     16056320      4014080
        1960         8192         110.367     32112640      8028160
        1960        16384         225.041     64225280     16056320
        1960        32768         450.450    128450560     32112640
        1960        65536        1004.483    256901120     64225280
        1960       131072        1738.917    513802240    128450560
        1960       262144        3418.708   1027604480    256901120
        1960       524288        6659.216   2055208960    513802240
        2152            1           0.733         4304         1076
        2152            2           0.183         8608         2152
        2152            4           0.275        17216         4304
        2152            8           0.367        34432         8608
        2152           16           0.458        68864        17216
        2152           32           0.641       137728        34432
        2152           64           1.100       275456        68864
        2152          128           1.925       550912       137728
        2152          256           3.667      1101824       275456
        2152          512           7.242      2203648       550912
        2152         1024          14.208      4407296      1101824
        2152         2048          28.233      8814592      2203648
        2152         4096          56.100     17629184      4407296
        2152         8192         118.525     35258368      8814592
        2152        16384         243.558     70516736     17629184
        2152        32768         507.192    141033472     35258368
        2152        65536         945.450    282066944     70516736
        2152       131072        1817.842    564133888    141033472
        2152       262144        3652.275   1128267776    282066944
        2360            1           1.009         4720         1180
        2360            2           0.275         9440         2360
        2360            4           0.367        18880         4720
        2360            8           0.367        37760         9440
        2360           16           0.459        75520        18880
        2360           32           0.734       151040        37760
        2360           64           1.284       302080        75520
        2360          128           2.292       604160       151040
        2360          256           4.400      1208320       302080
        2360          512           8.525      2416640       604160
        2360         1024          16.775      4833280      1208320
        2360         2048          33.275      9666560      2416640
        2360         4096          66.275     19333120      4833280
        2360         8192         132.091     38666240      9666560
        2360        16384         264.275     77332480     19333120
        2360        32768         561.183    154664960     38666240
        2360        65536        1174.616    309329920     77332480
        2360       131072        2054.433    618659840    154664960
        2360       262144        4155.250   1237319680    309329920
        2592            1           0.917         5184         1296
        2592            2           0.275        10368         2592
        2592            4           0.366        20736         5184
        2592            8           0.367        41472        10368
        2592           16           0.459        82944        20736
        2592           32           0.734       165888        41472
        2592           64           1.284       331776        82944
        2592          128           2.292       663552       165888
        2592          256           4.400      1327104       331776
        2592          512           8.342      2654208       663552
        2592         1024          16.683      5308416      1327104
        2592         2048          33.092     10616832      2654208
        2592         4096          65.633     21233664      5308416
        2592         8192         131.358     42467328     10616832
        2592        16384         262.533     84934656     21233664
        2592        32768         547.158    169869312     42467328
        2592        65536        1223.566    339738624     84934656
        2592       131072        2205.225    679477248    169869312
        2592       262144        4378.734   1358954496    339738624
        2848            1           1.467         5696         1424
        2848            2           0.275        11392         2848
        2848            4           0.275        22784         5696
        2848            8           0.459        45568        11392
        2848           16           0.459        91136        22784
        2848           32           0.825       182272        45568
        2848           64           1.375       364544        91136
        2848          128           2.566       729088       182272
        2848          256           4.767      1458176       364544
        2848          512           9.258      2916352       729088
        2848         1024          18.241      5832704      1458176
        2848         2048          36.391     11665408      2916352
        2848         4096          72.325     23330816      5832704
        2848         8192         144.650     46661632     11665408
        2848        16384         288.934     93323264     23330816
        2848        32768         595.009    186646528     46661632
        2848        65536        1298.458    373293056     93323264
        2848       131072        2456.483    746586112    186646528
        2848       262144        4932.033   1493172224    373293056
        3128            1           1.558         6256         1564
        3128            2           0.367        12512         3128
        3128            4           0.367        25024         6256
        3128            8           0.458        50048        12512
        3128           16           0.550       100096        25024
        3128           32           0.825       200192        50048
        3128           64           1.559       400384       100096
        3128          128           2.750       800768       200192
        3128          256           5.316      1601536       400384
        3128          512          10.450      3203072       800768
        3128         1024          20.625      6406144      1601536
        3128         2048          40.975     12812288      3203072
        3128         4096          81.858     25624576      6406144
        3128         8192         163.350     51249152     12812288
        3128        16384         330.000    102498304     25624576
        3128        32768         651.933    204996608     51249152
        3128        65536        1400.391    409993216    102498304
        3128       131072        2893.092    819986432    204996608
        3128       262144        5335.367   1639972864    409993216
        3440            1           1.191         6880         1720
        3440            2           0.275        13760         3440
        3440            4           0.275        27520         6880
        3440            8           0.458        55040        13760
        3440           16           0.550       110080        27520
        3440           32           0.917       220160        55040
        3440           64           1.650       440320       110080
        3440          128           3.025       880640       220160
        3440          256           5.775      1761280       440320
        3440          512          11.367      3522560       880640
        3440         1024          22.550      7045120      1761280
        3440         2048          44.825     14090240      3522560
        3440         4096          89.283     28180480      7045120
        3440         8192         178.475     56360960     14090240
        3440        16384         357.683    112721920     28180480
        3440        32768         714.451    225443840     56360960
        3440        65536        1481.608    450887680    112721920
        3440       131072        2905.833    901775360    225443840
        3440       262144        6288.975   1803550720    450887680
        3784            1           1.100         7568         1892
        3784            2           0.367        15136         3784
        3784            4           0.366        30272         7568
        3784            8           0.367        60544        15136
        3784           16           0.641       121088        30272
        3784           32           1.008       242176        60544
        3784           64           1.741       484352       121088
        3784          128           3.300       968704       242176
        3784          256           6.325      1937408       484352
        3784          512          12.375      3874816       968704
        3784         1024          24.475      7749632      1937408
        3784         2048          48.675     15499264      3874816
        3784         4096          97.166     30998528      7749632
        3784         8192         193.966     61997056     15499264
        3784        16384         388.117    123994112     30998528
        3784        32768         790.350    247988224     61997056
        3784        65536        1625.708    495976448    123994112
        3784       131072        3354.266    991952896    247988224
        3784       262144        6158.258   1983905792    495976448
        4160            1           1.191         8320         2080
        4160            2           0.275        16640         4160
        4160            4           0.366        33280         8320
        4160            8           0.458        66560        16640
        4160           16           0.641       133120        33280
        4160           32           1.100       266240        66560
        4160           64           1.833       532480       133120
        4160          128           3.484      1064960       266240
        4160          256           6.783      2129920       532480
        4160          512          13.383      4259840      1064960
        4160         1024          26.492      8519680      2129920
        4160         2048          52.617     17039360      4259840
        4160         4096         104.959     34078720      8519680
        4160         8192         210.100     68157440     17039360
        4160        16384         420.750    136314880     34078720
        4160        32768         865.425    272629760     68157440
        4160        65536        1777.050    545259520    136314880
        4160       131072        3409.541   1090519040    272629760
        4576            1           1.375         9152         2288
        4576            2           0.366        18304         4576
        4576            4           0.367        36608         9152
        4576            8           0.550        73216        18304
        4576           16           0.642       146432        36608
        4576           32           1.100       292864        73216
        4576           64           2.016       585728       146432
        4576          128           3.942      1171456       292864
        4576          256           7.517      2342912       585728
        4576          512          14.850      4685824      1171456
        4576         1024          29.333      9371648      2342912
        4576         2048          58.484     18743296      4685824
        4576         4096         116.692     37486592      9371648
        4576         8192         248.325     74973184     18743296
        4576        16384         469.150    149946368     37486592
        4576        32768         965.250    299892736     74973184
        4576        65536        1970.192    599785472    149946368
        4576       131072        3787.026   1199570944    299892736
        5032            1           1.467        10064         2516
        5032            2           0.275        20128         5032
        5032            4           0.367        40256        10064
        5032            8           0.550        80512        20128
        5032           16           0.733       161024        40256
        5032           32           1.283       322048        80512
        5032           64           2.292       644096       161024
        5032          128           4.309      1288192       322048
        5032          256           8.250      2576384       644096
        5032          512          16.317      5152768      1288192
        5032         1024          32.358     10305536      2576384
        5032         2048          64.625     20611072      5152768
        5032         4096         128.700     41222144     10305536
        5032         8192         262.166     82444288     20611072
        5032        16384         591.800    164888576     41222144
        5032        32768        1135.383    329777152     82444288
        5032        65536        2157.558    659554304    164888576
        5032       131072        4201.909   1319108608    329777152
        5528            1           1.833        11056         2764
        5528            2           0.366        22112         5528
        5528            4           0.458        44224        11056
        5528            8           0.550        88448        22112
        5528           16           0.825       176896        44224
        5528           32           1.283       353792        88448
        5528           64           2.292       707584       176896
        5528          128           4.491      1415168       353792
        5528          256           8.708      2830336       707584
        5528          512          17.050      5660672      1415168
        5528         1024          34.008     11321344      2830336
        5528         2048          67.650     22642688      5660672
        5528         4096         135.025     45285376     11321344
        5528         8192         270.050     90570752     22642688
        5528        16384         589.050    181141504     45285376
        5528        32768        1248.041    362283008     90570752
        5528        65536        2345.475    724566016    181141504
        5528       131072        5062.200   1449132032    362283008
        6080            1           1.742        12160         3040
        6080            2           0.367        24320         6080
        6080            4           0.458        48640        12160
        6080            8           0.550        97280        24320
        6080           16           0.825       194560        48640
        6080           32           1.467       389120        97280
        6080           64           2.658       778240       194560
        6080          128           5.041      1556480       389120
        6080          256           9.900      3112960       778240
        6080          512          19.341      6225920      1556480
        6080         1024          38.408     12451840      3112960
        6080         2048          87.634     24903680      6225920
        6080         4096         152.991     49807360     12451840
        6080         8192         305.984     99614720     24903680
        6080        16384         621.500    199229440     49807360
        6080        32768        1369.867    398458880     99614720
        6080        65536        2770.626    796917760    199229440
        6080       131072        5044.417   1593835520    398458880
        6688            1           1.650        13376         3344
        6688            2           0.275        26752         6688
        6688            4           0.458        53504        13376
        6688            8           0.642       107008        26752
        6688           16           0.916       214016        53504
        6688           32           1.466       428032       107008
        6688           64           2.750       856064       214016
        6688          128           5.317      1712128       428032
        6688          256          10.358      3424256       856064
        6688          512          20.442      6848512      1712128
        6688         1024          63.433     13697024      3424256
        6688         2048          84.791     27394048      6848512
        6688         4096         162.341     54788096     13697024
        6688         8192         325.508    109576192     27394048
        6688        16384         731.133    219152384     54788096
        6688        32768        1483.350    438304768    109576192
        6688        65536        3179.459    876609536    219152384
        6688       131072        5544.550   1753219072    438304768
        7352            1           1.559        14704         3676
        7352            2           0.366        29408         7352
        7352            4           0.550        58816        14704
        7352            8           0.641       117632        29408
        7352           16           1.008       235264        58816
        7352           32           1.650       470528       117632
        7352           64           3.025       941056       235264
        7352          128           5.866      1882112       470528
        7352          256          11.459      3764224       941056
        7352          512          22.642      7528448      1882112
        7352         1024          45.100     15056896      3764224
        7352         2048          90.017     30113792      7528448
        7352         4096         184.708     60227584     15056896
        7352         8192         369.234    120455168     30113792
        7352        16384         796.033    240910336     60227584
        7352        32768        1617.366    481820672    120455168
        7352        65536        3136.559    963641344    240910336
        7352       131072        6494.767   1927282688    481820672
        8080            1           1.375        16160         4040
        8080            2           0.366        32320         8080
        8080            4           0.550        64640        16160
        8080            8           0.734       129280        32320
        8080           16           1.100       258560        64640
        8080           32           1.925       517120       129280
        8080           64           3.484      1034240       258560
        8080          128           6.691      2068480       517120
        8080          256          13.017      4136960      1034240
        8080          512          25.758      8273920      2068480
        8080         1024          51.059     16547840      4136960
        8080         2048         102.025     33095680      8273920
        8080         4096         203.775     66191360     16547840
        8080         8192         420.475    132382720     33095680
        8080        16384         874.409    264765440     66191360
        8080        32768        1721.500    529530880    132382720
        8080        65536        3641.000   1059061760    264765440
        8080       131072        6491.559   2118123520    529530880
        8888            1           1.925        17776         4444
        8888            2           0.458        35552         8888
        8888            4           0.550        71104        17776
        8888            8           0.825       142208        35552
        8888           16           1.100       284416        71104
        8888           32           1.925       568832       142208
        8888           64           3.667      1137664       284416
        8888          128           7.059      2275328       568832
        8888          256          13.750      4550656      1137664
        8888          512          27.317      9101312      2275328
        8888         1024          54.358     18202624      4550656
        8888         2048         107.983     36405248      9101312
        8888         4096         221.925     72810496     18202624
        8888         8192         462.550    145620992     36405248
        8888        16384        1048.850    291241984     72810496
        8888        32768        1887.875    582483968    145620992
        8888        65536        3651.358   1164967936    291241984
        9776            1           1.833        19552         4888
        9776            2           0.458        39104         9776
        9776            4           0.550        78208        19552
        9776            8           0.825       156416        39104
        9776           16           1.283       312832        78208
        9776           32           2.292       625664       156416
        9776           64           4.125      1251328       312832
        9776          128           7.975      2502656       625664
        9776          256          15.675      5005312      1251328
        9776          512          30.983     10010624      2502656
        9776         1024          61.600     20021248      5005312
        9776         2048         123.016     40042496     10010624
        9776         4096         246.125     80084992     20021248
        9776         8192         493.808    160169984     40042496
        9776        16384        1017.041    320339968     80084992
        9776        32768        2044.167    640679936    160169984
        9776        65536        3985.759   1281359872    320339968
       10752            1           1.925        21504         5376
       10752            2           0.367        43008        10752
       10752            4           0.642        86016        21504
       10752            8           0.825       172032        43008
       10752           16           1.375       344064        86016
       10752           32           2.383       688128       172032
       10752           64           4.583      1376256       344064
       10752          128           8.800      2752512       688128
       10752          256          17.233      5505024      1376256
       10752          512          34.192     11010048      2752512
       10752         1024          67.467     22020096      5505024
       10752         2048         134.108     44040192     11010048
       10752         4096         268.675     88080384     22020096
       10752         8192         539.825    176160768     44040192
       10752        16384        1153.808    352321536     88080384
       10752        32768        2298.816    704643072    176160768
       10752        65536        4503.308   1409286144    352321536
       11824            1           1.558        23648         5912
       11824            2           0.733        47296        11824
       11824            4           1.650        94592        23648
       11824            8           1.283       189184        47296
       11824           16           2.016       378368        94592
       11824           32           2.842       756736       189184
       11824           64           5.133      1513472       378368
       11824          128           9.625      3026944       756736
       11824          256          19.066      6053888      1513472
       11824          512          37.583     12107776      3026944
       11824         1024          74.891     24215552      6053888
       11824         2048         277.109     48431104     12107776
       11824         4096         304.792     96862208     24215552
       11824         8192         598.583    193724416     48431104
       11824        16384        1308.541    387448832     96862208
       11824        32768        2519.091    774897664    193724416
       11824        65536        4954.767   1549795328    387448832
       13000            1           2.109        26000         6500
       13000            2           0.458        52000        13000
       13000            4          19.159       104000        26000
       13000            8           1.375       208000        52000
       13000           16           2.108       416000       104000
       13000           32           3.850       832000       208000
       13000           64           8.433      1664000       416000
       13000          128          10.816      3328000       832000
       13000          256          20.625      6656000      1664000
       13000          512          41.067     13312000      3328000
       13000         1024          81.858     26624000      6656000
       13000         2048         163.075     53248000     13312000
       13000         4096         533.041    106496000     26624000
       13000         8192         677.234    212992000     53248000
       13000        16384        1467.767    425984000    106496000
       13000        32768        2770.900    851968000    212992000
       13000        65536        5389.725   1703936000    425984000
       14296            1           2.016        28592         7148
       14296            2           0.550        57184        14296
       14296            4           0.734       114368        28592
       14296            8           1.100       228736        57184
       14296           16           1.741       457472       114368
       14296           32           3.025       914944       228736
       14296           64           5.775      1829888       457472
       14296          128          11.092      3659776       914944
       14296          256          21.817      7319552      1829888
       14296          512          43.175     14639104      3659776
       14296         1024          86.258     29278208      7319552
       14296         2048         178.017     58556416     14639104
       14296         4096         355.942    117112832     29278208
       14296         8192         798.691    234225664     58556416
       14296        16384        1836.542    468451328    117112832
       14296        32768        3886.483    936902656    234225664
       14296        65536        5972.817   1873805312    468451328
       15720            1           2.200        31440         7860
       15720            2           0.550        62880        15720
       15720            4           0.825       125760        31440
       15720            8           1.283       251520        62880
       15720           16           1.925       503040       125760
       15720           32           3.483      1006080       251520
       15720           64           6.783      2012160       503040
       15720          128          13.108      4024320      1006080
       15720          256          26.033      8048640      2012160
       15720          512          51.517     16097280      4024320
       15720         1024         102.758     32194560      8048640
       15720         2048         211.659     64389120     16097280
       15720         4096         424.600    128778240     32194560
       15720         8192         854.058    257556480     64389120
       15720        16384        1665.126    515112960    128778240
       15720        32768        3313.842   1030225920    257556480
       15720        65536        6379.817   2060451840    515112960
       17288            1           2.567        34576         8644
       17288            2           0.550        69152        17288
       17288            4           0.825       138304        34576
       17288            8           1.192       276608        69152
       17288           16           2.017       553216       138304
       17288           32           3.667      1106432       276608
       17288           64           6.875      2212864       553216
       17288          128          13.383      4425728      1106432
       17288          256          26.583      8851456      2212864
       17288          512          52.800     17702912      4425728
       17288         1024         105.142     35405824      8851456
       17288         2048         213.583     70811648     17702912
       17288         4096         577.775    141623296     35405824
       17288         8192         911.717    283246592     70811648
       17288        16384        1838.100    566493184    141623296
       17288        32768        3551.534   1132986368    283246592
       19016            1           2.475        38032         9508
       19016            2           0.642        76064        19016
       19016            4           0.916       152128        38032
       19016            8           1.467       304256        76064
       19016           16           2.292       608512       152128
       19016           32           4.217      1217024       304256
       19016           64           8.066      2434048       608512
       19016          128          15.858      4868096      1217024
       19016          256          31.258      9736192      2434048
       19016          512          62.059     19472384      4868096
       19016         1024         123.841     38944768      9736192
       19016         2048         248.142     77889536     19472384
       19016         4096         498.942    155779072     38944768
       19016         8192        1019.059    311558144     77889536
       19016        16384        2076.250    623116288    155779072
       19016        32768        3923.792   1246232576    311558144
       20912            1           3.117        41824        10456
       20912            2           0.642        83648        20912
       20912            4           0.916       167296        41824
       20912            8           1.466       334592        83648
       20912           16           2.475       669184       167296
       20912           32           4.491      1338368       334592
       20912           64           8.617      2676736       669184
       20912          128          16.775      5353472      1338368
       20912          256          33.275     10706944      2676736
       20912          512          66.092     21413888      5353472
       20912         1024         131.633     42827776     10706944
       20912         2048         263.817     85655552     21413888
       20912         4096         529.191    171311104     42827776
       20912         8192        1113.750    342622208     85655552
       20912        16384        2245.742    685244416    171311104
       20912        32768        4811.675   1370488832    342622208
       23000            1           2.475        46000        11500
       23000            2           0.733        92000        23000
       23000            4           0.916       184000        46000
       23000            8           1.558       368000        92000
       23000           16           2.658       736000       184000
       23000           32           4.767      1472000       368000
       23000           64           9.167      2944000       736000
       23000          128          17.783      5888000      1472000
       23000          256          35.200     11776000      2944000
       23000          512          69.759     23552000      5888000
       23000         1024         139.150     47104000     11776000
       23000         2048         278.575     94208000     23552000
       23000         4096         558.433    188416000     47104000
       23000         8192        1193.958    376832000     94208000
       23000        16384        2518.542    753664000    188416000
       23000        32768        5210.425   1507328000    376832000
       25296            1           2.842        50592        12648
       25296            2           0.733       101184        25296
       25296            4           1.100       202368        50592
       25296            8           1.741       404736       101184
       25296           16           2.842       809472       202368
       25296           32           5.133      1618944       404736
       25296           64           9.991      3237888       809472
       25296          128          19.525      6475776      1618944
       25296          256          38.592     12951552      3237888
       25296          512          76.725     25903104      6475776
       25296         1024         153.175     51806208     12951552
       25296         2048         307.267    103612416     25903104
       25296         4096         613.892    207224832     51806208
       25296         8192        1330.816    414449664    103612416
       25296        16384        2821.042    828899328    207224832
       25296        32768        5737.967   1657798656    414449664
       27824            1           3.575        55648        13912
       27824            2           0.825       111296        27824
       27824            4           1.192       222592        55648
       27824            8           1.925       445184       111296
       27824           16           3.208       890368       222592
       27824           32           5.959      1780736       445184
       27824           64          11.458      3561472       890368
       27824          128          22.459      7122944      1780736
       27824          256          44.091     14245888      3561472
       27824          512          95.242     28491776      7122944
       27824         1024         184.250     56983552     14245888
       27824         2048         352.184    113967104     28491776
       27824         4096         718.300    227934208     56983552
       27824         8192        1478.858    455868416    113967104
       27824        16384        3237.392    911736832    227934208
       27824        32768        5788.750   1823473664    455868416
       30600            1           3.667        61200        15300
       30600            2           0.917       122400        30600
       30600            4           1.375       244800        61200
       30600            8           2.109       489600       122400
       30600           16           3.575       979200       244800
       30600           32           6.600      1958400       489600
       30600           64          12.650      3916800       979200
       30600          128          24.750      7833600      1958400
       30600          256          49.042     15667200      3916800
       30600          512          97.350     31334400      7833600
       30600         1024         193.692     62668800     15667200
       30600         2048         388.942    125337600     31334400
       30600         4096         794.200    250675200     62668800
       30600         8192        1615.259    501350400    125337600
       30600        16384        3432.733   1002700800    250675200
       30600        32768        6325.459   2005401600    501350400
       33656            1           3.666        67312        16828
       33656            2           1.100       134624        33656
       33656            4           1.559       269248        67312
       33656            8           2.384       538496       134624
       33656           16           4.125      1076992       269248
       33656           32           7.608      2153984       538496
       33656           64          15.033      4307968      1076992
       33656          128          29.242      8615936      2153984
       33656          256          58.392     17231872      4307968
       33656          512         117.241     34463744      8615936
       33656         1024         233.750     68927488     17231872
       33656         2048         467.684    137854976     34463744
       33656         4096         975.608    275709952     68927488
       33656         8192        2098.708    551419904    137854976
       33656        16384        3983.008   1102839808    275709952
       37016            1           3.575        74032        18508
       37016            2           1.192       148064        37016
       37016            4           1.742       296128        74032
       37016            8           2.933       592256       148064
       37016           16           5.775      1184512       296128
       37016           32          12.833      2369024       592256
       37016           64          21.267      4738048      1184512
       37016          128          43.175      9476096      2369024
       37016          256          79.934     18952192      4738048
       37016          512         149.416     37904384      9476096
       37016         1024         300.667     75808768     18952192
       37016         2048         630.483    151617536     37904384
       37016         4096        1276.183    303235072     75808768
       37016         8192        2542.375    606470144    151617536
       37016        16384        4742.192   1212940288    303235072
       40712            1           4.033        81424        20356
       40712            2           1.466       162848        40712
       40712            4           1.925       325696        81424
       40712            8           3.117       651392       162848
       40712           16           5.684      1302784       325696
       40712           32          10.725      2605568       651392
       40712           64          20.717      5211136      1302784
       40712          128          41.433     10422272      2605568
       40712          256          83.784     20844544      5211136
       40712          512         166.742     41689088     10422272
       40712         1024         332.841     83378176     20844544
       40712         2048         731.133    166756352     41689088
       40712         4096        1355.567    333512704     83378176
       40712         8192        2533.759    667025408    166756352
       40712        16384        5037.541   1334050816    333512704
       44776            1           4.125        89552        22388
       44776            2           1.467       179104        44776
       44776            4           2.017       358208        89552
       44776            8           3.484       716416       179104
       44776           16           6.142      1432832       358208
       44776           32          11.825      2865664       716416
       44776           64          26.308      5731328      1432832
       44776          128          53.625     11462656      2865664
       44776          256          92.125     22925312      5731328
       44776          512         183.792     45850624     11462656
       44776         1024         366.025     91701248     22925312
       44776         2048         732.875    183402496     45850624
       44776         4096        1431.283    366804992     91701248
       44776         8192        2731.575    733609984    183402496
       44776        16384        5468.650   1467219968    366804992
       49248            1           4.400        98496        24624
       49248            2           1.467       196992        49248
       49248            4           2.200       393984        98496
       49248            8           3.758       787968       196992
       49248           16           6.508      1575936       393984
       49248           32          12.466      3151872       787968
       49248           64          24.108      6303744      1575936
       49248          128          47.483     12607488      3151872
       49248          256          96.525     25214976      6303744
       49248          512         192.225     50429952     12607488
       49248         1024         383.625    100859904     25214976
       49248         2048         775.958    201719808     50429952
       49248         4096        1566.217    403439616    100859904
       49248         8192        3061.391    806879232    201719808
       49248        16384        5658.583   1613758464    403439616
       54168            1           4.767       108336        27084
       54168            2           1.650       216672        54168
       54168            4           2.384       433344       108336
       54168            8           3.850       866688       216672
       54168           16           6.875      1733376       433344
       54168           32          13.108      3466752       866688
       54168           64          25.392      6933504      1733376
       54168          128          51.058     13867008      3466752
       54168          256         101.384     27734016      6933504
       54168          512         201.850     55468032     13867008
       54168         1024         418.184    110936064     27734016
       54168         2048         875.967    221872128     55468032
       54168         4096        1662.009    443744256    110936064
       54168         8192        3191.283    887488512    221872128
       54168        16384        6016.908   1774977024    443744256
       59584            1           4.675       119168        29792
       59584            2           2.567       238336        59584
       59584            4           3.850       476672       119168
       59584            8           6.050       953344       238336
       59584           16          10.450      1906688       476672
       59584           32          19.159      3813376       953344
       59584           64          38.133      7626752      1906688
       59584          128          73.609     15253504      3813376
       59584          256         146.942     30507008      7626752
       59584          512         239.341     61014016     15253504
       59584         1024         448.891    122028032     30507008
       59584         2048         871.566    244056064     61014016
       59584         4096        1742.492    488112128    122028032
       59584         8192        3297.250    976224256    244056064
       59584        16384        6469.192   1952448512    488112128
       65536            1           4.858       131072        32768
       65536            2           1.833       262144        65536
       65536            4           2.841       524288       131072
       65536            8           4.675      1048576       262144
       65536           16           8.250      2097152       524288
       65536           32          15.492      4194304      1048576
       65536           64          30.067      8388608      2097152
       65536          128          59.491     16777216      4194304
       65536          256         119.350     33554432      8388608
       65536          512         237.509     67108864     16777216
       65536         1024         489.775    134217728     33554432
       65536         2048         960.300    268435456     67108864
       65536         4096        1902.725    536870912    134217728
       65536         8192        3730.833   1073741824    268435456
       65536        16384        7185.934   2147483648    536870912
       72088            1           5.959       144176        36044
       72088            2           2.017       288352        72088
       72088            4           3.025       576704       144176
       72088            8           5.041      1153408       288352
       72088           16           8.983      2306816       576704
       72088           32          17.050      4613632      1153408
       72088           64          33.000      9227264      2306816
       72088          128          65.633     18454528      4613632
       72088          256         131.267     36909056      9227264
       72088          512         262.167     73818112     18454528
       72088         1024         522.134    147636224     36909056
       72088         2048        1061.409    295272448     73818112
       72088         4096        2025.741    590544896    147636224
       72088         8192        4112.442   1181089792    295272448
       79296            1           5.225       158592        39648
       79296            2           2.292       317184        79296
       79296            4           3.209       634368       158592
       79296            8           5.500      1268736       317184
       79296           16           9.808      2537472       634368
       79296           32          18.516      5074944      1268736
       79296           64          35.842     10149888      2537472
       79296          128          72.050     20299776      5074944
       79296          256         143.459     40599552     10149888
       79296          512         286.275     81199104     20299776
       79296         1024         599.683    162398208     40599552
       79296         2048        1181.308    324796416     81199104
       79296         4096        2216.684    649592832    162398208
       79296         8192        4381.484   1299185664    324796416
       87224            1           5.592       174448        43612
       87224            2           2.384       348896        87224
       87224            4           3.666       697792       174448
       87224            8           5.958      1395584       348896
       87224           16          10.725      2791168       697792
       87224           32          20.258      5582336      1395584
       87224           64          39.508     11164672      2791168
       87224          128          79.292     22329344      5582336
       87224          256         157.483     44658688     11164672
       87224          512         366.575     89317376     22329344
       87224         1024         723.891    178634752     44658688
       87224         2048        1556.683    357269504     89317376
       87224         4096        3166.626    714539008    178634752
       87224         8192        5032.775   1429078016    357269504
       95944            1           6.050       191888        47972
       95944            2           2.567       383776        95944
       95944            4           4.033       767552       191888
       95944            8           6.600      1535104       383776
       95944           16          11.825      3070208       767552
       95944           32          22.183      6140416      1535104
       95944           64          43.267     12280832      3070208
       95944          128          86.808     24561664      6140416
       95944          256         177.559     49123328     12280832
       95944          512         634.883     98246656     24561664
       95944         1024         697.216    196493312     49123328
       95944         2048        1450.167    392986624     98246656
       95944         4096        2787.767    785973248    196493312
       95944         8192        5378.175   1571946496    392986624
      105536            1           7.333       211072        52768
      105536            2           2.933       422144       105536
      105536            4           4.216       844288       211072
      105536            8           7.242      1688576       422144
      105536           16          13.017      3377152       844288
      105536           32          24.842      6754304      1688576
      105536           64          48.950     13508608      3377152
      105536          128          96.800     27017216      6754304
      105536          256         208.909     54034432     13508608
      105536          512         383.900    108068864     27017216
      105536         1024         768.534    216137728     54034432
      105536         2048        1552.192    432275456    108068864
      105536         4096        3143.066    864550912    216137728
      105536         8192        5819.367   1729101824    432275456
      116088            1           7.333       232176        58044
      116088            2           3.209       464352       116088
      116088            4           4.858       928704       232176
      116088            8           7.975      1857408       464352
      116088           16          14.300      3714816       928704
      116088           32          27.042      7429632      1857408
      116088           64          53.625     14859264      3714816
      116088          128         105.783     29718528      7429632
      116088          256         210.008     59437056     14859264
      116088          512         418.275    118874112     29718528
      116088         1024         841.408    237748224     59437056
      116088         2048        1666.133    475496448    118874112
      116088         4096        3556.575    950992896    237748224
      116088         8192        6328.117   1901985792    475496448
      127696            1           7.975       255392        63848
      127696            2           3.483       510784       127696
      127696            4           5.225      1021568       255392
      127696            8           8.708      2043136       510784
      127696           16          15.767      4086272      1021568
      127696           32          29.700      8172544      2043136
      127696           64          59.308     16345088      4086272
      127696          128         116.784     32690176      8172544
      127696          256         242.734     65380352     16345088
      127696          512         463.283    130760704     32690176
      127696         1024         919.600    261521408     65380352
      127696         2048        1815.734    523042816    130760704
      127696         4096        4899.125   1046085632    261521408
      127696         8192        7855.100   2092171264    523042816
      140464            1           8.342       280928        70232
      140464            2           3.759       561856       140464
      140464            4           5.775      1123712       280928
      140464            8           9.716      2247424       561856
      140464           16          17.142      4494848      1123712
      140464           32          33.092      8989696      2247424
      140464           64          64.991     17979392      4494848
      140464          128         128.609     35958784      8989696
      140464          256         259.509     71917568     17979392
      140464          512         529.008    143835136     35958784
      140464         1024        1177.459    287670272     71917568
      140464         2048        1986.325    575340544    143835136
      140464         4096        3880.433   1150681088    287670272
      154504            1           9.167       309008        77252
      154504            2           4.034       618016       154504
      154504            4           6.233      1236032       309008
      154504            8          28.325      2472064       618016
      154504           16          19.158      4944128      1236032
      154504           32          36.025      9888256      2472064
      154504           64          70.308     19776512      4944128
      154504          128         140.158     39553024      9888256
      154504          256         278.208     79106048     19776512
      154504          512         560.725    158212096     39553024
      154504         1024        1128.875    316424192     79106048
      154504         2048        2156.917    632848384    158212096
      154504         4096        4591.217   1265696768    316424192
      169952            1           9.625       339904        84976
      169952            2          15.033       679808       169952
      169952            4           6.875      1359616       339904
      169952            8          11.733      2719232       679808
      169952           16          21.267      5438464      1359616
      169952           32          40.883     10876928      2719232
      169952           64          81.033     21753856      5438464
      169952          128         160.325     43507712     10876928
      169952          256         318.175     87015424     21753856
      169952          512         641.484    174030848     43507712
      169952         1024        1263.808    348061696     87015424
      169952         2048        2392.867    696123392    174030848
      169952         4096        4695.717   1392246784    348061696
      186944            1           9.808       373888        93472
      186944            2           4.767       747776       186944
      186944            4           7.517      1495552       373888
      186944            8          12.742      2991104       747776
      186944           16          23.192      5982208      1495552
      186944           32          44.458     11964416      2991104
      186944           64          86.350     23928832      5982208
      186944          128         170.592     47857664     11964416
      186944          256         338.708     95715328     23928832
      186944          512         685.209    191430656     47857664
      186944         1024        1413.409    382861312     95715328
      186944         2048        2759.717    765722624    191430656
      186944         4096        5531.259   1531445248    382861312
      205632            1          29.242       411264       102816
      205632            2           5.500       822528       205632
      205632            4           8.250      1645056       411264
      205632            8          14.025      3290112       822528
      205632           16          25.300      6580224      1645056
      205632           32          48.125     13160448      3290112
      205632           64          95.791     26320896      6580224
      205632          128         188.650     52641792     13160448
      205632          256         374.458    105283584     26320896
      205632          512         744.975    210567168     52641792
      205632         1024        1498.566    421134336    105283584
      205632         2048        2990.533    842268672    210567168
      205632         4096        5729.350   1684537344    421134336
      226192            1          12.467       452384       113096
      226192            2           5.775       904768       226192
      226192            4           9.075      1809536       452384
      226192            8          15.217      3619072       904768
      226192           16          27.592      7238144      1809536
      226192           32          52.342     14476288      3619072
      226192           64         103.950     28952576      7238144
      226192          128         205.791     57905152     14476288
      226192          256         430.466    115810304     28952576
      226192          512         820.416    231620608     57905152
      226192         1024        1700.233    463241216    115810304
      226192         2048        3168.825    926482432    231620608
      226192         4096        6253.684   1852964864    463241216
      248808            1          13.292       497616       124404
      248808            2           6.508       995232       248808
      248808            4           9.717      1990464       497616
      248808            8          16.867      3980928       995232
      248808           16          30.342      7961856      1990464
      248808           32          58.117     15923712      3980928
      248808           64         114.950     31847424      7961856
      248808          128         250.433     63694848     15923712
      248808          256         460.717    127389696     31847424
      248808          512         897.783    254779392     63694848
      248808         1024        1759.267    509558784    127389696
      248808         2048        3447.401   1019117568    254779392
      248808         4096        7050.083   2038235136    509558784
      273688            1          14.025       547376       136844
      273688            2           7.058      1094752       273688
      273688            4          10.634      2189504       547376
      273688            8          18.333      4379008      1094752
      273688           16          33.734      8758016      2189504
      273688           32          64.808     17516032      4379008
      273688           64         126.500     35032064      8758016
      273688          128         250.158     70064128     17516032
      273688          256         497.750    140128256     35032064
      273688          512         955.534    280256512     70064128
      273688         1024        1923.992    560513024    140128256
      273688         2048        3751.275   1121026048    280256512
      301056            1          17.325       602112       150528
      301056            2           7.884      1204224       301056
      301056            4          12.008      2408448       602112
      301056            8          20.350      4816896      1204224
      301056           16          36.942      9633792      2408448
      301056           32          71.500     19267584      4816896
      301056           64         282.700     38535168      9633792
      301056          128         275.733     77070336     19267584
      301056          256         548.167    154140672     38535168
      301056          512        1121.908    308281344     77070336
      301056         1024        2138.125    616562688    154140672
      301056         2048        4219.692   1233125376    308281344
      331160            1          16.866       662320       165580
      331160            2           8.616      1324640       331160
      331160            4          13.017      2649280       662320
      331160            8          22.367      5298560      1324640
      331160           16          41.250     10597120      2649280
      331160           32          78.100     21194240      5298560
      331160           64         152.441     42388480     10597120
      331160          128         300.667     84776960     21194240
      331160          256         621.317    169553920     42388480
      331160          512        1390.950    339107840     84776960
      331160         1024        2348.042    678215680    169553920
      331160         2048        4619.175   1356431360    339107840
      364272            1          18.608       728544       182136
      364272            2           9.717      1457088       364272
      364272            4          14.942      2914176       728544
      364272            8          24.475      5828352      1457088
      364272           16          44.550     11656704      2914176
      364272           32          86.350     23313408      5828352
      364272           64         167.750     46626816     11656704
      364272          128         484.825     93253632     23313408
      364272          256         705.650    186507264     46626816
      364272          512        1375.825    373014528     93253632
      364272         1024        2537.058    746029056    186507264
      364272         2048        5073.017   1492058112    373014528
      400696            1          21.450       801392       200348
      400696            2          10.725      1602784       400696
      400696            4          15.584      3205568       801392
      400696            8          26.584      6411136      1602784
      400696           16          49.409     12822272      3205568
      400696           32          94.325     25644544      6411136
      400696           64         184.250     51289088     12822272
      400696          128         368.683    102578176     25644544
      400696          256         941.050    205156352     51289088
      400696          512        1452.550    410312704    102578176
      400696         1024        2891.075    820625408    205156352
      400696         2048        5501.101   1641250816    410312704
      440760            1          22.642       881520       220380
      440760            2          11.642      1763040       440760
      440760            4          17.509      3526080       881520
      440760            8          29.791      7052160      1763040
      440760           16          54.084     14104320      3526080
      440760           32         102.759     28208640      7052160
      440760           64         201.850     56417280     14104320
      440760          128         400.125    112834560     28208640
      440760          256         795.667    225669120     56417280
      440760          512        1576.392    451338240    112834560
      440760         1024        3056.808    902676480    225669120
      440760         2048        6455.258   1805352960    451338240
      484832            1          24.567       969664       242416
      484832            2          12.375      1939328       484832
      484832            4          18.792      3878656       969664
      484832            8          32.267      7757312      1939328
      484832           16          59.583     15514624      3878656
      484832           32         114.767     31029248      7757312
      484832           64         224.400     62058496     15514624
      484832          128         442.842    124116992     31029248
      484832          256         989.816    248233984     62058496
      484832          512        1701.516    496467968    124116992
      484832         1024        3522.934    992935936    248233984
      484832         2048        6522.266   1985871872    496467968
      533312            1          27.409      1066624       266656
      533312            2          14.117      2133248       533312
      533312            4          21.725      4266496      1066624
      533312            8          36.117      8532992      2133248
      533312           16          67.100     17065984      4266496
      533312           32         128.609     34131968      8532992
      533312           64         249.975     68263936     17065984
      533312          128         494.175    136527872     34131968
      533312          256         954.433    273055744     68263936
      533312          512        1940.400    546111488    136527872
      533312         1024        5816.708   1092222976    273055744
      586640            1          30.525      1173280       293320
      586640            2          15.400      2346560       586640
      586640            4          23.742      4693120      1173280
      586640            8          40.242      9386240      2346560
      586640           16          75.625     18772480      4693120
      586640           32         146.575     37544960      9386240
      586640           64         280.683     75089920     18772480
      586640          128         553.117    150179840     37544960
      586640          256        1109.350    300359680     75089920
      586640          512        2138.767    600719360    150179840
      586640         1024        4128.942   1201438720    300359680
      645304            1          32.450      1290608       322652
      645304            2          17.692      2581216       645304
      645304            4          27.133      5162432      1290608
      645304            8          46.842     10324864      2581216
      645304           16          88.091     20649728      5162432
      645304           32         167.475     41299456     10324864
      645304           64         342.192     82598912     20649728
      645304          128         654.866    165197824     41299456
      645304          256        1227.417    330395648     82598912
      645304          512        2382.509    660791296    165197824
      645304         1024        4623.575   1321582592    330395648
      709832            1          34.925      1419664       354916
      709832            2          18.333      2839328       709832
      709832            4          29.059      5678656      1419664
      709832            8          50.600     11357312      2839328
      709832           16          93.500     22714624      5678656
      709832           32         177.650     45429248     11357312
      709832           64         343.567     90858496     22714624
      709832          128         689.242    181716992     45429248
      709832          256        1401.675    363433984     90858496
      709832          512        2614.334    726867968    181716992
      709832         1024        5060.000   1453735936    363433984
      780808            1          38.317      1561616       390404
      780808            2          20.900      3123232       780808
      780808            4          32.267      6246464      1561616
      780808            8          56.009     12492928      3123232
      780808           16         102.392     24985856      6246464
      780808           32         194.059     49971712     12492928
      780808           64         380.417     99943424     24985856
      780808          128         769.542    199886848     49971712
      780808          256        1660.359    399773696     99943424
      780808          512        2842.033    799547392    199886848
      780808         1024        5617.883   1599094784    399773696
      858888            1          41.892      1717776       429444
      858888            2          22.091      3435552       858888
      858888            4          34.375      6871104      1717776
      858888            8          60.133     13742208      3435552
      858888           16         108.900     27484416      6871104
      858888           32         215.141     54968832     13742208
      858888           64         456.225    109937664     27484416
      858888          128         833.800    219875328     54968832
      858888          256        1594.450    439750656    109937664
      858888          512        5927.167    879501312    219875328
      858888         1024        6119.392   1759002624    439750656
      944776            1          45.375      1889552       472388
      944776            2          25.758      3779104       944776
      944776            4          40.058      7558208      1889552
      944776            8          67.650     15116416      3779104
      944776           16         124.942     30232832      7558208
      944776           32         235.767     60465664     15116416
      944776           64         457.509    120931328     30232832
      944776          128         927.025    241862656     60465664
      944776          256        1893.100    483725312    120931328
      944776          512        3544.384    967450624    241862656
      944776         1024        6646.933   1934901248    483725312
     1039248            1          48.858      2078496       519624
     1039248            2          29.517      4156992      1039248
     1039248            4          42.991      8313984      2078496
     1039248            8          74.708     16627968      4156992
     1039248           16         136.491     33255936      8313984
     1039248           32         261.067     66511872     16627968
     1039248           64         511.408    133023744     33255936
     1039248          128        1012.458    266047488     66511872
     1039248          256        2047.191    532094976    133023744
     1039248          512        3800.317   1064189952    266047488
     1039248         1024        7354.967   2128379904    532094976
     1143168            1          54.633      2286336       571584
     1143168            2          33.183      4572672      1143168
     1143168            4          50.600      9145344      2286336
     1143168            8          78.925     18290688      4572672
     1143168           16         145.016     36581376      9145344
     1143168           32         275.275     73162752     18290688
     1143168           64         574.750    146325504     36581376
     1143168          128        1073.325    292651008     73162752
     1143168          256        2136.750    585302016    146325504
     1143168          512        4132.884   1170604032    292651008
     1257480            1          56.650      2514960       628740
     1257480            2          38.041      5029920      1257480
     1257480            4          52.158     10059840      2514960
     1257480            8          89.742     20119680      5029920
     1257480           16         163.900     40239360     10059840
     1257480           32         313.866     80478720     20119680
     1257480           64         627.367    160957440     40239360
     1257480          128        1214.125    321914880     80478720
     1257480          256        2648.525    643829760    160957440
     1257480          512        4662.717   1287659520    321914880
     1383224            1          65.175      2766448       691612
     1383224            2          42.717      5532896      1383224
     1383224            4          56.283     11065792      2766448
     1383224            8          97.716     22131584      5532896
     1383224           16         179.575     44263168     11065792
     1383224           32         352.092     88526336     22131584
     1383224           64         674.392    177052672     44263168
     1383224          128        1376.833    354105344     88526336
     1383224          256        2609.291    708210688    177052672
     1383224          512        5733.475   1416421376    354105344
     1521544            1          69.484      3043088       760772
     1521544            2          47.208      6086176      1521544
     1521544            4          63.158     12172352      3043088
     1521544            8         118.984     24344704      6086176
     1521544           16         197.816     48689408     12172352
     1521544           32         379.042     97378816     24344704
     1521544           64         756.617    194757632     48689408
     1521544          128        1699.866    389515264     97378816
     1521544          256        3145.358    779030528    194757632
     1521544          512        5825.051   1558061056    389515264
     1673696            1          80.208      3347392       836848
     1673696            2          52.066      6694784      1673696
     1673696            4          68.384     13389568      3347392
     1673696            8         117.791     26779136      6694784
     1673696           16         217.067     53558272     13389568
     1673696           32         420.109    107116544     26779136
     1673696           64         838.200    214233088     53558272
     1673696          128        1653.575    428466176    107116544
     1673696          256        3132.892    856932352    214233088
     1673696          512        6043.859   1713864704    428466176
     1841064            1          84.425      3682128       920532
     1841064            2          57.200      7364256      1841064
     1841064            4          75.625     14728512      3682128
     1841064            8         130.625     29457024      7364256
     1841064           16         239.342     58914048     14728512
     1841064           32         459.708    117828096     29457024
     1841064           64         878.992    235656192     58914048
     1841064          128        1943.058    471312384    117828096
     1841064          256        3368.109    942624768    235656192
     1841064          512        6525.933   1885249536    471312384
     2025168            1          91.300      4050336      1012584
     2025168            2          62.791      8100672      2025168
     2025168            4          86.167     16201344      4050336
     2025168            8         146.758     32402688      8100672
     2025168           16         265.466     64805376     16201344
     2025168           32         504.808    129610752     32402688
     2025168           64         984.958    259221504     64805376
     2025168          128        1868.808    518443008    129610752
     2025168          256        3864.025   1036886016    259221504
     2025168          512        7162.559   2073772032    518443008
     2227680            1         102.208      4455360      1113840
     2227680            2          67.009      8910720      2227680
     2227680            4         109.909     17821440      4455360
     2227680            8         153.359     35642880      8910720
     2227680           16         279.950     71285760     17821440
     2227680           32         534.691    142571520     35642880
     2227680           64        1047.108    285143040     71285760
     2227680          128        2245.376    570286080    142571520
     2227680          256        3997.584   1140572160    285143040
     2450448            1         110.275      4900896      1225224
     2450448            2          74.433      9801792      2450448
     2450448            4         100.191     19603584      4900896
     2450448            8         174.259     39207168      9801792
     2450448           16         324.042     78414336     19603584
     2450448           32         625.350    156828672     39207168
     2450448           64        1201.841    313657344     78414336
     2450448          128        2518.542    627314688    156828672
     2450448          256        4495.334   1254629376    313657344
     2695488            1         124.942      5390976      1347744
     2695488            2          81.400     10781952      2695488
     2695488            4         115.867     21563904      5390976
     2695488            8         192.042     43127808     10781952
     2695488           16         371.066     86255616     21563904
     2695488           32         673.201    172511232     43127808
     2695488           64        1468.959    345022464     86255616
     2695488          128        2570.241    690044928    172511232
     2695488          256        5032.684   1380089856    345022464
     2965032            1         134.200      5930064      1482516
     2965032            2          92.675     11860128      2965032
     2965032            4         122.741     23720256      5930064
     2965032            8         211.200     47440512     11860128
     2965032           16         382.525     94881024     23720256
     2965032           32         743.600    189762048     47440512
     2965032           64        1491.508    379524096     94881024
     2965032          128        2834.333    759048192    189762048
     2965032          256        5631.908   1518096384    379524096
     3261528            1         188.375      6523056      1630764
     3261528            2         116.967     13046112      3261528
     3261528            4         172.333     26092224      6523056
     3261528            8         231.916     52184448     13046112
     3261528           16         423.958    104368896     26092224
     3261528           32         839.300    208737792     52184448
     3261528           64        1577.766    417475584    104368896
     3261528          128        3119.416    834951168    208737792
     3261528          256        6069.709   1669902336    417475584
     3587680            1         155.558      7175360      1793840
     3587680            2         103.950     14350720      3587680
     3587680            4         146.116     28701440      7175360
     3587680            8         248.325     57402880     14350720
     3587680           16         465.667    114805760     28701440
     3587680           32         910.709    229611520     57402880
     3587680           64        1698.217    459223040    114805760
     3587680          128        3356.650    918446080    229611520
     3587680          256        6498.800   1836892160    459223040
     3946448            1         254.375      7892896      1973224
     3946448            2         111.192     15785792      3946448
     3946448            4         158.216     31571584      7892896
     3946448            8         277.566     63143168     15785792
     3946448           16         513.150    126286336     31571584
     3946448           32         947.742    252572672     63143168
     3946448           64        1916.475    505145344    126286336
     3946448          128        3769.333   1010290688    252572672
     3946448          256        6830.909   2020581376    505145344
     4341088            1         192.317      8682176      2170544
     4341088            2         125.125     17364352      4341088
     4341088            4         177.650     34728704      8682176
     4341088            8         309.467     69457408     17364352
     4341088           16         548.900    138914816     34728704
     4341088           32        1139.141    277829632     69457408
     4341088           64        2014.100    555659264    138914816
     4341088          128        3935.342   1111318528    277829632
     4775192            1         212.392      9550384      2387596
     4775192            2         139.700     19100768      4775192
     4775192            4         197.909     38201536      9550384
     4775192            8         340.358     76403072     19100768
     4775192           16         621.775    152806144     38201536
     4775192           32        1232.550    305612288     76403072
     4775192           64        2216.958    611224576    152806144
     4775192          128        4771.250   1222449152    305612288
     5252704            1         235.125     10505408      2626352
     5252704            2         144.833     21010816      5252704
     5252704            4         212.391     42021632     10505408
     5252704            8         367.584     84043264     21010816
     5252704           16         675.858    168086528     42021632
     5252704           32        1361.342    336173056     84043264
     5252704           64        2477.750    672346112    168086528
     5252704          128        6869.958   1344692224    336173056
     5777968            1         257.584     11555936      2888984
     5777968            2         168.667     23111872      5777968
     5777968            4         239.067     46223744     11555936
     5777968            8         408.466     92447488     23111872
     5777968           16         777.700    184894976     46223744
     5777968           32        1510.208    369789952     92447488
     5777968           64        2749.175    739579904    184894976
     5777968          128        5382.850   1479159808    369789952
     6355760            1         312.584     12711520      3177880
     6355760            2         182.692     25423040      6355760
     6355760            4         268.400     50846080     12711520
     6355760            8         448.800    101692160     25423040
     6355760           16         853.875    203384320     50846080
     6355760           32        1609.208    406768640    101692160
     6355760           64        2998.325    813537280    203384320
     6355760          128        5818.634   1627074560    406768640
     6991336            1         313.591     13982672      3495668
     6991336            2         213.308     27965344      6991336
     6991336            4         282.792     55930688     13982672
     6991336            8         506.183    111861376     27965344
     6991336           16         901.450    223722752     55930688
     6991336           32        1703.075    447445504    111861376
     6991336           64        3258.383    894891008    223722752
     6991336          128        6409.608   1789782016    447445504
     7690464            1         339.442     15380928      3845232
     7690464            2         265.741     30761856      7690464
     7690464            4         389.125     61523712     15380928
     7690464            8         611.691    123047424     30761856
     7690464           16        1072.683    246094848     61523712
     7690464           32        2004.567    492189696    123047424
     7690464           64        3627.616    984379392    246094848
     7690464          128        7497.783   1968758784    492189696
     8459504            1         373.542     16919008      4229752
     8459504            2         297.550     33838016      8459504
     8459504            4         346.500     67676032     16919008
     8459504            8         595.192    135352064     33838016
     8459504           16        1134.834    270704128     67676032
     8459504           32        2088.167    541408256    135352064
     8459504           64        4194.025   1082816512    270704128
     9305448            1         402.967     18610896      4652724
     9305448            2         260.792     37221792      9305448
     9305448            4         387.842     74443584     18610896
     9305448            8         664.675    148887168     37221792
     9305448           16        1220.725    297774336     74443584
     9305448           32        2305.509    595548672    148887168
     9305448           64        4656.758   1191097344    297774336
    10235992            1         435.967     20471984      5117996
    10235992            2         364.650     40943968     10235992
    10235992            4         426.067     81887936     20471984
    10235992            8         743.967    163775872     40943968
    10235992           16        1411.850    327551744     81887936
    10235992           32        2509.284    655103488    163775872
    10235992           64        5114.358   1310206976    327551744
    11259584            1         485.741     22519168      5629792
    11259584            2         331.100     45038336     11259584
    11259584            4         474.467     90076672     22519168
    11259584            8         833.617    180153344     45038336
    11259584           16        1550.450    360306688     90076672
    11259584           32        2913.258    720613376    180153344
    11259584           64        5408.517   1441226752    360306688
    12385536            1         520.850     24771072      6192768
    12385536            2         368.683     49542144     12385536
    12385536            4         519.933     99084288     24771072
    12385536            8         921.250    198168576     49542144
    12385536           16        1704.725    396337152     99084288
    12385536           32        3311.917    792674304    198168576
    12385536           64        5879.867   1585348608    396337152
    13624088            1         575.025     27248176      6812044
    13624088            2         403.700     54496352     13624088
    13624088            4         574.567    108992704     27248176
    13624088            8         995.042    217985408     54496352
    13624088           16        2086.059    435970816    108992704
    13624088           32        3350.142    871941632    217985408
    13624088           64        6353.783   1743883264    435970816
    14986496            1         866.250     29972992      7493248
    14986496            2         586.575     59945984     14986496
    14986496            4         693.550    119891968     29972992
    14986496            8        1101.650    239783936     59945984
    14986496           16        2001.908    479567872    119891968
    14986496           32        3738.167    959135744    239783936
    14986496           64        7033.858   1918271488    479567872
    16485144            1         677.875     32970288      8242572
    16485144            2         674.758     65940576     16485144
    16485144            4         697.034    131881152     32970288
    16485144            8        1243.366    263762304     65940576
    16485144           16        2214.300    527524608    131881152
    16485144           32        4012.983   1055049216    263762304
    16485144           64        7930.817   2110098432    527524608
    18133656            1         778.800     36267312      9066828
    18133656            2         649.916     72534624     18133656
    18133656            4         774.033    145069248     36267312
    18133656            8        1295.159    290138496     72534624
    18133656           16        2420.091    580276992    145069248
    18133656           32        4405.408   1160553984    290138496
    19947016            1         813.450     39894032      9973508
    19947016            2         955.442     79788064     19947016
    19947016            4         843.517    159576128     39894032
    19947016            8        1446.592    319152256     79788064
    19947016           16        2597.925    638304512    159576128
    19947016           32        4941.017   1276609024    319152256
    21941712            1         987.617     43883424     10970856
    21941712            2        1262.616     87766848     21941712
    21941712            4        1665.400    175533696     43883424
    21941712            8        2399.192    351067392     87766848
    21941712           16        3842.483    702134784    175533696
    21941712           32        6264.133   1404269568    351067392
    24135880            1         985.142     48271760     12067940
    24135880            2        1545.409     96543520     24135880
    24135880            4        1986.966    193087040     48271760
    24135880            8        2871.733    386174080     96543520
    24135880           16        3956.883    772348160    193087040
    24135880           32        6081.076   1544696320    386174080
    26549464            1        1115.675     53098928     13274732
    26549464            2        1712.334    106197856     26549464
    26549464            4        1848.367    212395712     53098928
    26549464            8        2798.492    424791424    106197856
    26549464           16        3956.425    849582848    212395712
    26549464           32        6478.542   1699165696    424791424
    29204408            1        1180.116     58408816     14602204
    29204408            2        1178.559    116817632     29204408
    29204408            4        1213.300    233635264     58408816
    29204408            8        2135.467    467270528    116817632
    29204408           16        3917.559    934541056    233635264
    29204408           32        7024.233   1869082112    467270528
    32124848            1        1284.617     64249696     16062424
    32124848            2        1698.309    128499392     32124848
    32124848            4        1357.491    256998784     64249696
    32124848            8        2326.316    513997568    128499392
    32124848           16        5260.842   1027995136    256998784
    32124848           32        7895.617   2055990272    513997568
    35337328            1        1427.158     70674656     17668664
    35337328            2        1672.091    141349312     35337328
    35337328            4        1630.475    282698624     70674656
    35337328            8        2510.291    565397248    141349312
    35337328           16        4574.808   1130794496    282698624
    38871056            1        1558.517     77742112     19435528
    38871056            2        1345.208    155484224     38871056
    38871056            4        1657.884    310968448     77742112
    38871056            8        2834.883    621936896    155484224
    38871056           16        5541.342   1243873792    310968448
    42758160            1        1696.567     85516320     21379080
    42758160            2        1825.817    171032640     42758160
    42758160            4        1823.434    342065280     85516320
    42758160            8        3143.158    684130560    171032640
    42758160           16        7899.467   1368261120    342065280
    47033976            1        1856.891     94067952     23516988
    47033976            2        2041.509    188135904     47033976
    47033976            4        2032.708    376271808     94067952
    47033976            8        3829.008    752543616    188135904
    47033976           16        6232.417   1505087232    376271808
    51737368            1        2037.750    103474736     25868684
    51737368            2        2086.975    206949472     51737368
    51737368            4        2223.650    413898944    103474736
    51737368            8        3857.242    827797888    206949472
    51737368           16        6757.300   1655595776    413898944
    56911104            1        2255.733    113822208     28455552
    56911104            2        2700.134    227644416     56911104
    56911104            4        2740.192    455288832    113822208
    56911104            8        4371.400    910577664    227644416
    56911104           16        7684.875   1821155328    455288832
    62602208            1        2592.884    125204416     31301104
    62602208            2        2292.859    250408832     62602208
    62602208            4        2720.666    500817664    125204416
    62602208            8        4569.859   1001635328    250408832
    62602208           16        8360.641   2003270656    500817664
    68862424            1        2679.141    137724848     34431212
    68862424            2        2148.391    275449696     68862424
    68862424            4        3172.766    550899392    137724848
    68862424            8        5359.841   1101798784    275449696
    75748664            1        2950.750    151497328     37874332
    75748664            2        2634.683    302994656     75748664
    75748664            4        3780.517    605989312    151497328
    75748664            8        6320.875   1211978624    302994656
    83323528            1        3210.167    166647056     41661764
    83323528            2        3194.400    333294112     83323528
    83323528            4        4453.442    666588224    166647056
    83323528            8        7590.000   1333176448    333294112
    91655880            1        3502.400    183311760     45827940
    91655880            2        4143.700    366623520     91655880
    91655880            4        5186.867    733247040    183311760
    91655880            8        8168.325   1466494080    366623520
   100821464            1        3897.666    201642928     50410732
   100821464            2        5138.925    403285856    100821464
   100821464            4        6813.676    806571712    201642928
   100821464            8       10612.617   1613143424    403285856
   110903608            1        4351.509    221807216     55451804
   110903608            2        6239.017    443614432    110903608
   110903608            4        6744.650    887228864    221807216
   110903608            8       11479.509   1774457728    443614432
   121993968            1        4868.233    243987936     60996984
   121993968            2        6186.950    487975872    121993968
   121993968            4        9824.008    975951744    243987936
   121993968            8       14359.309   1951903488    487975872
   134193360            1        5114.267    268386720     67096680
   134193360            2        7823.383    536773440    134193360
   134193360            4        9550.842   1073546880    268386720
   134193360            8       17024.242   2147093760    536773440
   147612696            1        5748.508    295225392     73806348
   147612696            2        7104.625    590450784    147612696
   147612696            4       11663.209   1180901568    295225392
   162373960            1        6292.367    324747920     81186980
   162373960            2       10830.508    649495840    162373960
   162373960            4       12932.609   1298991680    324747920
   178611352            1        6701.292    357222704     89305676
   178611352            2       11964.242    714445408    178611352
   178611352            4       14244.175   1428890816    357222704
   196472480            1        8148.984    392944960     98236240
   196472480            2       13031.242    785889920    196472480
   196472480            4       17722.376   1571779840    392944960
   216119728            1        8300.784    432239456    108059864
   216119728            2       12400.392    864478912    216119728
   216119728            4       18829.800   1728957824    432239456
   237731696            1        8964.450    475463392    118865848
   237731696            2       14220.892    950926784    237731696
   237731696            4       21289.400   1901853568    475463392
   261504864            1        9779.641    523009728    130752432
   261504864            2       16761.250   1046019456    261504864
   261504864            4       23552.467   2092038912    523009728
   287655344            1       10897.059    575310688    143827672
   287655344            2       18881.226   1150621376    287655344
   316420872            1       11957.642    632841744    158210436
   316420872            2       21682.284   1265683488    316420872
   348062952            1       13548.242    696125904    174031476
   348062952            2       25423.292   1392251808    348062952
   382869240            1       14533.200    765738480    191434620
   382869240            2       25729.276   1531476960    382869240
   421156160            1       15846.142    842312320    210578080
   421156160            2       28373.859   1684624640    421156160
   463271776            1       18235.617    926543552    231635888
   463271776            2       33200.109   1853087104    463271776
   509598952            1       19413.992   1019197904    254799476
   509598952            2       37657.768   2038395808    509598952
   560558840            1       20937.675   1121117680    280279420
   616614720            1       23650.001   1233229440    308307360
   678276192            1       25272.225   1356552384    339138096
   746103808            1       27521.909   1492207616    373051904
   820714184            1       30666.992   1641428368    410357092
   902785600            1       33510.309   1805571200    451392800
   993064160            1       36673.634   1986128320    496532080

META_DATA
FLOPS          4
OPENMP_THREADS 1
ERT_VERSION  1.1.0
HOSTNAME  ('DESKTOP-1DMF7BU.localdomain', ['DESKTOP-1DMF7BU'], ['127.0.1.1'])
UNAME  uname_result(system='Linux', node='DESKTOP-1DMF7BU', release='6.6.87.2-microsoft-standard-WSL2', version='#1 SMP PREEMPT_DYNAMIC Thu Jun  5 18:30:46 UTC 2025', machine='x86_64')
TIMESTAMP_DATA  1765959612.9252486
CONFIG  {'ERT_MPI': ['False'], 'ERT_OPENMP': ['True'], 'ERT_OPENMP_CFLAGS': ['-fopenmp'], 'ERT_OPENMP_LDFLAGS': ['-fopenmp'], 'ERT_PRECISION': ['FP64'], 'ERT_TRIALS_MIN': ['1'], 'ERT_TRIALS': ['3', '#', 'Run', 'each', 'test', '3', 'times', 'to', 'filter', 'out', 'background', 'noise'], 'ERT_RESULTS': ['Results/7800X3D'], 'ERT_GNUPLOT': ['gnuplot'], 'ERT_DRIVER': ['driver1'], 'ERT_KERNEL': ['kernel1'], 'ERT_CC': ['g++'], 'ERT_LD': ['g++'], 'ERT_CFLAGS': ['-O3', '-march=native', '-fopenmp', '-fstrict-aliasing', '-funroll-loops', '-Wno-all'], 'ERT_LDFLAGS': ['-O3', '-march=native', '-fopenmp'], 'ERT_LDLIBS': ['-lm'], 'ERT_RUN': ['export', 'OMP_NUM_THREADS=ERT_OPENMP_THREADS;', './ERT_CODE'], 'ERT_WORKING_SET_MIN': ['128'], 'ERT_MEMORY_MAX': ['1073741824'], 'ERT_ALIGN': ['64'], 'ERT_MIN_PROCS': ['1'], 'ERT_MAX_PROCS': ['1'], 'ERT_OPENMP_THREADS': ['1,2,4,8,16', '#', 'Logical', 'Threads'], 'ERT_NUM_EXPERIMENTS': ['5'], 'ERT_FLOPS': ['1,2,4,8,16', '#', '16', 'for', 'AVX-51'], 'ERT_GPU': [False], 'ERT_HIP': [False], 'ERT_OCL': [False], 'ERT_SYCL': [False], 'ERT_WSS_MULT': [1.1]}
