fp64
        1024            1           1.191         2048          512
        1024            2           0.275         4096         1024
        1024            4           0.275         8192         2048
        1024            8           0.367        16384         4096
        1024           16           0.458        32768         8192
        1024           32           0.550        65536        16384
        1024           64           0.917       131072        32768
        1024          128           1.466       262144        65536
        1024          256           2.750       524288       131072
        1024          512           5.316      1048576       262144
        1024         1024          10.267      2097152       524288
        1024         2048          19.892      4194304      1048576
        1024         4096          40.058      8388608      2097152
        1024         8192          80.117     16777216      4194304
        1024        16384         158.950     33554432      8388608
        1024        32768         320.925     67108864     16777216
        1024        65536         632.317    134217728     33554432
        1024       131072        1135.567    268435456     67108864
        1024       262144        2200.734    536870912    134217728
        1024       524288        4246.550   1073741824    268435456
        1024      1048576        7717.325   2147483648    536870912
        1120            1           0.825         2240          560
        1120            2           0.275         4480         1120
        1120            4           0.275         8960         2240
        1120            8           0.275        17920         4480
        1120           16           0.275        35840         8960
        1120           32           0.459        71680        17920
        1120           64           0.642       143360        35840
        1120          128           1.192       286720        71680
        1120          256           2.017       573440       143360
        1120          512           3.942      1146880       286720
        1120         1024           7.700      2293760       573440
        1120         2048          15.217      4587520      1146880
        1120         4096          30.250      9175040      2293760
        1120         8192          60.408     18350080      4587520
        1120        16384         137.958     36700160      9175040
        1120        32768         242.825     73400320     18350080
        1120        65536         485.467    146800640     36700160
        1120       131072        1014.108    293601280     73400320
        1120       262144        2221.450    587202560    146800640
        1120       524288        4326.758   1174405120    293601280
        1232            1           1.192         2464          616
        1232            2           0.183         4928         1232
        1232            4           0.275         9856         2464
        1232            8           0.275        19712         4928
        1232           16           0.367        39424         9856
        1232           32           0.459        78848        19712
        1232           64           0.734       157696        39424
        1232          128           1.192       315392        78848
        1232          256           2.292       630784       157696
        1232          512           4.400      1261568       315392
        1232         1024           8.525      2523136       630784
        1232         2048          16.959      5046272      1261568
        1232         4096          33.825     10092544      2523136
        1232         8192          67.467     20185088      5046272
        1232        16384         143.000     40370176     10092544
        1232        32768         299.566     80740352     20185088
        1232        65536         638.459    161480704     40370176
        1232       131072        1287.367    322961408     80740352
        1232       262144        2367.292    645922816    161480704
        1232       524288        4554.092   1291845632    322961408
        1352            1           1.375         2704          676
        1352            2           0.275         5408         1352
        1352            4           0.275        10816         2704
        1352            8           0.367        21632         5408
        1352           16           0.367        43264        10816
        1352           32           0.641        86528        21632
        1352           64           0.825       173056        43264
        1352          128           1.466       346112        86528
        1352          256           2.842       692224       173056
        1352          512           5.317      1384448       346112
        1352         1024          10.541      2768896       692224
        1352         2048          20.900      5537792      1384448
        1352         4096          41.800     11075584      2768896
        1352         8192          82.866     22151168      5537792
        1352        16384         165.916     44302336     11075584
        1352        32768         330.275     88604672     22151168
        1352        65536         618.934    177209344     44302336
        1352       131072        1334.666    354418688     88604672
        1352       262144        2448.875    708837376    177209344
        1352       524288        4771.984   1417674752    354418688
        1480            1           1.375         2960          740
        1480            2           0.367         5920         1480
        1480            4           0.275        11840         2960
        1480            8           0.367        23680         5920
        1480           16           0.366        47360        11840
        1480           32           0.550        94720        23680
        1480           64           0.825       189440        47360
        1480          128           1.467       378880        94720
        1480          256           2.658       757760       189440
        1480          512           5.041      1515520       378880
        1480         1024           9.992      3031040       757760
        1480         2048          19.617      6062080      1515520
        1480         4096          39.142     12124160      3031040
        1480         8192          77.917     24248320      6062080
        1480        16384         155.742     48496640     12124160
        1480        32768         311.025     96993280     24248320
        1480        65536         655.600    193986560     48496640
        1480       131072        1433.667    387973120     96993280
        1480       262144        2688.950    775946240    193986560
        1480       524288        5147.266   1551892480    387973120
        1624            1           0.733         3248          812
        1624            2           0.275         6496         1624
        1624            4           0.275        12992         3248
        1624            8           0.275        25984         6496
        1624           16           0.367        51968        12992
        1624           32           0.550       103936        25984
        1624           64           0.917       207872        51968
        1624          128           1.466       415744       103936
        1624          256           2.841       831488       207872
        1624          512           5.408      1662976       415744
        1624         1024          10.450      3325952       831488
        1624         2048          20.808      6651904      1662976
        1624         4096          41.433     13303808      3325952
        1624         8192          82.775     26607616      6651904
        1624        16384         165.183     53215232     13303808
        1624        32768         330.825    106430464     26607616
        1624        65536         873.950    212860928     53215232
        1624       131072        1537.708    425721856    106430464
        1624       262144        3034.166    851443712    212860928
        1624       524288        5613.300   1702887424    425721856
        1784            1           1.192         3568          892
        1784            2           0.275         7136         1784
        1784            4           0.275        14272         3568
        1784            8           0.366        28544         7136
        1784           16           0.367        57088        14272
        1784           32           0.642       114176        28544
        1784           64           1.008       228352        57088
        1784          128           1.741       456704       114176
        1784          256           3.300       913408       228352
        1784          512           6.233      1826816       456704
        1784         1024          12.375      3653632       913408
        1784         2048          24.567      7307264      1826816
        1784         4096          48.950     14614528      3653632
        1784         8192         107.892     29229056      7307264
        1784        16384         190.300     58458112     14614528
        1784        32768         380.141    116916224     29229056
        1784        65536         777.150    233832448     58458112
        1784       131072        1813.350    467664896    116916224
        1784       262144        3394.600    935329792    233832448
        1784       524288        6188.509   1870659584    467664896
        1960            1           1.100         3920          980
        1960            2           0.367         7840         1960
        1960            4           0.275        15680         3920
        1960            8           0.367        31360         7840
        1960           16           0.367        62720        15680
        1960           32           0.641       125440        31360
        1960           64           1.100       250880        62720
        1960          128           1.833       501760       125440
        1960          256           3.483      1003520       250880
        1960          512           6.691      2007040       501760
        1960         1024          13.200      4014080      1003520
        1960         2048          26.216      8028160      2007040
        1960         4096          52.067     16056320      4014080
        1960         8192         127.967     32112640      8028160
        1960        16384         205.883     64225280     16056320
        1960        32768         425.425    128450560     32112640
        1960        65536         870.558    256901120     64225280
        1960       131072        1738.183    513802240    128450560
        1960       262144        3322.367   1027604480    256901120
        1960       524288        6664.534   2055208960    513802240
        2152            1           0.917         4304         1076
        2152            2           0.275         8608         2152
        2152            4           0.367        17216         4304
        2152            8           0.275        34432         8608
        2152           16           0.458        68864        17216
        2152           32           0.733       137728        34432
        2152           64           1.100       275456        68864
        2152          128           2.017       550912       137728
        2152          256           3.759      1101824       275456
        2152          512           7.334      2203648       550912
        2152         1024          14.392      4407296      1101824
        2152         2048          28.508      8814592      2203648
        2152         4096          57.017     17629184      4407296
        2152         8192         113.667     35258368      8814592
        2152        16384         227.242     70516736     17629184
        2152        32768         541.842    141033472     35258368
        2152        65536         889.167    282066944     70516736
        2152       131072        1826.275    564133888    141033472
        2152       262144        3660.342   1128267776    282066944
        2360            1           0.917         4720         1180
        2360            2           0.275         9440         2360
        2360            4           0.366        18880         4720
        2360            8           0.275        37760         9440
        2360           16           0.458        75520        18880
        2360           32           0.733       151040        37760
        2360           64           1.192       302080        75520
        2360          128           2.200       604160       151040
        2360          256           3.942      1208320       302080
        2360          512           7.792      2416640       604160
        2360         1024          15.400      4833280      1208320
        2360         2048          30.433      9666560      2416640
        2360         4096          60.591     19333120      4833280
        2360         8192         120.725     38666240      9666560
        2360        16384         235.125     77332480     19333120
        2360        32768         529.467    154664960     38666240
        2360        65536        1047.108    309329920     77332480
        2360       131072        2076.433    618659840    154664960
        2360       262144        4058.542   1237319680    309329920
        2592            1           0.917         5184         1296
        2592            2           0.275        10368         2592
        2592            4           0.275        20736         5184
        2592            8           0.367        41472        10368
        2592           16           0.459        82944        20736
        2592           32           0.734       165888        41472
        2592           64           1.283       331776        82944
        2592          128           2.291       663552       165888
        2592          256           4.400      1327104       331776
        2592          512           8.616      2654208       663552
        2592         1024          16.867      5308416      1327104
        2592         2048          33.459     10616832      2654208
        2592         4096          67.650     21233664      5308416
        2592         8192         133.375     42467328     10616832
        2592        16384         266.292     84934656     21233664
        2592        32768         533.225    169869312     42467328
        2592        65536        1128.050    339738624     84934656
        2592       131072        2222.642    679477248    169869312
        2592       262144        4818.275   1358954496    339738624
        2848            1           0.917         5696         1424
        2848            2           0.275        11392         2848
        2848            4           0.367        22784         5696
        2848            8           0.367        45568        11392
        2848           16           0.550        91136        22784
        2848           32           0.825       182272        45568
        2848           64           1.375       364544        91136
        2848          128           2.566       729088       182272
        2848          256           4.858      1458176       364544
        2848          512           9.717      2916352       729088
        2848         1024          19.158      5832704      1458176
        2848         2048          38.041     11665408      2916352
        2848         4096          75.625     23330816      5832704
        2848         8192         151.158     46661632     11665408
        2848        16384         302.500     93323264     23330816
        2848        32768         638.642    186646528     46661632
        2848        65536        1248.775    373293056     93323264
        2848       131072        2465.650    746586112    186646528
        2848       262144        4734.308   1493172224    373293056
        3128            1           1.375         6256         1564
        3128            2           0.275        12512         3128
        3128            4           0.275        25024         6256
        3128            8           0.459        50048        12512
        3128           16           0.550       100096        25024
        3128           32           0.917       200192        50048
        3128           64           1.466       400384       100096
        3128          128           2.750       800768       200192
        3128          256           5.133      1601536       400384
        3128          512          10.083      3203072       800768
        3128         1024          20.166      6406144      1601536
        3128         2048          39.875     12812288      3203072
        3128         4096          79.659     25624576      6406144
        3128         8192         158.950     51249152     12812288
        3128        16384         326.150    102498304     25624576
        3128        32768         641.208    204996608     51249152
        3128        65536        1318.076    409993216    102498304
        3128       131072        2725.342    819986432    204996608
        3128       262144        5521.084   1639972864    409993216
        3440            1           2.016         6880         1720
        3440            2           0.366        13760         3440
        3440            4           0.367        27520         6880
        3440            8           0.459        55040        13760
        3440           16           0.642       110080        27520
        3440           32           0.916       220160        55040
        3440           64           1.558       440320       110080
        3440          128           2.933       880640       220160
        3440          256           5.775      1761280       440320
        3440          512          11.275      3522560       880640
        3440         1024          22.367      7045120      1761280
        3440         2048          44.642     14090240      3522560
        3440         4096          97.259     28180480      7045120
        3440         8192         178.292     56360960     14090240
        3440        16384         357.042    112721920     28180480
        3440        32768         714.542    225443840     56360960
        3440        65536        1492.884    450887680    112721920
        3440       131072        2898.592    901775360    225443840
        3440       262144        5747.592   1803550720    450887680
        3784            1           1.742         7568         1892
        3784            2           0.367        15136         3784
        3784            4           0.367        30272         7568
        3784            8           0.459        60544        15136
        3784           16           0.642       121088        30272
        3784           32           1.008       242176        60544
        3784           64           1.741       484352       121088
        3784          128           3.300       968704       242176
        3784          256           6.233      1937408       484352
        3784          512          12.283      3874816       968704
        3784         1024          24.292      7749632      1937408
        3784         2048          48.308     15499264      3874816
        3784         4096          96.617     30998528      7749632
        3784         8192         193.050     61997056     15499264
        3784        16384         394.350    123994112     30998528
        3784        32768         775.775    247988224     61997056
        3784        65536        1592.708    495976448    123994112
        3784       131072        3079.083    991952896    247988224
        3784       262144        8911.834   1983905792    495976448
        4160            1           1.375         8320         2080
        4160            2           0.367        16640         4160
        4160            4           0.367        33280         8320
        4160            8           0.641        66560        16640
        4160           16           0.733       133120        33280
        4160           32           1.375       266240        66560
        4160           64           2.475       532480       133120
        4160          128           4.033      1064960       266240
        4160          256           7.791      2129920       532480
        4160          512          16.316      4259840      1064960
        4160         1024          31.809      8519680      2129920
        4160         2048          63.159     17039360      4259840
        4160         4096         126.408     34078720      8519680
        4160         8192         264.366     68157440     17039360
        4160        16384         517.275    136314880     34078720
        4160        32768        1346.858    272629760     68157440
        4160        65536        2000.259    545259520    136314880
        4160       131072        3539.250   1090519040    272629760
        4576            1           1.741         9152         2288
        4576            2           0.275        18304         4576
        4576            4           0.367        36608         9152
        4576            8           0.459        73216        18304
        4576           16           0.734       146432        36608
        4576           32           1.192       292864        73216
        4576           64           2.016       585728       146432
        4576          128           3.850      1171456       292864
        4576          256           7.517      2342912       585728
        4576          512          14.575      4685824      1171456
        4576         1024          29.150      9371648      2342912
        4576         2048          58.025     18743296      4685824
        4576         4096         115.867     37486592      9371648
        4576         8192         231.550     74973184     18743296
        4576        16384         464.292    149946368     37486592
        4576        32768        1003.659    299892736     74973184
        4576        65536        1970.283    599785472    149946368
        4576       131072        3791.608   1199570944    299892736
        5032            1           1.833        10064         2516
        5032            2           0.367        20128         5032
        5032            4           0.733        40256        10064
        5032            8           0.550        80512        20128
        5032           16           0.733       161024        40256
        5032           32           1.283       322048        80512
        5032           64           2.292       644096       161024
        5032          128           4.217      1288192       322048
        5032          256           8.250      2576384       644096
        5032          512          16.317      5152768      1288192
        5032         1024          32.359     10305536      2576384
        5032         2048          64.258     20611072      5152768
        5032         4096         128.333     41222144     10305536
        5032         8192         256.483     82444288     20611072
        5032        16384         522.775    164888576     41222144
        5032        32768        1097.892    329777152     82444288
        5032        65536        2256.191    659554304    164888576
        5032       131072        4444.550   1319108608    329777152
        5528            1          12.191        11056         2764
        5528            2           0.459        22112         5528
        5528            4           0.550        44224        11056
        5528            8           0.642        88448        22112
        5528           16           1.100       176896        44224
        5528           32           1.558       353792        88448
        5528           64           2.567       707584       176896
        5528          128          90.475      1415168       353792
        5528          256          15.950      2830336       707584
        5528          512          31.441      5660672      1415168
        5528         1024          62.333     11321344      2830336
        5528         2048         118.342     22642688      5660672
        5528         4096         203.684     45285376     11321344
        5528         8192         403.058     90570752     22642688
        5528        16384         756.433    181141504     45285376
        5528        32768        1286.267    362283008     90570752
        5528        65536        2373.066    724566016    181141504
        5528       131072        4616.334   1449132032    362283008
        6080            1           1.741        12160         3040
        6080            2           0.367        24320         6080
        6080            4           0.458        48640        12160
        6080            8           0.641        97280        24320
        6080           16           0.917       194560        48640
        6080           32           1.558       389120        97280
        6080           64           2.659       778240       194560
        6080          128           5.041      1556480       389120
        6080          256           9.716      3112960       778240
        6080          512          19.250      6225920      1556480
        6080         1024          38.225     12451840      3112960
        6080         2048          76.175     24903680      6225920
        6080         4096         152.350     49807360     12451840
        6080         8192         304.334     99614720     24903680
        6080        16384         626.267    199229440     49807360
        6080        32768        1556.409    398458880     99614720
        6080        65536        2616.717    796917760    199229440
        6080       131072        5046.434   1593835520    398458880
        6688            1           1.925        13376         3344
        6688            2           0.733        26752         6688
        6688            4           0.459        53504        13376
        6688            8           0.641       107008        26752
        6688           16           0.917       214016        53504
        6688           32           1.559       428032       107008
        6688           64           2.842       856064       214016
        6688          128           5.408      1712128       428032
        6688          256          10.725      3424256       856064
        6688          512          21.175      6848512      1712128
        6688         1024          41.983     13697024      3424256
        6688         2048          83.784     27394048      6848512
        6688         4096         185.717     54788096     13697024
        6688         8192         336.325    109576192     27394048
        6688        16384         672.283    219152384     54788096
        6688        32768        1481.700    438304768    109576192
        6688        65536        2831.308    876609536    219152384
        6688       131072        5669.492   1753219072    438304768
        7352            1           2.108        14704         3676
        7352            2           0.366        29408         7352
        7352            4           0.550        58816        14704
        7352            8           0.642       117632        29408
        7352           16           1.009       235264        58816
        7352           32           1.742       470528       117632
        7352           64           3.208       941056       235264
        7352          128           6.050      1882112       470528
        7352          256          11.825      3764224       941056
        7352          512          23.467      7528448      1882112
        7352         1024          46.750     15056896      3764224
        7352         2048          93.409     30113792      7528448
        7352         4096         205.425     60227584     15056896
        7352         8192         377.484    120455168     30113792
        7352        16384         755.516    240910336     60227584
        7352        32768        1563.834    481820672    120455168
        7352        65536        3066.434    963641344    240910336
        7352       131072        6271.009   1927282688    481820672
        8080            1           1.559        16160         4040
        8080            2           0.367        32320         8080
        8080            4           0.550        64640        16160
        8080            8           0.734       129280        32320
        8080           16           1.100       258560        64640
        8080           32           1.833       517120       129280
        8080           64           3.483      1034240       258560
        8080          128           6.691      2068480       517120
        8080          256          13.108      4136960      1034240
        8080          512          25.942      8273920      2068480
        8080         1024          56.467     16547840      4136960
        8080         2048         102.758     33095680      8273920
        8080         4096         214.500     66191360     16547840
        8080         8192         411.675    132382720     33095680
        8080        16384         847.642    264765440     66191360
        8080        32768        1722.600    529530880    132382720
        8080        65536        3343.542   1059061760    264765440
        8080       131072        6707.800   2118123520    529530880
        8888            1           1.833        17776         4444
        8888            2           0.367        35552         8888
        8888            4           0.550        71104        17776
        8888            8           0.825       142208        35552
        8888           16           1.100       284416        71104
        8888           32           2.017       568832       142208
        8888           64           3.667      1137664       284416
        8888          128           7.058      2275328       568832
        8888          256          13.842      4550656      1137664
        8888          512          27.225      9101312      2275328
        8888         1024          54.450     18202624      4550656
        8888         2048         122.925     36405248      9101312
        8888         4096         217.800     72810496     18202624
        8888         8192         454.116    145620992     36405248
        8888        16384         928.492    291241984     72810496
        8888        32768        1894.200    582483968    145620992
        8888        65536        3658.050   1164967936    291241984
        9776            1           2.200        19552         4888
        9776            2           0.458        39104         9776
        9776            4           0.550        78208        19552
        9776            8           0.733       156416        39104
        9776           16           1.283       312832        78208
        9776           32           2.200       625664       156416
        9776           64           4.125      1251328       312832
        9776          128           8.066      2502656       625664
        9776          256          15.675      5005312      1251328
        9776          512          31.167     10010624      2502656
        9776         1024          61.967     20021248      5005312
        9776         2048         123.842     40042496     10010624
        9776         4096         247.409     80084992     20021248
        9776         8192         510.400    160169984     40042496
        9776        16384        1097.616    320339968     80084992
        9776        32768        2078.450    640679936    160169984
        9776        65536        3978.883   1281359872    320339968
       10752            1           2.016        21504         5376
       10752            2           0.550        43008        10752
       10752            4           0.642        86016        21504
       10752            8           0.916       172032        43008
       10752           16           1.467       344064        86016
       10752           32           2.659       688128       172032
       10752           64           4.950      1376256       344064
       10752          128           9.534      2752512       688128
       10752          256          18.700      5505024      1376256
       10752          512          37.034     11010048      2752512
       10752         1024          72.966     22020096      5505024
       10752         2048         146.025     44040192     11010048
       10752         4096         291.775     88080384     22020096
       10752         8192         590.608    176160768     44040192
       10752        16384        1209.633    352321536     88080384
       10752        32768        2359.500    704643072    176160768
       10752        65536        4534.292   1409286144    352321536
       11824            1           1.742        23648         5912
       11824            2           0.458        47296        11824
       11824            4           0.550        94592        23648
       11824            8           0.917       189184        47296
       11824           16           1.558       378368        94592
       11824           32           2.658       756736       189184
       11824           64           4.950      1513472       378368
       11824          128           9.625      3026944       756736
       11824          256          18.883      6053888      1513472
       11824          512          37.492     12107776      3026944
       11824         1024          74.800     24215552      6053888
       11824         2048         149.142     48431104     12107776
       11824         4096         299.017     96862208     24215552
       11824         8192         613.984    193724416     48431104
       11824        16384        1315.967    387448832     96862208
       11824        32768        2453.367    774897664    193724416
       11824        65536        5253.325   1549795328    387448832
       13000            1           2.383        26000         6500
       13000            2           0.459        52000        13000
       13000            4           0.642       104000        26000
       13000            8           1.008       208000        52000
       13000           16           1.558       416000       104000
       13000           32           8.891       832000       208000
       13000           64           5.317      1664000       416000
       13000          128          10.175      3328000       832000
       13000          256          19.983      6656000      1664000
       13000          512          39.509     13312000      3328000
       13000         1024          78.833     26624000      6656000
       13000         2048         160.234     53248000     13312000
       13000         4096         346.041    106496000     26624000
       13000         8192         714.725    212992000     53248000
       13000        16384        1420.375    425984000    106496000
       13000        32768        2883.466    851968000    212992000
       13000        65536        5796.633   1703936000    425984000
       14296            1           2.200        28592         7148
       14296            2           0.550        57184        14296
       14296            4           0.733       114368        28592
       14296            8           1.009       228736        57184
       14296           16           1.742       457472       114368
       14296           32           3.209       914944       228736
       14296           64           5.959      1829888       457472
       14296          128          11.733      3659776       914944
       14296          256          23.009      7319552      1829888
       14296          512          45.559     14639104      3659776
       14296         1024          90.750     29278208      7319552
       14296         2048         180.675     58556416     14639104
       14296         4096         372.442    117112832     29278208
       14296         8192         866.984    234225664     58556416
       14296        16384        1664.850    468451328    117112832
       14296        32768        3330.708    936902656    234225664
       14296        65536        6228.475   1873805312    468451328
       15720            1           2.292        31440         7860
       15720            2           0.550        62880        15720
       15720            4           0.733       125760        31440
       15720            8           1.283       251520        62880
       15720           16           1.925       503040       125760
       15720           32           3.391      1006080       251520
       15720           64           6.600      2012160       503040
       15720          128          12.741      4024320      1006080
       15720          256          25.117      8048640      2012160
       15720          512          49.775     16097280      4024320
       15720         1024          99.092     32194560      8048640
       15720         2048         198.000     64389120     16097280
       15720         4096         409.658    128778240     32194560
       15720         8192         878.533    257556480     64389120
       15720        16384        1615.992    515112960    128778240
       15720        32768        3208.975   1030225920    257556480
       15720        65536        6447.834   2060451840    515112960
       17288            1           2.934        34576         8644
       17288            2           0.550        69152        17288
       17288            4           0.825       138304        34576
       17288            8           1.192       276608        69152
       17288           16           2.017       553216       138304
       17288           32           3.666      1106432       276608
       17288           64           6.967      2212864       553216
       17288          128          13.383      4425728      1106432
       17288          256          26.492      8851456      2212864
       17288          512          52.708     17702912      4425728
       17288         1024         104.866     35405824      8851456
       17288         2048         209.459     70811648     17702912
       17288         4096         418.825    141623296     35405824
       17288         8192         910.525    283246592     70811648
       17288        16384        1828.200    566493184    141623296
       17288        32768        3569.042   1132986368    283246592
       19016            1           2.475        38032         9508
       19016            2           0.550        76064        19016
       19016            4           0.825       152128        38032
       19016            8           1.284       304256        76064
       19016           16           2.200       608512       152128
       19016           32           3.941      1217024       304256
       19016           64           7.517      2434048       608512
       19016          128          14.667      4868096      1217024
       19016          256          28.875      9736192      2434048
       19016          512          57.383     19472384      4868096
       19016         1024         114.309     38944768      9736192
       19016         2048         228.342     77889536     19472384
       19016         4096         496.375    155779072     38944768
       19016         8192        1064.158    311558144     77889536
       19016        16384        2044.167    623116288    155779072
       19016        32768        4008.950   1246232576    311558144
       20912            1           3.117        41824        10456
       20912            2           0.733        83648        20912
       20912            4           1.008       167296        41824
       20912            8           1.466       334592        83648
       20912           16           2.383       669184       167296
       20912           32           4.308      1338368       334592
       20912           64           8.342      2676736       669184
       20912          128          16.225      5353472      1338368
       20912          256          32.083     10706944      2676736
       20912          512          69.117     21413888      5353472
       20912         1024         126.500     42827776     10706944
       20912         2048         266.383     85655552     21413888
       20912         4096         507.283    171311104     42827776
       20912         8192        1090.925    342622208     85655552
       20912        16384        2297.809    685244416    171311104
       20912        32768        4844.308   1370488832    342622208
       23000            1           2.200        46000        11500
       23000            2           0.733        92000        23000
       23000            4           1.008       184000        46000
       23000            8           1.650       368000        92000
       23000           16           2.658       736000       184000
       23000           32          10.358      1472000       368000
       23000           64           9.441      2944000       736000
       23000          128          18.425      5888000      1472000
       23000          256          36.484     11776000      2944000
       23000          512          72.600     23552000      5888000
       23000         1024         144.925     47104000     11776000
       23000         2048         300.942     94208000     23552000
       23000         4096         583.917    188416000     47104000
       23000         8192        1338.333    376832000     94208000
       23000        16384        2483.892    753664000    188416000
       23000        32768        4775.833   1507328000    376832000
       25296            1           2.659        50592        12648
       25296            2           0.825       101184        25296
       25296            4           1.192       202368        50592
       25296            8           1.742       404736       101184
       25296           16           2.933       809472       202368
       25296           32           5.408      1618944       404736
       25296           64          10.359      3237888       809472
       25296          128          20.441      6475776      1618944
       25296          256          40.334     12951552      3237888
       25296          512          79.842     25903104      6475776
       25296         1024         159.775     51806208     12951552
       25296         2048         339.442    103612416     25903104
       25296         4096         639.283    207224832     51806208
       25296         8192        1394.250    414449664    103612416
       25296        16384        2729.741    828899328    207224832
       25296        32768        8370.909   1657798656    414449664
       27824            1           3.483        55648        13912
       27824            2           0.825       111296        27824
       27824            4           1.192       222592        55648
       27824            8           1.925       445184       111296
       27824           16           3.209       890368       222592
       27824           32           5.958      1780736       445184
       27824           64          11.367      3561472       890368
       27824          128          22.275      7122944      1780736
       27824          256          44.275     14245888      3561472
       27824          512          87.450     28491776      7122944
       27824         1024         175.083     56983552     14245888
       27824         2048         352.458    113967104     28491776
       27824         4096         704.825    227934208     56983552
       27824         8192        1552.375    455868416    113967104
       27824        16384        3270.850    911736832    227934208
       27824        32768        5892.242   1823473664    455868416
       30600            1           2.842        61200        15300
       30600            2           0.917       122400        30600
       30600            4           1.283       244800        61200
       30600            8           2.016       489600       122400
       30600           16           3.483       979200       244800
       30600           32           6.600      1958400       489600
       30600           64          12.650      3916800       979200
       30600          128          24.566      7833600      1958400
       30600          256          48.584     15667200      3916800
       30600          512          97.900     31334400      7833600
       30600         1024         195.525     62668800     15667200
       30600         2048         388.759    125337600     31334400
       30600         4096         833.617    250675200     62668800
       30600         8192        1668.975    501350400    125337600
       30600        16384        3222.358   1002700800    250675200
       30600        32768        6317.667   2005401600    501350400
       33656            1           2.750        67312        16828
       33656            2           1.009       134624        33656
       33656            4           1.558       269248        67312
       33656            8           2.475       538496       134624
       33656           16           4.033      1076992       269248
       33656           32           7.700      2153984       538496
       33656           64          14.666      4307968      1076992
       33656          128          28.875      8615936      2153984
       33656          256          57.658     17231872      4307968
       33656          512         115.041     34463744      8615936
       33656         1024         233.842     68927488     17231872
       33656         2048         473.366    137854976     34463744
       33656         4096         991.008    275709952     68927488
       33656         8192        2011.075    551419904    137854976
       33656        16384        3732.575   1102839808    275709952
       37016            1           2.933        74032        18508
       37016            2           1.192       148064        37016
       37016            4           1.742       296128        74032
       37016            8           2.933       592256       148064
       37016           16           5.133      1184512       296128
       37016           32           9.625      2369024       592256
       37016           64          24.200      4738048      1184512
       37016          128          37.125      9476096      2369024
       37016          256          74.250     18952192      4738048
       37016          512         150.609     37904384      9476096
       37016         1024         314.509     75808768     18952192
       37016         2048         623.241    151617536     37904384
       37016         4096        1262.708    303235072     75808768
       37016         8192        2461.525    606470144    151617536
       37016        16384        4863.467   1212940288    303235072
       40712            1           4.491        81424        20356
       40712            2           1.375       162848        40712
       40712            4           1.925       325696        81424
       40712            8           3.208       651392       162848
       40712           16           5.775      1302784       325696
       40712           32          10.634      2605568       651392
       40712           64          20.808      5211136      1302784
       40712          128          41.342     10422272      2605568
       40712          256          83.967     20844544      5211136
       40712          512         167.842     41689088     10422272
       40712         1024         333.483     83378176     20844544
       40712         2048         668.250    166756352     41689088
       40712         4096        1351.075    333512704     83378176
       40712         8192        2645.408    667025408    166756352
       40712        16384        5011.508   1334050816    333512704
       44776            1           3.942        89552        22388
       44776            2           1.375       179104        44776
       44776            4           2.108       358208        89552
       44776            8           3.483       716416       179104
       44776           16           6.233      1432832       358208
       44776           32          11.733      2865664       716416
       44776           64          23.009      5731328      1432832
       44776          128          45.191     11462656      2865664
       44776          256          92.125     22925312      5731328
       44776          512         183.792     45850624     11462656
       44776         1024         366.850     91701248     22925312
       44776         2048         746.900    183402496     45850624
       44776         4096        1427.616    366804992     91701248
       44776         8192        2685.467    733609984    183402496
       44776        16384        5524.383   1467219968    366804992
       49248            1           4.308        98496        24624
       49248            2           9.625       196992        49248
       49248            4           2.200       393984        98496
       49248            8           3.667       787968       196992
       49248           16           6.509      1575936       393984
       49248           32          12.375      3151872       787968
       49248           64          24.109      6303744      1575936
       49248          128          47.300     12607488      3151872
       49248          256          96.891     25214976      6303744
       49248          512         192.592     50429952     12607488
       49248         1024         389.584    100859904     25214976
       49248         2048         777.700    201719808     50429952
       49248         4096        1546.784    403439616    100859904
       49248         8192        2959.550    806879232    201719808
       49248        16384        5664.909   1613758464    403439616
       54168            1           4.675       108336        27084
       54168            2           1.558       216672        54168
       54168            4           2.383       433344       108336
       54168            8           3.941       866688       216672
       54168           16           6.967      1733376       433344
       54168           32          13.017      3466752       866688
       54168           64          25.483      6933504      1733376
       54168          128          50.875     13867008      3466752
       54168          256         101.750     27734016      6933504
       54168          512         202.858     55468032     13867008
       54168         1024         405.166    110936064     27734016
       54168         2048         823.716    221872128     55468032
       54168         4096        1663.475    443744256    110936064
       54168         8192        3165.434    887488512    221872128
       54168        16384        6154.683   1774977024    443744256
       59584            1           5.317       119168        29792
       59584            2           1.834       238336        59584
       59584            4           2.566       476672       119168
       59584            8           4.217       953344       238336
       59584           16           7.517      1906688       476672
       59584           32          14.025      3813376       953344
       59584           64          27.959      7626752      1906688
       59584          128          60.867     15253504      3813376
       59584          256         112.933     30507008      7626752
       59584          512         224.950     61014016     15253504
       59584         1024         451.367    122028032     30507008
       59584         2048         905.025    244056064     61014016
       59584         4096        1761.008    488112128    122028032
       59584         8192        3529.809    976224256    244056064
       59584        16384        6502.558   1952448512    488112128
       65536            1           4.767       131072        32768
       65536            2           1.925       262144        65536
       65536            4           2.750       524288       131072
       65536            8           4.583      1048576       262144
       65536           16           8.342      2097152       524288
       65536           32          15.492      4194304      1048576
       65536           64          30.525      8388608      2097152
       65536          128          60.317     16777216      4194304
       65536          256         120.083     33554432      8388608
       65536          512         239.067     67108864     16777216
       65536         1024         477.217    134217728     33554432
       65536         2048         967.817    268435456     67108864
       65536         4096        2162.050    536870912    134217728
       65536         8192        4613.400   1073741824    268435456
       65536        16384        7254.592   2147483648    536870912
       72088            1           4.767       144176        36044
       72088            2           2.017       288352        72088
       72088            4           3.117       576704       144176
       72088            8           5.041      1153408       288352
       72088           16           9.075      2306816       576704
       72088           32          17.050      4613632      1153408
       72088           64          32.908      9227264      2306816
       72088          128          75.350     18454528      4613632
       72088          256         131.450     36909056      9227264
       72088          512         274.358     73818112     18454528
       72088         1024         522.683    147636224     36909056
       72088         2048        1037.208    295272448     73818112
       72088         4096        2055.075    590544896    147636224
       72088         8192        3925.350   1181089792    295272448
       79296            1           6.233       158592        39648
       79296            2           2.108       317184        79296
       79296            4           3.300       634368       158592
       79296            8           5.408      1268736       317184
       79296           16           9.717      2537472       634368
       79296           32          18.425      5074944      1268736
       79296           64          35.750     10149888      2537472
       79296          128          71.500     20299776      5074944
       79296          256         155.375     40599552     10149888
       79296          512         284.259     81199104     20299776
       79296         1024         567.967    162398208     40599552
       79296         2048        1239.700    324796416     81199104
       79296         4096        2262.333    649592832    162398208
       79296         8192        4347.567   1299185664    324796416
       87224            1           6.417       174448        43612
       87224            2           2.383       348896        87224
       87224            4           3.575       697792       174448
       87224            8           6.050      1395584       348896
       87224           16          10.817      2791168       697792
       87224           32          28.233      5582336      1395584
       87224           64          39.600     11164672      2791168
       87224          128          79.384     22329344      5582336
       87224          256         157.391     44658688     11164672
       87224          512         313.775     89317376     22329344
       87224         1024         625.991    178634752     44658688
       87224         2048        1251.616    357269504     89317376
       87224         4096        2555.941    714539008    178634752
       87224         8192        4894.267   1429078016    357269504
       95944            1           6.966       191888        47972
       95944            2           2.658       383776        95944
       95944            4           4.033       767552       191888
       95944            8           6.600      1535104       383776
       95944           16          11.825      3070208       767552
       95944           32          22.366      6140416      1535104
       95944           64          43.266     12280832      3070208
       95944          128          87.359     24561664      6140416
       95944          256         173.433     49123328     12280832
       95944          512         361.900     98246656     24561664
       95944         1024         695.108    196493312     49123328
       95944         2048        1387.375    392986624     98246656
       95944         4096        2713.792    785973248    196493312
       95944         8192        6348.650   1571946496    392986624
      105536            1           6.600       211072        52768
      105536            2           2.841       422144       105536
      105536            4           4.217       844288       211072
      105536            8           7.425      1688576       422144
      105536           16          13.292      3377152       844288
      105536           32          25.942      6754304      1688576
      105536           64          50.691     13508608      3377152
      105536          128         100.467     27017216      6754304
      105536          256         204.600     54034432     13508608
      105536          512         408.191    108068864     27017216
      105536         1024         799.975    216137728     54034432
      105536         2048        1576.941    432275456    108068864
      105536         4096        3026.191    864550912    216137728
      105536         8192        6054.400   1729101824    432275456
      116088            1           6.783       232176        58044
      116088            2           3.116       464352       116088
      116088            4           4.766       928704       232176
      116088            8           8.067      1857408       464352
      116088           16          14.300      3714816       928704
      116088           32          26.950      7429632      1857408
      116088           64          52.709     14859264      3714816
      116088          128         105.783     29718528      7429632
      116088          256         209.825     59437056     14859264
      116088          512         422.583    118874112     29718528
      116088         1024         872.850    237748224     59437056
      116088         2048        1658.984    475496448    118874112
      116088         4096        3235.742    950992896    237748224
      116088         8192        6373.125   1901985792    475496448
      127696            1           7.975       255392        63848
      127696            2           3.483       510784       127696
      127696            4           5.409      1021568       255392
      127696            8           8.800      2043136       510784
      127696           16          16.042      4086272      1021568
      127696           32          29.975      8172544      2043136
      127696           64          59.125     16345088      4086272
      127696          128         117.059     32690176      8172544
      127696          256         250.525     65380352     16345088
      127696          512         463.833    130760704     32690176
      127696         1024         929.958    261521408     65380352
      127696         2048        1810.234    523042816    130760704
      127696         4096        3694.442   1046085632    261521408
      127696         8192        6943.475   2092171264    523042816
      140464            1           9.167       280928        70232
      140464            2           3.942       561856       140464
      140464            4           5.683      1123712       280928
      140464            8           9.533      2247424       561856
      140464           16          17.233      4494848      1123712
      140464           32          32.817      8989696      2247424
      140464           64          63.525     17979392      4494848
      140464          128         125.492     35958784      8989696
      140464          256         248.783     71917568     17979392
      140464          512         514.984    143835136     35958784
      140464         1024         984.133    287670272     71917568
      140464         2048        1933.158    575340544    143835136
      140464         4096        3989.516   1150681088    287670272
      154504            1          10.083       309008        77252
      154504            2           4.125       618016       154504
      154504            4           6.233      1236032       309008
      154504            8          10.450      2472064       618016
      154504           16          18.791      4944128      1236032
      154504           32          35.750      9888256      2472064
      154504           64          70.858     19776512      4944128
      154504          128         140.342     39553024      9888256
      154504          256         288.108     79106048     19776512
      154504          512         555.225    158212096     39553024
      154504         1024        1129.791    316424192     79106048
      154504         2048        2141.242    632848384    158212096
      154504         4096        4424.659   1265696768    316424192
      169952            1           9.716       339904        84976
      169952            2           4.400       679808       169952
      169952            4           6.875      1359616       339904
      169952            8          11.642      2719232       679808
      169952           16          21.266      5438464      1359616
      169952           32          40.425     10876928      2719232
      169952           64          80.116     21753856      5438464
      169952          128         168.575     43507712     10876928
      169952          256         317.900     87015424     21753856
      169952          512         642.217    174030848     43507712
      169952         1024        1272.791    348061696     87015424
      169952         2048        2423.942    696123392    174030848
      169952         4096        4674.267   1392246784    348061696
      186944            1          11.092       373888        93472
      186944            2           4.950       747776       186944
      186944            4           7.517      1495552       373888
      186944            8          13.017      2991104       747776
      186944           16          23.558      5982208      1495552
      186944           32          45.283     11964416      2991104
      186944           64          89.742     23928832      5982208
      186944          128         178.383     47857664     11964416
      186944          256         353.742     95715328     23928832
      186944          512         687.408    191430656     47857664
      186944         1024        1409.192    382861312     95715328
      186944         2048        2618.642    765722624    191430656
      186944         4096        5144.975   1531445248    382861312
      205632            1          11.458       411264       102816
      205632            2           5.500       822528       205632
      205632            4           8.250      1645056       411264
      205632            8          14.025      3290112       822528
      205632           16          25.209      6580224      1645056
      205632           32          48.217     13160448      3290112
      205632           64          95.333     26320896      6580224
      205632          128         188.467     52641792     13160448
      205632          256         373.267    105283584     26320896
      205632          512         755.334    210567168     52641792
      205632         1024        1646.975    421134336    105283584
      205632         2048        2970.183    842268672    210567168
      205632         4096        5627.966   1684537344    421134336
      226192            1          13.475       452384       113096
      226192            2           5.867       904768       226192
      226192            4           9.075      1809536       452384
      226192            8          15.125      3619072       904768
      226192           16          27.500      7238144      1809536
      226192           32          52.250     14476288      3619072
      226192           64         104.042     28952576      7238144
      226192          128         205.150     57905152     14476288
      226192          256         413.966    115810304     28952576
      226192          512         903.925    231620608     57905152
      226192         1024        1767.242    463241216    115810304
      226192         2048        3161.033    926482432    231620608
      226192         4096        6101.700   1852964864    463241216
      248808            1          13.475       497616       124404
      248808            2           6.508       995232       248808
      248808            4           9.992      1990464       497616
      248808            8          16.775      3980928       995232
      248808           16          30.158      7961856      1990464
      248808           32          57.658     15923712      3980928
      248808           64         114.491     31847424      7961856
      248808          128         226.600     63694848     15923712
      248808          256         553.575    127389696     31847424
      248808          512         914.650    254779392     63694848
      248808         1024        1739.283    509558784    127389696
      248808         2048        3421.642   1019117568    254779392
      248808         4096        6594.409   2038235136    509558784
      273688            1          14.850       547376       136844
      273688            2           7.333      1094752       273688
      273688            4          11.000      2189504       547376
      273688            8          18.242      4379008      1094752
      273688           16          33.550      8758016      2189504
      273688           32          64.442     17516032      4379008
      273688           64         300.759     35032064      8758016
      273688          128         352.825     70064128     17516032
      273688          256         509.942    140128256     35032064
      273688          512        1018.600    280256512     70064128
      273688         1024        1953.875    560513024    140128256
      273688         2048        3814.067   1121026048    280256512
      301056            1          16.409       602112       150528
      301056            2           7.884      1204224       301056
      301056            4          12.008      2408448       602112
      301056            8          20.350      4816896      1204224
      301056           16          36.942      9633792      2408448
      301056           32          71.133     19267584      4816896
      301056           64         139.884     38535168      9633792
      301056          128         275.733     77070336     19267584
      301056          256         548.166    154140672     38535168
      301056          512        1123.833    308281344     77070336
      301056         1024        2212.376    616562688    154140672
      301056         2048        4227.392   1233125376    308281344
      331160            1          17.966       662320       165580
      331160            2           8.525      1324640       331160
      331160            4          12.925      2649280       662320
      331160            8          22.275      5298560      1324640
      331160           16          40.241     10597120      2649280
      331160           32          78.192     21194240      5298560
      331160           64         152.167     42388480     10597120
      331160          128         298.925     84776960     21194240
      331160          256         596.476    169553920     42388480
      331160          512        1215.500    339107840     84776960
      331160         1024        2381.409    678215680    169553920
      331160         2048        4706.900   1356431360    339107840
      364272            1          19.616       728544       182136
      364272            2           9.442      1457088       364272
      364272            4          14.300      2914176       728544
      364272            8          24.292      5828352      1457088
      364272           16          44.275     11656704      2914176
      364272           32          92.950     23313408      5828352
      364272           64         174.075     46626816     11656704
      364272          128         344.025     93253632     23313408
      364272          256         689.242    186507264     46626816
      364272          512        1349.150    373014528     93253632
      364272         1024        3035.175    746029056    186507264
      364272         2048        5249.842   1492058112    373014528
      400696            1          20.442       801392       200348
      400696            2          10.725      1602784       400696
      400696            4          15.766      3205568       801392
      400696            8          26.583      6411136      1602784
      400696           16          48.767     12822272      3205568
      400696           32          95.059     25644544      6411136
      400696           64         184.158     51289088     12822272
      400696          128         405.808    102578176     25644544
      400696          256         739.658    205156352     51289088
      400696          512        1457.133    410312704    102578176
      400696         1024        2828.742    820625408    205156352
      400696         2048        5551.242   1641250816    410312704
      440760            1          22.642       881520       220380
      440760            2          11.550      1763040       440760
      440760            4          17.325      3526080       881520
      440760            8          29.517      7052160      1763040
      440760           16          53.350     14104320      3526080
      440760           32         103.400     28208640      7052160
      440760           64         201.208     56417280     14104320
      440760          128         395.083    112834560     28208640
      440760          256         822.433    225669120     56417280
      440760          512        1680.342    451338240    112834560
      440760         1024        3053.783    902676480    225669120
      440760         2048        6006.550   1805352960    451338240
      484832            1          25.850       969664       242416
      484832            2          18.883      1939328       484832
      484832            4          27.500      3878656       969664
      484832            8          45.375      7757312      1939328
      484832           16          80.942     15514624      3878656
      484832           32         129.159     31029248      7757312
      484832           64         222.475     62058496     15514624
      484832          128         437.158    124116992     31029248
      484832          256         887.150    248233984     62058496
      484832          512        1781.266    496467968    124116992
      484832         1024        3369.942    992935936    248233984
      484832         2048        6471.941   1985871872    496467968
      533312            1          26.950      1066624       266656
      533312            2          14.025      2133248       533312
      533312            4          21.359      4266496      1066624
      533312            8          36.117      8532992      2133248
      533312           16          66.733     17065984      4266496
      533312           32         126.867     34131968      8532992
      533312           64         247.867     68263936     17065984
      533312          128         498.300    136527872     34131968
      533312          256         985.416    273055744     68263936
      533312          512        1959.467    546111488    136527872
      533312         1024        3705.166   1092222976    273055744
      586640            1          30.250      1173280       293320
      586640            2          15.034      2346560       586640
      586640            4          23.100      4693120      1173280
      586640            8          39.783      9386240      2346560
      586640           16          73.242     18772480      4693120
      586640           32         139.150     37544960      9386240
      586640           64         273.258     75089920     18772480
      586640          128         540.192    150179840     37544960
      586640          256        1134.467    300359680     75089920
      586640          512        2094.950    600719360    150179840
      586640         1024        4189.717   1201438720    300359680
      645304            1          31.167      1290608       322652
      645304            2          21.816      2581216       645304
      645304            4          32.175      5162432      1290608
      645304            8          55.183     10324864      2581216
      645304           16         101.384     20649728      5162432
      645304           32         193.142     41299456     10324864
      645304           64         387.933     82598912     20649728
      645304          128         753.775    165197824     41299456
      645304          256        1542.566    330395648     82598912
      645304          512        2877.142    660791296    165197824
      645304         1024        4642.459   1321582592    330395648
      709832            1          35.017      1419664       354916
      709832            2          18.609      2839328       709832
      709832            4          29.425      5678656      1419664
      709832            8          50.783     11357312      2839328
      709832           16          93.592     22714624      5678656
      709832           32         182.875     45429248     11357312
      709832           64         367.766     90858496     22714624
      709832          128         692.725    181716992     45429248
      709832          256        1361.433    363433984     90858496
      709832          512        2633.125    726867968    181716992
      709832         1024        5066.142   1453735936    363433984
      780808            1          36.666      1561616       390404
      780808            2          20.900      3123232       780808
      780808            4          32.450      6246464      1561616
      780808            8          56.741     12492928      3123232
      780808           16         104.133     24985856      6246464
      780808           32         198.550     49971712     12492928
      780808           64         385.275     99943424     24985856
      780808          128         762.942    199886848     49971712
      780808          256        1516.717    399773696     99943424
      780808          512        2873.384    799547392    199886848
      780808         1024        5597.259   1599094784    399773696
      858888            1          41.616      1717776       429444
      858888            2          22.825      3435552       858888
      858888            4          34.375      6871104      1717776
      858888            8          59.766     13742208      3435552
      858888           16         111.192     27484416      6871104
      858888           32         215.416     54968832     13742208
      858888           64         423.041    109937664     27484416
      858888          128         811.983    219875328     54968832
      858888          256        1629.925    439750656    109937664
      858888          512        3121.067    879501312    219875328
      858888         1024        6077.867   1759002624    439750656
      944776            1          45.833      1889552       472388
      944776            2          25.850      3779104       944776
      944776            4          49.041      7558208      1889552
      944776            8          66.367     15116416      3779104
      944776           16         122.466     30232832      7558208
      944776           32         235.033     60465664     15116416
      944776           64         460.441    120931328     30232832
      944776          128         948.750    241862656     60465664
      944776          256        1734.975    483725312    120931328
      944776          512        3505.517    967450624    241862656
      944776         1024        6816.058   1934901248    483725312
     1039248            1          50.600      2078496       519624
     1039248            2          34.375      4156992      1039248
     1039248            4          54.175      8313984      2078496
     1039248            8          89.283     16627968      4156992
     1039248           16         159.867     33255936      8313984
     1039248           32         310.384     66511872     16627968
     1039248           64         609.858    133023744     33255936
     1039248          128        1318.167    266047488     66511872
     1039248          256        2144.817    532094976    133023744
     1039248          512        4859.250   1064189952    266047488
     1039248         1024        7635.742   2128379904    532094976
     1143168            1          55.642      2286336       571584
     1143168            2          33.275      4572672      1143168
     1143168            4          46.566      9145344      2286336
     1143168            8          79.567     18290688      4572672
     1143168           16         145.475     36581376      9145344
     1143168           32         278.850     73162752     18290688
     1143168           64         548.900    146325504     36581376
     1143168          128        1093.400    292651008     73162752
     1143168          256        2185.975    585302016    146325504
     1143168          512        4184.583   1170604032    292651008
     1257480            1          77.367      2514960       628740
     1257480            2          37.675      5029920      1257480
     1257480            4          52.708     10059840      2514960
     1257480            8          90.750     20119680      5029920
     1257480           16         165.000     40239360     10059840
     1257480           32         315.059     80478720     20119680
     1257480           64         620.217    160957440     40239360
     1257480          128        1257.942    321914880     80478720
     1257480          256        2369.584    643829760    160957440
     1257480          512        4827.625   1287659520    321914880
     1383224            1          63.800      2766448       691612
     1383224            2          43.817      5532896      1383224
     1383224            4          59.033     11065792      2766448
     1383224            8          99.367     22131584      5532896
     1383224           16         189.841     44263168     11065792
     1383224           32         346.592     88526336     22131584
     1383224           64         790.166    177052672     44263168
     1383224          128        1367.484    354105344     88526336
     1383224          256        2635.508    708210688    177052672
     1383224          512        5198.509   1416421376    354105344
     1521544            1          70.675      3043088       760772
     1521544            2          47.392      6086176      1521544
     1521544            4          62.333     12172352      3043088
     1521544            8         108.533     24344704      6086176
     1521544           16         214.500     48689408     12172352
     1521544           32         380.692     97378816     24344704
     1521544           64         797.133    194757632     48689408
     1521544          128        1488.300    389515264     97378816
     1521544          256        2846.250    779030528    194757632
     1521544          512        5571.225   1558061056    389515264
     1673696            1          79.108      3347392       836848
     1673696            2          50.966      6694784      1673696
     1673696            4          68.383     13389568      3347392
     1673696            8         117.242     26779136      6694784
     1673696           16         216.516     53558272     13389568
     1673696           32         420.475    107116544     26779136
     1673696           64         816.842    214233088     53558272
     1673696          128        1648.625    428466176    107116544
     1673696          256        3109.975    856932352    214233088
     1673696          512        6077.134   1713864704    428466176
     1841064            1          83.508      3682128       920532
     1841064            2          57.108      7364256      1841064
     1841064            4          77.367     14728512      3682128
     1841064            8         130.350     29457024      7364256
     1841064           16         240.809     58914048     14728512
     1841064           32         463.833    117828096     29457024
     1841064           64         871.017    235656192     58914048
     1841064          128        1747.625    471312384    117828096
     1841064          256        3339.234    942624768    235656192
     1841064          512        6562.967   1885249536    471312384
     2025168            1          94.692      4050336      1012584
     2025168            2          64.166      8100672      2025168
     2025168            4          84.517     16201344      4050336
     2025168            8         145.017     32402688      8100672
     2025168           16         266.750     64805376     16201344
     2025168           32         510.858    129610752     32402688
     2025168           64         953.792    259221504     64805376
     2025168          128        1894.383    518443008    129610752
     2025168          256        3692.059   1036886016    259221504
     2025168          512        7266.417   2073772032    518443008
     2227680            1         101.567      4455360      1113840
     2227680            2          67.833      8910720      2227680
     2227680            4          89.741     17821440      4455360
     2227680            8         153.816     35642880      8910720
     2227680           16         281.967     71285760     17821440
     2227680           32         642.583    142571520     35642880
     2227680           64        1059.025    285143040     71285760
     2227680          128        2051.500    570286080    142571520
     2227680          256        3972.101   1140572160    285143040
     2450448            1         112.475      4900896      1225224
     2450448            2          73.517      9801792      2450448
     2450448            4         101.659     19603584      4900896
     2450448            8         173.800     39207168      9801792
     2450448           16         316.525     78414336     19603584
     2450448           32         615.725    156828672     39207168
     2450448           64        1208.625    313657344     78414336
     2450448          128        2310.091    627314688    156828672
     2450448          256        5420.892   1254629376    313657344
     2695488            1         122.834      5390976      1347744
     2695488            2          82.775     10781952      2695488
     2695488            4         127.325     21563904      5390976
     2695488            8         195.983     43127808     10781952
     2695488           16         376.658     86255616     21563904
     2695488           32         686.859    172511232     43127808
     2695488           64        1431.376    345022464     86255616
     2695488          128        2546.317    690044928    172511232
     2695488          256        5002.617   1380089856    345022464
     2965032            1         134.291      5930064      1482516
     2965032            2          88.550     11860128      2965032
     2965032            4         121.366     23720256      5930064
     2965032            8         209.000     47440512     11860128
     2965032           16         383.441     94881024     23720256
     2965032           32         741.400    189762048     47440512
     2965032           64        1416.616    379524096     94881024
     2965032          128        2757.700    759048192    189762048
     2965032          256        5454.717   1518096384    379524096
     3261528            1         148.775      6523056      1630764
     3261528            2          95.242     13046112      3261528
     3261528            4         134.750     26092224      6523056
     3261528            8         237.325     52184448     13046112
     3261528           16         437.158    104368896     26092224
     3261528           32         812.441    208737792     52184448
     3261528           64        1729.841    417475584    104368896
     3261528          128        3053.600    834951168    208737792
     3261528          256        5916.076   1669902336    417475584
     3587680            1         162.158      7175360      1793840
     3587680            2         103.767     14350720      3587680
     3587680            4         144.650     28701440      7175360
     3587680            8         247.316     57402880     14350720
     3587680           16         563.291    114805760     28701440
     3587680           32         894.758    229611520     57402880
     3587680           64        1682.817    459223040    114805760
     3587680          128        3388.092    918446080    229611520
     3587680          256        6887.008   1836892160    459223040
     3946448            1         186.175      7892896      1973224
     3946448            2         109.084     15785792      3946448
     3946448            4         158.491     31571584      7892896
     3946448            8         288.384     63143168     15785792
     3946448           16         506.092    126286336     31571584
     3946448           32         958.009    252572672     63143168
     3946448           64        1879.075    505145344    126286336
     3946448          128        3562.441   1010290688    252572672
     3946448          256        7025.150   2020581376    505145344
     4341088            1         198.184      8682176      2170544
     4341088            2         124.575     17364352      4341088
     4341088            4         175.725     34728704      8682176
     4341088            8         300.850     69457408     17364352
     4341088           16         552.108    138914816     34728704
     4341088           32        1059.575    277829632     69457408
     4341088           64        2043.250    555659264    138914816
     4341088          128        3931.767   1111318528    277829632
     4775192            1         217.800      9550384      2387596
     4775192            2         138.967     19100768      4775192
     4775192            4         197.542     38201536      9550384
     4775192            8         340.267     76403072     19100768
     4775192           16         628.192    152806144     38201536
     4775192           32        1206.608    305612288     76403072
     4775192           64        2301.017    611224576    152806144
     4775192          128        4359.759   1222449152    305612288
     5252704            1         265.192     10505408      2626352
     5252704            2         146.392     21010816      5252704
     5252704            4         211.383     42021632     10505408
     5252704            8         367.583     84043264     21010816
     5252704           16         682.642    168086528     42021632
     5252704           32        1321.467    336173056     84043264
     5252704           64        2490.125    672346112    168086528
     5252704          128        4824.325   1344692224    336173056
     5777968            1         260.517     11555936      2888984
     5777968            2         166.650     23111872      5777968
     5777968            4         397.191     46223744     11555936
     5777968            8         405.808     92447488     23111872
     5777968           16         754.509    184894976     46223744
     5777968           32        1455.850    369789952     92447488
     5777968           64        2732.859    739579904    184894976
     5777968          128        5366.442   1479159808    369789952
     6355760            1         288.200     12711520      3177880
     6355760            2         196.075     25423040      6355760
     6355760            4         266.200     50846080     12711520
     6355760            8         470.983    101692160     25423040
     6355760           16         856.808    203384320     50846080
     6355760           32        1653.208    406768640    101692160
     6355760           64        2979.900    813537280    203384320
     6355760          128        5751.258   1627074560    406768640
     6991336            1         326.608     13982672      3495668
     6991336            2         214.225     27965344      6991336
     6991336            4         308.642     55930688     13982672
     6991336            8         514.983    111861376     27965344
     6991336           16        1026.117    223722752     55930688
     6991336           32        1752.850    447445504    111861376
     6991336           64        3317.600    894891008    223722752
     6991336          128        6239.475   1789782016    447445504
     7690464            1         340.358     15380928      3845232
     7690464            2         217.801     30761856      7690464
     7690464            4         316.617     61523712     15380928
     7690464            8         546.975    123047424     30761856
     7690464           16        1019.791    246094848     61523712
     7690464           32        2088.992    492189696    123047424
     7690464           64        3609.283    984379392    246094848
     7690464          128        6887.833   1968758784    492189696
     8459504            1         370.150     16919008      4229752
     8459504            2         248.417     33838016      8459504
     8459504            4         366.667     67676032     16919008
     8459504            8         595.742    135352064     33838016
     8459504           16        1396.725    270704128     67676032
     8459504           32        2143.442    541408256    135352064
     8459504           64        4003.726   1082816512    270704128
     9305448            1         401.867     18610896      4652724
     9305448            2         346.683     37221792      9305448
     9305448            4         453.567     74443584     18610896
     9305448            8         674.208    148887168     37221792
     9305448           16        1210.825    297774336     74443584
     9305448           32        2546.042    595548672    148887168
     9305448           64        4364.800   1191097344    297774336
    10235992            1         444.217     20471984      5117996
    10235992            2         372.166     40943968     10235992
    10235992            4         425.333     81887936     20471984
    10235992            8         730.766    163775872     40943968
    10235992           16        1580.425    327551744     81887936
    10235992           32        2514.875    655103488    163775872
    10235992           64        4855.125   1310206976    327551744
    11259584            1         485.375     22519168      5629792
    11259584            2         459.708     45038336     11259584
    11259584            4         475.108     90076672     22519168
    11259584            8         818.584    180153344     45038336
    11259584           16        1717.100    360306688     90076672
    11259584           32        2800.692    720613376    180153344
    11259584           64        5383.858   1441226752    360306688
    12385536            1         530.200     24771072      6192768
    12385536            2         420.842     49542144     12385536
    12385536            4         523.050     99084288     24771072
    12385536            8         896.133    198168576     49542144
    12385536           16        1649.633    396337152     99084288
    12385536           32        3235.558    792674304    198168576
    12385536           64        6009.483   1585348608    396337152
    13624088            1         577.408     27248176      6812044
    13624088            2         665.959     54496352     13624088
    13624088            4         575.941    108992704     27248176
    13624088            8         997.333    217985408     54496352
    13624088           16        1805.008    435970816    108992704
    13624088           32        3521.559    871941632    217985408
    13624088           64        6499.900   1743883264    435970816
    14986496            1        1006.500     29972992      7493248
    14986496            2         766.425     59945984     14986496
    14986496            4        1031.158    119891968     29972992
    14986496            8        1366.933    239783936     59945984
    14986496           16        2528.808    479567872    119891968
    14986496           32        3923.700    959135744    239783936
    14986496           64        7423.992   1918271488    479567872
    16485144            1         680.533     32970288      8242572
    16485144            2         747.175     65940576     16485144
    16485144            4         989.817    131881152     32970288
    16485144            8        1558.058    263762304     65940576
    16485144           16        2347.034    527524608    131881152
    16485144           32        4058.450   1055049216    263762304
    16485144           64        8108.650   2110098432    527524608
    18133656            1         750.108     36267312      9066828
    18133656            2         948.475     72534624     18133656
    18133656            4         808.959    145069248     36267312
    18133656            8        1416.984    290138496     72534624
    18133656           16        2708.567    580276992    145069248
    18133656           32        4562.342   1160553984    290138496
    19947016            1         840.859     39894032      9973508
    19947016            2         935.000     79788064     19947016
    19947016            4         878.442    159576128     39894032
    19947016            8        1529.367    319152256     79788064
    19947016           16        2618.825    638304512    159576128
    19947016           32        5474.792   1276609024    319152256
    21941712            1         889.900     43883424     10970856
    21941712            2         761.567     87766848     21941712
    21941712            4         923.175    175533696     43883424
    21941712            8        1714.259    351067392     87766848
    21941712           16        2907.117    702134784    175533696
    21941712           32        5386.517   1404269568    351067392
    24135880            1         977.717     48271760     12067940
    24135880            2         819.317     96543520     24135880
    24135880            4        1056.825    193087040     48271760
    24135880            8        1782.916    386174080     96543520
    24135880           16        3199.625    772348160    193087040
    24135880           32        6074.384   1544696320    386174080
    26549464            1        1057.375     53098928     13274732
    26549464            2         924.825    106197856     26549464
    26549464            4        1144.917    212395712     53098928
    26549464            8        1950.208    424791424    106197856
    26549464           16        3493.325    849582848    212395712
    26549464           32        6750.242   1699165696    424791424
    29204408            1        1179.567     58408816     14602204
    29204408            2        1179.567    116817632     29204408
    29204408            4        1219.625    233635264     58408816
    29204408            8        2163.241    467270528    116817632
    29204408           16        3764.842    934541056    233635264
    29204408           32        7212.609   1869082112    467270528
    32124848            1        1274.900     64249696     16062424
    32124848            2        1260.875    128499392     32124848
    32124848            4        1337.966    256998784     64249696
    32124848            8        2354.459    513997568    128499392
    32124848           16        4291.192   1027995136    256998784
    32124848           32        7738.500   2055990272    513997568
    35337328            1        1495.359     70674656     17668664
    35337328            2        1281.317    141349312     35337328
    35337328            4        1476.750    282698624     70674656
    35337328            8        2644.767    565397248    141349312
    35337328           16        4553.175   1130794496    282698624
    38871056            1        1723.425     77742112     19435528
    38871056            2        1719.116    155484224     38871056
    38871056            4        1626.625    310968448     77742112
    38871056            8        2871.917    621936896    155484224
    38871056           16        5020.034   1243873792    310968448
    42758160            1        1663.567     85516320     21379080
    42758160            2        1560.992    171032640     42758160
    42758160            4        2023.908    342065280     85516320
    42758160            8        3148.658    684130560    171032640
    42758160           16        5575.533   1368261120    342065280
    47033976            1        2183.225     94067952     23516988
    47033976            2        2198.808    188135904     47033976
    47033976            4        2085.783    376271808     94067952
    47033976            8        3681.975    752543616    188135904
    47033976           16        6429.134   1505087232    376271808
    51737368            1        2044.900    103474736     25868684
    51737368            2        1483.350    206949472     51737368
    51737368            4        2366.467    413898944    103474736
    51737368            8        3887.401    827797888    206949472
    51737368           16        6802.125   1655595776    413898944
    56911104            1        2226.767    113822208     28455552
    56911104            2        1687.583    227644416     56911104
    56911104            4        2487.467    455288832    113822208
    56911104            8        4359.667    910577664    227644416
    56911104           16        7831.084   1821155328    455288832
    62602208            1        2465.100    125204416     31301104
    62602208            2        1920.234    250408832     62602208
    62602208            4        2818.566    500817664    125204416
    62602208            8        4657.767   1001635328    250408832
    62602208           16        8437.550   2003270656    500817664
    68862424            1        2704.259    137724848     34431212
    68862424            2        2196.516    275449696     68862424
    68862424            4        3373.975    550899392    137724848
    68862424            8        5238.750   1101798784    275449696
    75748664            1        2969.817    151497328     37874332
    75748664            2        2699.034    302994656     75748664
    75748664            4        3992.359    605989312    151497328
    75748664            8        6199.600   1211978624    302994656
    83323528            1        3218.325    166647056     41661764
    83323528            2        3643.475    333294112     83323528
    83323528            4        4721.567    666588224    166647056
    83323528            8        7435.267   1333176448    333294112
    91655880            1        3851.375    183311760     45827940
    91655880            2        4468.934    366623520     91655880
    91655880            4        5388.808    733247040    183311760
    91655880            8        8533.892   1466494080    366623520
   100821464            1        3885.383    201642928     50410732
   100821464            2        5291.092    403285856    100821464
   100821464            4        6083.641    806571712    201642928
   100821464            8       10629.667   1613143424    403285856
   110903608            1        4455.000    221807216     55451804
   110903608            2        6711.100    443614432    110903608
   110903608            4        7621.992    887228864    221807216
   110903608            8       13303.584   1774457728    443614432
   121993968            1        4744.025    243987936     60996984
   121993968            2        6541.425    487975872    121993968
   121993968            4        9724.550    975951744    243987936
   121993968            8       15545.292   1951903488    487975872
   134193360            1        5306.859    268386720     67096680
   134193360            2        8764.617    536773440    134193360
   134193360            4        9874.150   1073546880    268386720
   134193360            8       16076.409   2147093760    536773440
   147612696            1        5625.584    295225392     73806348
   147612696            2       10812.909    590450784    147612696
   147612696            4       10814.375   1180901568    295225392
   162373960            1        7664.800    324747920     81186980
   162373960            2       10313.784    649495840    162373960
   162373960            4       13343.367   1298991680    324747920
   178611352            1        6970.700    357222704     89305676
   178611352            2       10144.201    714445408    178611352
   178611352            4       14873.284   1428890816    357222704
   196472480            1        7603.383    392944960     98236240
   196472480            2       12425.417    785889920    196472480
   196472480            4       16624.942   1571779840    392944960
   216119728            1        8601.175    432239456    108059864
   216119728            2       13820.309    864478912    216119728
   216119728            4       18883.150   1728957824    432239456
   237731696            1        9162.450    475463392    118865848
   237731696            2       15244.258    950926784    237731696
   237731696            4       21929.509   1901853568    475463392
   261504864            1        9994.875    523009728    130752432
   261504864            2       16270.009   1046019456    261504864
   261504864            4       24032.434   2092038912    523009728
   287655344            1       11041.250    575310688    143827672
   287655344            2       19921.184   1150621376    287655344
   316420872            1       12218.708    632841744    158210436
   316420872            2       20624.359   1265683488    316420872
   348062952            1       13939.383    696125904    174031476
   348062952            2       22733.334   1392251808    348062952
   382869240            1       14875.575    765738480    191434620
   382869240            2       28101.609   1531476960    382869240
   421156160            1       16040.384    842312320    210578080
   421156160            2       28411.901   1684624640    421156160
   463271776            1       17601.650    926543552    231635888
   463271776            2       31418.018   1853087104    463271776
   509598952            1       19313.434   1019197904    254799476
   509598952            2       39076.585   2038395808    509598952
   560558840            1       21065.001   1121117680    280279420
   616614720            1       24043.709   1233229440    308307360
   678276192            1       25468.209   1356552384    339138096
   746103808            1       28035.976   1492207616    373051904
   820714184            1       30423.158   1641428368    410357092
   902785600            1       33451.918   1805571200    451392800
   993064160            1       38714.409   1986128320    496532080

META_DATA
FLOPS          4
OPENMP_THREADS 1
ERT_VERSION  1.1.0
HOSTNAME  ('DESKTOP-1DMF7BU.localdomain', ['DESKTOP-1DMF7BU'], ['127.0.1.1'])
UNAME  uname_result(system='Linux', node='DESKTOP-1DMF7BU', release='6.6.87.2-microsoft-standard-WSL2', version='#1 SMP PREEMPT_DYNAMIC Thu Jun  5 18:30:46 UTC 2025', machine='x86_64')
TIMESTAMP_DATA  1765959641.1982622
CONFIG  {'ERT_MPI': ['False'], 'ERT_OPENMP': ['True'], 'ERT_OPENMP_CFLAGS': ['-fopenmp'], 'ERT_OPENMP_LDFLAGS': ['-fopenmp'], 'ERT_PRECISION': ['FP64'], 'ERT_TRIALS_MIN': ['1'], 'ERT_TRIALS': ['3', '#', 'Run', 'each', 'test', '3', 'times', 'to', 'filter', 'out', 'background', 'noise'], 'ERT_RESULTS': ['Results/7800X3D'], 'ERT_GNUPLOT': ['gnuplot'], 'ERT_DRIVER': ['driver1'], 'ERT_KERNEL': ['kernel1'], 'ERT_CC': ['g++'], 'ERT_LD': ['g++'], 'ERT_CFLAGS': ['-O3', '-march=native', '-fopenmp', '-fstrict-aliasing', '-funroll-loops', '-Wno-all'], 'ERT_LDFLAGS': ['-O3', '-march=native', '-fopenmp'], 'ERT_LDLIBS': ['-lm'], 'ERT_RUN': ['export', 'OMP_NUM_THREADS=ERT_OPENMP_THREADS;', './ERT_CODE'], 'ERT_WORKING_SET_MIN': ['128'], 'ERT_MEMORY_MAX': ['1073741824'], 'ERT_ALIGN': ['64'], 'ERT_MIN_PROCS': ['1'], 'ERT_MAX_PROCS': ['1'], 'ERT_OPENMP_THREADS': ['1,2,4,8,16', '#', 'Logical', 'Threads'], 'ERT_NUM_EXPERIMENTS': ['5'], 'ERT_FLOPS': ['1,2,4,8,16', '#', '16', 'for', 'AVX-51'], 'ERT_GPU': [False], 'ERT_HIP': [False], 'ERT_OCL': [False], 'ERT_SYCL': [False], 'ERT_WSS_MULT': [1.1]}
