fp64
        1024            1           0.733         2048          512
        1024            2           0.275         4096         1024
        1024            4           0.275         8192         2048
        1024            8           0.367        16384         4096
        1024           16           0.367        32768         8192
        1024           32           0.458        65536        16384
        1024           64           0.825       131072        32768
        1024          128           1.375       262144        65536
        1024          256           2.383       524288       131072
        1024          512           4.583      1048576       262144
        1024         1024           9.167      2097152       524288
        1024         2048          17.783      4194304      1048576
        1024         4096          35.200      8388608      2097152
        1024         8192          70.309     16777216      4194304
        1024        16384         142.541     33554432      8388608
        1024        32768         264.092     67108864     16777216
        1024        65536         526.716    134217728     33554432
        1024       131072        1083.316    268435456     67108864
        1024       262144        1942.417    536870912    134217728
        1024       524288        3879.975   1073741824    268435456
        1024      1048576        7596.325   2147483648    536870912
        1120            1           0.825         2240          560
        1120            2           0.183         4480         1120
        1120            4           0.275         8960         2240
        1120            8           0.367        17920         4480
        1120           16           0.459        35840         8960
        1120           32           0.550        71680        17920
        1120           64           0.734       143360        35840
        1120          128           1.192       286720        71680
        1120          256           2.292       573440       143360
        1120          512           4.308      1146880       286720
        1120         1024           8.250      2293760       573440
        1120         2048          16.409      4587520      1146880
        1120         4096          32.542      9175040      2293760
        1120         8192          64.900     18350080      4587520
        1120        16384         129.617     36700160      9175040
        1120        32768         258.775     73400320     18350080
        1120        65536         552.567    146800640     36700160
        1120       131072        1248.133    293601280     73400320
        1120       262144        2262.975    587202560    146800640
        1120       524288        4564.175   1174405120    293601280
        1232            1           0.825         2464          616
        1232            2           0.183         4928         1232
        1232            4           0.275         9856         2464
        1232            8           0.275        19712         4928
        1232           16           0.366        39424         9856
        1232           32           0.550        78848        19712
        1232           64           0.733       157696        39424
        1232          128           1.284       315392        78848
        1232          256           2.475       630784       157696
        1232          512           4.675      1261568       315392
        1232         1024           9.075      2523136       630784
        1232         2048          18.058      5046272      1261568
        1232         4096          35.842     10092544      2523136
        1232         8192          71.683     20185088      5046272
        1232        16384         143.275     40370176     10092544
        1232        32768         286.275     80740352     20185088
        1232        65536         616.275    161480704     40370176
        1232       131072        1407.267    322961408     80740352
        1232       262144        2590.775    645922816    161480704
        1232       524288        5329.684   1291845632    322961408
        1352            1           1.100         2704          676
        1352            2           0.275         5408         1352
        1352            4           0.275        10816         2704
        1352            8           0.275        21632         5408
        1352           16           0.458        43264        10816
        1352           32           0.550        86528        21632
        1352           64           1.008       173056        43264
        1352          128           1.467       346112        86528
        1352          256           2.567       692224       173056
        1352          512           5.042      1384448       346112
        1352         1024           9.716      2768896       692224
        1352         2048          19.341      5537792      1384448
        1352         4096          38.409     11075584      2768896
        1352         8192          76.633     22151168      5537792
        1352        16384         153.084     44302336     11075584
        1352        32768         306.166     88604672     22151168
        1352        65536         652.667    177209344     44302336
        1352       131072        1468.959    354418688     88604672
        1352       262144        2694.817    708837376    177209344
        1352       524288        5325.833   1417674752    354418688
        1480            1           1.192         2960          740
        1480            2           0.275         5920         1480
        1480            4           0.275        11840         2960
        1480            8           0.275        23680         5920
        1480           16           0.367        47360        11840
        1480           32           0.550        94720        23680
        1480           64           0.916       189440        47360
        1480          128           1.559       378880        94720
        1480          256           2.750       757760       189440
        1480          512           5.408      1515520       378880
        1480         1024          10.450      3031040       757760
        1480         2048          20.808      6062080      1515520
        1480         4096          41.342     12124160      3031040
        1480         8192          82.408     24248320      6062080
        1480        16384         164.816     48496640     12124160
        1480        32768         329.358     96993280     24248320
        1480        65536         666.600    193986560     48496640
        1480       131072        1524.325    387973120     96993280
        1480       262144        2886.125    775946240    193986560
        1480       524288        5396.142   1551892480    387973120
        1624            1           0.825         3248          812
        1624            2           0.275         6496         1624
        1624            4           0.275        12992         3248
        1624            8           0.367        25984         6496
        1624           16           0.458        51968        12992
        1624           32           0.642       103936        25984
        1624           64           0.917       207872        51968
        1624          128           1.650       415744       103936
        1624          256           3.025       831488       207872
        1624          512           6.050      1662976       415744
        1624         1024          11.733      3325952       831488
        1624         2048          23.375      6651904      1662976
        1624         4096          46.384     13303808      3325952
        1624         8192          92.858     26607616      6651904
        1624        16384         185.350     53215232     13303808
        1624        32768         379.500    106430464     26607616
        1624        65536         830.775    212860928     53215232
        1624       131072        1608.933    425721856    106430464
        1624       262144        3109.516    851443712    212860928
        1624       524288        6220.867   1702887424    425721856
        1784            1           0.917         3568          892
        1784            2           0.183         7136         1784
        1784            4           0.275        14272         3568
        1784            8           0.367        28544         7136
        1784           16           0.458        57088        14272
        1784           32           0.642       114176        28544
        1784           64           1.100       228352        57088
        1784          128           1.833       456704       114176
        1784          256           3.392       913408       228352
        1784          512           6.600      1826816       456704
        1784         1024          13.016      3653632       913408
        1784         2048          25.667      7307264      1826816
        1784         4096          51.333     14614528      3653632
        1784         8192         102.208     29229056      7307264
        1784        16384         204.417     58458112     14614528
        1784        32768         418.275    116916224     29229056
        1784        65536         907.041    233832448     58458112
        1784       131072        1801.617    467664896    116916224
        1784       262144        3478.201    935329792    233832448
        1784       524288        6823.666   1870659584    467664896
        1960            1           1.100         3920          980
        1960            2           0.183         7840         1960
        1960            4           0.275        15680         3920
        1960            8           0.366        31360         7840
        1960           16           0.458        62720        15680
        1960           32           0.641       125440        31360
        1960           64           1.100       250880        62720
        1960          128           1.925       501760       125440
        1960          256           3.575      1003520       250880
        1960          512           6.967      2007040       501760
        1960         1024          13.567      4014080      1003520
        1960         2048          27.042      8028160      2007040
        1960         4096          53.808     16056320      4014080
        1960         8192         107.250     32112640      8028160
        1960        16384         214.317     64225280     16056320
        1960        32768         435.417    128450560     32112640
        1960        65536         945.909    256901120     64225280
        1960       131072        1818.025    513802240    128450560
        1960       262144        3452.075   1027604480    256901120
        1960       524288        6888.658   2055208960    513802240
        2152            1           1.284         4304         1076
        2152            2           0.183         8608         2152
        2152            4           0.275        17216         4304
        2152            8           0.275        34432         8608
        2152           16           0.459        68864        17216
        2152           32           0.642       137728        34432
        2152           64           8.341       275456        68864
        2152          128           2.016       550912       137728
        2152          256           3.758      1101824       275456
        2152          512           7.241      2203648       550912
        2152         1024          14.209      4407296      1101824
        2152         2048          28.142      8814592      2203648
        2152         4096          55.825     17629184      4407296
        2152         8192         111.742     35258368      8814592
        2152        16384         223.025     70516736     17629184
        2152        32768         446.692    141033472     35258368
        2152        65536        1015.117    282066944     70516736
        2152       131072        1881.825    564133888    141033472
        2152       262144        3604.516   1128267776    282066944
        2360            1           1.375         4720         1180
        2360            2           0.275         9440         2360
        2360            4           0.367        18880         4720
        2360            8           0.366        37760         9440
        2360           16           0.458        75520        18880
        2360           32           0.641       151040        37760
        2360           64           1.191       302080        75520
        2360          128           2.108       604160       151040
        2360          256           4.033      1208320       302080
        2360          512           7.883      2416640       604160
        2360         1024          15.766      4833280      1208320
        2360         2048          31.259      9666560      2416640
        2360         4096          62.241     19333120      4833280
        2360         8192         124.208     38666240      9666560
        2360        16384         248.050     77332480     19333120
        2360        32768         495.917    154664960     38666240
        2360        65536        1073.692    309329920     77332480
        2360       131072        2052.600    618659840    154664960
        2360       262144        4212.267   1237319680    309329920
        2592            1           0.825         5184         1296
        2592            2           0.275        10368         2592
        2592            4           0.367        20736         5184
        2592            8           0.366        41472        10368
        2592           16           0.550        82944        20736
        2592           32           0.733       165888        41472
        2592           64           1.283       331776        82944
        2592          128           2.292       663552       165888
        2592          256           4.309      1327104       331776
        2592          512           8.525      2654208       663552
        2592         1024          16.775      5308416      1327104
        2592         2048          33.367     10616832      2654208
        2592         4096          66.458     21233664      5308416
        2592         8192         132.641     42467328     10616832
        2592        16384         265.283     84934656     21233664
        2592        32768         536.250    169869312     42467328
        2592        65536        1070.942    339738624     84934656
        2592       131072        2171.216    679477248    169869312
        2592       262144        4283.767   1358954496    339738624
        2848            1           0.825         5696         1424
        2848            2           0.275        11392         2848
        2848            4           0.367        22784         5696
        2848            8           0.367        45568        11392
        2848           16           0.550        91136        22784
        2848           32           0.734       182272        45568
        2848           64           1.283       364544        91136
        2848          128           2.384       729088       182272
        2848          256           4.584      1458176       364544
        2848          512           8.984      2916352       729088
        2848         1024          17.600      5832704      1458176
        2848         2048          35.200     11665408      2916352
        2848         4096          70.125     23330816      5832704
        2848         8192         140.067     46661632     11665408
        2848        16384         293.333     93323264     23330816
        2848        32768         570.900    186646528     46661632
        2848        65536        1253.633    373293056     93323264
        2848       131072        2493.334    746586112    186646528
        2848       262144        4749.067   1493172224    373293056
        3128            1           1.467         6256         1564
        3128            2           0.275        12512         3128
        3128            4           0.367        25024         6256
        3128            8           0.366        50048        12512
        3128           16           0.550       100096        25024
        3128           32           0.917       200192        50048
        3128           64           1.467       400384       100096
        3128          128           2.750       800768       200192
        3128          256           5.133      1601536       400384
        3128          512           9.992      3203072       800768
        3128         1024          19.708      6406144      1601536
        3128         2048          39.233     12812288      3203072
        3128         4096          90.017     25624576      6406144
        3128         8192         157.575     51249152     12812288
        3128        16384         314.600    102498304     25624576
        3128        32768         628.925    204996608     51249152
        3128        65536        1429.908    409993216    102498304
        3128       131072        2753.391    819986432    204996608
        3128       262144        5354.433   1639972864    409993216
        3440            1           1.008         6880         1720
        3440            2           0.275        13760         3440
        3440            4           0.367        27520         6880
        3440            8           0.459        55040        13760
        3440           16           0.642       110080        27520
        3440           32           0.916       220160        55040
        3440           64           1.650       440320       110080
        3440          128           2.933       880640       220160
        3440          256           5.775      1761280       440320
        3440          512          11.184      3522560       880640
        3440         1024          22.091      7045120      1761280
        3440         2048          44.275     14090240      3522560
        3440         4096          88.091     28180480      7045120
        3440         8192         176.184     56360960     14090240
        3440        16384         353.192    112721920     28180480
        3440        32768         706.475    225443840     56360960
        3440        65536        1492.425    450887680    112721920
        3440       131072        2886.308    901775360    225443840
        3440       262144        6067.050   1803550720    450887680
        3784            1           1.009         7568         1892
        3784            2           0.275        15136         3784
        3784            4           0.367        30272         7568
        3784            8           0.367        60544        15136
        3784           16           0.550       121088        30272
        3784           32           1.008       242176        60544
        3784           64           1.741       484352       121088
        3784          128           3.208       968704       242176
        3784          256          14.391      1937408       484352
        3784          512          12.283      3874816       968704
        3784         1024          24.292      7749632      1937408
        3784         2048          48.308     15499264      3874816
        3784         4096         103.491     30998528      7749632
        3784         8192         192.041     61997056     15499264
        3784        16384         384.358    123994112     30998528
        3784        32768         792.458    247988224     61997056
        3784        65536        1607.100    495976448    123994112
        3784       131072        3121.617    991952896    247988224
        3784       262144        6367.167   1983905792    495976448
        4160            1           1.375         8320         2080
        4160            2           0.275        16640         4160
        4160            4           0.367        33280         8320
        4160            8           0.459        66560        16640
        4160           16           0.734       133120        33280
        4160           32           1.009       266240        66560
        4160           64           1.925       532480       133120
        4160          128           3.392      1064960       266240
        4160          256           6.600      2129920       532480
        4160          512          12.925      4259840      1064960
        4160         1024          25.483      8519680      2129920
        4160         2048          50.784     17039360      4259840
        4160         4096         101.475     34078720      8519680
        4160         8192         216.333     68157440     17039360
        4160        16384         414.241    136314880     34078720
        4160        32768         992.842    272629760     68157440
        4160        65536        1798.958    545259520    136314880
        4160       131072        3451.800   1090519040    272629760
        4576            1           1.742         9152         2288
        4576            2           0.275        18304         4576
        4576            4           0.367        36608         9152
        4576            8           0.550        73216        18304
        4576           16           0.733       146432        36608
        4576           32           1.100       292864        73216
        4576           64           2.108       585728       146432
        4576          128           3.850      1171456       292864
        4576          256           7.333      2342912       585728
        4576          512          14.392      4685824      1171456
        4576         1024          28.417      9371648      2342912
        4576         2048          56.650     18743296      4685824
        4576         4096         112.933     37486592      9371648
        4576         8192         229.992     74973184     18743296
        4576        16384         471.809    149946368     37486592
        4576        32768        1009.433    299892736     74973184
        4576        65536        2020.058    599785472    149946368
        4576       131072        3927.367   1199570944    299892736
        5032            1           1.925        10064         2516
        5032            2           0.275        20128         5032
        5032            4           0.459        40256        10064
        5032            8           0.458        80512        20128
        5032           16           0.733       161024        40256
        5032           32           1.191       322048        80512
        5032           64           2.200       644096       161024
        5032          128           4.217      1288192       322048
        5032          256           8.159      2576384       644096
        5032          512          16.042      5152768      1288192
        5032         1024          31.992     10305536      2576384
        5032         2048          63.709     20611072      5152768
        5032         4096         126.958     41222144     10305536
        5032         8192         260.700     82444288     20611072
        5032        16384         530.658    164888576     41222144
        5032        32768        1100.184    329777152     82444288
        5032        65536        2199.909    659554304    164888576
        5032       131072        4135.083   1319108608    329777152
        5528            1           1.925        11056         2764
        5528            2           0.367        22112         5528
        5528            4           0.367        44224        11056
        5528            8           0.550        88448        22112
        5528           16           0.825       176896        44224
        5528           32           1.467       353792        88448
        5528           64           2.475       707584       176896
        5528          128           4.675      1415168       353792
        5528          256           9.167      2830336       707584
        5528          512          18.150      5660672      1415168
        5528         1024          35.841     11321344      2830336
        5528         2048          71.592     22642688      5660672
        5528         4096         142.908     45285376     11321344
        5528         8192         427.259     90570752     22642688
        5528        16384         619.759    181141504     45285376
        5528        32768        1285.809    362283008     90570752
        5528        65536        2422.291    724566016    181141504
        5528       131072        4820.200   1449132032    362283008
        6080            1           1.375        12160         3040
        6080            2           0.367        24320         6080
        6080            4           0.459        48640        12160
        6080            8           0.550        97280        24320
        6080           16           0.916       194560        48640
        6080           32           1.467       389120        97280
        6080           64           2.750       778240       194560
        6080          128           5.134      1556480       389120
        6080          256           9.809      3112960       778240
        6080          512          19.433      6225920      1556480
        6080         1024          38.592     12451840      3112960
        6080         2048          76.908     24903680      6225920
        6080         4096         153.817     49807360     12451840
        6080         8192         306.992     99614720     24903680
        6080        16384         645.242    199229440     49807360
        6080        32768        1581.892    398458880     99614720
        6080        65536        2585.825    796917760    199229440
        6080       131072        5060.091   1593835520    398458880
        6688            1           1.650        13376         3344
        6688            2           0.367        26752         6688
        6688            4           0.459        53504        13376
        6688            8           0.641       107008        26752
        6688           16           0.917       214016        53504
        6688           32           1.559       428032       107008
        6688           64           2.842       856064       214016
        6688          128           5.409      1712128       428032
        6688          256          10.725      3424256       856064
        6688          512          24.659      6848512      1712128
        6688         1024          50.234     13697024      3424256
        6688         2048          84.334     27394048      6848512
        6688         4096         168.758     54788096     13697024
        6688         8192         358.325    109576192     27394048
        6688        16384         736.725    219152384     54788096
        6688        32768        1469.966    438304768    109576192
        6688        65536        2832.041    876609536    219152384
        6688       131072        5449.308   1753219072    438304768
        7352            1           2.291        14704         3676
        7352            2           0.366        29408         7352
        7352            4           0.550        58816        14704
        7352            8           0.641       117632        29408
        7352           16           1.008       235264        58816
        7352           32           1.741       470528       117632
        7352           64           3.208       941056       235264
        7352          128           6.142      1882112       470528
        7352          256          12.100      3764224       941056
        7352          512          23.833      7528448      1882112
        7352         1024          47.391     15056896      3764224
        7352         2048          94.141     30113792      7528448
        7352         4096         188.008     60227584     15056896
        7352         8192         389.125    120455168     30113792
        7352        16384         830.683    240910336     60227584
        7352        32768        1612.875    481820672    120455168
        7352        65536        3133.625    963641344    240910336
        7352       131072        6065.400   1927282688    481820672
        8080            1           1.467        16160         4040
        8080            2           0.367        32320         8080
        8080            4           0.550        64640        16160
        8080            8           0.734       129280        32320
        8080           16           1.100       258560        64640
        8080           32           1.833       517120       129280
        8080           64           3.483      1034240       258560
        8080          128           6.691      2068480       517120
        8080          256          13.017      4136960      1034240
        8080          512          25.759      8273920      2068480
        8080         1024          51.333     16547840      4136960
        8080         2048         102.300     33095680      8273920
        8080         4096         204.784     66191360     16547840
        8080         8192         420.475    132382720     33095680
        8080        16384         857.725    264765440     66191360
        8080        32768        1741.392    529530880    132382720
        8080        65536        3452.900   1059061760    264765440
        8080       131072        6419.050   2118123520    529530880
        8888            1           1.925        17776         4444
        8888            2           0.458        35552         8888
        8888            4           0.550        71104        17776
        8888            8           0.825       142208        35552
        8888           16           1.191       284416        71104
        8888           32           2.016       568832       142208
        8888           64           3.850      1137664       284416
        8888          128           7.333      2275328       568832
        8888          256          14.392      4550656      1137664
        8888          512          28.508      9101312      2275328
        8888         1024          56.925     18202624      4550656
        8888         2048         113.392     36405248      9101312
        8888         4096         226.600     72810496     18202624
        8888         8192         452.742    145620992     36405248
        8888        16384         905.117    291241984     72810496
        8888        32768        2100.817    582483968    145620992
        8888        65536        3653.833   1164967936    291241984
        9776            1           2.384        19552         4888
        9776            2           0.550        39104         9776
        9776            4           0.550        78208        19552
        9776            8           0.733       156416        39104
        9776           16           1.283       312832        78208
        9776           32           2.200       625664       156416
        9776           64           4.217      1251328       312832
        9776          128           7.975      2502656       625664
        9776          256          15.767      5005312      1251328
        9776          512          31.167     10010624      2502656
        9776         1024          62.058     20021248      5005312
        9776         2048         123.750     40042496     10010624
        9776         4096         248.234     80084992     20021248
        9776         8192         497.383    160169984     40042496
        9776        16384        1025.200    320339968     80084992
        9776        32768        2084.591    640679936    160169984
        9776        65536        4023.525   1281359872    320339968
       10752            1           2.017        21504         5376
       10752            2           0.458        43008        10752
       10752            4           0.550        86016        21504
       10752            8           0.917       172032        43008
       10752           16           1.375       344064        86016
       10752           32           2.475       688128       172032
       10752           64           4.583      1376256       344064
       10752          128           8.983      2752512       688128
       10752          256          17.783      5505024      1376256
       10752          512          35.200     11010048      2752512
       10752         1024          70.858     22020096      5505024
       10752         2048         151.800     44040192     11010048
       10752         4096         282.058     88080384     22020096
       10752         8192         588.500    176160768     44040192
       10752        16384        1178.742    352321536     88080384
       10752        32768        2325.767    704643072    176160768
       10752        65536        4713.959   1409286144    352321536
       11824            1           1.741        23648         5912
       11824            2           0.458        47296        11824
       11824            4           0.642        94592        23648
       11824            8           1.008       189184        47296
       11824           16           1.467       378368        94592
       11824           32           2.659       756736       189184
       11824           64           4.950      1513472       378368
       11824          128           9.717      3026944       756736
       11824          256          18.975      6053888      1513472
       11824          512          37.584     12107776      3026944
       11824         1024          74.892     24215552      6053888
       11824         2048         148.867     48431104     12107776
       11824         4096         298.009     96862208     24215552
       11824         8192         634.517    193724416     48431104
       11824        16384        1279.300    387448832     96862208
       11824        32768        2517.991    774897664    193724416
       11824        65536        4940.834   1549795328    387448832
       13000            1           1.834        26000         6500
       13000            2           0.550        52000        13000
       13000            4           0.642       104000        26000
       13000            8           1.009       208000        52000
       13000           16           1.650       416000       104000
       13000           32           2.933       832000       208000
       13000           64           5.408      1664000       416000
       13000          128          10.633      3328000       832000
       13000          256          20.900      6656000      1664000
       13000          512          41.433     13312000      3328000
       13000         1024          82.500     26624000      6656000
       13000         2048         164.450     53248000     13312000
       13000         4096         329.267    106496000     26624000
       13000         8192         668.892    212992000     53248000
       13000        16384        1449.800    425984000    106496000
       13000        32768        2717.642    851968000    212992000
       13000        65536        5362.409   1703936000    425984000
       14296            1           2.383        28592         7148
       14296            2           0.550        57184        14296
       14296            4           0.733       114368        28592
       14296            8           1.100       228736        57184
       14296           16           1.834       457472       114368
       14296           32           3.117       914944       228736
       14296           64           5.958      1829888       457472
       14296          128          11.550      3659776       914944
       14296          256          22.733      7319552      1829888
       14296          512          45.100     14639104      3659776
       14296         1024          89.925     29278208      7319552
       14296         2048         192.408     58556416     14639104
       14296         4096         364.833    117112832     29278208
       14296         8192         972.491    234225664     58556416
       14296        16384        1526.251    468451328    117112832
       14296        32768        2945.617    936902656    234225664
       14296        65536        5863.000   1873805312    468451328
       15720            1           2.292        31440         7860
       15720            2           0.550        62880        15720
       15720            4           0.733       125760        31440
       15720            8           1.283       251520        62880
       15720           16           1.925       503040       125760
       15720           32           3.484      1006080       251520
       15720           64           6.509      2012160       503040
       15720          128          12.834      4024320      1006080
       15720          256          25.208      8048640      2012160
       15720          512          50.142     16097280      4024320
       15720         1024          99.825     32194560      8048640
       15720         2048         199.559     64389120     16097280
       15720         4096         400.033    128778240     32194560
       15720         8192         836.000    257556480     64389120
       15720        16384        1706.833    515112960    128778240
       15720        32768        3319.067   1030225920    257556480
       15720        65536        6380.000   2060451840    515112960
       17288            1           3.300        34576         8644
       17288            2           0.733        69152        17288
       17288            4           1.191       138304        34576
       17288            8           1.467       276608        69152
       17288           16           2.750       553216       138304
       17288           32           5.133      1106432       276608
       17288           64           8.984      2212864       553216
       17288          128          19.800      4425728      1106432
       17288          256          38.866      8851456      2212864
       17288          512          79.933     17702912      4425728
       17288         1024         147.767     35405824      8851456
       17288         2048         314.050     70811648     17702912
       17288         4096         636.167    141623296     35405824
       17288         8192        1253.358    283246592     70811648
       17288        16384        2643.025    566493184    141623296
       17288        32768        3720.109   1132986368    283246592
       19016            1           2.658        38032         9508
       19016            2           0.641        76064        19016
       19016            4           0.916       152128        38032
       19016            8           1.467       304256        76064
       19016           16           2.384       608512       152128
       19016           32           4.400      1217024       304256
       19016           64           8.433      2434048       608512
       19016          128          16.500      4868096      1217024
       19016          256          32.359      9736192      2434048
       19016          512          61.325     19472384      4868096
       19016         1024         123.567     38944768      9736192
       19016         2048         247.592     77889536     19472384
       19016         4096         509.391    155779072     38944768
       19016         8192        1156.558    311558144     77889536
       19016        16384        2114.842    623116288    155779072
       19016        32768        4098.967   1246232576    311558144
       20912            1           3.116        41824        10456
       20912            2           0.733        83648        20912
       20912            4           1.008       167296        41824
       20912            8           1.559       334592        83648
       20912           16           2.750       669184       167296
       20912           32           5.042      1338368       334592
       20912           64           9.442      2676736       669184
       20912          128          18.700      5353472      1338368
       20912          256          36.850     10706944      2676736
       20912          512          72.966     21413888      5353472
       20912         1024         145.292     42827776     10706944
       20912         2048         289.208     85655552     21413888
       20912         4096         577.683    171311104     42827776
       20912         8192        1181.675    342622208     85655552
       20912        16384        2589.309    685244416    171311104
       20912        32768        4737.517   1370488832    342622208
       23000            1           2.842        46000        11500
       23000            2           0.733        92000        23000
       23000            4           1.100       184000        46000
       23000            8           1.742       368000        92000
       23000           16           2.933       736000       184000
       23000           32           5.500      1472000       368000
       23000           64          10.358      2944000       736000
       23000          128          20.258      5888000      1472000
       23000          256          40.242     11776000      2944000
       23000          512          78.925     23552000      5888000
       23000         1024         153.908     47104000     11776000
       23000         2048         314.783     94208000     23552000
       23000         4096         651.291    188416000     47104000
       23000         8192        1425.508    376832000     94208000
       23000        16384        2953.959    753664000    188416000
       23000        32768        5196.217   1507328000    376832000
       25296            1           2.933        50592        12648
       25296            2           0.825       101184        25296
       25296            4           1.100       202368        50592
       25296            8           1.925       404736       101184
       25296           16           3.208       809472       202368
       25296           32           5.775      1618944       404736
       25296           64          11.275      3237888       809472
       25296          128          22.092      6475776      1618944
       25296          256          43.634     12951552      3237888
       25296          512          87.267     25903104      6475776
       25296         1024         175.541     51806208     12951552
       25296         2048         347.508    103612416     25903104
       25296         4096         706.109    207224832     51806208
       25296         8192        1464.283    414449664    103612416
       25296        16384        3006.941    828899328    207224832
       25296        32768        5610.825   1657798656    414449664
       27824            1           4.858        55648        13912
       27824            2           1.283       111296        27824
       27824            4           1.925       222592        55648
       27824            8           2.658       445184       111296
       27824           16           4.858       890368       222592
       27824           32          10.175      1780736       445184
       27824           64         136.492      3561472       890368
       27824          128          45.558      7122944      1780736
       27824          256          90.109     14245888      3561472
       27824          512         190.208     28491776      7122944
       27824         1024         423.592     56983552     14245888
       27824         2048         500.683    113967104     28491776
       27824         4096         830.683    227934208     56983552
       27824         8192        1611.958    455868416    113967104
       27824        16384        3656.400    911736832    227934208
       27824        32768        6249.834   1823473664    455868416
       30600            1           3.575        61200        15300
       30600            2           0.917       122400        30600
       30600            4           1.375       244800        61200
       30600            8           2.200       489600       122400
       30600           16           3.850       979200       244800
       30600           32           6.967      1958400       489600
       30600           64          13.383      3916800       979200
       30600          128          26.216      7833600      1958400
       30600          256          51.975     15667200      3916800
       30600          512         105.142     31334400      7833600
       30600         1024         208.175     62668800     15667200
       30600         2048         507.100    125337600     31334400
       30600         4096         886.967    250675200     62668800
       30600         8192        1782.917    501350400    125337600
       30600        16384        3283.775   1002700800    250675200
       30600        32768        6274.859   2005401600    501350400
       33656            1           3.117        67312        16828
       33656            2           1.100       134624        33656
       33656            4           1.558       269248        67312
       33656            8           2.383       538496       134624
       33656           16           4.125      1076992       269248
       33656           32           7.791      2153984       538496
       33656           64          14.758      4307968      1076992
       33656          128          28.966      8615936      2153984
       33656          256          57.750     17231872      4307968
       33656          512         115.775     34463744      8615936
       33656         1024         236.958     68927488     17231872
       33656         2048         473.184    137854976     34463744
       33656         4096         975.975    275709952     68927488
       33656         8192        1896.950    551419904    137854976
       33656        16384        3582.425   1102839808    275709952
       37016            1           2.842        74032        18508
       37016            2           1.100       148064        37016
       37016            4           1.650       296128        74032
       37016            8           2.659       592256       148064
       37016           16           4.584      1184512       296128
       37016           32           8.525      2369024       592256
       37016           64          16.500      4738048      1184512
       37016          128          32.542      9476096      2369024
       37016          256          65.359     18952192      4738048
       37016          512         131.175     37904384      9476096
       37016         1024         262.441     75808768     18952192
       37016         2048         524.608    151617536     37904384
       37016         4096        1073.234    303235072     75808768
       37016         8192        2189.917    606470144    151617536
       37016        16384        4840.092   1212940288    303235072
       40712            1           3.484        81424        20356
       40712            2           1.375       162848        40712
       40712            4           1.833       325696        81424
       40712            8           3.116       651392       162848
       40712           16           5.500      1302784       325696
       40712           32          10.175      2605568       651392
       40712           64          19.800      5211136      1302784
       40712          128          39.508     10422272      2605568
       40712          256          79.383     20844544      5211136
       40712          512         158.492     41689088     10422272
       40712         1024         317.442     83378176     20844544
       40712         2048         653.767    166756352     41689088
       40712         4096        1325.500    333512704     83378176
       40712         8192        2491.592    667025408    166756352
       40712        16384        7631.067   1334050816    333512704
       44776            1           3.850        89552        22388
       44776            2           1.559       179104        44776
       44776            4           2.017       358208        89552
       44776            8           3.483       716416       179104
       44776           16           6.142      1432832       358208
       44776           32          11.642      2865664       716416
       44776           64          22.642      5731328      1432832
       44776          128          45.466     11462656      2865664
       44776          256         102.483     22925312      5731328
       44776          512         184.066     45850624     11462656
       44776         1024         363.733     91701248     22925312
       44776         2048         759.917    183402496     45850624
       44776         4096        1453.558    366804992     91701248
       44776         8192        2919.950    733609984    183402496
       44776        16384        5361.858   1467219968    366804992
       49248            1           3.850        98496        24624
       49248            2           1.558       196992        49248
       49248            4           2.292       393984        98496
       49248            8           3.758       787968       196992
       49248           16           6.783      1575936       393984
       49248           32          12.925      3151872       787968
       49248           64          25.025      6303744      1575936
       49248          128          49.866     12607488      3151872
       49248          256         100.834     25214976      6303744
       49248          512         201.025     50429952     12607488
       49248         1024         402.875    100859904     25214976
       49248         2048         798.967    201719808     50429952
       49248         4096        1492.241    403439616    100859904
       49248         8192        3118.591    806879232    201719808
       49248        16384        5823.583   1613758464    403439616
       54168            1           5.042       108336        27084
       54168            2           1.650       216672        54168
       54168            4           2.475       433344       108336
       54168            8           4.033       866688       216672
       54168           16           7.242      1733376       433344
       54168           32          13.659      3466752       866688
       54168           64          26.584      6933504      1733376
       54168          128          52.342     13867008      3466752
       54168          256         104.408     27734016      6933504
       54168          512         207.625     55468032     13867008
       54168         1024         420.017    110936064     27734016
       54168         2048         823.167    221872128     55468032
       54168         4096        1652.384    443744256    110936064
       54168         8192        3329.792    887488512    221872128
       54168        16384        6173.476   1774977024    443744256
       59584            1           4.492       119168        29792
       59584            2           1.741       238336        59584
       59584            4           2.566       476672       119168
       59584            8           4.400       953344       238336
       59584           16           7.791      1906688       476672
       59584           32          14.483      3813376       953344
       59584           64          28.142      7626752      1906688
       59584          128          57.108     15253504      3813376
       59584          256         113.209     30507008      7626752
       59584          512         226.050     61014016     15253504
       59584         1024         451.092    122028032     30507008
       59584         2048         895.859    244056064     61014016
       59584         4096        1786.583    488112128    122028032
       59584         8192        3587.650    976224256    244056064
       59584        16384        6688.367   1952448512    488112128
       65536            1           4.858       131072        32768
       65536            2           1.925       262144        65536
       65536            4           2.842       524288       131072
       65536            8           4.675      1048576       262144
       65536           16           8.159      2097152       524288
       65536           32          15.583      4194304      1048576
       65536           64          30.067      8388608      2097152
       65536          128          59.034     16777216      4194304
       65536          256         117.517     33554432      8388608
       65536          512         236.867     67108864     16777216
       65536         1024         480.058    134217728     33554432
       65536         2048         941.967    268435456     67108864
       65536         4096        2166.358    536870912    134217728
       65536         8192        3799.400   1073741824    268435456
       65536        16384        7435.908   2147483648    536870912
       72088            1           5.133       144176        36044
       72088            2           2.108       288352        72088
       72088            4           3.117       576704       144176
       72088            8           5.134      1153408       288352
       72088           16           8.984      2306816       576704
       72088           32          17.050      4613632      1153408
       72088           64          33.183      9227264      2306816
       72088          128          66.550     18454528      4613632
       72088          256         132.275     36909056      9227264
       72088          512         504.258     73818112     18454528
       72088         1024         524.425    147636224     36909056
       72088         2048        1050.591    295272448     73818112
       72088         4096        2121.259    590544896    147636224
       72088         8192        4072.750   1181089792    295272448
       79296            1           5.775       158592        39648
       79296            2           2.200       317184        79296
       79296            4           3.208       634368       158592
       79296            8           5.408      1268736       317184
       79296           16           9.900      2537472       634368
       79296           32          18.517      5074944      1268736
       79296           64          36.025     10149888      2537472
       79296          128          72.141     20299776      5074944
       79296          256         143.917     40599552     10149888
       79296          512         286.825     81199104     20299776
       79296         1024         574.017    162398208     40599552
       79296         2048        1377.842    324796416     81199104
       79296         4096        2236.666    649592832    162398208
       79296         8192        4423.650   1299185664    324796416
       87224            1           5.775       174448        43612
       87224            2           2.475       348896        87224
       87224            4           3.666       697792       174448
       87224            8           6.050      1395584       348896
       87224           16          10.816      2791168       697792
       87224           32          20.258      5582336      1395584
       87224           64          39.509     11164672      2791168
       87224          128          79.566     22329344      5582336
       87224          256         157.850     44658688     11164672
       87224          512         314.416     89317376     22329344
       87224         1024         628.467    178634752     44658688
       87224         2048        1257.667    357269504     89317376
       87224         4096        2608.650    714539008    178634752
       87224         8192        4821.850   1429078016    357269504
       95944            1           6.325       191888        47972
       95944            2           2.658       383776        95944
       95944            4           3.942       767552       191888
       95944            8           6.508      1535104       383776
       95944           16          12.008      3070208       767552
       95944           32          22.550      6140416      1535104
       95944           64          44.275     12280832      3070208
       95944          128          87.725     24561664      6140416
       95944          256         174.258     49123328     12280832
       95944          512         346.866     98246656     24561664
       95944         1024         693.275    196493312     49123328
       95944         2048        1403.142    392986624     98246656
       95944         4096        2715.167    785973248    196493312
       95944         8192        5543.725   1571946496    392986624
      105536            1           6.966       211072        52768
      105536            2           2.842       422144       105536
      105536            4           4.216       844288       211072
      105536            8           7.150      1688576       422144
      105536           16          13.017      3377152       844288
      105536           32          24.658      6754304      1688576
      105536           64          48.125     13508608      3377152
      105536          128          97.075     27017216      6754304
      105536          256         192.500     54034432     13508608
      105536          512         385.825    108068864     27017216
      105536         1024         982.116    216137728     54034432
      105536         2048        1735.159    432275456    108068864
      105536         4096        3095.492    864550912    216137728
      105536         8192        5889.767   1729101824    432275456
      116088            1           7.333       232176        58044
      116088            2           3.116       464352       116088
      116088            4           5.134       928704       232176
      116088            8           8.067      1857408       464352
      116088           16          14.484      3714816       928704
      116088           32          27.775      7429632      1857408
      116088           64          53.441     14859264      3714816
      116088          128         105.325     29718528      7429632
      116088          256         220.734     59437056     14859264
      116088          512         419.466    118874112     29718528
      116088         1024         838.108    237748224     59437056
      116088         2048        1733.600    475496448    118874112
      116088         4096        3275.342    950992896    237748224
      116088         8192        6306.392   1901985792    475496448
      127696            1           7.608       255392        63848
      127696            2           3.575       510784       127696
      127696            4           5.317      1021568       255392
      127696            8           8.892      2043136       510784
      127696           16          15.675      4086272      1021568
      127696           32          29.700      8172544      2043136
      127696           64          59.034     16345088      4086272
      127696          128         122.650     32690176      8172544
      127696          256         229.717     65380352     16345088
      127696          512         455.491    130760704     32690176
      127696         1024         896.867    261521408     65380352
      127696         2048        1803.084    523042816    130760704
      127696         4096        3678.125   1046085632    261521408
      127696         8192        7073.825   2092171264    523042816
      140464            1           7.883       280928        70232
      140464            2           3.758       561856       140464
      140464            4           5.775      1123712       280928
      140464            8           9.625      2247424       561856
      140464           16          17.325      4494848      1123712
      140464           32          32.725      8989696      2247424
      140464           64          64.534     17979392      4494848
      140464          128         128.517     35958784      8989696
      140464          256         255.750     71917568     17979392
      140464          512         510.675    143835136     35958784
      140464         1024        1015.575    287670272     71917568
      140464         2048        1992.558    575340544    143835136
      140464         4096        4081.275   1150681088    287670272
      154504            1           8.434       309008        77252
      154504            2           4.125       618016       154504
      154504            4           6.325      1236032       309008
      154504            8          10.542      2472064       618016
      154504           16          18.883      4944128      1236032
      154504           32          35.842      9888256      2472064
      154504           64          70.859     19776512      4944128
      154504          128         140.616     39553024      9888256
      154504          256         278.758     79106048     19776512
      154504          512         567.966    158212096     39553024
      154504         1024        1124.383    316424192     79106048
      154504         2048        2160.492    632848384    158212096
      154504         4096        4454.908   1265696768    316424192
      169952            1           9.166       339904        84976
      169952            2           4.400       679808       169952
      169952            4           6.875      1359616       339904
      169952            8          11.459      2719232       679808
      169952           16          21.358      5438464      1359616
      169952           32          40.700     10876928      2719232
      169952           64          84.242     21753856      5438464
      169952          128         165.642     43507712     10876928
      169952          256         338.616     87015424     21753856
      169952          512         620.217    174030848     43507712
      169952         1024        1261.975    348061696     87015424
      169952         2048        2463.083    696123392    174030848
      169952         4096        5079.434   1392246784    348061696
      186944            1          11.184       373888        93472
      186944            2           4.858       747776       186944
      186944            4           7.609      1495552       373888
      186944            8          13.017      2991104       747776
      186944           16          23.742      5982208      1495552
      186944           32          45.742     11964416      2991104
      186944           64          90.291     23928832      5982208
      186944          128         177.650     47857664     11964416
      186944          256         355.300     95715328     23928832
      186944          512         677.416    191430656     47857664
      186944         1024        1416.983    382861312     95715328
      186944         2048        2650.267    765722624    191430656
      186944         4096        5370.292   1531445248    382861312
      205632            1          11.458       411264       102816
      205632            2           5.408       822528       205632
      205632            4           8.342      1645056       411264
      205632            8          13.934      3290112       822528
      205632           16          25.575      6580224      1645056
      205632           32          47.942     13160448      3290112
      205632           64          95.425     26320896      6580224
      205632          128         188.650     52641792     13160448
      205632          256         375.284    105283584     26320896
      205632          512         771.375    210567168     52641792
      205632         1024        1511.216    421134336    105283584
      205632         2048        2920.042    842268672    210567168
      205632         4096        5862.175   1684537344    421134336
      226192            1          12.925       452384       113096
      226192            2           5.867       904768       226192
      226192            4           8.891      1809536       452384
      226192            8          15.216      3619072       904768
      226192           16          27.591      7238144      1809536
      226192           32          53.350     14476288      3619072
      226192           64         104.133     28952576      7238144
      226192          128         205.608     57905152     14476288
      226192          256         413.875    115810304     28952576
      226192          512         820.783    231620608     57905152
      226192         1024        1616.633    463241216    115810304
      226192         2048        3174.783    926482432    231620608
      226192         4096        6139.925   1852964864    463241216
      248808            1          14.300       497616       124404
      248808            2           6.416       995232       248808
      248808            4           9.717      1990464       497616
      248808            8          16.775      3980928       995232
      248808           16          47.300      7961856      1990464
      248808           32          58.759     15923712      3980928
      248808           64         114.125     31847424      7961856
      248808          128         225.317     63694848     15923712
      248808          256         453.933    127389696     31847424
      248808          512         898.883    254779392     63694848
      248808         1024        1776.867    509558784    127389696
      248808         2048        3685.092   1019117568    254779392
      248808         4096        7131.484   2038235136    509558784
      273688            1          15.308       547376       136844
      273688            2           7.150      1094752       273688
      273688            4          11.000      2189504       547376
      273688            8          18.517      4379008      1094752
      273688           16          33.550      8758016      2189504
      273688           32          64.441     17516032      4379008
      273688           64         130.167     35032064      8758016
      273688          128         248.050     70064128     17516032
      273688          256         497.383    140128256     35032064
      273688          512        1001.642    280256512     70064128
      273688         1024        2046.458    560513024    140128256
      273688         2048        3835.975   1121026048    280256512
      301056            1          15.583       602112       150528
      301056            2           7.792      1204224       301056
      301056            4          12.283      2408448       602112
      301056            8          20.900      4816896      1204224
      301056           16          38.225      9633792      2408448
      301056           32          73.883     19267584      4816896
      301056           64         145.659     38535168      9633792
      301056          128         288.750     77070336     19267584
      301056          256         573.742    154140672     38535168
      301056          512        1160.317    308281344     77070336
      301056         1024        2180.292    616562688    154140672
      301056         2048        4259.108   1233125376    308281344
      331160            1          17.325       662320       165580
      331160            2           8.525      1324640       331160
      331160            4          13.383      2649280       662320
      331160            8          22.458      5298560      1324640
      331160           16          41.066     10597120      2649280
      331160           32          78.283     21194240      5298560
      331160           64         152.900     42388480     10597120
      331160          128         306.533     84776960     21194240
      331160          256         597.941    169553920     42388480
      331160          512        1234.842    339107840     84776960
      331160         1024        2418.167    678215680    169553920
      331160         2048        4632.833   1356431360    339107840
      364272            1          19.342       728544       182136
      364272            2           9.533      1457088       364272
      364272            4          14.575      2914176       728544
      364272            8          24.200      5828352      1457088
      364272           16          44.183     11656704      2914176
      364272           32          85.892     23313408      5828352
      364272           64         167.200     46626816     11656704
      364272          128         329.634     93253632     23313408
      364272          256         676.591    186507264     46626816
      364272          512        1470.792    373014528     93253632
      364272         1024        2679.783    746029056    186507264
      364272         2048        5077.600   1492058112    373014528
      400696            1          20.258       801392       200348
      400696            2          10.725      1602784       400696
      400696            4          15.491      3205568       801392
      400696            8          26.950      6411136      1602784
      400696           16          49.409     12822272      3205568
      400696           32          94.325     25644544      6411136
      400696           64         184.250     51289088     12822272
      400696          128         363.825    102578176     25644544
      400696          256         745.984    205156352     51289088
      400696          512        1531.566    410312704    102578176
      400696         1024        2818.384    820625408    205156352
      400696         2048        5558.208   1641250816    410312704
      440760            1          20.992       881520       220380
      440760            2          11.367      1763040       440760
      440760            4          17.142      3526080       881520
      440760            8          29.241      7052160      1763040
      440760           16          56.009     14104320      3526080
      440760           32         105.600     28208640      7052160
      440760           64         204.967     56417280     14104320
      440760          128         401.041    112834560     28208640
      440760          256         798.967    225669120     56417280
      440760          512        1623.233    451338240    112834560
      440760         1024        3069.000    902676480    225669120
      440760         2048        6084.559   1805352960    451338240
      484832            1          24.475       969664       242416
      484832            2          12.008      1939328       484832
      484832            4          18.975      3878656       969664
      484832            8          32.175      7757312      1939328
      484832           16          59.583     15514624      3878656
      484832           32         114.125     31029248      7757312
      484832           64         222.200     62058496     15514624
      484832          128         449.167    124116992     31029248
      484832          256         993.300    248233984     62058496
      484832          512        1710.867    496467968    124116992
      484832         1024        3355.092    992935936    248233984
      484832         2048        6619.891   1985871872    496467968
      533312            1          26.492      1066624       266656
      533312            2          14.025      2133248       533312
      533312            4          21.725      4266496      1066624
      533312            8          36.025      8532992      2133248
      533312           16          67.100     17065984      4266496
      533312           32         124.942     34131968      8532992
      533312           64         246.308     68263936     17065984
      533312          128         488.033    136527872     34131968
      533312          256         966.717    273055744     68263936
      533312          512        1904.925    546111488    136527872
      533312         1024        3895.192   1092222976    273055744
      586640            1          27.500      1173280       293320
      586640            2          15.125      2346560       586640
      586640            4          23.100      4693120      1173280
      586640            8          39.233      9386240      2346560
      586640           16          72.325     18772480      4693120
      586640           32         135.208     37544960      9386240
      586640           64         273.900     75089920     18772480
      586640          128         540.100    150179840     37544960
      586640          256        1060.033    300359680     75089920
      586640          512        2046.550    600719360    150179840
      586640         1024        4251.041   1201438720    300359680
      645304            1          32.359      1290608       322652
      645304            2          22.550      2581216       645304
      645304            4          32.633      5162432      1290608
      645304            8          55.092     10324864      2581216
      645304           16          99.458     20649728      5162432
      645304           32         191.491     41299456     10324864
      645304           64         372.900     82598912     20649728
      645304          128         975.700    165197824     41299456
      645304          256        1428.259    330395648     82598912
      645304          512        2447.225    660791296    165197824
      645304         1024        4777.300   1321582592    330395648
      709832            1          33.733      1419664       354916
      709832            2          18.975      2839328       709832
      709832            4          29.150      5678656      1419664
      709832            8          50.141     11357312      2839328
      709832           16          92.400     22714624      5678656
      709832           32         176.000     45429248     11357312
      709832           64         344.209     90858496     22714624
      709832          128         685.484    181716992     45429248
      709832          256        1371.150    363433984     90858496
      709832          512        2606.725    726867968    181716992
      709832         1024        5046.983   1453735936    363433984
      780808            1          37.675      1561616       390404
      780808            2          21.175      3123232       780808
      780808            4          31.808      6246464      1561616
      780808            8          54.542     12492928      3123232
      780808           16          98.908     24985856      6246464
      780808           32         187.641     49971712     12492928
      780808           64         368.958     99943424     24985856
      780808          128         724.442    199886848     49971712
      780808          256        1661.367    399773696     99943424
      780808          512        2912.158    799547392    199886848
      780808         1024        5572.600   1599094784    399773696
      858888            1          41.617      1717776       429444
      858888            2          23.375      3435552       858888
      858888            4          34.467      6871104      1717776
      858888            8          60.042     13742208      3435552
      858888           16         111.100     27484416      6871104
      858888           32         211.475     54968832     13742208
      858888           64         413.784    109937664     27484416
      858888          128         833.434    219875328     54968832
      858888          256        1660.908    439750656    109937664
      858888          512        3268.283    879501312    219875328
      858888         1024        6152.575   1759002624    439750656
      944776            1          46.750      1889552       472388
      944776            2          27.225      3779104       944776
      944776            4          38.867      7558208      1889552
      944776            8          67.558     15116416      3779104
      944776           16         124.025     30232832      7558208
      944776           32         232.925     60465664     15116416
      944776           64         466.858    120931328     30232832
      944776          128         903.009    241862656     60465664
      944776          256        1823.250    483725312    120931328
      944776          512        3459.409    967450624    241862656
      944776         1024        6578.459   1934901248    483725312
     1039248            1          48.858      2078496       519624
     1039248            2          29.333      4156992      1039248
     1039248            4          42.992      8313984      2078496
     1039248            8          73.608     16627968      4156992
     1039248           16         135.117     33255936      8313984
     1039248           32         257.033     66511872     16627968
     1039248           64         502.425    133023744     33255936
     1039248          128        1018.233    266047488     66511872
     1039248          256        1921.517    532094976    133023744
     1039248          512        3774.284   1064189952    266047488
     1039248         1024        7643.075   2128379904    532094976
     1143168            1          54.450      2286336       571584
     1143168            2          32.817      4572672      1143168
     1143168            4          47.300      9145344      2286336
     1143168            8          81.675     18290688      4572672
     1143168           16         149.233     36581376      9145344
     1143168           32         287.192     73162752     18290688
     1143168           64         563.108    146325504     36581376
     1143168          128        1107.608    292651008     73162752
     1143168          256        2139.866    585302016    146325504
     1143168          512        4331.250   1170604032    292651008
     1257480            1          59.950      2514960       628740
     1257480            2          37.125      5029920      1257480
     1257480            4          52.341     10059840      2514960
     1257480            8         102.575     20119680      5029920
     1257480           16         163.900     40239360     10059840
     1257480           32         313.317     80478720     20119680
     1257480           64         617.283    160957440     40239360
     1257480          128        1227.508    321914880     80478720
     1257480          256        2374.258    643829760    160957440
     1257480          512        4681.326   1287659520    321914880
     1383224            1          66.184      2766448       691612
     1383224            2          42.166      5532896      1383224
     1383224            4          58.483     11065792      2766448
     1383224            8          99.000     22131584      5532896
     1383224           16         180.950     44263168     11065792
     1383224           32         345.583     88526336     22131584
     1383224           64         692.084    177052672     44263168
     1383224          128        1381.050    354105344     88526336
     1383224          256        2582.341    708210688    177052672
     1383224          512        5129.208   1416421376    354105344
     1521544            1          69.575      3043088       760772
     1521544            2          46.475      6086176      1521544
     1521544            4          62.608     12172352      3043088
     1521544            8         107.800     24344704      6086176
     1521544           16         198.825     48689408     12172352
     1521544           32         385.825     97378816     24344704
     1521544           64         757.808    194757632     48689408
     1521544          128        1489.217    389515264     97378816
     1521544          256        2855.783    779030528    194757632
     1521544          512        6367.442   1558061056    389515264
     1673696            1          78.100      3347392       836848
     1673696            2          50.692      6694784      1673696
     1673696            4          68.292     13389568      3347392
     1673696            8         118.434     26779136      6694784
     1673696           16         217.341     53558272     13389568
     1673696           32         419.741    107116544     26779136
     1673696           64         825.550    214233088     53558272
     1673696          128        1649.084    428466176    107116544
     1673696          256        3201.458    856932352    214233088
     1673696          512        7136.250   1713864704    428466176
     1841064            1          85.984      3682128       920532
     1841064            2          56.192      7364256      1841064
     1841064            4          76.633     14728512      3682128
     1841064            8         130.625     29457024      7364256
     1841064           16         240.992     58914048     14728512
     1841064           32         476.025    117828096     29457024
     1841064           64         945.084    235656192     58914048
     1841064          128        1782.183    471312384    117828096
     1841064          256        3470.500    942624768    235656192
     1841064          512        6700.100   1885249536    471312384
     2025168            1          94.508      4050336      1012584
     2025168            2          61.966      8100672      2025168
     2025168            4          96.158     16201344      4050336
     2025168            8         149.600     32402688      8100672
     2025168           16         265.650     64805376     16201344
     2025168           32         522.225    129610752     32402688
     2025168           64         955.809    259221504     64805376
     2025168          128        1932.242    518443008    129610752
     2025168          256        3799.216   1036886016    259221504
     2025168          512        7197.209   2073772032    518443008
     2227680            1         104.500      4455360      1113840
     2227680            2          66.550      8910720      2227680
     2227680            4          90.108     17821440      4455360
     2227680            8         152.809     35642880      8910720
     2227680           16         281.967     71285760     17821440
     2227680           32         534.234    142571520     35642880
     2227680           64        1055.450    285143040     71285760
     2227680          128        2045.358    570286080    142571520
     2227680          256        4072.291   1140572160    285143040
     2450448            1         111.467      4900896      1225224
     2450448            2          74.525      9801792      2450448
     2450448            4         100.008     19603584      4900896
     2450448            8         168.667     39207168      9801792
     2450448           16         320.742     78414336     19603584
     2450448           32         611.416    156828672     39207168
     2450448           64        1195.975    313657344     78414336
     2450448          128        2288.641    627314688    156828672
     2450448          256        4491.392   1254629376    313657344
     2695488            1         126.775      5390976      1347744
     2695488            2          91.300     10781952      2695488
     2695488            4         121.275     21563904      5390976
     2695488            8         204.325     43127808     10781952
     2695488           16         398.658     86255616     21563904
     2695488           32         672.467    172511232     43127808
     2695488           64        1316.242    345022464     86255616
     2695488          128        2662.733    690044928    172511232
     2695488          256        5121.875   1380089856    345022464
     2965032            1         134.659      5930064      1482516
     2965032            2          88.000     11860128      2965032
     2965032            4         125.217     23720256      5930064
     2965032            8         420.566     47440512     11860128
     2965032           16         462.825     94881024     23720256
     2965032           32         738.558    189762048     47440512
     2965032           64        1510.025    379524096     94881024
     2965032          128        2855.967    759048192    189762048
     2965032          256        5421.625   1518096384    379524096
     3261528            1         150.609      6523056      1630764
     3261528            2          94.325     13046112      3261528
     3261528            4         132.641     26092224      6523056
     3261528            8         227.700     52184448     13046112
     3261528           16         419.008    104368896     26092224
     3261528           32         815.100    208737792     52184448
     3261528           64        1911.250    417475584    104368896
     3261528          128        3123.725    834951168    208737792
     3261528          256        5853.100   1669902336    417475584
     3587680            1         161.700      7175360      1793840
     3587680            2         103.950     14350720      3587680
     3587680            4         146.025     28701440      7175360
     3587680            8         251.166     57402880     14350720
     3587680           16         460.900    114805760     28701440
     3587680           32         977.900    229611520     57402880
     3587680           64        1785.483    459223040    114805760
     3587680          128        3302.292    918446080    229611520
     3587680          256        6377.892   1836892160    459223040
     3946448            1         179.391      7892896      1973224
     3946448            2         198.000     15785792      3946448
     3946448            4         159.225     31571584      7892896
     3946448            8         277.200     63143168     15785792
     3946448           16         520.117    126286336     31571584
     3946448           32         963.233    252572672     63143168
     3946448           64        1905.658    505145344    126286336
     3946448          128        3655.850   1010290688    252572672
     3946448          256        6923.583   2020581376    505145344
     4341088            1         196.075      8682176      2170544
     4341088            2         245.483     17364352      4341088
     4341088            4         298.741     34728704      8682176
     4341088            8         432.208     69457408     17364352
     4341088           16         554.767    138914816     34728704
     4341088           32        1087.350    277829632     69457408
     4341088           64        2134.825    555659264    138914816
     4341088          128        3913.067   1111318528    277829632
     4775192            1         217.617      9550384      2387596
     4775192            2         142.542     19100768      4775192
     4775192            4         199.558     38201536      9550384
     4775192            8         351.267     76403072     19100768
     4775192           16         876.425    152806144     38201536
     4775192           32        1226.042    305612288     76403072
     4775192           64        2328.975    611224576    152806144
     4775192          128        4347.475   1222449152    305612288
     5252704            1         247.133     10505408      2626352
     5252704            2         147.491     21010816      5252704
     5252704            4         214.317     42021632     10505408
     5252704            8         376.567     84043264     21010816
     5252704           16         680.350    168086528     42021632
     5252704           32        1304.417    336173056     84043264
     5252704           64        2479.308    672346112    168086528
     5252704          128        4996.934   1344692224    336173056
     5777968            1         259.967     11555936      2888984
     5777968            2         162.708     23111872      5777968
     5777968            4         239.159     46223744     11555936
     5777968            8         408.925     92447488     23111872
     5777968           16         770.917    184894976     46223744
     5777968           32        1466.575    369789952     92447488
     5777968           64        2724.425    739579904    184894976
     5777968          128        5497.067   1479159808    369789952
     6355760            1         284.166     12711520      3177880
     6355760            2         180.125     25423040      6355760
     6355760            4         261.892     50846080     12711520
     6355760            8         459.983    101692160     25423040
     6355760           16         841.775    203384320     50846080
     6355760           32        1773.292    406768640    101692160
     6355760           64        3058.000    813537280    203384320
     6355760          128        5756.667   1627074560    406768640
     6991336            1         313.225     13982672      3495668
     6991336            2         192.775     27965344      6991336
     6991336            4         422.217     55930688     13982672
     6991336            8         514.067    111861376     27965344
     6991336           16         907.958    223722752     55930688
     6991336           32        1730.942    447445504    111861376
     6991336           64        3317.325    894891008    223722752
     6991336          128        6219.859   1789782016    447445504
     7690464            1         346.042     15380928      3845232
     7690464            2         244.383     30761856      7690464
     7690464            4         327.800     61523712     15380928
     7690464            8         546.700    123047424     30761856
     7690464           16        1008.792    246094848     61523712
     7690464           32        1861.200    492189696    123047424
     7690464           64        3600.025    984379392    246094848
     7690464          128        7038.350   1968758784    492189696
     8459504            1         371.984     16919008      4229752
     8459504            2         247.775     33838016      8459504
     8459504            4         350.075     67676032     16919008
     8459504            8         590.883    135352064     33838016
     8459504           16        1109.625    270704128     67676032
     8459504           32        2021.159    541408256    135352064
     8459504           64        3912.334   1082816512    270704128
     9305448            1         410.575     18610896      4652724
     9305448            2         259.784     37221792      9305448
     9305448            4         385.916     74443584     18610896
     9305448            8         694.650    148887168     37221792
     9305448           16        1260.416    297774336     74443584
     9305448           32        2275.625    595548672    148887168
     9305448           64        4363.517   1191097344    297774336
    10235992            1         442.292     20471984      5117996
    10235992            2         315.150     40943968     10235992
    10235992            4         425.517     81887936     20471984
    10235992            8         749.925    163775872     40943968
    10235992           16        1384.442    327551744     81887936
    10235992           32        2524.317    655103488    163775872
    10235992           64        4903.892   1310206976    327551744
    11259584            1         491.884     22519168      5629792
    11259584            2         429.459     45038336     11259584
    11259584            4         606.833     90076672     22519168
    11259584            8         971.575    180153344     45038336
    11259584           16        1735.067    360306688     90076672
    11259584           32        2948.183    720613376    180153344
    11259584           64        5484.233   1441226752    360306688
    12385536            1         521.858     24771072      6192768
    12385536            2         485.009     49542144     12385536
    12385536            4         671.000     99084288     24771072
    12385536            8        1163.067    198168576     49542144
    12385536           16        1824.717    396337152     99084288
    12385536           32        3232.625    792674304    198168576
    12385536           64        6031.300   1585348608    396337152
    13624088            1         585.841     27248176      6812044
    13624088            2         512.234     54496352     13624088
    13624088            4         619.942    108992704     27248176
    13624088            8         998.250    217985408     54496352
    13624088           16        1937.833    435970816    108992704
    13624088           32        3443.001    871941632    217985408
    13624088           64        6446.458   1743883264    435970816
    14986496            1         628.558     29972992      7493248
    14986496            2         695.659     59945984     14986496
    14986496            4         924.734    119891968     29972992
    14986496            8        1472.075    239783936     59945984
    14986496           16        2403.866    479567872    119891968
    14986496           32        4087.875    959135744    239783936
    14986496           64        7323.159   1918271488    479567872
    16485144            1         689.150     32970288      8242572
    16485144            2         516.541     65940576     16485144
    16485144            4         691.808    131881152     32970288
    16485144            8        1198.359    263762304     65940576
    16485144           16        2170.758    527524608    131881152
    16485144           32        4118.767   1055049216    263762304
    16485144           64        7879.025   2110098432    527524608
    18133656            1         741.216     36267312      9066828
    18133656            2         674.025     72534624     18133656
    18133656            4         948.933    145069248     36267312
    18133656            8        1352.816    290138496     72534624
    18133656           16        2419.633    580276992    145069248
    18133656           32        4424.933   1160553984    290138496
    19947016            1         811.433     39894032      9973508
    19947016            2         615.359     79788064     19947016
    19947016            4         842.967    159576128     39894032
    19947016            8        1624.425    319152256     79788064
    19947016           16        2582.983    638304512    159576128
    19947016           32        4931.942   1276609024    319152256
    21941712            1         922.166     43883424     10970856
    21941712            2        1093.216     87766848     21941712
    21941712            4         928.033    175533696     43883424
    21941712            8        1612.325    351067392     87766848
    21941712           16        2885.392    702134784    175533696
    21941712           32        5348.567   1404269568    351067392
    24135880            1         994.859     48271760     12067940
    24135880            2        1031.525     96543520     24135880
    24135880            4        1085.517    193087040     48271760
    24135880            8        1822.425    386174080     96543520
    24135880           16        3181.292    772348160    193087040
    24135880           32        5928.817   1544696320    386174080
    26549464            1        1222.466     53098928     13274732
    26549464            2        1145.100    106197856     26549464
    26549464            4        1346.584    212395712     53098928
    26549464            8        2509.833    424791424    106197856
    26549464           16        3543.925    849582848    212395712
    26549464           32        7156.600   1699165696    424791424
    29204408            1        1157.475     58408816     14602204
    29204408            2        1152.892    116817632     29204408
    29204408            4        1218.434    233635264     58408816
    29204408            8        2152.516    467270528    116817632
    29204408           16        3892.625    934541056    233635264
    29204408           32        7168.150   1869082112    467270528
    32124848            1        1267.841     64249696     16062424
    32124848            2        1257.850    128499392     32124848
    32124848            4        1478.216    256998784     64249696
    32124848            8        2291.025    513997568    128499392
    32124848           16        4167.717   1027995136    256998784
    32124848           32        7764.900   2055990272    513997568
    35337328            1        1649.358     70674656     17668664
    35337328            2        1554.667    141349312     35337328
    35337328            4        1482.616    282698624     70674656
    35337328            8        2562.175    565397248    141349312
    35337328           16        4561.975   1130794496    282698624
    38871056            1        1552.100     77742112     19435528
    38871056            2        1649.083    155484224     38871056
    38871056            4        1824.350    310968448     77742112
    38871056            8        2866.509    621936896    155484224
    38871056           16        5468.833   1243873792    310968448
    42758160            1        1699.134     85516320     21379080
    42758160            2        1784.200    171032640     42758160
    42758160            4        1849.284    342065280     85516320
    42758160            8        3187.983    684130560    171032640
    42758160           16        5582.042   1368261120    342065280
    47033976            1        1944.342     94067952     23516988
    47033976            2        1330.908    188135904     47033976
    47033976            4        2017.859    376271808     94067952
    47033976            8        3391.575    752543616    188135904
    47033976           16        6094.367   1505087232    376271808
    51737368            1        2142.067    103474736     25868684
    51737368            2        2201.192    206949472     51737368
    51737368            4        2259.766    413898944    103474736
    51737368            8        3923.516    827797888    206949472
    51737368           16        6813.400   1655595776    413898944
    56911104            1        2229.150    113822208     28455552
    56911104            2        2616.992    227644416     56911104
    56911104            4        2514.050    455288832    113822208
    56911104            8        4217.033    910577664    227644416
    56911104           16        7498.792   1821155328    455288832
    62602208            1        2683.267    125204416     31301104
    62602208            2        2664.567    250408832     62602208
    62602208            4        2741.201    500817664    125204416
    62602208            8        4633.292   1001635328    250408832
    62602208           16        8396.575   2003270656    500817664
    68862424            1        2702.425    137724848     34431212
    68862424            2        2190.100    275449696     68862424
    68862424            4        3174.875    550899392    137724848
    68862424            8        5427.308   1101798784    275449696
    75748664            1        2939.017    151497328     37874332
    75748664            2        2607.825    302994656     75748664
    75748664            4        3753.292    605989312    151497328
    75748664            8        6290.809   1211978624    302994656
    83323528            1        3246.834    166647056     41661764
    83323528            2        3525.683    333294112     83323528
    83323528            4        4186.783    666588224    166647056
    83323528            8        7361.475   1333176448    333294112
    91655880            1        3519.817    183311760     45827940
    91655880            2        3835.241    366623520     91655880
    91655880            4        5259.925    733247040    183311760
    91655880            8        8718.600   1466494080    366623520
   100821464            1        3910.041    201642928     50410732
   100821464            2        5274.683    403285856    100821464
   100821464            4        6524.559    806571712    201642928
   100821464            8       10581.633   1613143424    403285856
   110903608            1        4252.233    221807216     55451804
   110903608            2        7649.401    443614432    110903608
   110903608            4        8363.758    887228864    221807216
   110903608            8       12025.567   1774457728    443614432
   121993968            1        4690.126    243987936     60996984
   121993968            2        6213.166    487975872    121993968
   121993968            4        8507.217    975951744    243987936
   121993968            8       13529.541   1951903488    487975872
   134193360            1        5120.592    268386720     67096680
   134193360            2        8912.017    536773440    134193360
   134193360            4        9591.358   1073546880    268386720
   134193360            8       16123.984   2147093760    536773440
   147612696            1        5626.134    295225392     73806348
   147612696            2       10155.017    590450784    147612696
   147612696            4       12635.150   1180901568    295225392
   162373960            1        6185.667    324747920     81186980
   162373960            2       10385.375    649495840    162373960
   162373960            4       12492.792   1298991680    324747920
   178611352            1        7088.401    357222704     89305676
   178611352            2       10894.400    714445408    178611352
   178611352            4       14328.325   1428890816    357222704
   196472480            1        7488.067    392944960     98236240
   196472480            2       11841.134    785889920    196472480
   196472480            4       16574.067   1571779840    392944960
   216119728            1        8379.434    432239456    108059864
   216119728            2       13067.817    864478912    216119728
   216119728            4       18882.692   1728957824    432239456
   237731696            1        9130.458    475463392    118865848
   237731696            2       14062.125    950926784    237731696
   237731696            4       20999.367   1901853568    475463392
   261504864            1       11721.784    523009728    130752432
   261504864            2       16550.601   1046019456    261504864
   261504864            4       23726.176   2092038912    523009728
   287655344            1       10800.809    575310688    143827672
   287655344            2       19069.051   1150621376    287655344
   316420872            1       12037.667    632841744    158210436
   316420872            2       21877.075   1265683488    316420872
   348062952            1       13134.000    696125904    174031476
   348062952            2       24063.692   1392251808    348062952
   382869240            1       15961.275    765738480    191434620
   382869240            2       25424.392   1531476960    382869240
   421156160            1       16306.492    842312320    210578080
   421156160            2       29522.259   1684624640    421156160
   463271776            1       17298.142    926543552    231635888
   463271776            2       32602.534   1853087104    463271776
   509598952            1       19049.892   1019197904    254799476
   509598952            2       36330.159   2038395808    509598952
   560558840            1       21787.609   1121117680    280279420
   616614720            1       23159.767   1233229440    308307360
   678276192            1       25740.276   1356552384    339138096
   746103808            1       27613.117   1492207616    373051904
   820714184            1       30451.942   1641428368    410357092
   902785600            1       34705.367   1805571200    451392800
   993064160            1       36688.484   1986128320    496532080

META_DATA
FLOPS          4
OPENMP_THREADS 1
ERT_VERSION  1.1.0
HOSTNAME  ('DESKTOP-1DMF7BU.localdomain', ['DESKTOP-1DMF7BU'], ['127.0.1.1'])
UNAME  uname_result(system='Linux', node='DESKTOP-1DMF7BU', release='6.6.87.2-microsoft-standard-WSL2', version='#1 SMP PREEMPT_DYNAMIC Thu Jun  5 18:30:46 UTC 2025', machine='x86_64')
TIMESTAMP_DATA  1765959621.3490791
CONFIG  {'ERT_MPI': ['False'], 'ERT_OPENMP': ['True'], 'ERT_OPENMP_CFLAGS': ['-fopenmp'], 'ERT_OPENMP_LDFLAGS': ['-fopenmp'], 'ERT_PRECISION': ['FP64'], 'ERT_TRIALS_MIN': ['1'], 'ERT_TRIALS': ['3', '#', 'Run', 'each', 'test', '3', 'times', 'to', 'filter', 'out', 'background', 'noise'], 'ERT_RESULTS': ['Results/7800X3D'], 'ERT_GNUPLOT': ['gnuplot'], 'ERT_DRIVER': ['driver1'], 'ERT_KERNEL': ['kernel1'], 'ERT_CC': ['g++'], 'ERT_LD': ['g++'], 'ERT_CFLAGS': ['-O3', '-march=native', '-fopenmp', '-fstrict-aliasing', '-funroll-loops', '-Wno-all'], 'ERT_LDFLAGS': ['-O3', '-march=native', '-fopenmp'], 'ERT_LDLIBS': ['-lm'], 'ERT_RUN': ['export', 'OMP_NUM_THREADS=ERT_OPENMP_THREADS;', './ERT_CODE'], 'ERT_WORKING_SET_MIN': ['128'], 'ERT_MEMORY_MAX': ['1073741824'], 'ERT_ALIGN': ['64'], 'ERT_MIN_PROCS': ['1'], 'ERT_MAX_PROCS': ['1'], 'ERT_OPENMP_THREADS': ['1,2,4,8,16', '#', 'Logical', 'Threads'], 'ERT_NUM_EXPERIMENTS': ['5'], 'ERT_FLOPS': ['1,2,4,8,16', '#', '16', 'for', 'AVX-51'], 'ERT_GPU': [False], 'ERT_HIP': [False], 'ERT_OCL': [False], 'ERT_SYCL': [False], 'ERT_WSS_MULT': [1.1]}
