fp64
        1024            1           0.917         2048          256
        1024            2           0.275         4096          512
        1024            4           0.275         8192         1024
        1024            8           0.366        16384         2048
        1024           16           0.367        32768         4096
        1024           32           0.367        65536         8192
        1024           64           0.642       131072        16384
        1024          128           1.100       262144        32768
        1024          256           2.017       524288        65536
        1024          512           3.758      1048576       131072
        1024         1024           7.242      2097152       262144
        1024         2048          14.209      4194304       524288
        1024         4096          28.417      8388608      1048576
        1024         8192          56.466     16777216      2097152
        1024        16384         112.842     33554432      4194304
        1024        32768         225.133     67108864      8388608
        1024        65536         450.175    134217728     16777216
        1024       131072         808.958    268435456     33554432
        1024       262144        1437.150    536870912     67108864
        1024       524288        2848.909   1073741824    134217728
        1024      1048576        5982.626   2147483648    268435456
        1120            1           1.558         2240          280
        1120            2           0.183         4480          560
        1120            4           0.275         8960         1120
        1120            8           0.275        17920         2240
        1120           16           0.275        35840         4480
        1120           32           0.367        71680         8960
        1120           64           0.550       143360        17920
        1120          128           0.917       286720        35840
        1120          256           1.558       573440        71680
        1120          512           2.933      1146880       143360
        1120         1024           5.683      2293760       286720
        1120         2048          11.091      4587520       573440
        1120         4096          22.092      9175040      1146880
        1120         8192          43.908     18350080      2293760
        1120        16384          87.817     36700160      4587520
        1120        32768         174.900     73400320      9175040
        1120        65536         349.708    146800640     18350080
        1120       131072         762.300    293601280     36700160
        1120       262144        1535.050    587202560     73400320
        1120       524288        2859.542   1174405120    146800640
        1232            1           1.467         2464          308
        1232            2           0.367         4928          616
        1232            4           0.275         9856         1232
        1232            8           0.367        19712         2464
        1232           16           0.367        39424         4928
        1232           32           0.458        78848         9856
        1232           64           0.733       157696        19712
        1232          128           1.192       315392        39424
        1232          256           2.017       630784        78848
        1232          512           3.759      1261568       157696
        1232         1024           7.242      2523136       315392
        1232         2048          14.209      5046272       630784
        1232         4096          28.141     10092544      1261568
        1232         8192          61.141     20185088      2523136
        1232        16384          99.000     40370176      5046272
        1232        32768         197.541     80740352     10092544
        1232        65536         395.541    161480704     20185088
        1232       131072         890.541    322961408     40370176
        1232       262144        1809.592    645922816     80740352
        1232       524288        4068.350   1291845632    161480704
        1352            1           1.100         2704          338
        1352            2           0.275         5408          676
        1352            4           0.275        10816         1352
        1352            8           0.275        21632         2704
        1352           16           0.367        43264         5408
        1352           32           0.367        86528        10816
        1352           64           0.641       173056        21632
        1352          128           1.100       346112        43264
        1352          256           1.925       692224        86528
        1352          512           3.667      1384448       173056
        1352         1024           7.150      2768896       346112
        1352         2048          14.117      5537792       692224
        1352         4096          27.958     11075584      1384448
        1352         8192          55.733     22151168      2768896
        1352        16384         112.658     44302336      5537792
        1352        32768         222.384     88604672     11075584
        1352        65536         458.975    177209344     22151168
        1352       131072         958.375    354418688     44302336
        1352       262144        1931.417    708837376     88604672
        1352       524288        3687.475   1417674752    177209344
        1480            1           1.191         2960          370
        1480            2           0.183         5920          740
        1480            4           0.275        11840         1480
        1480            8           0.275        23680         2960
        1480           16           0.458        47360         5920
        1480           32           0.550        94720        11840
        1480           64           0.825       189440        23680
        1480          128           1.467       378880        47360
        1480          256           2.659       757760        94720
        1480          512           5.134      1515520       189440
        1480         1024           9.900      3031040       378880
        1480         2048          19.525      6062080       757760
        1480         4096          38.959     12124160      1515520
        1480         8192          77.917     24248320      3031040
        1480        16384         155.558     48496640      6062080
        1480        32768         316.617     96993280     12124160
        1480        65536         576.859    193986560     24248320
        1480       131072        1098.258    387973120     48496640
        1480       262144        2684.275    775946240     96993280
        1480       524288        4533.925   1551892480    193986560
        1624            1           0.917         3248          406
        1624            2           0.275         6496          812
        1624            4           0.275        12992         1624
        1624            8           0.275        25984         3248
        1624           16           0.366        51968         6496
        1624           32           0.550       103936        12992
        1624           64           0.825       207872        25984
        1624          128           1.375       415744        51968
        1624          256           2.658       831488       103936
        1624          512           4.950      1662976       207872
        1624         1024           9.809      3325952       415744
        1624         2048          19.250      6651904       831488
        1624         4096          38.409     13303808      1662976
        1624         8192          76.633     26607616      3325952
        1624        16384         152.900     53215232      6651904
        1624        32768         310.383    106430464     13303808
        1624        65536         614.259    212860928     26607616
        1624       131072        1207.892    425721856     53215232
        1624       262144        2159.392    851443712    106430464
        1624       524288        4518.709   1702887424    212860928
        1784            1           1.833         3568          446
        1784            2           0.275         7136          892
        1784            4           0.366        14272         1784
        1784            8           0.366        28544         3568
        1784           16           0.458        57088         7136
        1784           32           0.550       114176        14272
        1784           64           0.825       228352        28544
        1784          128           1.558       456704        57088
        1784          256           3.208       913408       114176
        1784          512           5.867      1826816       228352
        1784         1024          10.725      3653632       456704
        1784         2048          21.908      7307264       913408
        1784         4096          43.266     14614528      1826816
        1784         8192         115.867     29229056      3653632
        1784        16384         222.383     58458112      7307264
        1784        32768         474.009    116916224     14614528
        1784        65536         896.592    233832448     29229056
        1784       131072        1107.333    467664896     58458112
        1784       262144        2047.650    935329792    116916224
        1784       524288        4782.892   1870659584    233832448
        1960            1           1.558         3920          490
        1960            2           0.183         7840          980
        1960            4           0.275        15680         1960
        1960            8           0.366        31360         3920
        1960           16           0.367        62720         7840
        1960           32           0.550       125440        15680
        1960           64           0.733       250880        31360
        1960          128           1.283       501760        62720
        1960          256           2.384      1003520       125440
        1960          512           4.583      2007040       250880
        1960         1024           8.891      4014080       501760
        1960         2048          17.692      8028160      1003520
        1960         4096          35.109     16056320      2007040
        1960         8192          70.033     32112640      4014080
        1960        16384         216.517     64225280      8028160
        1960        32768         277.292    128450560     16056320
        1960        65536         658.900    256901120     32112640
        1960       131072        1430.733    513802240     64225280
        1960       262144        2684.733   1027604480    128450560
        1960       524288        5076.683   2055208960    256901120
        2152            1           1.008         4304          538
        2152            2           0.184         8608         1076
        2152            4           0.275        17216         2152
        2152            8           0.367        34432         4304
        2152           16           0.367        68864         8608
        2152           32           0.550       137728        17216
        2152           64           1.009       275456        34432
        2152          128           1.375       550912        68864
        2152          256           2.567      1101824       137728
        2152          512           4.950      2203648       275456
        2152         1024           9.717      4407296       550912
        2152         2048          19.158      8814592      1101824
        2152         4096          38.133     17629184      2203648
        2152         8192          75.900     35258368      4407296
        2152        16384         152.167     70516736      8814592
        2152        32768         317.625    141033472     17629184
        2152        65536         676.500    282066944     35258368
        2152       131072        1414.416    564133888     70516736
        2152       262144        2534.125   1128267776    141033472
        2360            1           1.467         4720          590
        2360            2           0.367         9440         1180
        2360            4           0.275        18880         2360
        2360            8           0.367        37760         4720
        2360           16           0.367        75520         9440
        2360           32           0.550       151040        18880
        2360           64           0.917       302080        37760
        2360          128           1.559       604160        75520
        2360          256           2.934      1208320       151040
        2360          512           5.592      2416640       302080
        2360         1024          11.000      4833280       604160
        2360         2048          21.633      9666560      1208320
        2360         4096          43.358     19333120      2416640
        2360         8192          86.258     38666240      4833280
        2360        16384         172.242     77332480      9666560
        2360        32768         345.033    154664960     19333120
        2360        65536         843.333    309329920     38666240
        2360       131072        1650.275    618659840     77332480
        2360       262144        3263.425   1237319680    154664960
        2592            1           1.558         5184          648
        2592            2           0.275        10368         1296
        2592            4           0.275        20736         2592
        2592            8           0.366        41472         5184
        2592           16           0.367        82944        10368
        2592           32           0.642       165888        20736
        2592           64           0.916       331776        41472
        2592          128           1.650       663552        82944
        2592          256           3.025      1327104       165888
        2592          512           5.867      2654208       331776
        2592         1024          11.458      5308416       663552
        2592         2048          22.733     10616832      1327104
        2592         4096          45.192     21233664      2654208
        2592         8192          90.200     42467328      5308416
        2592        16384         180.309     84934656     10616832
        2592        32768         361.350    169869312     21233664
        2592        65536         729.850    339738624     42467328
        2592       131072        1709.492    679477248     84934656
        2592       262144        3194.492   1358954496    169869312
        2848            1           1.008         5696          712
        2848            2           0.275        11392         1424
        2848            4           0.366        22784         2848
        2848            8           0.366        45568         5696
        2848           16           0.458        91136        11392
        2848           32           0.733       182272        22784
        2848           64           1.100       364544        45568
        2848          128           2.017       729088        91136
        2848          256           3.941      1458176       182272
        2848          512           7.608      2916352       364544
        2848         1024          15.125      5832704       729088
        2848         2048          29.883     11665408      1458176
        2848         4096          59.584     23330816      2916352
        2848         8192         118.708     46661632      5832704
        2848        16384         237.508     93323264     11665408
        2848        32768         474.741    186646528     23330816
        2848        65536         993.666    373293056     46661632
        2848       131072        1728.375    746586112     93323264
        2848       262144        3449.600   1493172224    186646528
        3128            1           1.100         6256          782
        3128            2           0.275        12512         1564
        3128            4           0.367        25024         3128
        3128            8           0.642        50048         6256
        3128           16           0.550       100096        12512
        3128           32           0.733       200192        25024
        3128           64           1.284       400384        50048
        3128          128           2.292       800768       100096
        3128          256           4.400      1601536       200192
        3128          512           8.525      3203072       400384
        3128         1024          16.959      6406144       800768
        3128         2048          33.642     12812288      1601536
        3128         4096          67.192     25624576      3203072
        3128         8192         134.017     51249152      6406144
        3128        16384         267.850    102498304     12812288
        3128        32768         538.909    204996608     25624576
        3128        65536        1337.875    409993216     51249152
        3128       131072        2466.109    819986432    102498304
        3128       262144        3709.292   1639972864    204996608
        3440            1           1.100         6880          860
        3440            2           0.275        13760         1720
        3440            4           0.275        27520         3440
        3440            8           0.367        55040         6880
        3440           16           0.459       110080        13760
        3440           32           0.642       220160        27520
        3440           64           1.100       440320        55040
        3440          128           2.017       880640       110080
        3440          256           3.759      1761280       220160
        3440          512           7.242      3522560       440320
        3440         1024          14.300      7045120       880640
        3440         2048          28.417     14090240      1761280
        3440         4096          56.650     28180480      3522560
        3440         8192         113.116     56360960      7045120
        3440        16384         226.233    112721920     14090240
        3440        32768         452.834    225443840     28180480
        3440        65536         994.400    450887680     56360960
        3440       131072        2287.083    901775360    112721920
        3440       262144        4360.492   1803550720    225443840
        3784            1           1.284         7568          946
        3784            2           0.275        15136         1892
        3784            4           0.275        30272         3784
        3784            8           0.366        60544         7568
        3784           16           0.458       121088        15136
        3784           32           0.733       242176        30272
        3784           64           1.191       484352        60544
        3784          128           2.292       968704       121088
        3784          256           4.217      1937408       242176
        3784          512           8.158      3874816       484352
        3784         1024          16.133      7749632       968704
        3784         2048          32.175     15499264      1937408
        3784         4096          64.075     30998528      3874816
        3784         8192         127.967     61997056      7749632
        3784        16384         264.550    123994112     15499264
        3784        32768         520.208    247988224     30998528
        3784        65536        1246.392    495976448     61997056
        3784       131072        2459.875    991952896    123994112
        3784       262144        4725.692   1983905792    247988224
        4160            1           1.467         8320         1040
        4160            2           0.275        16640         2080
        4160            4           0.366        33280         4160
        4160            8           0.366        66560         8320
        4160           16           0.550       133120        16640
        4160           32           0.917       266240        33280
        4160           64           1.559       532480        66560
        4160          128           2.934      1064960       133120
        4160          256           5.683      2129920       266240
        4160          512          10.908      4259840       532480
        4160         1024          21.633      8519680      1064960
        4160         2048          42.992     17039360      2129920
        4160         4096          85.892     34078720      4259840
        4160         8192         179.300     68157440      8519680
        4160        16384         322.392    136314880     17039360
        4160        32768         641.850    272629760     34078720
        4160        65536        1328.158    545259520     68157440
        4160       131072        2569.509   1090519040    136314880
        4576            1           1.375         9152         1144
        4576            2           0.275        18304         2288
        4576            4           0.367        36608         4576
        4576            8           0.367        73216         9152
        4576           16           0.641       146432        18304
        4576           32           1.008       292864        36608
        4576           64           1.741       585728        73216
        4576          128           3.208      1171456       146432
        4576          256           6.233      2342912       292864
        4576          512          12.192      4685824       585728
        4576         1024          24.108      9371648      1171456
        4576         2048          47.942     18743296      2342912
        4576         4096          96.158     37486592      4685824
        4576         8192         191.400     74973184      9371648
        4576        16384         382.341    149946368     18743296
        4576        32768         784.941    299892736     37486592
        4576        65536        1546.142    599785472     74973184
        4576       131072        2963.583   1199570944    149946368
        5032            1           1.650        10064         1258
        5032            2           0.458        20128         2516
        5032            4           0.550        40256         5032
        5032            8           0.642        80512        10064
        5032           16           1.008       161024        20128
        5032           32           1.650       322048        40256
        5032           64           2.842       644096        80512
        5032          128           5.225      1288192       161024
        5032          256          10.908      2576384       322048
        5032          512          20.533      5152768       644096
        5032         1024          39.417     10305536      1288192
        5032         2048          79.016     20611072      2576384
        5032         4096         154.366     41222144      5152768
        5032         8192         325.875     82444288     10305536
        5032        16384         630.209    164888576     20611072
        5032        32768        1188.000    329777152     41222144
        5032        65536        2001.450    659554304     82444288
        5032       131072        2803.259   1319108608    164888576
        5528            1           2.109        11056         1382
        5528            2           0.275        22112         2764
        5528            4           0.367        44224         5528
        5528            8           0.458        88448        11056
        5528           16           0.642       176896        22112
        5528           32           1.009       353792        44224
        5528           64           1.742       707584        88448
        5528          128           3.208      1415168       176896
        5528          256           6.233      2830336       353792
        5528          512          12.100      5660672       707584
        5528         1024          23.925     11321344      1415168
        5528         2048          47.759     22642688      2830336
        5528         4096         103.950     45285376      5660672
        5528         8192         191.033     90570752     11321344
        5528        16384         382.800    181141504     22642688
        5528        32768         773.300    362283008     45285376
        5528        65536        1841.584    724566016     90570752
        5528       131072        3242.891   1449132032    181141504
        6080            1           2.017        12160         1520
        6080            2           0.367        24320         3040
        6080            4           0.366        48640         6080
        6080            8           0.458        97280        12160
        6080           16           0.641       194560        24320
        6080           32           1.008       389120        48640
        6080           64           1.833       778240        97280
        6080          128           3.483      1556480       194560
        6080          256           6.600      3112960       389120
        6080          512          12.925      6225920       778240
        6080         1024          25.850     12451840      1556480
        6080         2048          51.517     24903680      3112960
        6080         4096         102.300     49807360      6225920
        6080         8192         204.325     99614720     12451840
        6080        16384         418.275    199229440     24903680
        6080        32768         821.058    398458880     49807360
        6080        65536        2126.483    796917760     99614720
        6080       131072        3939.467   1593835520    199229440
        6688            1           1.558        13376         1672
        6688            2           0.458        26752         3344
        6688            4           0.642        53504         6688
        6688            8           0.733       107008        13376
        6688           16           1.008       214016        26752
        6688           32           1.559       428032        53504
        6688           64           2.750       856064       107008
        6688          128           4.950      1712128       214016
        6688          256           9.533      3424256       428032
        6688          512          18.608      6848512       856064
        6688         1024          36.942     13697024      1712128
        6688         2048          73.425     27394048      3424256
        6688         4096         146.483     54788096      6848512
        6688         8192         276.100    109576192     13697024
        6688        16384         453.750    219152384     27394048
        6688        32768        1020.708    438304768     54788096
        6688        65536        2120.800    876609536    109576192
        6688       131072        3948.359   1753219072    219152384
        7352            1           2.017        14704         1838
        7352            2           0.367        29408         3676
        7352            4           0.366        58816         7352
        7352            8           0.550       117632        14704
        7352           16           0.733       235264        29408
        7352           32           1.192       470528        58816
        7352           64           2.109       941056       117632
        7352          128           4.217      1882112       235264
        7352          256           7.791      3764224       470528
        7352          512          15.491      7528448       941056
        7352         1024          30.708     15056896      1882112
        7352         2048          60.959     30113792      3764224
        7352         4096         140.342     60227584      7528448
        7352         8192         243.375    120455168     15056896
        7352        16384         508.750    240910336     30113792
        7352        32768        1291.583    481820672     60227584
        7352        65536        2287.450    963641344    120455168
        7352       131072        4864.658   1927282688    240910336
        8080            1           2.017        16160         2020
        8080            2           0.367        32320         4040
        8080            4           0.550        64640         8080
        8080            8           0.641       129280        16160
        8080           16           0.917       258560        32320
        8080           32           1.650       517120        64640
        8080           64           2.842      1034240       129280
        8080          128           5.500      2068480       258560
        8080          256          10.725      4136960       517120
        8080          512          21.175      8273920      1034240
        8080         1024          42.166     16547840      2068480
        8080         2048          83.966     33095680      4136960
        8080         4096         172.242     66191360      8273920
        8080         8192         344.483    132382720     16547840
        8080        16384         678.975    264765440     33095680
        8080        32768        1366.842    529530880     66191360
        8080        65536        2424.859   1059061760    132382720
        8080       131072        5076.225   2118123520    264765440
        8888            1           2.108        17776         2222
        8888            2           0.366        35552         4444
        8888            4           0.458        71104         8888
        8888            8           0.641       142208        17776
        8888           16          17.233       284416        35552
        8888           32           1.558       568832        71104
        8888           64           2.750      1137664       142208
        8888          128           5.225      2275328       284416
        8888          256          10.175      4550656       568832
        8888          512          20.075      9101312      1137664
        8888         1024          39.967     18202624      2275328
        8888         2048          79.750     36405248      4550656
        8888         4096         159.041     72810496      9101312
        8888         8192         318.450    145620992     18202624
        8888        16384         681.175    291241984     36405248
        8888        32768        1455.758    582483968     72810496
        8888        65536        2760.450   1164967936    145620992
        9776            1           2.200        19552         2444
        9776            2           0.458        39104         4888
        9776            4           0.458        78208         9776
        9776            8           0.734       156416        19552
        9776           16           1.009       312832        39104
        9776           32           1.833       625664        78208
        9776           64           3.392      1251328       156416
        9776          128           6.509      2502656       312832
        9776          256          12.834      5005312       625664
        9776          512          25.391     10010624      1251328
        9776         1024          50.509     20021248      2502656
        9776         2048         100.742     40042496      5005312
        9776         4096         201.116     80084992     10010624
        9776         8192         432.758    160169984     20021248
        9776        16384         828.758    320339968     40042496
        9776        32768        2275.808    640679936     80084992
        9776        65536        4925.525   1281359872    160169984
       10752            1           1.833        21504         2688
       10752            2           0.367        43008         5376
       10752            4           0.459        86016        10752
       10752            8           0.734       172032        21504
       10752           16           1.009       344064        43008
       10752           32           1.650       688128        86016
       10752           64           3.117      1376256       172032
       10752          128           5.775      2752512       344064
       10752          256          11.275      5505024       688128
       10752          512          22.275     11010048      1376256
       10752         1024          45.283     22020096      2752512
       10752         2048          90.017     44040192      5505024
       10752         4096         180.217     88080384     11010048
       10752         8192         360.892    176160768     22020096
       10752        16384         777.883    352321536     44040192
       10752        32768        1685.475    704643072     88080384
       10752        65536        3150.767   1409286144    176160768
       11824            1           1.742        23648         2956
       11824            2           0.458        47296         5912
       11824            4           0.550        94592        11824
       11824            8           0.733       189184        23648
       11824           16           1.009       378368        47296
       11824           32           1.742       756736        94592
       11824           64           3.300      1513472       189184
       11824          128           6.233      3026944       378368
       11824          256          12.284      6053888       756736
       11824          512          23.925     12107776      1513472
       11824         1024          47.666     24215552      3026944
       11824         2048          94.783     48431104      6053888
       11824         4096         189.475     96862208     12107776
       11824         8192         380.050    193724416     24215552
       11824        16384         769.725    387448832     48431104
       11824        32768        1930.316    774897664     96862208
       11824        65536        3445.659   1549795328    193724416
       13000            1           1.925        26000         3250
       13000            2           0.458        52000         6500
       13000            4           0.550       104000        13000
       13000            8           0.825       208000        26000
       13000           16           1.283       416000        52000
       13000           32           2.292       832000       104000
       13000           64           4.217      1664000       208000
       13000          128           8.250      3328000       416000
       13000          256          16.134      6656000       832000
       13000          512          31.992     13312000      1664000
       13000         1024          63.708     26624000      3328000
       13000         2048         138.875     53248000      6656000
       13000         4096         252.542    106496000     13312000
       13000         8192         523.508    212992000     26624000
       13000        16384        1093.675    425984000     53248000
       13000        32768        2010.709    851968000    106496000
       13000        65536        3850.275   1703936000    212992000
       14296            1           2.750        28592         3574
       14296            2           0.459        57184         7148
       14296            4           0.642       114368        14296
       14296            8           0.917       228736        28592
       14296           16           1.375       457472        57184
       14296           32           2.383       914944       114368
       14296           64           4.583      1829888       228736
       14296          128           8.892      3659776       457472
       14296          256          17.691      7319552       914944
       14296          512          34.925     14639104      1829888
       14296         1024          69.667     29278208      3659776
       14296         2048         151.892     58556416      7319552
       14296         4096         262.350    117112832     14639104
       14296         8192         485.650    234225664     29278208
       14296        16384        1107.242    468451328     58556416
       14296        32768        2452.266    936902656    117112832
       14296        65536        4282.025   1873805312    234225664
       15720            1           2.658        31440         3930
       15720            2           0.459        62880         7860
       15720            4           0.550       125760        15720
       15720            8           0.916       251520        31440
       15720           16           1.375       503040        62880
       15720           32           2.383      1006080       125760
       15720           64           4.400      2012160       251520
       15720          128           8.433      4024320       503040
       15720          256          16.592      8048640      1006080
       15720          512          32.908     16097280      2012160
       15720         1024          65.725     32194560      4024320
       15720         2048         130.716     64389120      8048640
       15720         4096         261.158    128778240     16097280
       15720         8192         609.034    257556480     32194560
       15720        16384        1141.525    515112960     64389120
       15720        32768        2422.475   1030225920    128778240
       15720        65536        4814.883   2060451840    257556480
       17288            1           2.566        34576         4322
       17288            2           0.550        69152         8644
       17288            4           0.733       138304        17288
       17288            8           0.917       276608        34576
       17288           16           1.467       553216        69152
       17288           32           2.659      1106432       138304
       17288           64           4.950      2212864       276608
       17288          128           9.533      4425728       553216
       17288          256          18.700      8851456      1106432
       17288          512          37.216     17702912      2212864
       17288         1024          85.800     35405824      4425728
       17288         2048         148.042     70811648      8851456
       17288         4096         297.642    141623296     17702912
       17288         8192         698.133    283246592     35405824
       17288        16384        1414.692    566493184     70811648
       17288        32768        2605.350   1132986368    141623296
       19016            1           2.292        38032         4754
       19016            2           0.550        76064         9508
       19016            4           0.733       152128        19016
       19016            8           1.008       304256        38032
       19016           16           1.559       608512        76064
       19016           32           2.842      1217024       152128
       19016           64           5.317      2434048       304256
       19016          128          10.450      4868096       608512
       19016          256          20.441      9736192      1217024
       19016          512          40.425     19472384      2434048
       19016         1024          80.758     38944768      4868096
       19016         2048         160.692     77889536      9736192
       19016         4096         323.216    155779072     19472384
       19016         8192         777.883    311558144     38944768
       19016        16384        1682.175    623116288     77889536
       19016        32768        2826.817   1246232576    155779072
       20912            1           2.475        41824         5228
       20912            2           0.642        83648        10456
       20912            4           0.825       167296        20912
       20912            8           1.191       334592        41824
       20912           16           2.016       669184        83648
       20912           32           3.666      1338368       167296
       20912           64           7.058      2676736       334592
       20912          128          13.750      5353472       669184
       20912          256          27.225     10706944      1338368
       20912          512          54.266     21413888      2676736
       20912         1024         108.259     42827776      5353472
       20912         2048         215.966     85655552     10706944
       20912         4096         429.733    171311104     21413888
       20912         8192         722.517    342622208     42827776
       20912        16384        1735.800    685244416     85655552
       20912        32768        3172.217   1370488832    171311104
       23000            1           3.025        46000         5750
       23000            2           0.642        92000        11500
       23000            4           0.825       184000        23000
       23000            8           1.191       368000        46000
       23000           16           1.925       736000        92000
       23000           32           3.484      1472000       184000
       23000           64           6.417      2944000       368000
       23000          128          12.466      5888000       736000
       23000          256          24.750     11776000      1472000
       23000          512          48.675     23552000      2944000
       23000         1024          97.167     47104000      5888000
       23000         2048         194.334     94208000     11776000
       23000         4096         387.750    188416000     23552000
       23000         8192         776.508    376832000     47104000
       23000        16384        1847.358    753664000     94208000
       23000        32768        3473.617   1507328000    188416000
       25296            1           3.300        50592         6324
       25296            2           0.641       101184        12648
       25296            4           0.917       202368        25296
       25296            8           1.283       404736        50592
       25296           16           2.292       809472       101184
       25296           32           3.667      1618944       202368
       25296           64           6.875      3237888       404736
       25296          128          13.292      6475776       809472
       25296          256          26.034     12951552      1618944
       25296          512          51.883     25903104      3237888
       25296         1024         103.308     51806208      6475776
       25296         2048         208.267    103612416     12951552
       25296         4096         432.483    207224832     25903104
       25296         8192        1108.525    414449664     51806208
       25296        16384        1931.692    828899328    103612416
       25296        32768        4153.509   1657798656    207224832
       27824            1           3.300        55648         6956
       27824            2           0.733       111296        13912
       27824            4           1.008       222592        27824
       27824            8           1.375       445184        55648
       27824           16           2.200       890368       111296
       27824           32           3.942      1780736       222592
       27824           64           7.425      3561472       445184
       27824          128          14.483      7122944       890368
       27824          256          28.325     14245888      1780736
       27824          512          56.008     28491776      3561472
       27824         1024         112.475     56983552      7122944
       27824         2048         230.817    113967104     14245888
       27824         4096         462.183    227934208     28491776
       27824         8192        1112.192    455868416     56983552
       27824        16384        2097.884    911736832    113967104
       27824        32768        4103.458   1823473664    227934208
       30600            1           3.391        61200         7650
       30600            2           0.733       122400        15300
       30600            4           1.100       244800        30600
       30600            8           1.650       489600        61200
       30600           16           2.658       979200       122400
       30600           32           4.675      1958400       244800
       30600           64           8.892      3916800       489600
       30600          128          17.050      7833600       979200
       30600          256          33.642     15667200      1958400
       30600          512          66.642     31334400      3916800
       30600         1024         166.192     62668800      7833600
       30600         2048         324.500    125337600     15667200
       30600         4096         653.858    250675200     31334400
       30600         8192        1349.242    501350400     62668800
       30600        16384        2438.609   1002700800    125337600
       30600        32768        4654.100   2005401600    250675200
       33656            1           3.575        67312         8414
       33656            2           0.917       134624        16828
       33656            4           1.191       269248        33656
       33656            8           1.833       538496        67312
       33656           16           3.025      1076992       134624
       33656           32           5.500      2153984       269248
       33656           64          10.633      4307968       538496
       33656          128          20.625      8615936      1076992
       33656          256          41.067     17231872      2153984
       33656          512          83.417     34463744      4307968
       33656         1024         166.833     68927488      8615936
       33656         2048         332.200    137854976     17231872
       33656         4096         714.725    275709952     34463744
       33656         8192        1600.134    551419904     68927488
       33656        16384        3073.217   1102839808    137854976
       37016            1           3.300        74032         9254
       37016            2           1.191       148064        18508
       37016            4           1.650       296128        37016
       37016            8           2.658       592256        74032
       37016           16           4.675      1184512       148064
       37016           32           8.708      2369024       296128
       37016           64          16.775      4738048       592256
       37016          128          33.183      9476096      1184512
       37016          256          67.100     18952192      2369024
       37016          512         145.017     37904384      4738048
       37016         1024         279.400     75808768      9476096
       37016         2048         536.433    151617536     18952192
       37016         4096        1071.492    303235072     37904384
       37016         8192        2109.617    606470144     75808768
       37016        16384        3904.633   1212940288    151617536
       40712            1           3.850        81424        10178
       40712            2           1.191       162848        20356
       40712            4           1.741       325696        40712
       40712            8           2.750       651392        81424
       40712           16           4.858      1302784       162848
       40712           32           8.983      2605568       325696
       40712           64          17.417      5211136       651392
       40712          128          35.292     10422272      1302784
       40712          256          75.992     20844544      2605568
       40712          512         287.467     41689088      5211136
       40712         1024         293.608     83378176     10422272
       40712         2048         563.475    166756352     20844544
       40712         4096        1138.133    333512704     41689088
       40712         8192        2238.867    667025408     83378176
       40712        16384        4071.742   1334050816    166756352
       44776            1           4.033        89552        11194
       44776            2           1.192       179104        22388
       44776            4           1.650       358208        44776
       44776            8           2.750       716416        89552
       44776           16           4.766      1432832       179104
       44776           32           8.983      2865664       358208
       44776           64          17.325      5731328       716416
       44776          128          35.200     11462656      1432832
       44776          256          69.942     22925312      2865664
       44776          512         135.116     45850624      5731328
       44776         1024         265.100     91701248     11462656
       44776         2048         532.400    183402496     22925312
       44776         4096        1237.408    366804992     45850624
       44776         8192        2359.134    733609984     91701248
       44776        16384        4533.925   1467219968    183402496
       49248            1           1.925        98496        12312
       49248            2           1.284       196992        24624
       49248            4           1.742       393984        49248
       49248            8           2.934       787968        98496
       49248           16           5.042      1575936       196992
       49248           32           9.442      3151872       393984
       49248           64          18.242      6303744       787968
       49248          128          36.392     12607488      1575936
       49248          256          73.425     25214976      3151872
       49248          512         146.025     50429952      6303744
       49248         1024         291.134    100859904     12607488
       49248         2048         626.083    201719808     25214976
       49248         4096        1274.991    403439616     50429952
       49248         8192        2452.908    806879232    100859904
       49248        16384        4687.375   1613758464    201719808
       54168            1           2.109       108336        13542
       54168            2           1.375       216672        27084
       54168            4           2.016       433344        54168
       54168            8           3.392       866688       108336
       54168           16           5.775      1733376       216672
       54168           32          10.908      3466752       433344
       54168           64          21.084      6933504       866688
       54168          128          41.892     13867008      1733376
       54168          256          84.975     27734016      3466752
       54168          512         169.309     55468032      6933504
       54168         1024         345.308    110936064     13867008
       54168         2048         675.950    221872128     27734016
       54168         4096        1367.575    443744256     55468032
       54168         8192        2518.725    887488512    110936064
       54168        16384        4933.408   1774977024    221872128
       59584            1           4.675       119168        14896
       59584            2           1.467       238336        29792
       59584            4           2.108       476672        59584
       59584            8           3.483       953344       119168
       59584           16           6.141      1906688       238336
       59584           32          11.458      3813376       476672
       59584           64          22.550      7626752       953344
       59584          128          45.283     15253504      1906688
       59584          256          89.742     30507008      3813376
       59584          512         178.842     61014016      7626752
       59584         1024         365.658    122028032     15253504
       59584         2048         711.058    244056064     30507008
       59584         4096        1442.100    488112128     61014016
       59584         8192        2751.742    976224256    122028032
       59584        16384        5373.500   1952448512    244056064
       65536            1           4.950       131072        16384
       65536            2           1.558       262144        32768
       65536            4           2.200       524288        65536
       65536            8           3.759      1048576       131072
       65536           16           6.509      2097152       262144
       65536           32          12.284      4194304       524288
       65536           64          23.742      8388608      1048576
       65536          128          48.034     16777216      2097152
       65536          256          95.425     33554432      4194304
       65536          512         189.841     67108864      8388608
       65536         1024         379.042    134217728     16777216
       65536         2048         763.033    268435456     33554432
       65536         4096        1562.366    536870912     67108864
       65536         8192        3288.817   1073741824    134217728
       65536        16384        6076.767   2147483648    268435456
       72088            1           5.133       144176        18022
       72088            2           1.650       288352        36044
       72088            4           2.383       576704        72088
       72088            8           4.033      1153408       144176
       72088           16           7.059      2306816       288352
       72088           32          13.567      4613632       576704
       72088           64          26.675      9227264      1153408
       72088          128          52.983     18454528      2306816
       72088          256         121.275     36909056      4613632
       72088          512         209.367     73818112      9227264
       72088         1024         418.184    147636224     18454528
       72088         2048         840.308    295272448     36909056
       72088         4096        1645.050    590544896     73818112
       72088         8192        3313.200   1181089792    147636224
       79296            1           6.325       158592        19824
       79296            2           2.658       317184        39648
       79296            4           3.850       634368        79296
       79296            8           6.233      1268736       158592
       79296           16          10.909      2537472       317184
       79296           32          20.625      5074944       634368
       79296           64          39.325     10149888      1268736
       79296          128          79.016     20299776      2537472
       79296          256         154.826     40599552      5074944
       79296          512         310.292     81199104     10149888
       79296         1024         498.025    162398208     20299776
       79296         2048         933.900    324796416     40599552
       79296         4096        1870.825    649592832     81199104
       79296         8192        3512.667   1299185664    162398208
       87224            1           5.775       174448        21806
       87224            2           2.017       348896        43612
       87224            4           3.025       697792        87224
       87224            8           5.042      1395584       174448
       87224           16           8.892      2791168       348896
       87224           32          16.591      5582336       697792
       87224           64          33.000     11164672      1395584
       87224          128          65.725     22329344      2791168
       87224          256         130.258     44658688      5582336
       87224          512         259.692     89317376     11164672
       87224         1024         517.367    178634752     22329344
       87224         2048        1017.684    357269504     44658688
       87224         4096        2035.734    714539008     89317376
       87224         8192        4904.350   1429078016    178634752
       95944            1           6.325       191888        23986
       95944            2           2.200       383776        47972
       95944            4           3.208       767552        95944
       95944            8           5.408      1535104       191888
       95944           16           9.717      3070208       383776
       95944           32          18.700      6140416       767552
       95944           64          36.850     12280832      1535104
       95944          128          87.908     24561664      3070208
       95944          256         144.008     49123328      6140416
       95944          512         287.192     98246656     12280832
       95944         1024         586.942    196493312     24561664
       95944         2048        1128.967    392986624     49123328
       95944         4096        2217.050    785973248     98246656
       95944         8192        4514.125   1571946496    196493312
      105536            1           6.325       211072        26384
      105536            2           2.475       422144        52768
      105536            4           3.575       844288       105536
      105536            8           5.958      1688576       211072
      105536           16          10.725      3377152       422144
      105536           32          20.350      6754304       844288
      105536           64          40.517     13508608      1688576
      105536          128          80.025     27017216      3377152
      105536          256         158.950     54034432      6754304
      105536          512         316.159    108068864     13508608
      105536         1024         670.175    216137728     27017216
      105536         2048        1266.192    432275456     54034432
      105536         4096        2419.542    864550912    108068864
      105536         8192        4979.700   1729101824    216137728
      116088            1           7.425       232176        29022
      116088            2           2.658       464352        58044
      116088            4           3.941       928704       116088
      116088            8           6.508      1857408       232176
      116088           16          11.733      3714816       464352
      116088           32          22.642      7429632       928704
      116088           64          44.275     14859264      1857408
      116088          128          87.358     29718528      3714816
      116088          256         173.342     59437056      7429632
      116088          512         346.683    118874112     14859264
      116088         1024         667.608    237748224     29718528
      116088         2048        1349.883    475496448     59437056
      116088         4096        2861.375    950992896    118874112
      116088         8192        5251.583   1901985792    237748224
      127696            1           7.058       255392        31924
      127696            2           2.842       510784        63848
      127696            4           4.308      1021568       127696
      127696            8           7.150      2043136       255392
      127696           16          12.833      4086272       510784
      127696           32          23.559      8172544      1021568
      127696           64          47.025     16345088      2043136
      127696          128          93.775     32690176      4086272
      127696          256         185.900     65380352      8172544
      127696          512         370.058    130760704     16345088
      127696         1024         739.200    261521408     32690176
      127696         2048        1516.350    523042816     65380352
      127696         4096        2994.108   1046085632    130760704
      127696         8192        5646.575   2092171264    261521408
      140464            1           9.075       280928        35116
      140464            2           3.025       561856        70232
      140464            4           4.400      1123712       140464
      140464            8           7.425      2247424       280928
      140464           16          13.108      4494848       561856
      140464           32          25.208      8989696      1123712
      140464           64          50.142     17979392      2247424
      140464          128         114.950     35958784      4494848
      140464          256         195.984     71917568      8989696
      140464          512         390.409    143835136     17979392
      140464         1024         786.041    287670272     35958784
      140464         2048        1579.234    575340544     71917568
      140464         4096        3054.150   1150681088    143835136
      154504            1          10.083       309008        38626
      154504            2           3.392       618016        77252
      154504            4           4.950      1236032       154504
      154504            8           8.341      2472064       309008
      154504           16          15.308      4944128       618016
      154504           32          29.150      9888256      1236032
      154504           64          57.200     19776512      2472064
      154504          128         112.841     39553024      4944128
      154504          256         223.850     79106048      9888256
      154504          512         464.842    158212096     19776512
      154504         1024         910.983    316424192     39553024
      154504         2048        1747.900    632848384     79106048
      154504         4096        3425.950   1265696768    158212096
      169952            1          10.358       339904        42488
      169952            2           3.575       679808        84976
      169952            4           5.409      1359616       169952
      169952            8           9.167      2719232       339904
      169952           16          16.316      5438464       679808
      169952           32          31.259     10876928      1359616
      169952           64          62.425     21753856      2719232
      169952          128         142.359     43507712      5438464
      169952          256         400.858     87015424     10876928
      169952          512         665.684    174030848     21753856
      169952         1024        1210.642    348061696     43507712
      169952         2048        2327.325    696123392     87015424
      169952         4096        3822.408   1392246784    174030848
      186944            1          10.725       373888        46736
      186944            2           6.050       747776        93472
      186944            4           8.984      1495552       186944
      186944            8          14.300      2991104       373888
      186944           16          25.759      5982208       747776
      186944           32          53.900     11964416      1495552
      186944           64          94.233     23928832      2991104
      186944          128         158.859     47857664      5982208
      186944          256         280.225     95715328     11964416
      186944          512         562.192    191430656     23928832
      186944         1024        1105.225    382861312     47857664
      186944         2048        2118.966    765722624     95715328
      186944         4096        4171.383   1531445248    191430656
      205632            1          12.467       411264        51408
      205632            2           4.491       822528       102816
      205632            4           6.692      1645056       205632
      205632            8          11.367      3290112       411264
      205632           16          20.808      6580224       822528
      205632           32          40.150     13160448      1645056
      205632           64          78.558     26320896      3290112
      205632          128         154.734     52641792      6580224
      205632          256         307.817    105283584     13160448
      205632          512         618.017    210567168     26320896
      205632         1024        1196.433    421134336     52641792
      205632         2048        2585.825    842268672    105283584
      205632         4096        4717.992   1684537344    210567168
      226192            1          14.117       452384        56548
      226192            2           4.767       904768       113096
      226192            4           7.058      1809536       226192
      226192            8          12.009      3619072       452384
      226192           16          22.000      7238144       904768
      226192           32          42.991     14476288      1809536
      226192           64          83.508     28952576      3619072
      226192          128         165.367     57905152      7238144
      226192          256         328.350    115810304     14476288
      226192          512         654.042    231620608     28952576
      226192         1024        1351.625    463241216     57905152
      226192         2048        2553.742    926482432    115810304
      226192         4096        5148.550   1852964864    231620608
      248808            1          13.475       497616        62202
      248808            2           5.317       995232       124404
      248808            4           7.884      1990464       248808
      248808            8          13.109      3980928       497616
      248808           16          24.108      7961856       995232
      248808           32          46.934     15923712      1990464
      248808           64          91.391     31847424      3980928
      248808          128         179.758     63694848      7961856
      248808          256         357.683    127389696     15923712
      248808          512         712.525    254779392     31847424
      248808         1024        1445.125    509558784     63694848
      248808         2048        2767.875   1019117568    127389696
      248808         4096        5629.892   2038235136    254779392
      273688            1          16.500       547376        68422
      273688            2           5.683      1094752       136844
      273688            4           8.525      2189504       273688
      273688            8          14.850      4379008       547376
      273688           16          27.316      8758016      1094752
      273688           32          52.067     17516032      2189504
      273688           64         101.475     35032064      4379008
      273688          128         200.017     70064128      8758016
      273688          256         410.025    140128256     17516032
      273688          512         802.725    280256512     35032064
      273688         1024        1577.308    560513024     70064128
      273688         2048        3058.917   1121026048    140128256
      301056            1          15.584       602112        75264
      301056            2           6.325      1204224       150528
      301056            4           9.625      2408448       301056
      301056            8          16.133      4816896       602112
      301056           16          29.975      9633792      1204224
      301056           32          57.384     19267584      2408448
      301056           64         111.925     38535168      4816896
      301056          128         236.133     77070336      9633792
      301056          256         438.717    154140672     19267584
      301056          512        1104.858    308281344     38535168
      301056         1024        1792.908    616562688     77070336
      301056         2048        3445.109   1233125376    154140672
      331160            1          17.875       662320        82790
      331160            2           6.966      1324640       165580
      331160            4          10.725      2649280       331160
      331160            8          18.150      5298560       662320
      331160           16          34.100     10597120      1324640
      331160           32          65.083     21194240      2649280
      331160           64         127.142     42388480      5298560
      331160          128         250.983     84776960     10597120
      331160          256         492.891    169553920     21194240
      331160          512         976.709    339107840     42388480
      331160         1024        1963.042    678215680     84776960
      331160         2048        3683.442   1356431360    169553920
      364272            1          18.333       728544        91068
      364272            2           7.517      1457088       182136
      364272            4          11.275      2914176       364272
      364272            8          19.342      5828352       728544
      364272           16          35.842     11656704      1457088
      364272           32          68.383     23313408      2914176
      364272           64         133.466     46626816      5828352
      364272          128         262.992     93253632     11656704
      364272          256         522.684    186507264     23313408
      364272          512        1078.000    373014528     46626816
      364272         1024        2146.100    746029056     93253632
      364272         2048        4096.767   1492058112    186507264
      400696            1          20.716       801392       100174
      400696            2           8.158      1602784       200348
      400696            4          12.375      3205568       400696
      400696            8          21.175      6411136       801392
      400696           16          38.409     12822272      1602784
      400696           32          73.241     25644544      3205568
      400696           64         142.450     51289088      6411136
      400696          128         281.417    102578176     12822272
      400696          256         564.484    205156352     25644544
      400696          512        1124.475    410312704     51289088
      400696         1024        2220.075    820625408    102578176
      400696         2048        4288.900   1641250816    205156352
      440760            1          22.917       881520       110190
      440760            2           8.800      1763040       220380
      440760            4          13.567      3526080       440760
      440760            8          23.833      7052160       881520
      440760           16          43.634     14104320      1763040
      440760           32          83.325     28208640      3526080
      440760           64         162.341     56417280      7052160
      440760          128         320.192    112834560     14104320
      440760          256         646.434    225669120     28208640
      440760          512        1306.434    451338240     56417280
      440760         1024        3373.792    902676480    112834560
      440760         2048        4880.608   1805352960    225669120
      484832            1          23.192       969664       121208
      484832            2           9.991      1939328       242416
      484832            4          15.034      3878656       484832
      484832            8          25.300      7757312       969664
      484832           16          47.575     15514624      1939328
      484832           32          91.025     31029248      3878656
      484832           64         177.284     62058496      7757312
      484832          128         350.808    124116992     15514624
      484832          256         846.175    248233984     31029248
      484832          512        1414.050    496467968     62058496
      484832         1024        2710.950    992935936    124116992
      484832         2048        5263.316   1985871872    248233984
      533312            1          26.033      1066624       133328
      533312            2          11.275      2133248       266656
      533312            4          17.142      4266496       533312
      533312            8          29.150      8532992      1066624
      533312           16          53.992     17065984      2133248
      533312           32         102.575     34131968      4266496
      533312           64         199.650     68263936      8532992
      533312          128         393.250    136527872     17065984
      533312          256         760.742    273055744     34131968
      533312          512        1567.500    546111488     68263936
      533312         1024        2989.709   1092222976    136527872
      586640            1          30.067      1173280       146660
      586640            2          12.192      2346560       293320
      586640            4          18.608      4693120       586640
      586640            8          32.542      9386240      1173280
      586640           16          59.492     18772480      2346560
      586640           32         113.575     37544960      4693120
      586640           64         221.742     75089920      9386240
      586640          128         435.875    150179840     18772480
      586640          256         889.900    300359680     37544960
      586640          512        1747.350    600719360     75089920
      586640         1024        3365.541   1201438720    150179840
      645304            1          30.616      1290608       161326
      645304            2          16.317      2581216       322652
      645304            4          21.175      5162432       645304
      645304            8          36.209     10324864      1290608
      645304           16          67.375     20649728      2581216
      645304           32         128.425     41299456      5162432
      645304           64         262.533     82598912     10324864
      645304          128         478.959    165197824     20649728
      645304          256         995.775    330395648     41299456
      645304          512        1892.184    660791296     82598912
      645304         1024        3881.167   1321582592    165197824
      709832            1          33.183      1419664       177458
      709832            2          16.775      2839328       354916
      709832            4          23.192      5678656       709832
      709832            8          39.600     11357312      1419664
      709832           16          75.442     22714624      2839328
      709832           32         150.425     45429248      5678656
      709832           64         291.134     90858496     11357312
      709832          128         556.325    181716992     22714624
      709832          256        1115.034    363433984     45429248
      709832          512        2136.567    726867968     90858496
      709832         1024        4129.858   1453735936    181716992
      780808            1          37.033      1561616       195202
      780808            2          16.867      3123232       390404
      780808            4          25.483      6246464       780808
      780808            8          44.275     12492928      1561616
      780808           16          81.125     24985856      3123232
      780808           32         154.183     49971712      6246464
      780808           64         300.942     99943424     12492928
      780808          128         593.633    199886848     24985856
      780808          256        1208.809    399773696     49971712
      780808          512        2300.192    799547392     99943424
      780808         1024        4788.117   1599094784    199886848
      858888            1          39.509      1717776       214722
      858888            2          18.517      3435552       429444
      858888            4          28.784      6871104       858888
      858888            8          49.591     13742208      1717776
      858888           16          89.650     27484416      3435552
      858888           32         172.150     54968832      6871104
      858888           64         335.683    109937664     13742208
      858888          128         662.750    219875328     27484416
      858888          256        1360.150    439750656     54968832
      858888          512        2712.783    879501312    109937664
      858888         1024        5078.883   1759002624    219875328
      944776            1          43.450      1889552       236194
      944776            2          20.991      3779104       472388
      944776            4          31.167      7558208       944776
      944776            8          53.166     15116416      1889552
      944776           16          96.983     30232832      3779104
      944776           32         184.433     60465664      7558208
      944776           64         366.758    120931328     15116416
      944776          128         718.575    241862656     30232832
      944776          256        1456.125    483725312     60465664
      944776          512        2698.575    967450624    120931328
      944776         1024        5318.500   1934901248    241862656
     1039248            1          46.750      2078496       259812
     1039248            2          24.383      4156992       519624
     1039248            4          38.775      8313984      1039248
     1039248            8          59.675     16627968      2078496
     1039248           16         108.717     33255936      4156992
     1039248           32         208.083     66511872      8313984
     1039248           64         414.425    133023744     16627968
     1039248          128         799.516    266047488     33255936
     1039248          256        1587.300    532094976     66511872
     1039248          512        2977.975   1064189952    133023744
     1039248         1024        5889.492   2128379904    266047488
     1143168            1          49.958      2286336       285792
     1143168            2          28.508      4572672       571584
     1143168            4          37.216      9145344      1143168
     1143168            8          62.975     18290688      2286336
     1143168           16         115.775     36581376      4572672
     1143168           32         226.142     73162752      9145344
     1143168           64         441.558    146325504     18290688
     1143168          128         872.025    292651008     36581376
     1143168          256        1655.775    585302016     73162752
     1143168          512        3337.584   1170604032    146325504
     1257480            1          67.375      2514960       314370
     1257480            2          32.817      5029920       628740
     1257480            4          42.075     10059840      1257480
     1257480            8          70.950     20119680      2514960
     1257480           16         132.916     40239360      5029920
     1257480           32         257.675     80478720     10059840
     1257480           64         482.533    160957440     20119680
     1257480          128         959.475    321914880     40239360
     1257480          256        1869.358    643829760     80478720
     1257480          512        3713.875   1287659520    160957440
     1383224            1          59.400      2766448       345806
     1383224            2          38.317      5532896       691612
     1383224            4          47.300     11065792      1383224
     1383224            8          80.758     22131584      2766448
     1383224           16         147.583     44263168      5532896
     1383224           32         279.675     88526336     11065792
     1383224           64         545.233    177052672     22131584
     1383224          128        1086.800    354105344     44263168
     1383224          256        2155.267    708210688     88526336
     1383224          512        4250.125   1416421376    177052672
     1521544            1          65.633      3043088       380386
     1521544            2          43.175      6086176       760772
     1521544            4          52.158     12172352      1521544
     1521544            8          90.842     24344704      3043088
     1521544           16         161.242     48689408      6086176
     1521544           32         312.217     97378816     12172352
     1521544           64         619.758    194757632     24344704
     1521544          128        1199.366    389515264     48689408
     1521544          256        2295.517    779030528     97378816
     1521544          512        4986.850   1558061056    194757632
     1673696            1          70.400      3347392       418424
     1673696            2          56.009      6694784       836848
     1673696            4          63.342     13389568      1673696
     1673696            8         101.567     26779136      3347392
     1673696           16         183.058     53558272      6694784
     1673696           32         337.059    107116544     13389568
     1673696           64         645.608    214233088     26779136
     1673696          128        1307.258    428466176     53558272
     1673696          256        2475.550    856932352    107116544
     1673696          512        4964.209   1713864704    214233088
     1841064            1          43.817      3682128       460266
     1841064            2          39.050      7364256       920532
     1841064            4          60.959     14728512      1841064
     1841064            8         102.850     29457024      3682128
     1841064           16         197.908     58914048      7364256
     1841064           32         368.408    117828096     14728512
     1841064           64         732.234    235656192     29457024
     1841064          128        1413.684    471312384     58914048
     1841064          256        2674.375    942624768    117828096
     1841064          512        5349.484   1885249536    235656192
     2025168            1          82.133      4050336       506292
     2025168            2          55.825      8100672      1012584
     2025168            4          68.659     16201344      2025168
     2025168            8         115.500     32402688      4050336
     2025168           16         212.300     64805376      8100672
     2025168           32         398.750    129610752     16201344
     2025168           64         777.975    259221504     32402688
     2025168          128        1528.267    518443008     64805376
     2025168          256        2961.292   1036886016    129610752
     2025168          512        5724.217   2073772032    259221504
     2227680            1          91.850      4455360       556920
     2227680            2          61.325      8910720      1113840
     2227680            4          72.417     17821440      2227680
     2227680            8         125.400     35642880      4455360
     2227680           16         226.234     71285760      8910720
     2227680           32         456.683    142571520     17821440
     2227680           64         825.642    285143040     35642880
     2227680          128        1655.133    570286080     71285760
     2227680          256        3170.751   1140572160    142571520
     2450448            1         101.109      4900896       612612
     2450448            2          65.450      9801792      1225224
     2450448            4          81.308     19603584      2450448
     2450448            8         138.691     39207168      4900896
     2450448           16         253.000     78414336      9801792
     2450448           32         486.017    156828672     19603584
     2450448           64         930.416    313657344     39207168
     2450448          128        2080.100    627314688     78414336
     2450448          256        3605.159   1254629376    156828672
     2695488            1         110.916      5390976       673872
     2695488            2          71.683     10781952      1347744
     2695488            4          90.658     21563904      2695488
     2695488            8         154.825     43127808      5390976
     2695488           16         284.625     86255616     10781952
     2695488           32         548.900    172511232     21563904
     2695488           64        1053.800    345022464     43127808
     2695488          128        2103.200    690044928     86255616
     2695488          256        4128.025   1380089856    172511232
     2965032            1         119.350      5930064       741258
     2965032            2          76.084     11860128      1482516
     2965032            4         101.109     23720256      2965032
     2965032            8         175.084     47440512      5930064
     2965032           16         321.291     94881024     11860128
     2965032           32         606.375    189762048     23720256
     2965032           64        1167.650    379524096     47440512
     2965032          128        2227.409    759048192     94881024
     2965032          256        4297.608   1518096384    189762048
     3261528            1         141.900      6523056       815382
     3261528            2          82.958     13046112      1630764
     3261528            4         110.366     26092224      3261528
     3261528            8         186.450     52184448      6523056
     3261528           16         354.750    104368896     13046112
     3261528           32         657.525    208737792     26092224
     3261528           64        1319.817    417475584     52184448
     3261528          128        2414.134    834951168    104368896
     3261528          256        4736.417   1669902336    208737792
     3587680            1         142.175      7175360       896920
     3587680            2          89.100     14350720      1793840
     3587680            4         130.716     28701440      3587680
     3587680            8         202.766     57402880      7175360
     3587680           16         361.808    114805760     14350720
     3587680           32         699.325    229611520     28701440
     3587680           64        1442.192    459223040     57402880
     3587680          128        2611.125    918446080    114805760
     3587680          256        5136.909   1836892160    229611520
     3946448            1         156.200      7892896       986612
     3946448            2         103.767     15785792      1973224
     3946448            4         129.525     31571584      3946448
     3946448            8         462.733     63143168      7892896
     3946448           16         512.050    126286336     15785792
     3946448           32         980.008    252572672     31571584
     3946448           64        1908.592    505145344     63143168
     3946448          128        3395.976   1010290688    126286336
     3946448          256        5613.117   2020581376    252572672
     4341088            1         169.217      8682176      1085272
     4341088            2         184.158     17364352      2170544
     4341088            4         211.383     34728704      4341088
     4341088            8         328.808     69457408      8682176
     4341088           16         531.392    138914816     17364352
     4341088           32         924.550    277829632     34728704
     4341088           64        1773.383    555659264     69457408
     4341088          128        3145.817   1111318528    138914816
     4775192            1         187.000      9550384      1193798
     4775192            2         190.667     19100768      2387596
     4775192            4         239.525     38201536      4775192
     4775192            8         355.300     76403072      9550384
     4775192           16         588.042    152806144     19100768
     4775192           32        1033.633    305612288     38201536
     4775192           64        1914.917    611224576     76403072
     4775192          128        3731.750   1222449152    152806144
     5252704            1         186.267     10505408      1313176
     5252704            2         124.758     21010816      2626352
     5252704            4         175.267     42021632      5252704
     5252704            8         299.842     84043264     10505408
     5252704           16         558.250    168086528     21010816
     5252704           32        1072.775    336173056     42021632
     5252704           64        2006.308    672346112     84043264
     5252704          128        3866.592   1344692224    168086528
     5777968            1         410.759     11555936      1444492
     5777968            2         185.625     23111872      2888984
     5777968            4         278.759     46223744      5777968
     5777968            8         340.175     92447488     11555936
     5777968           16         609.033    184894976     23111872
     5777968           32        1165.725    369789952     46223744
     5777968           64        2247.850    739579904     92447488
     5777968          128        4236.742   1479159808    184894976
     6355760            1         241.083     12711520      1588940
     6355760            2         151.158     25423040      3177880
     6355760            4         216.058     50846080      6355760
     6355760            8         362.083    101692160     12711520
     6355760           16         812.534    203384320     25423040
     6355760           32        1450.625    406768640     50846080
     6355760           64        2402.859    813537280    101692160
     6355760          128        4653.641   1627074560    203384320
     6991336            1         264.733     13982672      1747834
     6991336            2         160.692     27965344      3495668
     6991336            4         237.050     55930688      6991336
     6991336            8         398.383    111861376     13982672
     6991336           16         745.066    223722752     27965344
     6991336           32        1423.766    447445504     55930688
     6991336           64        2651.275    894891008    111861376
     6991336          128        7708.892   1789782016    223722752
     7690464            1         291.591     15380928      1922616
     7690464            2         348.333     30761856      3845232
     7690464            4         435.417     61523712      7690464
     7690464            8         628.100    123047424     15380928
     7690464           16        1026.483    246094848     30761856
     7690464           32        1726.634    492189696     61523712
     7690464           64        3033.708    984379392    123047424
     7690464          128        5741.633   1968758784    246094848
     8459504            1         327.159     16919008      2114876
     8459504            2         413.783     33838016      4229752
     8459504            4         494.725     67676032      8459504
     8459504            8         732.325    135352064     16919008
     8459504           16        1138.133    270704128     33838016
     8459504           32        1898.234    541408256     67676032
     8459504           64        3289.458   1082816512    135352064
     9305448            1         345.492     18610896      2326362
     9305448            2         477.309     37221792      4652724
     9305448            4         577.684     74443584      9305448
     9305448            8         814.917    148887168     18610896
     9305448           16        1475.284    297774336     37221792
     9305448           32        1881.733    595548672     74443584
     9305448           64        3562.808   1191097344    148887168
    10235992            1         398.108     20471984      2558998
    10235992            2         237.050     40943968      5117996
    10235992            4         343.475     81887936     10235992
    10235992            8         589.417    163775872     20471984
    10235992           16        1083.592    327551744     40943968
    10235992           32        2081.934    655103488     81887936
    10235992           64        3846.059   1310206976    163775872
    11259584            1         425.975     22519168      2814896
    11259584            2         263.450     45038336      5629792
    11259584            4         382.250     90076672     11259584
    11259584            8         660.459    180153344     22519168
    11259584           16        1259.041    360306688     45038336
    11259584           32        2225.575    720613376     90076672
    11259584           64        4234.175   1441226752    180153344
    12385536            1         470.525     24771072      3096384
    12385536            2         323.859     49542144      6192768
    12385536            4         422.492     99084288     12385536
    12385536            8         713.716    198168576     24771072
    12385536           16        1305.333    396337152     49542144
    12385536           32        2431.092    792674304     99084288
    12385536           64        4757.958   1585348608    198168576
    13624088            1         511.958     27248176      3406022
    13624088            2         417.359     54496352      6812044
    13624088            4         473.092    108992704     13624088
    13624088            8         802.450    217985408     27248176
    13624088           16        1461.625    435970816     54496352
    13624088           32        2641.009    871941632    108992704
    13624088           64        5050.650   1743883264    217985408
    14986496            1         605.275     29972992      3746624
    14986496            2         388.941     59945984      7493248
    14986496            4         496.925    119891968     14986496
    14986496            8         853.600    239783936     29972992
    14986496           16        1580.975    479567872     59945984
    14986496           32        3126.566    959135744    119891968
    14986496           64        5705.334   1918271488    239783936
    16485144            1         615.084     32970288      4121286
    16485144            2         826.375     65940576      8242572
    16485144            4         602.709    131881152     16485144
    16485144            8         942.333    263762304     32970288
    16485144           16        1694.275    527524608     65940576
    16485144           32        3120.241   1055049216    131881152
    16485144           64        6148.542   2110098432    263762304
    18133656            1         680.716     36267312      4533414
    18133656            2        1120.809     72534624      9066828
    18133656            4        1426.150    145069248     18133656
    18133656            8        1942.050    290138496     36267312
    18133656           16        3301.650    580276992     72534624
    18133656           32        4398.533   1160553984    145069248
    19947016            1         755.791     39894032      4986754
    19947016            2        1270.133     79788064      9973508
    19947016            4        1620.850    159576128     19947016
    19947016            8        2204.858    319152256     39894032
    19947016           16        3345.833    638304512     79788064
    19947016           32        4325.200   1276609024    159576128
    21941712            1         828.759     43883424      5485428
    21941712            2         649.367     87766848     10970856
    21941712            4         752.217    175533696     21941712
    21941712            8        1313.033    351067392     43883424
    21941712           16        2312.292    702134784     87766848
    21941712           32        4233.076   1404269568    175533696
    24135880            1         892.100     48271760      6033970
    24135880            2         671.733     96543520     12067940
    24135880            4         829.308    193087040     24135880
    24135880            8        1416.433    386174080     48271760
    24135880           16        2624.967    772348160     96543520
    24135880           32        4714.417   1544696320    193087040
    26549464            1         989.450     53098928      6637366
    26549464            2        1561.909    106197856     13274732
    26549464            4        1310.100    212395712     26549464
    26549464            8        1540.000    424791424     53098928
    26549464           16        2792.167    849582848    106197856
    26549464           32        5204.559   1699165696    212395712
    29204408            1        1103.208     58408816      7301102
    29204408            2        1109.350    116817632     14602204
    29204408            4        1465.567    233635264     29204408
    29204408            8        2211.550    467270528     58408816
    29204408           16        3394.967    934541056    116817632
    29204408           32        5613.025   1869082112    233635264
    32124848            1        1194.875     64249696      8031212
    32124848            2        1574.467    128499392     16062424
    32124848            4        1102.200    256998784     32124848
    32124848            8        1875.775    513997568     64249696
    32124848           16        3186.608   1027995136    128499392
    32124848           32        6021.492   2055990272    256998784
    35337328            1        1427.892     70674656      8834332
    35337328            2        1351.442    141349312     17668664
    35337328            4        1163.433    282698624     35337328
    35337328            8        2005.575    565397248     70674656
    35337328           16        3593.425   1130794496    141349312
    38871056            1        1442.192     77742112      9717764
    38871056            2        2115.300    155484224     19435528
    38871056            4        2003.650    310968448     38871056
    38871056            8        2234.742    621936896     77742112
    38871056           16        4060.375   1243873792    155484224
    42758160            1        1580.059     85516320     10689540
    42758160            2        1605.175    171032640     21379080
    42758160            4        1450.626    342065280     42758160
    42758160            8        2599.025    684130560     85516320
    42758160           16        4353.800   1368261120    171032640
    47033976            1        1899.150     94067952     11758494
    47033976            2        1540.275    188135904     23516988
    47033976            4        1624.517    376271808     47033976
    47033976            8        2696.558    752543616     94067952
    47033976           16        4752.184   1505087232    188135904
    51737368            1        1903.825    103474736     12934342
    51737368            2        1743.500    206949472     25868684
    51737368            4        1778.059    413898944     51737368
    51737368            8        3340.883    827797888    103474736
    51737368           16        5287.150   1655595776    206949472
    56911104            1        2114.383    113822208     14227776
    56911104            2        1928.575    227644416     28455552
    56911104            4        1924.083    455288832     56911104
    56911104            8        3365.908    910577664    113822208
    56911104           16        5798.009   1821155328    227644416
    62602208            1        2330.809    125204416     15650552
    62602208            2        2310.092    250408832     31301104
    62602208            4        2146.834    500817664     62602208
    62602208            8        3668.683   1001635328    125204416
    62602208           16        6421.708   2003270656    250408832
    68862424            1        2568.317    137724848     17215606
    68862424            2        2023.633    275449696     34431212
    68862424            4        2393.692    550899392     68862424
    68862424            8        4458.850   1101798784    137724848
    75748664            1        2830.300    151497328     18937166
    75748664            2        2213.384    302994656     37874332
    75748664            4        2995.117    605989312     75748664
    75748664            8        4764.650   1211978624    151497328
    83323528            1        3067.534    166647056     20830882
    83323528            2        2670.616    333294112     41661764
    83323528            4        3538.425    666588224     83323528
    83323528            8        5826.517   1333176448    166647056
    91655880            1        3368.842    183311760     22913970
    91655880            2        3526.325    366623520     45827940
    91655880            4        4283.126    733247040     91655880
    91655880            8        6613.475   1466494080    183311760
   100821464            1        3970.725    201642928     25205366
   100821464            2        4791.325    403285856     50410732
   100821464            4        6285.217    806571712    100821464
   100821464            8        8688.992   1613143424    201642928
   110903608            1        4210.525    221807216     27725902
   110903608            2        5766.934    443614432     55451804
   110903608            4        5903.700    887228864    110903608
   110903608            8       10888.167   1774457728    221807216
   121993968            1        4492.675    243987936     30498492
   121993968            2        6851.442    487975872     60996984
   121993968            4        6915.884    975951744    121993968
   121993968            8       13010.067   1951903488    243987936
   134193360            1        4933.592    268386720     33548340
   134193360            2        9548.275    536773440     67096680
   134193360            4        8395.842   1073546880    134193360
   134193360            8       15413.659   2147093760    268386720
   147612696            1        5537.217    295225392     36903174
   147612696            2        6923.767    590450784     73806348
   147612696            4       10186.092   1180901568    147612696
   162373960            1        5962.917    324747920     40593490
   162373960            2        8734.001    649495840     81186980
   162373960            4       12057.467   1298991680    162373960
   178611352            1        6553.433    357222704     44652838
   178611352            2       10632.050    714445408     89305676
   178611352            4       13311.651   1428890816    178611352
   196472480            1        7188.042    392944960     49118120
   196472480            2       13601.775    785889920     98236240
   196472480            4       15490.658   1571779840    196472480
   216119728            1        7908.542    432239456     54029932
   216119728            2       12849.466    864478912    108059864
   216119728            4       17276.600   1728957824    216119728
   237731696            1        8788.450    475463392     59432924
   237731696            2       13336.125    950926784    118865848
   237731696            4       20301.326   1901853568    237731696
   261504864            1        9496.025    523009728     65376216
   261504864            2       16705.150   1046019456    130752432
   261504864            4       22518.467   2092038912    261504864
   287655344            1       10420.759    575310688     71913836
   287655344            2       18593.850   1150621376    143827672
   316420872            1       11617.651    632841744     79105218
   316420872            2       20887.259   1265683488    158210436
   348062952            1       12746.525    696125904     87015738
   348062952            2       23190.109   1392251808    174031476
   382869240            1       14057.725    765738480     95717310
   382869240            2       26353.434   1531476960    191434620
   421156160            1       15075.958    842312320    105289040
   421156160            2       26574.534   1684624640    210578080
   463271776            1       16676.367    926543552    115817944
   463271776            2       31620.051   1853087104    231635888
   509598952            1       18261.925   1019197904    127399738
   509598952            2       34417.259   2038395808    254799476
   560558840            1       20053.184   1121117680    140139710
   616614720            1       22226.326   1233229440    154153680
   678276192            1       24167.551   1356552384    169569048
   746103808            1       26845.684   1492207616    186525952
   820714184            1       29144.501   1641428368    205178546
   902785600            1       31834.551   1805571200    225696400
   993064160            1       35095.592   1986128320    248266040

META_DATA
FLOPS          2
OPENMP_THREADS 1
ERT_VERSION  1.1.0
HOSTNAME  ('DESKTOP-1DMF7BU.localdomain', ['DESKTOP-1DMF7BU'], ['127.0.1.1'])
UNAME  uname_result(system='Linux', node='DESKTOP-1DMF7BU', release='6.6.87.2-microsoft-standard-WSL2', version='#1 SMP PREEMPT_DYNAMIC Thu Jun  5 18:30:46 UTC 2025', machine='x86_64')
TIMESTAMP_DATA  1765959429.3334062
CONFIG  {'ERT_MPI': ['False'], 'ERT_OPENMP': ['True'], 'ERT_OPENMP_CFLAGS': ['-fopenmp'], 'ERT_OPENMP_LDFLAGS': ['-fopenmp'], 'ERT_PRECISION': ['FP64'], 'ERT_TRIALS_MIN': ['1'], 'ERT_TRIALS': ['3', '#', 'Run', 'each', 'test', '3', 'times', 'to', 'filter', 'out', 'background', 'noise'], 'ERT_RESULTS': ['Results/7800X3D'], 'ERT_GNUPLOT': ['gnuplot'], 'ERT_DRIVER': ['driver1'], 'ERT_KERNEL': ['kernel1'], 'ERT_CC': ['g++'], 'ERT_LD': ['g++'], 'ERT_CFLAGS': ['-O3', '-march=native', '-fopenmp', '-fstrict-aliasing', '-funroll-loops', '-Wno-all'], 'ERT_LDFLAGS': ['-O3', '-march=native', '-fopenmp'], 'ERT_LDLIBS': ['-lm'], 'ERT_RUN': ['export', 'OMP_NUM_THREADS=ERT_OPENMP_THREADS;', './ERT_CODE'], 'ERT_WORKING_SET_MIN': ['128'], 'ERT_MEMORY_MAX': ['1073741824'], 'ERT_ALIGN': ['64'], 'ERT_MIN_PROCS': ['1'], 'ERT_MAX_PROCS': ['1'], 'ERT_OPENMP_THREADS': ['1,2,4,8,16', '#', 'Logical', 'Threads'], 'ERT_NUM_EXPERIMENTS': ['5'], 'ERT_FLOPS': ['1,2,4,8,16', '#', '16', 'for', 'AVX-51'], 'ERT_GPU': [False], 'ERT_HIP': [False], 'ERT_OCL': [False], 'ERT_SYCL': [False], 'ERT_WSS_MULT': [1.1]}
