fp64
        1024            1           1.100         2048          128
        1024            2           0.275         4096          256
        1024            4           0.275         8192          512
        1024            8           0.275        16384         1024
        1024           16           0.367        32768         2048
        1024           32           0.367        65536         4096
        1024           64           0.641       131072         8192
        1024          128           1.008       262144        16384
        1024          256           1.925       524288        32768
        1024          512           3.575      1048576        65536
        1024         1024           6.783      2097152       131072
        1024         2048          13.384      4194304       262144
        1024         4096          26.583      8388608       524288
        1024         8192          52.892     16777216      1048576
        1024        16384         105.691     33554432      2097152
        1024        32768         211.017     67108864      4194304
        1024        65536         421.850    134217728      8388608
        1024       131072         808.317    268435456     16777216
        1024       262144        1357.217    536870912     33554432
        1024       524288        2646.142   1073741824     67108864
        1024      1048576        5649.325   2147483648    134217728
        1120            1           1.191         2240          140
        1120            2           0.275         4480          280
        1120            4           0.275         8960          560
        1120            8           0.275        17920         1120
        1120           16           0.366        35840         2240
        1120           32           0.458        71680         4480
        1120           64           0.642       143360         8960
        1120          128           1.009       286720        17920
        1120          256           1.833       573440        35840
        1120          512           3.575      1146880        71680
        1120         1024           6.875      2293760       143360
        1120         2048          29.425      4587520       286720
        1120         4096          27.042      9175040       573440
        1120         8192          55.550     18350080      1146880
        1120        16384         107.341     36700160      2293760
        1120        32768         214.408     73400320      4587520
        1120        65536         433.584    146800640      9175040
        1120       131072         845.259    293601280     18350080
        1120       262144        1511.675    587202560     36700160
        1120       524288        2801.608   1174405120     73400320
        1232            1           1.008         2464          154
        1232            2           0.275         4928          308
        1232            4           0.275         9856          616
        1232            8           0.275        19712         1232
        1232           16           0.367        39424         2464
        1232           32           0.458        78848         4928
        1232           64           0.733       157696         9856
        1232          128           1.191       315392        19712
        1232          256           2.108       630784        39424
        1232          512           3.941      1261568        78848
        1232         1024           7.792      2523136       157696
        1232         2048          15.308      5046272       315392
        1232         4096          30.617     10092544       630784
        1232         8192          60.775     20185088      1261568
        1232        16384         121.459     40370176      2523136
        1232        32768         242.733     80740352      5046272
        1232        65536         485.558    161480704     10092544
        1232       131072         978.083    322961408     20185088
        1232       262144        1756.242    645922816     40370176
        1232       524288        3606.258   1291845632     80740352
        1352            1           1.283         2704          169
        1352            2           0.550         5408          338
        1352            4           0.275        10816          676
        1352            8           0.275        21632         1352
        1352           16           0.275        43264         2704
        1352           32           0.458        86528         5408
        1352           64           0.641       173056        10816
        1352          128           1.008       346112        21632
        1352          256           1.833       692224        43264
        1352          512           3.575      1384448        86528
        1352         1024           6.875      2768896       173056
        1352         2048          13.475      5537792       346112
        1352         4096          26.767     11075584       692224
        1352         8192          53.258     22151168      1384448
        1352        16384         106.242     44302336      2768896
        1352        32768         212.025     88604672      5537792
        1352        65536         424.050    177209344     11075584
        1352       131072        1028.866    354418688     22151168
        1352       262144        1918.767    708837376     44302336
        1352       524288        3774.558   1417674752     88604672
        1480            1           1.008         2960          185
        1480            2           0.183         5920          370
        1480            4           0.275        11840          740
        1480            8           0.275        23680         1480
        1480           16           0.367        47360         2960
        1480           32           0.458        94720         5920
        1480           64           0.733       189440        11840
        1480          128           1.283       378880        23680
        1480          256           2.200       757760        47360
        1480          512           4.217      1515520        94720
        1480         1024           8.250      3031040       189440
        1480         2048          16.225      6062080       378880
        1480         4096          32.358     12124160       757760
        1480         8192          64.533     24248320      1515520
        1480        16384         131.450     48496640      3031040
        1480        32768         436.975     96993280      6062080
        1480        65536         545.966    193986560     12124160
        1480       131072        1062.142    387973120     24248320
        1480       262144        1956.992    775946240     48496640
        1480       524288        3875.483   1551892480     96993280
        1624            1           0.917         3248          203
        1624            2           0.183         6496          406
        1624            4           0.367        12992          812
        1624            8           0.275        25984         1624
        1624           16           0.366        51968         3248
        1624           32           0.550       103936         6496
        1624           64           0.825       207872        12992
        1624          128           1.467       415744        25984
        1624          256           2.658       831488        51968
        1624          512           5.225      1662976       103936
        1624         1024          10.084      3325952       207872
        1624         2048          20.075      6651904       415744
        1624         4096          39.783     13303808       831488
        1624         8192          78.925     26607616      1662976
        1624        16384         158.400     53215232      3325952
        1624        32768         316.617    106430464      6651904
        1624        65536         614.992    212860928     13303808
        1624       131072        1215.133    425721856     26607616
        1624       262144        2360.600    851443712     53215232
        1624       524288        4226.842   1702887424    106430464
        1784            1           1.100         3568          223
        1784            2           0.275         7136          446
        1784            4           0.275        14272          892
        1784            8           0.366        28544         1784
        1784           16           0.458        57088         3568
        1784           32           0.550       114176         7136
        1784           64           0.825       228352        14272
        1784          128           1.467       456704        28544
        1784          256           2.750       913408        57088
        1784          512           5.317      1826816       114176
        1784         1024          10.266      3653632       228352
        1784         2048          20.350      7307264       456704
        1784         4096          40.242     14614528       913408
        1784         8192          80.392     29229056      1826816
        1784        16384         161.333     58458112      3653632
        1784        32768         321.016    116916224      7307264
        1784        65536         662.108    233832448     14614528
        1784       131072        1292.042    467664896     29229056
        1784       262144        2666.584    935329792     58458112
        1784       524288        4948.258   1870659584    116916224
        1960            1           1.100         3920          245
        1960            2           0.275         7840          490
        1960            4           0.458        15680          980
        1960            8           0.458        31360         1960
        1960           16           0.459        62720         3920
        1960           32           0.641       125440         7840
        1960           64           0.917       250880        15680
        1960          128           2.017       501760        31360
        1960          256           3.300      1003520        62720
        1960          512           6.417      2007040       125440
        1960         1024           9.167      4014080       250880
        1960         2048          17.967      8028160       501760
        1960         4096          35.567     16056320      1003520
        1960         8192          71.042     32112640      2007040
        1960        16384         159.042     64225280      4014080
        1960        32768         292.050    128450560      8028160
        1960        65536         575.392    256901120     16056320
        1960       131072        1220.083    513802240     32112640
        1960       262144        2530.000   1027604480     64225280
        1960       524288        4874.467   2055208960    128450560
        2152            1           1.008         4304          269
        2152            2           0.275         8608          538
        2152            4           0.275        17216         1076
        2152            8           0.366        34432         2152
        2152           16           0.367        68864         4304
        2152           32           0.550       137728         8608
        2152           64           0.825       275456        17216
        2152          128           1.375       550912        34432
        2152          256           2.475      1101824        68864
        2152          512           4.767      2203648       137728
        2152         1024           9.167      4407296       275456
        2152         2048          30.617      8814592       550912
        2152         4096          35.933     17629184      1101824
        2152         8192          71.683     35258368      2203648
        2152        16384         143.367     70516736      4407296
        2152        32768         286.458    141033472      8814592
        2152        65536         597.575    282066944     17629184
        2152       131072        1436.600    564133888     35258368
        2152       262144        2635.692   1128267776     70516736
        2360            1           1.558         4720          295
        2360            2           0.367         9440          590
        2360            4           0.275        18880         1180
        2360            8           0.275        37760         2360
        2360           16           0.458        75520         4720
        2360           32           0.550       151040         9440
        2360           64           0.917       302080        18880
        2360          128           1.467       604160        37760
        2360          256           2.842      1208320        75520
        2360          512           5.408      2416640       151040
        2360         1024          10.725      4833280       302080
        2360         2048          21.266      9666560       604160
        2360         4096          42.442     19333120      1208320
        2360         8192          84.334     38666240      2416640
        2360        16384         179.208     77332480      4833280
        2360        32768         348.334    154664960      9666560
        2360        65536         899.067    309329920     19333120
        2360       131072        1639.458    618659840     38666240
        2360       262144        3048.008   1237319680     77332480
        2592            1           0.825         5184          324
        2592            2           0.275        10368          648
        2592            4           0.275        20736         1296
        2592            8           0.367        41472         2592
        2592           16           0.458        82944         5184
        2592           32           0.550       165888        10368
        2592           64           1.009       331776        20736
        2592          128           1.650       663552        41472
        2592          256           2.933      1327104        82944
        2592          512           5.683      2654208       165888
        2592         1024          11.183      5308416       331776
        2592         2048          22.092     10616832       663552
        2592         4096          44.000     21233664      1327104
        2592         8192          87.817     42467328      2654208
        2592        16384         175.083     84934656      5308416
        2592        32768         362.358    169869312     10616832
        2592        65536         722.058    339738624     21233664
        2592       131072        1723.242    679477248     42467328
        2592       262144        3199.075   1358954496     84934656
        2848            1           1.375         5696          356
        2848            2           0.275        11392          712
        2848            4           0.275        22784         1424
        2848            8           0.367        45568         2848
        2848           16           0.550        91136         5696
        2848           32           0.734       182272        11392
        2848           64           1.192       364544        22784
        2848          128           2.200       729088        45568
        2848          256           3.942      1458176        91136
        2848          512           7.791      2916352       182272
        2848         1024          15.308      5832704       364544
        2848         2048          30.433     11665408       729088
        2848         4096          60.409     23330816      1458176
        2848         8192         120.633     46661632      2916352
        2848        16384         240.808     93323264      5832704
        2848        32768         496.559    186646528     11665408
        2848        65536         913.092    373293056     23330816
        2848       131072        1827.192    746586112     46661632
        2848       262144        3499.559   1493172224     93323264
        3128            1           1.008         6256          391
        3128            2           0.275        12512          782
        3128            4           0.367        25024         1564
        3128            8           0.367        50048         3128
        3128           16           0.550       100096         6256
        3128           32           0.733       200192        12512
        3128           64           1.283       400384        25024
        3128          128           2.200       800768        50048
        3128          256           4.216      1601536       100096
        3128          512           8.158      3203072       200192
        3128         1024          16.133      6406144       400384
        3128         2048          31.992     12812288       800768
        3128         4096          63.709     25624576      1601536
        3128         8192         127.325     51249152      3203072
        3128        16384         246.309    102498304      6406144
        3128        32768         436.792    204996608     12812288
        3128        65536        1035.192    409993216     25624576
        3128       131072        2135.558    819986432     51249152
        3128       262144        3799.125   1639972864    102498304
        3440            1           1.100         6880          430
        3440            2           0.275        13760          860
        3440            4           0.366        27520         1720
        3440            8           0.366        55040         3440
        3440           16           0.458       110080         6880
        3440           32           0.733       220160        13760
        3440           64           1.192       440320        27520
        3440          128           2.109       880640        55040
        3440          256           3.942      1761280       110080
        3440          512           7.516      3522560       220160
        3440         1024          14.942      7045120       440320
        3440         2048          29.608     14090240       880640
        3440         4096          59.217     28180480      1761280
        3440         8192         117.884     56360960      3522560
        3440        16384         235.308    112721920      7045120
        3440        32768         472.542    225443840     14090240
        3440        65536        1145.375    450887680     28180480
        3440       131072        2197.525    901775360     56360960
        3440       262144        4123.350   1803550720    112721920
        3784            1           0.916         7568          473
        3784            2           0.275        15136          946
        3784            4           0.367        30272         1892
        3784            8           0.367        60544         3784
        3784           16           0.550       121088         7568
        3784           32           0.825       242176        15136
        3784           64           1.467       484352        30272
        3784          128           2.658       968704        60544
        3784          256           5.133      1937408       121088
        3784          512           9.900      3874816       242176
        3784         1024          19.617      7749632       484352
        3784         2048          38.958     15499264       968704
        3784         4096          77.550     30998528      1937408
        3784         8192         154.550     61997056      3874816
        3784        16384         290.767    123994112      7749632
        3784        32768         591.159    247988224     15499264
        3784        65536        1213.758    495976448     30998528
        3784       131072        2296.983    991952896     61997056
        3784       262144        4415.125   1983905792    123994112
        4160            1           0.916         8320          520
        4160            2           0.275        16640         1040
        4160            4           0.366        33280         2080
        4160            8           0.367        66560         4160
        4160           16           0.458       133120         8320
        4160           32           0.825       266240        16640
        4160           64           1.284       532480        33280
        4160          128           2.383      1064960        66560
        4160          256           4.675      2129920       133120
        4160          512           8.983      4259840       266240
        4160         1024          17.784      8519680       532480
        4160         2048          35.383     17039360      1064960
        4160         4096          75.809     34078720      2129920
        4160         8192         140.800     68157440      4259840
        4160        16384         316.525    136314880      8519680
        4160        32768         644.875    272629760     17039360
        4160        65536        1290.116    545259520     34078720
        4160       131072        2475.641   1090519040     68157440
        4576            1           1.008         9152          572
        4576            2           0.275        18304         1144
        4576            4           0.367        36608         2288
        4576            8           0.459        73216         4576
        4576           16           0.550       146432         9152
        4576           32           0.916       292864        18304
        4576           64           1.650       585728        36608
        4576          128           3.025      1171456        73216
        4576          256           5.867      2342912       146432
        4576          512          11.367      4685824       292864
        4576         1024          22.459      9371648       585728
        4576         2048          44.825     18743296      1171456
        4576         4096          89.283     37486592      2342912
        4576         8192         178.750     74973184      4685824
        4576        16384         357.225    149946368      9371648
        4576        32768         714.633    299892736     18743296
        4576        65536        1555.675    599785472     37486592
        4576       131072        2844.142   1199570944     74973184
        5032            1           1.191        10064          629
        5032            2           0.275        20128         1258
        5032            4           0.367        40256         2516
        5032            8           0.458        80512         5032
        5032           16           0.641       161024        10064
        5032           32           0.917       322048        20128
        5032           64           1.558       644096        40256
        5032          128           3.025      1288192        80512
        5032          256           5.591      2576384       161024
        5032          512          11.000      5152768       322048
        5032         1024          21.725     10305536       644096
        5032         2048          43.359     20611072      1288192
        5032         4096          86.716     41222144      2576384
        5032         8192         172.516     82444288      5152768
        5032        16384         346.316    164888576     10305536
        5032        32768         795.116    329777152     20611072
        5032        65536        1700.967    659554304     41222144
        5032       131072        3010.425   1319108608     82444288
        5528            1           2.016        11056          691
        5528            2           0.367        22112         1382
        5528            4           0.367        44224         2764
        5528            8           0.459        88448         5528
        5528           16           0.550       176896        11056
        5528           32           1.009       353792        22112
        5528           64           1.742       707584        44224
        5528          128           3.300      1415168        88448
        5528          256           6.233      2830336       176896
        5528          512          12.375      5660672       353792
        5528         1024          24.108     11321344       707584
        5528         2048          48.125     22642688      1415168
        5528         4096         216.609     45285376      2830336
        5528         8192         252.359     90570752      5660672
        5528        16384         486.750    181141504     11321344
        5528        32768         981.567    362283008     22642688
        5528        65536        1817.475    724566016     45285376
        5528       131072        3380.208   1449132032     90570752
        6080            1           1.925        12160          760
        6080            2           0.275        24320         1520
        6080            4           0.367        48640         3040
        6080            8           0.459        97280         6080
        6080           16           0.642       194560        12160
        6080           32           1.100       389120        24320
        6080           64           1.834       778240        48640
        6080          128           3.483      1556480        97280
        6080          256           6.692      3112960       194560
        6080          512          13.200      6225920       389120
        6080         1024          26.125     12451840       778240
        6080         2048          51.791     24903680      1556480
        6080         4096         119.167     49807360      3112960
        6080         8192         206.158     99614720      6225920
        6080        16384         412.225    199229440     12451840
        6080        32768         932.892    398458880     24903680
        6080        65536        1979.908    796917760     49807360
        6080       131072        3890.242   1593835520     99614720
        6688            1           1.558        13376          836
        6688            2           0.367        26752         1672
        6688            4           0.367        53504         3344
        6688            8           0.550       107008         6688
        6688           16           0.733       214016        13376
        6688           32           1.284       428032        26752
        6688           64           2.200       856064        53504
        6688          128           4.308      1712128       107008
        6688          256           8.250      3424256       214016
        6688          512          16.133      6848512       428032
        6688         1024          32.083     13697024       856064
        6688         2048          73.884     27394048      1712128
        6688         4096         128.791     54788096      3424256
        6688         8192         262.625    109576192      6848512
        6688        16384         551.375    219152384     13697024
        6688        32768        1091.934    438304768     27394048
        6688        65536        2183.134    876609536     54788096
        6688       131072        3911.142   1753219072    109576192
        7352            1           2.384        14704          919
        7352            2           0.458        29408         1838
        7352            4           0.459        58816         3676
        7352            8           0.642       117632         7352
        7352           16           0.825       235264        14704
        7352           32           1.467       470528        29408
        7352           64           2.475       941056        58816
        7352          128           4.767      1882112       117632
        7352          256           9.259      3764224       235264
        7352          512          18.242      7528448       470528
        7352         1024          36.300     15056896       941056
        7352         2048          72.325     30113792      1882112
        7352         4096         144.100     60227584      3764224
        7352         8192         295.900    120455168      7528448
        7352        16384         594.275    240910336     15056896
        7352        32768        1157.567    481820672     30113792
        7352        65536        2174.059    963641344     60227584
        7352       131072        4397.708   1927282688    120455168
        8080            1           1.741        16160         1010
        8080            2           0.367        32320         2020
        8080            4           0.458        64640         4040
        8080            8           0.550       129280         8080
        8080           16           0.825       258560        16160
        8080           32           1.283       517120        32320
        8080           64           2.291      1034240        64640
        8080          128           4.400      2068480       129280
        8080          256           8.341      4136960       258560
        8080          512          16.500      8273920       517120
        8080         1024          32.725     16547840      1034240
        8080         2048          65.083     33095680      2068480
        8080         4096         129.800     66191360      4136960
        8080         8192         259.967    132382720      8273920
        8080        16384         523.509    264765440     16547840
        8080        32768        1278.658    529530880     33095680
        8080        65536        2475.458   1059061760     66191360
        8080       131072        4821.025   2118123520    132382720
        8888            1           1.375        17776         1111
        8888            2           0.459        35552         2222
        8888            4           0.458        71104         4444
        8888            8           0.642       142208         8888
        8888           16           0.917       284416        17776
        8888           32           1.558       568832        35552
        8888           64           2.841      1137664        71104
        8888          128           5.408      2275328       142208
        8888          256          10.542      4550656       284416
        8888          512          20.809      9101312       568832
        8888         1024          41.250     18202624      1137664
        8888         2048          82.133     36405248      2275328
        8888         4096         164.175     72810496      4550656
        8888         8192         328.441    145620992      9101312
        8888        16384         672.742    291241984     18202624
        8888        32768        1378.025    582483968     36405248
        8888        65536        2586.009   1164967936     72810496
        9776            1           1.559        19552         1222
        9776            2           0.367        39104         2444
        9776            4           0.458        78208         4888
        9776            8           0.641       156416         9776
        9776           16           0.917       312832        19552
        9776           32           1.467       625664        39104
        9776           64           2.750      1251328        78208
        9776          128           5.316      2502656       156416
        9776          256          10.175      5005312       312832
        9776          512          20.258     10010624       625664
        9776         1024          41.067     20021248      1251328
        9776         2048          83.417     40042496      2502656
        9776         4096         167.017     80084992      5005312
        9776         8192         337.058    160169984     10010624
        9776        16384         727.558    320339968     20021248
        9776        32768        1541.100    640679936     40042496
        9776        65536        2846.525   1281359872     80084992
       10752            1           2.566        21504         1344
       10752            2           0.367        43008         2688
       10752            4           0.458        86016         5376
       10752            8           0.641       172032        10752
       10752           16           1.008       344064        21504
       10752           32           1.650       688128        43008
       10752           64           3.025      1376256        86016
       10752          128           5.775      2752512       172032
       10752          256          11.275      5505024       344064
       10752          512          22.367     11010048       688128
       10752         1024          44.366     22020096      1376256
       10752         2048          88.275     44040192      2752512
       10752         4096         176.550     88080384      5505024
       10752         8192         353.283    176160768     11010048
       10752        16384         943.708    352321536     22020096
       10752        32768        1770.358    704643072     44040192
       10752        65536        3115.933   1409286144     88080384
       11824            1           2.292        23648         1478
       11824            2           0.458        47296         2956
       11824            4           0.550        94592         5912
       11824            8           0.733       189184        11824
       11824           16           1.100       378368        23648
       11824           32           1.834       756736        47296
       11824           64           3.300      1513472        94592
       11824          128           6.416      3026944       189184
       11824          256          12.650      6053888       378368
       11824          512          24.842     12107776       756736
       11824         1024          49.316     24215552      1513472
       11824         2048          98.267     48431104      3026944
       11824         4096         210.834     96862208      6053888
       11824         8192         393.159    193724416     12107776
       11824        16384         917.125    387448832     24215552
       11824        32768        1808.675    774897664     48431104
       11824        65536        3564.366   1549795328     96862208
       13000            1           1.925        26000         1625
       13000            2           0.367        52000         3250
       13000            4           0.550       104000         6500
       13000            8           0.825       208000        13000
       13000           16           1.192       416000        26000
       13000           32           2.017       832000        52000
       13000           64           3.850      1664000       104000
       13000          128           7.241      3328000       208000
       13000          256          14.117      6656000       416000
       13000          512          27.958     13312000       832000
       13000         1024          62.517     26624000      1664000
       13000         2048         134.292     53248000      3328000
       13000         4096         224.217    106496000      6656000
       13000         8192         467.133    212992000     13312000
       13000        16384         962.683    425984000     26624000
       13000        32768        2047.375    851968000     53248000
       13000        65536        3931.583   1703936000    106496000
       14296            1           1.925        28592         1787
       14296            2           0.458        57184         3574
       14296            4           0.642       114368         7148
       14296            8           0.916       228736        14296
       14296           16           1.375       457472        28592
       14296           32           2.475       914944        57184
       14296           64           4.583      1829888       114368
       14296          128           8.983      3659776       228736
       14296          256          17.600      7319552       457472
       14296          512          34.833     14639104       914944
       14296         1024          69.300     29278208      1829888
       14296         2048         138.325     58556416      3659776
       14296         4096         284.259    117112832      7319552
       14296         8192         562.467    234225664     14639104
       14296        16384        1105.683    468451328     29278208
       14296        32768        2181.942    936902656     58556416
       14296        65536        4444.459   1873805312    117112832
       15720            1           1.100        31440         1965
       15720            2           0.550        62880         3930
       15720            4           0.642       125760         7860
       15720            8           1.009       251520        15720
       15720           16           1.375       503040        31440
       15720           32           2.475      1006080        62880
       15720           64           4.858      2012160       125760
       15720          128           9.167      4024320       251520
       15720          256          18.241      8048640       503040
       15720          512          39.967     16097280      1006080
       15720         1024          83.325     32194560      2012160
       15720         2048         152.533     64389120      4024320
       15720         4096         306.167    128778240      8048640
       15720         8192         682.091    257556480     16097280
       15720        16384        1179.384    515112960     32194560
       15720        32768        2369.675   1030225920     64389120
       15720        65536        4487.726   2060451840    128778240
       17288            1           2.383        34576         2161
       17288            2           0.550        69152         4322
       17288            4           0.642       138304         8644
       17288            8           0.917       276608        17288
       17288           16           1.467       553216        34576
       17288           32           2.658      1106432        69152
       17288           64           4.950      2212864       138304
       17288          128           9.442      4425728       276608
       17288          256          18.791      8851456       553216
       17288          512          36.942     17702912      1106432
       17288         1024          73.516     35405824      2212864
       17288         2048         146.850     70811648      4425728
       17288         4096         295.075    141623296      8851456
       17288         8192         730.125    283246592     17702912
       17288        16384        1349.242    566493184     35405824
       17288        32768        2518.817   1132986368     70811648
       19016            1           2.017        38032         2377
       19016            2           0.550        76064         4754
       19016            4           0.733       152128         9508
       19016            8           1.009       304256        19016
       19016           16           1.650       608512        38032
       19016           32           2.933      1217024        76064
       19016           64           5.317      2434048       152128
       19016          128          18.241      4868096       304256
       19016          256          20.350      9736192       608512
       19016          512          40.150     19472384      1217024
       19016         1024          80.116     38944768      2434048
       19016         2048         160.142     77889536      4868096
       19016         4096         320.650    155779072      9736192
       19016         8192         699.050    311558144     19472384
       19016        16384        1459.517    623116288     38944768
       19016        32768        2735.516   1246232576     77889536
       20912            1           2.016        41824         2614
       20912            2           0.642        83648         5228
       20912            4           0.825       167296        10456
       20912            8           1.100       334592        20912
       20912           16           1.742       669184        41824
       20912           32           3.116      1338368        83648
       20912           64           5.867      2676736       167296
       20912          128          11.367      5353472       334592
       20912          256          22.367     10706944       669184
       20912          512          44.091     21413888      1338368
       20912         1024          87.725     42827776      2676736
       20912         2048         175.541     85655552      5353472
       20912         4096         352.458    171311104     10706944
       20912         8192         727.741    342622208     21413888
       20912        16384        1649.083    685244416     42827776
       20912        32768        3219.334   1370488832     85655552
       23000            1           2.841        46000         2875
       23000            2           0.642        92000         5750
       23000            4           0.825       184000        11500
       23000            8           1.191       368000        23000
       23000           16           1.925       736000        46000
       23000           32           3.391      1472000        92000
       23000           64           6.233      2944000       184000
       23000          128          12.008      5888000       368000
       23000          256          23.650     11776000       736000
       23000          512          47.208     23552000      1472000
       23000         1024          92.950     47104000      2944000
       23000         2048         186.175     94208000      5888000
       23000         4096         370.975    188416000     11776000
       23000         8192         768.442    376832000     23552000
       23000        16384        1851.300    753664000     47104000
       23000        32768        3383.233   1507328000     94208000
       25296            1           3.208        50592         3162
       25296            2           0.733       101184         6324
       25296            4           0.917       202368        12648
       25296            8           1.375       404736        25296
       25296           16           2.108       809472        50592
       25296           32           3.850      1618944       101184
       25296           64           7.241      3237888       202368
       25296          128          13.934      6475776       404736
       25296          256          27.316     12951552       809472
       25296          512          54.267     25903104      1618944
       25296         1024         108.167     51806208      3237888
       25296         2048         216.700    103612416      6475776
       25296         4096         432.117    207224832     12951552
       25296         8192         879.175    414449664     25903104
       25296        16384        2206.325    828899328     51806208
       25296        32768        3897.667   1657798656    103612416
       27824            1           1.100        55648         3478
       27824            2           0.641       111296         6956
       27824            4           0.916       222592        13912
       27824            8           1.466       445184        27824
       27824           16           2.292       890368        55648
       27824           32           4.125      1780736       111296
       27824           64           7.792      3561472       222592
       27824          128          14.941      7122944       445184
       27824          256          29.609     14245888       890368
       27824          512          59.125     28491776      1780736
       27824         1024         116.508     56983552      3561472
       27824         2048         232.558    113967104      7122944
       27824         4096         484.825    227934208     14245888
       27824         8192        1116.408    455868416     28491776
       27824        16384        2196.792    911736832     56983552
       27824        32768        4043.783   1823473664    113967104
       30600            1           2.200        61200         3825
       30600            2           0.825       122400         7650
       30600            4           1.100       244800        15300
       30600            8           1.650       489600        30600
       30600           16           2.842       979200        61200
       30600           32           5.042      1958400       122400
       30600           64           9.533      3916800       244800
       30600          128          18.517      7833600       489600
       30600          256          36.391     15667200       979200
       30600          512          72.142     31334400      1958400
       30600         1024         145.659     62668800      3916800
       30600         2048         290.858    125337600      7833600
       30600         4096         582.542    250675200     15667200
       30600         8192        1249.784    501350400     31334400
       30600        16384        2289.009   1002700800     62668800
       30600        32768        4590.942   2005401600    125337600
       33656            1           1.833        67312         4207
       33656            2           0.917       134624         8414
       33656            4           1.192       269248        16828
       33656            8           1.833       538496        33656
       33656           16           3.117      1076992        67312
       33656           32           5.592      2153984       134624
       33656           64          10.358      4307968       269248
       33656          128          20.350      8615936       538496
       33656          256          40.609     17231872      1076992
       33656          512          81.858     34463744      2153984
       33656         1024         175.083     68927488      4307968
       33656         2048         325.967    137854976      8615936
       33656         4096         715.734    275709952     17231872
       33656         8192        1483.441    551419904     34463744
       33656        16384        3095.400   1102839808     68927488
       37016            1           2.017        74032         4627
       37016            2           1.100       148064         9254
       37016            4           1.559       296128        18508
       37016            8           2.567       592256        37016
       37016           16           4.400      1184512        74032
       37016           32           8.158      2369024       148064
       37016           64          15.767      4738048       296128
       37016          128          32.083      9476096       592256
       37016          256          63.617     18952192      1184512
       37016          512         126.500     37904384      2369024
       37016         1024         252.633     75808768      4738048
       37016         2048         539.642    151617536      9476096
       37016         4096        1104.491    303235072     18952192
       37016         8192        2072.125    606470144     37904384
       37016        16384        3753.659   1212940288     75808768
       40712            1           2.384        81424         5089
       40712            2           1.100       162848        10178
       40712            4           1.650       325696        20356
       40712            8           2.567       651392        40712
       40712           16           4.492      1302784        81424
       40712           32           8.250      2605568       162848
       40712           64          15.858      5211136       325696
       40712          128          31.258     10422272       651392
       40712          256          79.383     20844544      1302784
       40712          512         127.417     41689088      2605568
       40712         1024         253.917     83378176      5211136
       40712         2048         531.758    166756352     10422272
       40712         4096        1120.075    333512704     20844544
       40712         8192        2157.008    667025408     41689088
       40712        16384        4358.842   1334050816     83378176
       44776            1           3.758        89552         5597
       44776            2           1.284       179104        11194
       44776            4           1.650       358208        22388
       44776            8           2.750       716416        44776
       44776           16           4.858      1432832        89552
       44776           32           8.983      2865664       179104
       44776           64          17.325      5731328       358208
       44776          128          35.017     11462656       716416
       44776          256          69.850     22925312      1432832
       44776          512         139.241     45850624      2865664
       44776         1024         286.825     91701248      5731328
       44776         2048         561.550    183402496     11462656
       44776         4096        1237.683    366804992     22925312
       44776         8192        2316.783    733609984     45850624
       44776        16384        4366.633   1467219968     91701248
       49248            1           2.750        98496         6156
       49248            2           1.283       196992        12312
       49248            4           1.834       393984        24624
       49248            8           2.933       787968        49248
       49248           16           5.042      1575936        98496
       49248           32           9.534      3151872       196992
       49248           64          18.333      6303744       393984
       49248          128          36.391     12607488       787968
       49248          256          73.425     25214976      1575936
       49248          512         157.484     50429952      3151872
       49248         1024         291.042    100859904      6303744
       49248         2048         581.991    201719808     12607488
       49248         4096        1278.292    403439616     25214976
       49248         8192        2469.591    806879232     50429952
       49248        16384        4924.975   1613758464    100859904
       54168            1           5.133       108336         6771
       54168            2           1.375       216672        13542
       54168            4           2.017       433344        27084
       54168            8           3.300       866688        54168
       54168           16           5.775      1733376       108336
       54168           32          10.909      3466752       216672
       54168           64          21.175      6933504       433344
       54168          128          42.900     13867008       866688
       54168          256          84.884     27734016      1733376
       54168          512         169.033     55468032      3466752
       54168         1024         348.700    110936064      6933504
       54168         2048         690.525    221872128     13867008
       54168         4096        1326.325    443744256     27734016
       54168         8192        2550.167    887488512     55468032
       54168        16384        5135.258   1774977024    110936064
       59584            1           4.308       119168         7448
       59584            2           1.467       238336        14896
       59584            4           2.200       476672        29792
       59584            8           3.483       953344        59584
       59584           16           6.141      1906688       119168
       59584           32          11.550      3813376       238336
       59584           64          22.275      7626752       476672
       59584          128          44.367     15253504       953344
       59584          256          89.559     30507008      1906688
       59584          512         178.383     61014016      3813376
       59584         1024         355.667    122028032      7626752
       59584         2048         728.750    244056064     15253504
       59584         4096        1475.284    488112128     30507008
       59584         8192        2758.892    976224256     61014016
       59584        16384        5401.733   1952448512    122028032
       65536            1           4.950       131072         8192
       65536            2           1.650       262144        16384
       65536            4           2.292       524288        32768
       65536            8           3.758      1048576        65536
       65536           16           6.783      2097152       131072
       65536           32          12.192      4194304       262144
       65536           64          24.109      8388608       524288
       65536          128          48.216     16777216      1048576
       65536          256          95.425     33554432      2097152
       65536          512         190.116     67108864      4194304
       65536         1024         402.416    134217728      8388608
       65536         2048         757.442    268435456     16777216
       65536         4096        1928.667    536870912     33554432
       65536         8192        3022.525   1073741824     67108864
       65536        16384        8013.592   2147483648    134217728
       72088            1           6.050       144176         9011
       72088            2           1.650       288352        18022
       72088            4           2.475       576704        36044
       72088            8           3.850      1153408        72088
       72088           16           6.875      2306816       144176
       72088           32         187.825      4613632       288352
       72088           64          35.659      9227264       576704
       72088          128          61.783     18454528      1153408
       72088          256         132.275     36909056      2306816
       72088          512         291.775     73818112      4613632
       72088         1024         465.942    147636224      9227264
       72088         2048         974.875    295272448     18454528
       72088         4096        1820.500    590544896     36909056
       72088         8192        3176.433   1181089792     73818112
       79296            1           5.500       158592         9912
       79296            2           1.834       317184        19824
       79296            4           2.658       634368        39648
       79296            8           4.400      1268736        79296
       79296           16          32.083      2537472       158592
       79296           32          14.666      5074944       317184
       79296           64          28.508     10149888       634368
       79296          128          57.475     20299776      1268736
       79296          256         114.400     40599552      2537472
       79296          512         227.058     81199104      5074944
       79296         1024         453.200    162398208     10149888
       79296         2048         913.092    324796416     20299776
       79296         4096        1796.575    649592832     40599552
       79296         8192        3813.792   1299185664     81199104
       87224            1           3.391       174448        10903
       87224            2           1.925       348896        21806
       87224            4           2.933       697792        43612
       87224            8           4.858      1395584        87224
       87224           16           8.525      2791168       174448
       87224           32          16.041      5582336       348896
       87224           64          31.442     11164672       697792
       87224          128          63.433     22329344      1395584
       87224          256         125.491     44658688      2791168
       87224          512         260.242     89317376      5582336
       87224         1024         502.059    178634752     11164672
       87224         2048        1010.900    357269504     22329344
       87224         4096        1979.542    714539008     44658688
       87224         8192        3842.942   1429078016     89317376
       95944            1           7.333       191888        11993
       95944            2           2.933       383776        23986
       95944            4           4.216       767552        47972
       95944            8           6.784      1535104        95944
       95944           16          12.558      3070208       191888
       95944           32          23.375      6140416       383776
       95944           64          46.292     12280832       767552
       95944          128          92.859     24561664      1535104
       95944          256         200.200     49123328      3070208
       95944          512         361.808     98246656      6140416
       95944         1024         559.258    196493312     12280832
       95944         2048        1154.084    392986624     24561664
       95944         4096        2161.775    785973248     49123328
       95944         8192        4260.575   1571946496     98246656
      105536            1           7.792       211072        13192
      105536            2           2.383       422144        26384
      105536            4           3.575       844288        52768
      105536            8           5.775      1688576       105536
      105536           16          10.450      3377152       211072
      105536           32          19.617      6754304       422144
      105536           64          38.867     13508608       844288
      105536          128          77.458     27017216      1688576
      105536          256         153.633     54034432      3377152
      105536          512         305.984    108068864      6754304
      105536         1024         620.858    216137728     13508608
      105536         2048        1245.017    432275456     27017216
      105536         4096        2831.950    864550912     54034432
      105536         8192        4679.950   1729101824    108068864
      116088            1           7.700       232176        14511
      116088            2           2.658       464352        29022
      116088            4           3.850       928704        58044
      116088            8           6.325      1857408       116088
      116088           16          11.367      3714816       232176
      116088           32          21.358      7429632       464352
      116088           64          42.259     14859264       928704
      116088          128          84.608     29718528      1857408
      116088          256         193.967     59437056      3714816
      116088          512         333.850    118874112      7429632
      116088         1024         802.358    237748224     14859264
      116088         2048        1504.800    475496448     29718528
      116088         4096        2682.167    950992896     59437056
      116088         8192        5233.616   1901985792    118874112
      127696            1           6.234       255392        15962
      127696            2           3.941       510784        31924
      127696            4           5.775      1021568        63848
      127696            8           9.717      2043136       127696
      127696           16          17.692      4086272       255392
      127696           32          37.950      8172544       510784
      127696           64          76.083     16345088      1021568
      127696          128         141.992     32690176      2043136
      127696          256         293.700     65380352      4086272
      127696          512         447.150    130760704      8172544
      127696         1024         740.942    261521408     16345088
      127696         2048        1480.692    523042816     32690176
      127696         4096        2835.892   1046085632     65380352
      127696         8192        5733.659   2092171264    130760704
      140464            1           4.858       280928        17558
      140464            2           3.025       561856        35116
      140464            4           4.400      1123712        70232
      140464            8           7.425      2247424       140464
      140464           16          13.017      4494848       280928
      140464           32          25.666      8989696       561856
      140464           64          49.867     17979392      1123712
      140464          128         103.767     35958784      2247424
      140464          256         195.159     71917568      4494848
      140464          512         398.200    143835136      8989696
      140464         1024         781.550    287670272     17979392
      140464         2048        1571.075    575340544     35958784
      140464         4096        3087.792   1150681088     71917568
      154504            1           9.533       309008        19313
      154504            2           3.208       618016        38626
      154504            4           4.950      1236032        77252
      154504            8           8.342      2472064       154504
      154504           16          15.033      4944128       309008
      154504           32          28.508      9888256       618016
      154504           64          55.642     19776512      1236032
      154504          128         109.450     39553024      2472064
      154504          256         217.525     79106048      4944128
      154504          512         463.833    158212096      9888256
      154504         1024         885.408    316424192     19776512
      154504         2048        1704.266    632848384     39553024
      154504         4096        3255.267   1265696768     79106048
      169952            1           9.808       339904        21244
      169952            2           3.575       679808        42488
      169952            4           5.408      1359616        84976
      169952            8           9.075      2719232       169952
      169952           16          16.317      5438464       339904
      169952           32          31.900     10876928       679808
      169952           64          61.967     21753856      1359616
      169952          128         122.558     43507712      2719232
      169952          256         242.367     87015424      5438464
      169952          512         483.450    174030848     10876928
      169952         1024         969.466    348061696     21753856
      169952         2048        2156.550    696123392     43507712
      169952         4096        3762.459   1392246784     87015424
      186944            1          11.092       373888        23368
      186944            2           3.942       747776        46736
      186944            4           6.233      1495552        93472
      186944            8          10.084      2991104       186944
      186944           16          18.241      5982208       373888
      186944           32          35.384     11964416       747776
      186944           64          81.858     23928832      1495552
      186944          128         136.858     47857664      2991104
      186944          256         270.600     95715328      5982208
      186944          512         539.458    191430656     11964416
      186944         1024        1106.142    382861312     23928832
      186944         2048        2105.767    765722624     47857664
      186944         4096        4226.750   1531445248     95715328
      205632            1          11.641       411264        25704
      205632            2           4.400       822528        51408
      205632            4           6.508      1645056       102816
      205632            8          11.091      3290112       205632
      205632           16          19.984      6580224       411264
      205632           32          38.592     13160448       822528
      205632           64          76.267     26320896      1645056
      205632          128         150.150     52641792      3290112
      205632          256         298.925    105283584      6580224
      205632          512         594.825    210567168     13160448
      205632         1024        1219.808    421134336     26320896
      205632         2048        2333.008    842268672     52641792
      205632         4096        4549.783   1684537344    105283584
      226192            1          13.566       452384        28274
      226192            2           4.675       904768        56548
      226192            4           7.058      1809536       113096
      226192            8          11.916      3619072       226192
      226192           16          22.092      7238144       452384
      226192           32          42.900     14476288       904768
      226192           64          83.691     28952576      1809536
      226192          128         165.000     57905152      3619072
      226192          256         328.259    115810304      7238144
      226192          512         668.250    231620608     14476288
      226192         1024        1611.225    463241216     28952576
      226192         2048        2568.042    926482432     57905152
      226192         4096        4923.416   1852964864    115810304
      248808            1           9.717       497616        31101
      248808            2           5.134       995232        62202
      248808            4           7.700      1990464       124404
      248808            8          12.925      3980928       248808
      248808           16          24.017      7961856       497616
      248808           32          45.467     15923712       995232
      248808           64          88.458     31847424      1990464
      248808          128         174.167     63694848      3980928
      248808          256         346.133    127389696      7961856
      248808          512         700.333    254779392     15923712
      248808         1024        1398.558    509558784     31847424
      248808         2048        2965.050   1019117568     63694848
      248808         4096        5396.325   2038235136    127389696
      273688            1           8.342       547376        34211
      273688            2           5.684      1094752        68422
      273688            4           8.800      2189504       136844
      273688            8          14.667      4379008       273688
      273688           16          26.583      8758016       547376
      273688           32          50.692     17516032      1094752
      273688           64          98.817     35032064      2189504
      273688          128         194.975     70064128      4379008
      273688          256         387.658    140128256      8758016
      273688          512         772.841    280256512     17516032
      273688         1024        1530.558    560513024     35032064
      273688         2048        3077.525   1121026048     70064128
      301056            1          12.742       602112        37632
      301056            2           6.325      1204224        75264
      301056            4           9.350      2408448       150528
      301056            8          15.583      4816896       301056
      301056           16          28.234      9633792       602112
      301056           32          53.625     19267584      1204224
      301056           64         103.950     38535168      2408448
      301056          128         204.875     77070336      4816896
      301056          256         407.184    154140672      9633792
      301056          512         842.876    308281344     19267584
      301056         1024        1654.217    616562688     38535168
      301056         2048        3194.583   1233125376     77070336
      331160            1          11.734       662320        41395
      331160            2           6.784      1324640        82790
      331160            4          10.266      2649280       165580
      331160            8          17.509      5298560       331160
      331160           16          32.358     10597120       662320
      331160           32          62.975     21194240      1324640
      331160           64         123.750     42388480      2649280
      331160          128         314.234     84776960      5298560
      331160          256         481.708    169553920     10597120
      331160          512         987.892    339107840     21194240
      331160         1024        1958.091    678215680     42388480
      331160         2048        3718.367   1356431360     84776960
      364272            1          11.642       728544        45534
      364272            2           7.516      1457088        91068
      364272            4          11.550      2914176       182136
      364272            8          19.433      5828352       364272
      364272           16          36.209     11656704       728544
      364272           32          68.658     23313408      1457088
      364272           64         134.017     46626816      2914176
      364272          128         264.550     93253632      5828352
      364272          256         525.342    186507264     11656704
      364272          512        1051.783    373014528     23313408
      364272         1024        2082.850    746029056     46626816
      364272         2048        4113.176   1492058112     93253632
      400696            1          11.000       801392        50087
      400696            2           8.158      1602784       100174
      400696            4          12.467      3205568       200348
      400696            8          21.450      6411136       400696
      400696           16          39.692     12822272       801392
      400696           32          75.716     25644544      1602784
      400696           64         157.116     51289088      3205568
      400696          128         291.042    102578176      6411136
      400696          256         579.700    205156352     12822272
      400696          512        1167.741    410312704     25644544
      400696         1024        2291.942    820625408     51289088
      400696         2048        4391.200   1641250816    102578176
      440760            1          13.475       881520        55095
      440760            2           8.800      1763040       110190
      440760            4          13.567      3526080       220380
      440760            8          23.100      7052160       440760
      440760           16          43.542     14104320       881520
      440760           32          83.142     28208640      1763040
      440760           64         165.458     56417280      3526080
      440760          128         328.167    112834560      7052160
      440760          256         642.950    225669120     14104320
      440760          512        1277.559    451338240     28208640
      440760         1024        2468.034    902676480     56417280
      440760         2048        4779.775   1805352960    112834560
      484832            1          14.666       969664        60604
      484832            2           9.717      1939328       121208
      484832            4          15.033      3878656       242416
      484832            8          24.933      7757312       484832
      484832           16          46.567     15514624       969664
      484832           32          99.092     31029248      1939328
      484832           64         172.333     62058496      3878656
      484832          128         339.717    124116992      7757312
      484832          256         756.434    248233984     15514624
      484832          512        1367.758    496467968     31029248
      484832         1024        2648.250    992935936     62058496
      484832         2048        5204.100   1985871872    124116992
      533312            1          15.675      1066624        66664
      533312            2          11.183      2133248       133328
      533312            4          16.316      4266496       266656
      533312            8          27.775      8532992       533312
      533312           16          51.608     17065984      1066624
      533312           32          98.450     34131968      2133248
      533312           64         191.767     68263936      4266496
      533312          128         390.316    136527872      8532992
      533312          256         754.509    273055744     17065984
      533312          512        1505.992    546111488     34131968
      533312         1024        3837.350   1092222976     68263936
      586640            1          18.883      1173280        73330
      586640            2          11.825      2346560       146660
      586640            4          17.509      4693120       293320
      586640            8          39.325      9386240       586640
      586640           16          56.375     18772480      1173280
      586640           32         118.158     37544960      2346560
      586640           64         322.575     75089920      4693120
      586640          128         428.725    150179840      9386240
      586640          256         853.784    300359680     18772480
      586640          512        1662.375    600719360     37544960
      586640         1024        3238.309   1201438720     75089920
      645304            1          18.700      1290608        80663
      645304            2          13.933      2581216       161326
      645304            4          20.075      5162432       322652
      645304            8          33.825     10324864       645304
      645304           16          63.434     20649728      1290608
      645304           32         121.275     41299456      2581216
      645304           64         236.316     82598912      5162432
      645304          128         466.859    165197824     10324864
      645304          256         939.308    330395648     20649728
      645304          512        1905.475    660791296     41299456
      645304         1024        3538.242   1321582592     82598912
      709832            1          33.183      1419664        88729
      709832            2          15.583      2839328       177458
      709832            4          23.191      5678656       354916
      709832            8          39.233     11357312       709832
      709832           16          71.683     22714624      1419664
      709832           32         135.942     45429248      2839328
      709832           64         273.992     90858496      5678656
      709832          128         523.966    181716992     11357312
      709832          256        1035.742    363433984     22714624
      709832          512        2033.900    726867968     45429248
      709832         1024        3953.950   1453735936     90858496
      780808            1          38.409      1561616        97601
      780808            2          16.775      3123232       195202
      780808            4          25.483      6246464       390404
      780808            8          43.725     12492928       780808
      780808           16          80.300     24985856      1561616
      780808           32         153.266     49971712      3123232
      780808           64         296.358     99943424      6246464
      780808          128         589.141    199886848     12492928
      780808          256        1185.983    399773696     24985856
      780808          512        2282.592    799547392     49971712
      780808         1024        4953.575   1599094784     99943424
      858888            1          39.600      1717776       107361
      858888            2          18.700      3435552       214722
      858888            4          28.234      6871104       429444
      858888            8          49.134     13742208       858888
      858888           16          90.475     27484416      1717776
      858888           32         172.058     54968832      3435552
      858888           64         341.642    109937664      6871104
      858888          128         677.416    219875328     13742208
      858888          256        1321.650    439750656     27484416
      858888          512        2558.600    879501312     54968832
      858888         1024        5120.775   1759002624    109937664
      944776            1          43.358      1889552       118097
      944776            2          21.267      3779104       236194
      944776            4          31.167      7558208       472388
      944776            8          52.709     15116416       944776
      944776           16          95.883     30232832      1889552
      944776           32         183.975     60465664      3779104
      944776           64         355.575    120931328      7558208
      944776          128         847.000    241862656     15116416
      944776          256        1403.783    483725312     30232832
      944776          512        2755.225    967450624     60465664
      944776         1024        5472.959   1934901248    120931328
     1039248            1          48.400      2078496       129906
     1039248            2          23.650      4156992       259812
     1039248            4          34.191      8313984       519624
     1039248            8          58.116     16627968      1039248
     1039248           16         105.416     33255936      2078496
     1039248           32         201.758     66511872      4156992
     1039248           64         635.158    133023744      8313984
     1039248          128         801.809    266047488     16627968
     1039248          256        1549.717    532094976     33255936
     1039248          512        3034.992   1064189952     66511872
     1039248         1024        5903.792   2128379904    133023744
     1143168            1          58.208      2286336       142896
     1143168            2          27.959      4572672       285792
     1143168            4          38.225      9145344       571584
     1143168            8          65.725     18290688      1143168
     1143168           16         117.700     36581376      2286336
     1143168           32         258.042     73162752      4572672
     1143168           64         438.350    146325504      9145344
     1143168          128         870.100    292651008     18290688
     1143168          256        1683.000    585302016     36581376
     1143168          512        3528.709   1170604032     73162752
     1257480            1          52.342      2514960       157185
     1257480            2          31.442      5029920       314370
     1257480            4          42.166     10059840       628740
     1257480            8          84.517     20119680      1257480
     1257480           16         130.809     40239360      2514960
     1257480           32         250.525     80478720      5029920
     1257480           64         485.192    160957440     10059840
     1257480          128         965.159    321914880     20119680
     1257480          256        1881.642    643829760     40239360
     1257480          512        3716.900   1287659520     80478720
     1383224            1          58.300      2766448       172903
     1383224            2          38.684      5532896       345806
     1383224            4          48.125     11065792       691612
     1383224            8          80.942     22131584      1383224
     1383224           16         162.433     44263168      2766448
     1383224           32         283.159     88526336      5532896
     1383224           64         556.600    177052672     11065792
     1383224          128        1109.625    354105344     22131584
     1383224          256        2112.184    708210688     44263168
     1383224          512        4093.100   1416421376     88526336
     1521544            1          63.617      3043088       190193
     1521544            2          42.166      6086176       380386
     1521544            4          51.884     12172352       760772
     1521544            8          89.925     24344704      1521544
     1521544           16         162.250     48689408      3043088
     1521544           32         317.717     97378816      6086176
     1521544           64         585.475    194757632     12172352
     1521544          128        1175.533    389515264     24344704
     1521544          256        2609.200    779030528     48689408
     1521544          512        4510.825   1558061056     97378816
     1673696            1          69.667      3347392       209212
     1673696            2          47.116      6694784       418424
     1673696            4          54.908     13389568       836848
     1673696            8          93.225     26779136      1673696
     1673696           16         170.866     53558272      3347392
     1673696           32         327.342    107116544      6694784
     1673696           64         641.942    214233088     13389568
     1673696          128        1312.300    428466176     26779136
     1673696          256        2459.692    856932352     53558272
     1673696          512        5764.641   1713864704    107116544
     1841064            1          79.383      3682128       230133
     1841064            2          50.967      7364256       460266
     1841064            4          59.767     14728512       920532
     1841064            8         102.850     29457024      1841064
     1841064           16         189.108     58914048      3682128
     1841064           32         354.658    117828096      7364256
     1841064           64         703.634    235656192     14728512
     1841064          128        1452.825    471312384     29457024
     1841064          256        2655.858    942624768     58914048
     1841064          512        5296.775   1885249536    117828096
     2025168            1          84.700      4050336       253146
     2025168            2          55.000      8100672       506292
     2025168            4          66.642     16201344      1012584
     2025168            8         113.392     32402688      2025168
     2025168           16         206.525     64805376      4050336
     2025168           32         398.108    129610752      8100672
     2025168           64         782.833    259221504     16201344
     2025168          128        1524.416    518443008     32402688
     2025168          256        2946.991   1036886016     64805376
     2025168          512        5786.091   2073772032    129610752
     2227680            1          96.525      4455360       278460
     2227680            2          75.991      8910720       556920
     2227680            4          91.850     17821440      1113840
     2227680            8         145.841     35642880      2227680
     2227680           16         250.708     71285760      4455360
     2227680           32         455.309    142571520      8910720
     2227680           64         830.683    285143040     17821440
     2227680          128        1700.966    570286080     35642880
     2227680          256        3155.900   1140572160     71285760
     2450448            1         103.308      4900896       306306
     2450448            2          88.092      9801792       612612
     2450448            4         102.575     19603584      1225224
     2450448            8         164.358     39207168      2450448
     2450448           16         279.950     78414336      4900896
     2450448           32         511.959    156828672      9801792
     2450448           64         946.275    313657344     19603584
     2450448          128        1882.650    627314688     39207168
     2450448          256        3972.191   1254629376     78414336
     2695488            1          63.525      5390976       336936
     2695488            2          67.559     10781952       673872
     2695488            4          98.359     21563904      1347744
     2695488            8         170.408     43127808      2695488
     2695488           16         293.975     86255616      5390976
     2695488           32         549.908    172511232     10781952
     2695488           64        1068.925    345022464     21563904
     2695488          128        2067.542    690044928     43127808
     2695488          256        3890.425   1380089856     86255616
     2965032            1          50.692      5930064       370629
     2965032            2          78.100     11860128       741258
     2965032            4          98.634     23720256      1482516
     2965032            8         167.017     47440512      2965032
     2965032           16         299.567     94881024      5930064
     2965032           32         578.417    189762048     11860128
     2965032           64        1160.500    379524096     23720256
     2965032          128        2602.508    759048192     47440512
     2965032          256        4402.933   1518096384     94881024
     3261528            1         130.534      6523056       407691
     3261528            2          82.041     13046112       815382
     3261528            4         105.966     26092224      1630764
     3261528            8         182.967     52184448      3261528
     3261528           16         332.841    104368896      6523056
     3261528           32         671.825    208737792     13046112
     3261528           64        1291.950    417475584     26092224
     3261528          128        2392.591    834951168     52184448
     3261528          256        4782.433   1669902336    104368896
     3587680            1         148.316      7175360       448460
     3587680            2         172.150     14350720       896920
     3587680            4         170.133     28701440      1793840
     3587680            8         255.750     57402880      3587680
     3587680           16         432.759    114805760      7175360
     3587680           32         751.025    229611520     14350720
     3587680           64        1383.709    459223040     28701440
     3587680          128        2642.658    918446080     57402880
     3587680          256        5253.509   1836892160    114805760
     3946448            1         157.025      7892896       493306
     3946448            2         156.017     15785792       986612
     3946448            4         211.933     31571584      1973224
     3946448            8         302.683     63143168      3946448
     3946448           16         494.908    126286336      7892896
     3946448           32         841.959    252572672     15785792
     3946448           64        1549.900    505145344     31571584
     3946448          128        2925.451   1010290688     63143168
     3946448          256        5558.025   2020581376    126286336
     4341088            1         170.592      8682176       542636
     4341088            2         163.258     17364352      1085272
     4341088            4         188.283     34728704      2170544
     4341088            8         291.317     69457408      4341088
     4341088           16         505.817    138914816      8682176
     4341088           32         897.600    277829632     17364352
     4341088           64        1670.625    555659264     34728704
     4341088          128        3177.625   1111318528     69457408
     4775192            1          79.658      9550384       596899
     4775192            2         104.867     19100768      1193798
     4775192            4         159.867     38201536      2387596
     4775192            8         273.350     76403072      4775192
     4775192           16         496.191    152806144      9550384
     4775192           32         993.942    305612288     19100768
     4775192           64        1836.267    611224576     38201536
     4775192          128        3551.075   1222449152     76403072
     5252704            1         204.783     10505408       656588
     5252704            2         126.500     21010816      1313176
     5252704            4         171.875     42021632      2626352
     5252704            8         291.775     84043264      5252704
     5252704           16         531.850    168086528     10505408
     5252704           32        1171.133    336173056     21010816
     5252704           64        2308.992    672346112     42021632
     5252704          128        3875.208   1344692224     84043264
     5777968            1         215.692     11555936       722246
     5777968            2         156.108     23111872      1444492
     5777968            4         210.008     46223744      2888984
     5777968            8         323.125     92447488      5777968
     5777968           16         606.467    184894976     11555936
     5777968           32        1147.391    369789952     23111872
     5777968           64        2178.550    739579904     46223744
     5777968          128        4204.659   1479159808     92447488
     6355760            1         245.575     12711520       794470
     6355760            2         206.341     25423040      1588940
     6355760            4         261.067     50846080      3177880
     6355760            8         428.084    101692160      6355760
     6355760           16         756.892    203384320     12711520
     6355760           32        1345.209    406768640     25423040
     6355760           64        2479.033    813537280     50846080
     6355760          128        4696.267   1627074560    101692160
     6991336            1         240.991     13982672       873917
     6991336            2         298.558     27965344      1747834
     6991336            4         388.759     55930688      3495668
     6991336            8         583.734    111861376      6991336
     6991336           16         930.234    223722752     13982672
     6991336           32        1709.400    447445504     27965344
     6991336           64        2782.358    894891008     55930688
     6991336          128        5175.317   1789782016    111861376
     7690464            1         291.408     15380928       961308
     7690464            2         221.559     30761856      1922616
     7690464            4         271.150     61523712      3845232
     7690464            8         435.416    123047424      7690464
     7690464           16         800.525    246094848     15380928
     7690464           32        1689.417    492189696     30761856
     7690464           64        2921.142    984379392     61523712
     7690464          128        5598.817   1968758784    123047424
     8459504            1         325.050     16919008      1057438
     8459504            2         422.859     33838016      2114876
     8459504            4         527.817     67676032      4229752
     8459504            8         777.517    135352064      8459504
     8459504           16        1159.125    270704128     16919008
     8459504           32        1671.634    541408256     33838016
     8459504           64        3183.125   1082816512     67676032
     9305448            1         353.925     18610896      1163181
     9305448            2         482.991     37221792      2326362
     9305448            4         605.275     74443584      4652724
     9305448            8         859.559    148887168      9305448
     9305448           16        1366.842    297774336     18610896
     9305448           32        2180.109    595548672     37221792
     9305448           64        3989.334   1191097344     74443584
    10235992            1         405.350     20471984      1279499
    10235992            2         551.742     40943968      2558998
    10235992            4         671.917     81887936      5117996
    10235992            8         964.516    163775872     10235992
    10235992           16        1492.975    327551744     20471984
    10235992           32        2479.675    655103488     40943968
    10235992           64        4165.517   1310206976     81887936
    11259584            1         430.650     22519168      1407448
    11259584            2         275.733     45038336      2814896
    11259584            4         384.450     90076672      5629792
    11259584            8         675.584    180153344     11259584
    11259584           16        1215.867    360306688     22519168
    11259584           32        2227.500    720613376     45038336
    11259584           64        4213.183   1441226752     90076672
    12385536            1         462.275     24771072      1548192
    12385536            2         346.225     49542144      3096384
    12385536            4         422.216     99084288      6192768
    12385536            8         745.616    198168576     12385536
    12385536           16        1328.525    396337152     24771072
    12385536           32        2478.667    792674304     49542144
    12385536           64        4767.858   1585348608     99084288
    13624088            1         514.158     27248176      1703011
    13624088            2         380.600     54496352      3406022
    13624088            4         450.542    108992704      6812044
    13624088            8         800.800    217985408     13624088
    13624088           16        1430.000    435970816     27248176
    13624088           32        2621.025    871941632     54496352
    13624088           64        5207.858   1743883264    108992704
    14986496            1         559.809     29972992      1873312
    14986496            2         590.150     59945984      3746624
    14986496            4         760.558    119891968      7493248
    14986496            8         898.058    239783936     14986496
    14986496           16        1613.883    479567872     29972992
    14986496           32        2946.258    959135744     59945984
    14986496           64        5639.242   1918271488    119891968
    16485144            1         630.758     32970288      2060643
    16485144            2         599.683     65940576      4121286
    16485144            4         554.217    131881152      8242572
    16485144            8         960.850    263762304     16485144
    16485144           16        1687.950    527524608     32970288
    16485144           32        3161.675   1055049216     65940576
    16485144           64        6188.050   2110098432    131881152
    18133656            1         680.534     36267312      2266707
    18133656            2        1080.017     72534624      4533414
    18133656            4        1359.600    145069248      9066828
    18133656            8        1183.691    290138496     18133656
    18133656           16        1852.400    580276992     36267312
    18133656           32        3445.567   1160553984     72534624
    19947016            1         757.442     39894032      2493377
    19947016            2        1107.700     79788064      4986754
    19947016            4        1399.016    159576128      9973508
    19947016            8        1986.600    319152256     19947016
    19947016           16        2271.775    638304512     39894032
    19947016           32        3886.300   1276609024     79788064
    21941712            1         816.658     43883424      2742714
    21941712            2        1367.942     87766848      5485428
    21941712            4        1850.017    175533696     10970856
    21941712            8        2460.792    351067392     21941712
    21941712           16        2482.242    702134784     43883424
    21941712           32        4272.492   1404269568     87766848
    24135880            1         894.759     48271760      3016985
    24135880            2        1244.191     96543520      6033970
    24135880            4        1802.991    193087040     12067940
    24135880            8        2349.050    386174080     24135880
    24135880           16        3140.042    772348160     48271760
    24135880           32        4718.175   1544696320     96543520
    26549464            1         969.100     53098928      3318683
    26549464            2        1150.876    106197856      6637366
    26549464            4        1135.016    212395712     13274732
    26549464            8        1553.658    424791424     26549464
    26549464           16        3022.066    849582848     53098928
    26549464           32        5210.975   1699165696    106197856
    29204408            1        1065.350     58408816      3650551
    29204408            2        1400.759    116817632      7301102
    29204408            4         971.759    233635264     14602204
    29204408            8        1706.283    467270528     29204408
    29204408           16        3015.284    934541056     58408816
    29204408           32        5679.942   1869082112    116817632
    32124848            1        1177.183     64249696      4015606
    32124848            2        1654.033    128499392      8031212
    32124848            4        1072.592    256998784     16062424
    32124848            8        1857.442    513997568     32124848
    32124848           16        3471.325   1027995136     64249696
    32124848           32        6502.284   2055990272    128499392
    35337328            1        1285.167     70674656      4417166
    35337328            2        1993.017    141349312      8834332
    35337328            4        2637.892    282698624     17668664
    35337328            8        2083.217    565397248     35337328
    35337328           16        3611.484   1130794496     70674656
    38871056            1        1412.859     77742112      4858882
    38871056            2        2471.608    155484224      9717764
    38871056            4        3232.350    310968448     19435528
    38871056            8        4667.758    621936896     38871056
    38871056           16        5786.367   1243873792     77742112
    42758160            1        1589.134     85516320      5344770
    42758160            2        2505.800    171032640     10689540
    42758160            4        3377.000    342065280     21379080
    42758160            8        3019.684    684130560     42758160
    42758160           16        4601.025   1368261120     85516320
    47033976            1        1939.116     94067952      5879247
    47033976            2        1629.925    188135904     11758494
    47033976            4        1661.000    376271808     23516988
    47033976            8        2943.509    752543616     47033976
    47033976           16        4929.283   1505087232     94067952
    51737368            1        1909.233    103474736      6467171
    51737368            2        3088.800    206949472     12934342
    51737368            4        2478.116    413898944     25868684
    51737368            8        3106.033    827797888     51737368
    51737368           16        5337.200   1655595776    103474736
    56911104            1        2082.941    113822208      7113888
    56911104            2        2365.825    227644416     14227776
    56911104            4        2017.584    455288832     28455552
    56911104            8        3423.200    910577664     56911104
    56911104           16        5822.117   1821155328    113822208
    62602208            1        2244.366    125204416      7825276
    62602208            2        2164.250    250408832     15650552
    62602208            4        2119.150    500817664     31301104
    62602208            8        3858.251   1001635328     62602208
    62602208           16        6351.858   2003270656    125204416
    68862424            1        2461.525    137724848      8607803
    68862424            2        2588.851    275449696     17215606
    68862424            4        2346.025    550899392     34431212
    68862424            8        5094.650   1101798784     68862424
    75748664            1        2712.325    151497328      9468583
    75748664            2        2562.634    302994656     18937166
    75748664            4        2647.700    605989312     37874332
    75748664            8        4653.183   1211978624     75748664
    83323528            1        2994.200    166647056     10415441
    83323528            2        2713.241    333294112     20830882
    83323528            4        3216.950    666588224     41661764
    83323528            8        5659.591   1333176448     83323528
    91655880            1        3267.184    183311760     11456985
    91655880            2        3434.108    366623520     22913970
    91655880            4        4477.367    733247040     45827940
    91655880            8        7024.692   1466494080     91655880
   100821464            1        3626.333    201642928     12602683
   100821464            2        4454.175    403285856     25205366
   100821464            4        5305.025    806571712     50410732
   100821464            8        8313.709   1613143424    100821464
   110903608            1        4073.117    221807216     13862951
   110903608            2        4632.100    443614432     27725902
   110903608            4        6081.900    887228864     55451804
   110903608            8       10650.750   1774457728    110903608
   121993968            1        4347.751    243987936     15249246
   121993968            2        7408.775    487975872     30498492
   121993968            4        9706.492    975951744     60996984
   121993968            8       12915.192   1951903488    121993968
   134193360            1        4754.200    268386720     16774170
   134193360            2        5681.409    536773440     33548340
   134193360            4        8499.700   1073546880     67096680
   134193360            8       14369.576   2147093760    134193360
   147612696            1        5556.192    295225392     18451587
   147612696            2        8831.075    590450784     36903174
   147612696            4       11928.309   1180901568     73806348
   162373960            1        6650.509    324747920     20296745
   162373960            2       10256.584    649495840     40593490
   162373960            4       13597.833   1298991680     81186980
   178611352            1        6641.892    357222704     22326419
   178611352            2       10109.551    714445408     44652838
   178611352            4       13967.709   1428890816     89305676
   196472480            1        6642.809    392944960     24559060
   196472480            2       11217.525    785889920     49118120
   196472480            4       20398.859   1571779840     98236240
   216119728            1        8852.709    432239456     27014966
   216119728            2       15201.175    864478912     54029932
   216119728            4       17846.125   1728957824    108059864
   237731696            1        8381.817    475463392     29716462
   237731696            2       13251.334    950926784     59432924
   237731696            4       19665.800   1901853568    118865848
   261504864            1        9185.642    523009728     32688108
   261504864            2       16505.317   1046019456     65376216
   261504864            4       22978.542   2092038912    130752432
   287655344            1       10090.117    575310688     35956918
   287655344            2       17867.484   1150621376     71913836
   316420872            1       11054.450    632841744     39552609
   316420872            2       19585.592   1265683488     79105218
   348062952            1       12110.358    696125904     43507869
   348062952            2       22619.300   1392251808     87015738
   382869240            1       13445.850    765738480     47858655
   382869240            2       25127.117   1531476960     95717310
   421156160            1       14993.275    842312320     52644520
   421156160            2       27820.376   1684624640    105289040
   463271776            1       16378.084    926543552     57908972
   463271776            2       30901.109   1853087104    115817944
   509598952            1       17819.451   1019197904     63699869
   509598952            2       34228.334   2038395808    127399738
   560558840            1       19806.233   1121117680     70069855
   616614720            1       22378.492   1233229440     77076840
   678276192            1       24337.684   1356552384     84784524
   746103808            1       26854.300   1492207616     93262976
   820714184            1       28785.901   1641428368    102589273
   902785600            1       32071.784   1805571200    112848200
   993064160            1       34527.993   1986128320    124133020

META_DATA
FLOPS          1
OPENMP_THREADS 1
ERT_VERSION  1.1.0
HOSTNAME  ('DESKTOP-1DMF7BU.localdomain', ['DESKTOP-1DMF7BU'], ['127.0.1.1'])
UNAME  uname_result(system='Linux', node='DESKTOP-1DMF7BU', release='6.6.87.2-microsoft-standard-WSL2', version='#1 SMP PREEMPT_DYNAMIC Thu Jun  5 18:30:46 UTC 2025', machine='x86_64')
TIMESTAMP_DATA  1765959290.846681
CONFIG  {'ERT_MPI': ['False'], 'ERT_OPENMP': ['True'], 'ERT_OPENMP_CFLAGS': ['-fopenmp'], 'ERT_OPENMP_LDFLAGS': ['-fopenmp'], 'ERT_PRECISION': ['FP64'], 'ERT_TRIALS_MIN': ['1'], 'ERT_TRIALS': ['3', '#', 'Run', 'each', 'test', '3', 'times', 'to', 'filter', 'out', 'background', 'noise'], 'ERT_RESULTS': ['Results/7800X3D'], 'ERT_GNUPLOT': ['gnuplot'], 'ERT_DRIVER': ['driver1'], 'ERT_KERNEL': ['kernel1'], 'ERT_CC': ['g++'], 'ERT_LD': ['g++'], 'ERT_CFLAGS': ['-O3', '-march=native', '-fopenmp', '-fstrict-aliasing', '-funroll-loops', '-Wno-all'], 'ERT_LDFLAGS': ['-O3', '-march=native', '-fopenmp'], 'ERT_LDLIBS': ['-lm'], 'ERT_RUN': ['export', 'OMP_NUM_THREADS=ERT_OPENMP_THREADS;', './ERT_CODE'], 'ERT_WORKING_SET_MIN': ['128'], 'ERT_MEMORY_MAX': ['1073741824'], 'ERT_ALIGN': ['64'], 'ERT_MIN_PROCS': ['1'], 'ERT_MAX_PROCS': ['1'], 'ERT_OPENMP_THREADS': ['1,2,4,8,16', '#', 'Logical', 'Threads'], 'ERT_NUM_EXPERIMENTS': ['5'], 'ERT_FLOPS': ['1,2,4,8,16', '#', '16', 'for', 'AVX-51'], 'ERT_GPU': [False], 'ERT_HIP': [False], 'ERT_OCL': [False], 'ERT_SYCL': [False], 'ERT_WSS_MULT': [1.1]}
