fp64
        1024            1           8.945         2048          128
        1024            2           6.519         4096          256
        1024            4           7.408         8192          512
        1024            8           7.796        16384         1024
        1024           16           9.407        32768         2048
        1024           32          13.000        65536         4096
        1024           64          20.352       131072         8192
        1024          128          35.074       262144        16384
        1024          256          64.352       524288        32768
        1024          512         122.850      1048576        65536
        1024         1024         239.995      2097152       131072
        1024         2048         474.122      4194304       262144
        1024         4096         942.466      8388608       524288
        1024         8192        1879.303     16777216      1048576
        1024        16384        3768.901     33554432      2097152
        1024        32768        7543.433     67108864      4194304
        1024        65536       15052.589    134217728      8388608
        1024       131072       30072.063    268435456     16777216
        1024       262144       60163.090    536870912     33554432
        1024       524288      120487.900   1073741824     67108864
        1024      1048576      240613.880   2147483648    134217728
        1120            1           3.425         2240          140
        1120            2           2.074         4480          280
        1120            4           2.537         8960          560
        1120            8           2.612        17920         1120
        1120           16           3.259        35840         2240
        1120           32           4.555        71680         4480
        1120           64           7.260       143360         8960
        1120          128          12.686       286720        17920
        1120          256          23.463       573440        35840
        1120          512          45.018      1146880        71680
        1120         1024          88.110      2293760       143360
        1120         2048         174.331      4587520       286720
        1120         4096         346.699      9175040       573440
        1120         8192         691.452     18350080      1146880
        1120        16384        1387.550     36700160      2293760
        1120        32768        5985.994     73400320      4587520
        1120        65536       16608.691    146800640      9175040
        1120       131072       33503.212    293601280     18350080
        1120       262144       66442.525    587202560     36700160
        1120       524288      132847.405   1174405120     73400320
        1232            1           8.555         2464          154
        1232            2           6.389         4928          308
        1232            4           7.870         9856          616
        1232            8           8.111        19712         1232
        1232           16          10.203        39424         2464
        1232           32          14.630        78848         4928
        1232           64          23.407       157696         9856
        1232          128          41.278       315392        19712
        1232          256          76.776       630784        39424
        1232          512         165.757      1261568        78848
        1232         1024         289.847      2523136       157696
        1232         2048         573.787      5046272       315392
        1232         4096        1141.705     10092544       630784
        1232         8192        2293.426     20185088      1261568
        1232        16384        4566.777     40370176      2523136
        1232        32768        9122.222     80740352      5046272
        1232        65536       18247.257    161480704     10092544
        1232       131072       36474.925    322961408     20185088
        1232       262144       72947.774    645922816     40370176
        1232       524288      145894.253   1291845632     80740352
        1352            1           8.185         2704          169
        1352            2           6.352         5408          338
        1352            4           7.574        10816          676
        1352            8           8.408        21632         1352
        1352           16          10.648        43264         2704
        1352           32          15.352        86528         5408
        1352           64          25.203       173056        10816
        1352          128          44.516       346112        21632
        1352          256          83.258       692224        43264
        1352          512         160.683      1384448        86528
        1352         1024         315.550      2768896       173056
        1352         2048         625.213      5537792       346112
        1352         4096        1263.849     11075584       692224
        1352         8192        2483.458     22151168      1384448
        1352        16384        4990.030     44302336      2768896
        1352        32768        9946.598     88604672      5537792
        1352        65536       19901.917    177209344     11075584
        1352       131072       39854.574    354418688     22151168
        1352       262144       79547.612    708837376     44302336
        1352       524288      134983.451   1417674752     88604672
        1480            1           9.038         2960          185
        1480            2           6.462         5920          370
        1480            4           7.778        11840          740
        1480            8           8.648        23680         1480
        1480           16          11.037        47360         2960
        1480           32          16.185        94720         5920
        1480           64          26.870       189440        11840
        1480          128          47.962       378880        23680
        1480          256          89.906       757760        47360
        1480          512         192.664      1515520        94720
        1480         1024         342.105      3031040       189440
        1480         2048         678.397      6062080       378880
        1480         4096        1350.868     12124160       757760
        1480         8192        2718.437     24248320      1515520
        1480        16384        5407.801     48496640      3031040
        1480        32768       10816.621     96993280      6062080
        1480        65536       21594.501    193986560     12124160
        1480       131072       43189.002    387973120     24248320
        1480       262144       86790.293    775946240     48496640
        1480       524288      173030.705   1551892480     96993280
        1624            1           8.352         3248          203
        1624            2           6.481         6496          406
        1624            4           7.685        12992          812
        1624            8           8.815        25984         1624
        1624           16          11.723        51968         3248
        1624           32          17.445       103936         6496
        1624           64          29.147       207872        12992
        1624          128          52.370       415744        25984
        1624          256          98.851       831488        51968
        1624          512         192.164      1662976       103936
        1624         1024         378.049      3325952       207872
        1624         2048         750.153      6651904       415744
        1624         4096        1494.069     13303808       831488
        1624         8192        2999.674     26607616      1662976
        1624        16384        5986.439     53215232      3325952
        1624        32768       12129.562    106430464      6651904
        1624        65536       24011.850    212860928     13303808
        1624       131072       47795.428    425721856     26607616
        1624       262144       95547.430    851443712     53215232
        1624       524288      191116.027   1702887424    106430464
        1784            1           8.686         3568          223
        1784            2           6.593         7136          446
        1784            4           7.723        14272          892
        1784            8           9.129        28544         1784
        1784           16          12.315        57088         3568
        1784           32          18.537       114176         7136
        1784           64          31.425       228352        14272
        1784          128          56.943       456704        28544
        1784          256         107.850       913408        57088
        1784          512         209.867      1826816       114176
        1784         1024         413.790      3653632       228352
        1784         2048         821.209      7307264       456704
        1784         4096        1658.565     14614528       913408
        1784         8192        3282.725     29229056      1826816
        1784        16384        6543.450     58458112      3653632
        1784        32768       13089.547    116916224      7307264
        1784        65536       26185.000    233832448     14614528
        1784       131072       52343.724    467664896     29229056
        1784       262144      104760.116    935329792     58458112
        1784       524288      209439.417   1870659584    116916224
        1960            1           8.815         3920          245
        1960            2           6.722         7840          490
        1960            4           8.372        15680          980
        1960            8           9.594        31360         1960
        1960           16          12.778        62720         3920
        1960           32          19.648       125440         7840
        1960           64          33.703       250880        15680
        1960          128          61.351       501760        31360
        1960          256         116.702      1003520        62720
        1960          512         227.552      2007040       125440
        1960         1024         467.807      4014080       250880
        1960         2048         892.152      8028160       501760
        1960         4096        1778.342     16056320      1003520
        1960         8192        3566.498     32112640      2007040
        1960        16384        7126.162     64225280      4014080
        1960        32768       14371.452    128450560      8028160
        1960        65536       28473.075    256901120     16056320
        1960       131072       56918.505    513802240     32112640
        1960       262144      113833.804   1027604480     64225280
        1960       524288      227649.834   2055208960    128450560
        2152            1           8.851         4304          269
        2152            2           6.926         8608          538
        2152            4           8.333        17216         1076
        2152            8           9.834        34432         2152
        2152           16          13.593        68864         4304
        2152           32          21.167       137728         8608
        2152           64          36.555       275456        17216
        2152          128          67.184       550912        34432
        2152          256         128.332      1101824        68864
        2152          512         278.866      2203648       137728
        2152         1024         495.567      4407296       275456
        2152         2048         985.114      8814592       550912
        2152         4096        1964.098     17629184      1101824
        2152         8192        3940.140     35258368      2203648
        2152        16384        7866.910     70516736      4407296
        2152        32768       13786.427    141033472      8814592
        2152        65536       10455.035    282066944     17629184
        2152       131072       20917.458    564133888     35258368
        2152       262144       41828.564   1128267776     70516736
        2360            1           8.852         4720          295
        2360            2           7.166         9440          590
        2360            4           8.463        18880         1180
        2360            8          10.278        37760         2360
        2360           16          14.333        75520         4720
        2360           32          22.704       151040         9440
        2360           64          39.296       302080        18880
        2360          128          72.647       604160        37760
        2360          256         139.220      1208320        75520
        2360          512         272.330      2416640       151040
        2360         1024         567.527      4833280       302080
        2360         2048        1071.019      9666560       604160
        2360         4096        2135.966     19333120      1208320
        2360         8192        4282.857     38666240      2416640
        2360        16384        8568.102     77332480      4833280
        2360        32768       17100.019    154664960      9666560
        2360        65536       34207.745    309329920     19333120
        2360       131072       68457.727    618659840     38666240
        2360       262144      137173.137   1237319680     77332480
        2592            1           8.963         5184          324
        2592            2           7.278        10368          648
        2592            4           8.982        20736         1296
        2592            8          10.889        41472         2592
        2592           16          15.167        82944         5184
        2592           32          24.556       165888        10368
        2592           64          42.462       331776        20736
        2592          128          79.276       663552        41472
        2592          256         150.721      1327104        82944
        2592          512         295.495      2654208       165888
        2592         1024         584.084      5308416       331776
        2592         2048        1194.703     10616832       663552
        2592         4096        2317.130     21233664      1327104
        2592         8192        4661.203     42467328      2654208
        2592        16384        9349.479     84934656      5308416
        2592        32768       18629.181    169869312     10616832
        2592        65536       37316.972    339738624     21233664
        2592       131072       74941.254    679477248     42467328
        2592       262144      149134.559   1358954496     84934656
        2848            1           4.426         5696          356
        2848            2           2.462        11392          712
        2848            4           3.278        22784         1424
        2848            8           3.777        45568         2848
        2848           16           5.407        91136         5696
        2848           32           8.759       182272        11392
        2848           64          15.445       364544        22784
        2848          128          28.703       729088        45568
        2848          256          55.277      1458176        91136
        2848          512         108.424      2916352       182272
        2848         1024         214.701      5832704       364544
        2848         2048         427.234     11665408       729088
        2848         4096         852.318     23330816      1458176
        2848         8192        1702.528     46661632      2916352
        2848        16384        3411.816     93323264      5832704
        2848        32768        6813.983    186646528     11665408
        2848        65536       13619.262    373293056     23330816
        2848       131072       27239.969    746586112     46661632
        2848       262144       54484.141   1493172224     93323264
        3128            1           9.333         6256          391
        3128            2           7.611        12512          782
        3128            4           9.352        25024         1564
        3128            8          11.814        50048         3128
        3128           16          17.537       100096         6256
        3128           32          28.481       200192        12512
        3128           64          50.425       400384        25024
        3128          128          94.499       800768        50048
        3128          256         182.553      1601536       100096
        3128          512         358.513      3203072       200192
        3128         1024         710.675      6406144       400384
        3128         2048        1440.551     12812288       800768
        3128         4096        2823.103     25624576      1601536
        3128         8192        5671.205     51249152      3203072
        3128        16384       11316.485    102498304      6406144
        3128        32768       22610.155    204996608     12812288
        3128        65536       45249.309    409993216     25624576
        3128       131072       90522.858    819986432     51249152
        3128       262144      181458.284   1639972864    102498304
        3440            1           9.870         6880          430
        3440            2           7.723        13760          860
        3440            4           9.629        27520         1720
        3440            8          12.443        55040         3440
        3440           16          18.481       110080         6880
        3440           32          30.610       220160        13760
        3440           64          54.833       440320        27520
        3440          128         103.407       880640        55040
        3440          256         200.533      1761280       110080
        3440          512         394.734      3522560       220160
        3440         1024         783.265      7045120       440320
        3440         2048        1581.438     14090240       880640
        3440         4096        3114.116     28180480      1761280
        3440         8192        6251.473     56360960      3522560
        3440        16384       12479.559    112721920      7045120
        3440        32768       25335.426    225443840     14090240
        3440        65536       49952.697    450887680     28180480
        3440       131072      100247.575    901775360     56360960
        3440       262144      199570.571   1803550720    112721920
        3784            1           3.981         7568          473
        3784            2           2.630        15136          946
        3784            4           3.463        30272         1892
        3784            8           4.334        60544         3784
        3784           16           6.480       121088         7568
        3784           32          10.981       242176        15136
        3784           64          19.815       484352        30272
        3784          128          37.500       968704        60544
        3784          256          72.888      1937408       121088
        3784          512         143.683      3874816       242176
        3784         1024         285.255      7749632       484352
        3784         2048         568.436     15499264       968704
        3784         4096        1142.167     30998528      1937408
        3784         8192        2267.500     61997056      3874816
        3784        16384        4538.316    123994112      7749632
        3784        32768        9078.206    247988224     15499264
        3784        65536       18145.487    495976448     30998528
        3784       131072       94552.001    991952896     61997056
        3784       262144      218906.689   1983905792    123994112
        4160            1           9.426         8320          520
        4160            2           8.111        16640         1040
        4160            4          10.519        33280         2080
        4160            8          13.851        66560         4160
        4160           16          21.111       133120         8320
        4160           32          36.130       266240        16640
        4160           64          65.906       532480        33280
        4160          128         125.424      1064960        66560
        4160          256         244.831      2129920       133120
        4160          512         482.677      4259840       266240
        4160         1024         983.743      8519680       532480
        4160         2048        1911.581     17039360      1064960
        4160         4096        3832.958     34078720      2129920
        4160         8192        7656.006     68157440      4259840
        4160        16384       15304.903    136314880      8519680
        4160        32768       30609.602    272629760     17039360
        4160        65536       61485.347    545259520     34078720
        4160       131072      122337.798   1090519040     68157440
        4576            1           9.741         9152          572
        4576            2           8.591        18304         1144
        4576            4          11.148        36608         2288
        4576            8          14.611        73216         4576
        4576           16          22.777       146432         9152
        4576           32          39.129       292864        18304
        4576           64          71.850       585728        36608
        4576          128         137.202      1171456        73216
        4576          256         268.366      2342912       146432
        4576          512         529.917      4685824       292864
        4576         1024        1073.224      9371648       585728
        4576         2048        2102.170     18743296      1171456
        4576         4096        4211.525     37486592      2342912
        4576         8192        8417.198     74973184      4685824
        4576        16384       16821.694    149946368      9371648
        4576        32768       33653.425    299892736     18743296
        4576        65536       67292.978    599785472     37486592
        4576       131072       77165.505   1199570944     74973184
        5032            1          10.296        10064          629
        5032            2           8.722        20128         1258
        5032            4          11.520        40256         2516
        5032            8          15.370        80512         5032
        5032           16          24.278       161024        10064
        5032           32          42.296       322048        20128
        5032           64          78.091       644096        40256
        5032          128         149.553      1288192        80512
        5032          256         292.643      2576384       161024
        5032          512         578.695      5152768       322048
        5032         1024        1170.111     10305536       644096
        5032         2048        2295.148     20611072      1288192
        5032         4096        4600.593     41222144      2576384
        5032         8192        9214.797     82444288      5152768
        5032        16384       18379.891    164888576     10305536
        5032        32768       36760.986    329777152     20611072
        5032        65536       73495.251    659554304     41222144
        5032       131072      147146.146   1319108608     82444288
        5528            1           9.870        11056          691
        5528            2           8.908        22112         1382
        5528            4          11.944        44224         2764
        5528            8          16.203        88448         5528
        5528           16          26.277       176896        11056
        5528           32          45.814       353792        22112
        5528           64          85.073       707584        44224
        5528          128         163.720      1415168        88448
        5528          256         320.403      2830336       176896
        5528          512         634.563      5660672       353792
        5528         1024        1262.036     11321344       707584
        5528         2048        2537.606     22642688      1415168
        5528         4096        5045.104     45285376      2830336
        5528         8192       10095.190     90570752      5660672
        5528        16384       20175.030    181141504     11321344
        5528        32768       40334.485    362283008     22642688
        5528        65536       80646.637    724566016     45285376
        5528       131072      161269.683   1449132032     90570752
        6080            1          10.574        12160          760
        6080            2           9.426        24320         1520
        6080            4          12.648        48640         3040
        6080            8          17.481        97280         6080
        6080           16          28.222       194560        12160
        6080           32          49.870       389120        24320
        6080           64          92.926       778240        48640
        6080          128         179.257      1556480        97280
        6080          256         384.679      3112960       194560
        6080          512         696.508      6225920       389120
        6080         1024        1386.461     12451840       778240
        6080         2048        2786.770     24903680      1556480
        6080         4096        5542.152     49807360      3112960
        6080         8192       11086.527     99614720      6225920
        6080        16384       22176.201    199229440     12451840
        6080        32768       44315.219    398458880     24903680
        6080        65536       88611.216    796917760     49807360
        6080       131072      177219.431   1593835520     99614720
        6688            1          10.537        13376          836
        6688            2           9.685        26752         1672
        6688            4          13.073        53504         3344
        6688            8          18.482       107008         6688
        6688           16          30.407       214016        13376
        6688           32          53.981       428032        26752
        6688           64         101.017       856064        53504
        6688          128         231.404      1712128       107008
        6688          256         383.679      3424256       214016
        6688          512         760.396      6848512       428032
        6688         1024        1513.809     13697024       856064
        6688         2048        3037.285     27394048      1712128
        6688         4096        6064.273     54788096      3424256
        6688         8192       12116.714    109576192      6848512
        6688        16384       24206.003    219152384     13697024
        6688        32768       48424.765    438304768     27394048
        6688        65536       96800.662    876609536     54788096
        6688       131072      193613.935   1753219072    109576192
        7352            1          10.833        14704          919
        7352            2          10.110        29408         1838
        7352            4          13.852        58816         3676
        7352            8          19.815       117632         7352
        7352           16          32.925       235264        14704
        7352           32          58.942       470528        29408
        7352           64         110.831       941056        58816
        7352          128         214.775      1882112       117632
        7352          256         422.586      3764224       235264
        7352          512         838.172      7528448       470528
        7352         1024        1687.658     15056896       941056
        7352         2048        3345.595     30113792      1882112
        7352         4096        6672.876     60227584      3764224
        7352         8192       13372.861    120455168      7528448
        7352        16384       26687.908    240910336     15056896
        7352        32768       53409.855    481820672     30113792
        7352        65536       89836.664    963641344     60227584
        7352       131072       71037.445   1927282688    120455168
        8080            1          18.260        16160         1010
        8080            2          10.611        32320         2020
        8080            4          14.869        64640         4040
        8080            8          21.500       129280         8080
        8080           16          35.591       258560        16160
        8080           32          64.240       517120        32320
        8080           64         121.146      1034240        64640
        8080          128         235.440      2068480       129280
        8080          256         463.641      4136960       258560
        8080          512         920.171      8273920       517120
        8080         1024        1857.470     16547840      1034240
        8080         2048        3675.423     33095680      2068480
        8080         4096        7327.291     66191360      4136960
        8080         8192       14671.489    132382720      8273920
        8080        16384       29333.052    264765440     16547840
        8080        32768       59047.914    529530880     33095680
        8080        65536      117572.799   1059061760     66191360
        8080       131072      234506.886   2118123520    132382720
        8888            1          12.018        17776         1111
        8888            2          11.018        35552         2222
        8888            4          15.555        71104         4444
        8888            8          22.926       142208         8888
        8888           16          38.518       284416        17776
        8888           32          69.906       568832        35552
        8888           64         132.553      1137664        71104
        8888          128         257.829      2275328       142208
        8888          256         508.455      4550656       284416
        8888          512        1009.595      9101312       568832
        8888         1024        2031.912     18202624      1137664
        8888         2048        4032.881     36405248      2275328
        8888         4096        8055.354     72810496      4550656
        8888         8192       16102.985    145620992      9101312
        8888        16384       32200.693    291241984     18202624
        8888        32768       64373.405    582483968     36405248
        8888        65536      128763.977   1164967936     72810496
        9776            1          13.073        19552         1222
        9776            2          12.315        39104         2444
        9776            4          16.592        78208         4888
        9776            8          24.685       156416         9776
        9776           16          41.833       312832        19552
        9776           32          76.296       625664        39104
        9776           64         145.016      1251328        78208
        9776          128         282.830      2502656       156416
        9776          256         558.343      5005312       312832
        9776          512        1109.148     10010624       625664
        9776         1024        2227.242     20021248      1251328
        9776         2048        4430.598     40042496      2502656
        9776         4096        9073.671     80084992      5005312
        9776         8192       17797.367    160169984     10010624
        9776        16384       35407.124    320339968     20021248
        9776        32768       70778.138    640679936     40042496
        9776        65536      141537.367   1281359872     80084992
       10752            1          12.334        21504         1344
       10752            2          12.259        43008         2688
       10752            4          17.407        86016         5376
       10752            8          26.685       172032        10752
       10752           16          45.463       344064        21504
       10752           32          83.332       688128        43008
       10752           64         158.924      1376256        86016
       10752          128         310.217      2752512       172032
       10752          256         633.471      5505024       344064
       10752          512        1217.593     11010048       688128
       10752         1024        2455.183     22020096      1376256
       10752         2048        4863.961     44040192      2752512
       10752         4096        9716.439     88080384      5505024
       10752         8192       19438.044    176160768     11010048
       10752        16384       38874.626    352321536     22020096
       10752        32768       77694.196    704643072     44040192
       10752        65536      155616.186   1409286144     88080384
       11824            1          13.685        23648         1478
       11824            2          12.999        47296         2956
       11824            4          18.924        94592         5912
       11824            8          28.703       189184        11824
       11824           16          49.629       378368        23648
       11824           32          91.016       756736        47296
       11824           64         174.182      1513472        94592
       11824          128         340.421      3026944       189184
       11824          256         672.785      6053888       378368
       11824          512        1366.386     12107776       756736
       11824         1024        2667.383     24215552      1513472
       11824         2048        5444.728     48431104      3026944
       11824         4096       10739.182     96862208      6053888
       11824         8192       21377.847    193724416     12107776
       11824        16384       42726.509    387448832     24215552
       11824        32768       85450.335    774897664     48431104
       11824        65536      170826.985   1549795328     96862208
       13000            1          13.981        26000         1625
       13000            2          13.797        52000         3250
       13000            4          19.833       104000         6500
       13000            8          31.055       208000        13000
       13000           16          53.851       416000        26000
       13000           32          99.148       832000        52000
       13000           64         211.885      1664000       104000
       13000          128         371.939      3328000       208000
       13000          256         735.451      6656000       416000
       13000          512        1462.069     13312000       832000
       13000         1024        2932.862     26624000      1664000
       13000         2048        5839.389     53248000      3328000
       13000         4096       11681.500    106496000      6656000
       13000         8192       23351.428    212992000     13312000
       13000        16384       46703.615    425984000     26624000
       13000        32768       93385.840    851968000     53248000
       13000        65536      186725.905   1703936000    106496000
       14296            1          15.296        28592         1787
       14296            2          14.777        57184         3574
       14296            4          21.537       114368         7148
       14296            8          33.833       228736        14296
       14296           16          58.739       457472        28592
       14296           32         108.813       914944        57184
       14296           64         209.460      1829888       114368
       14296          128         410.235      3659776       228736
       14296          256         812.080      7319552       457472
       14296          512        1635.973     14639104       914944
       14296         1024        3239.912     29278208      1829888
       14296         2048        6452.380     58556416      3659776
       14296         4096       12905.685    117112832      7319552
       14296         8192       25811.630    234225664     14639104
       14296        16384       51576.169    468451328     29278208
       14296        32768      103147.672    936902656     58556416
       14296        65536      206968.812   1873805312    117112832
       15720            1          15.481        31440         1965
       15720            2          15.740        62880         3930
       15720            4          22.980       125760         7860
       15720            8          36.593       251520        15720
       15720           16          64.016       503040        31440
       15720           32         119.147      1006080        62880
       15720           64         229.646      2012160       125760
       15720          128         450.326      4024320       251520
       15720          256         891.783      8048640       503040
       15720          512        1809.082     16097280      1006080
       15720         1024        3539.963     32194560      2012160
       15720         2048        7124.221     64389120      4024320
       15720         4096       14221.165    128778240      8048640
       15720         8192       28374.091    257556480     16097280
       15720        16384       56703.367    515112960     32194560
       15720        32768      113855.802   1030225920     64389120
       15720        65536      227140.184   2060451840    128778240
       17288            1          17.056        34576         2161
       17288            2          16.629        69152         4322
       17288            4          24.779       138304         8644
       17288            8          39.574       276608        17288
       17288           16          69.425       553216        34576
       17288           32         129.443      1106432        69152
       17288           64         250.051      2212864       138304
       17288          128         490.566      4425728       276608
       17288          256         971.632      8851456       553216
       17288          512        1953.506     17702912      1106432
       17288         1024        3879.032     35405824      2212864
       17288         2048        7742.322     70811648      4425728
       17288         4096       15467.275    141623296      8851456
       17288         8192       30919.663    283246592     17702912
       17288        16384       61812.084    566493184     35405824
       17288        32768      123796.628   1132986368     70811648
       19016            1           9.555        38032         2377
       19016            2           5.908        76064         4754
       19016            4           8.815       152128         9508
       19016            8          14.278       304256        19016
       19016           16          25.314       608512        38032
       19016           32          47.499      1217024        76064
       19016           64          91.887      2434048       152128
       19016          128         180.497      4868096       304256
       19016          256         357.716      9736192       608512
       19016          512         719.674     19472384      1217024
       19016         1024        1421.959     38944768      2434048
       19016         2048        2846.085     77889536      4868096
       19016         4096        5683.226    155779072      9736192
       19016         8192       11367.340    311558144     19472384
       19016        16384       22731.124    623116288     38944768
       19016        32768       45458.064   1246232576     77889536
       20912            1          18.165        41824         2614
       20912            2          19.277        83648         5228
       20912            4          29.313       167296        10456
       20912            8          47.944       334592        20912
       20912           16          86.165       669184        41824
       20912           32         162.369      1338368        83648
       20912           64         314.828      2676736       167296
       20912          128         619.788      5353472       334592
       20912          256        1229.759     10706944       669184
       20912          512        2467.332     21413888      1338368
       20912         1024        4886.091     42827776      2676736
       20912         2048        9955.955     85655552      5353472
       20912         4096       19553.934    171311104     10706944
       20912         8192       38852.002    342622208     21413888
       20912        16384       77868.872    685244416     42827776
       20912        32768      155506.931   1370488832     85655552
       23000            1          19.166        46000         2875
       23000            2          21.109        92000         5750
       23000            4          32.202       184000        11500
       23000            8          52.647       368000        23000
       23000           16          94.258       736000        46000
       23000           32         177.424      1472000        92000
       23000           64         347.030      2944000       184000
       23000          128         683.785      5888000       368000
       23000          256        1367.996     11776000       736000
       23000          512        2698.366     23552000      1472000
       23000         1024        5438.545     47104000      2944000
       23000         2048       10737.554     94208000      5888000
       23000         4096       21529.421    188416000     11776000
       23000         8192       43133.232    376832000     23552000
       23000        16384       86116.170    753664000     47104000
       23000        32768      172768.071   1507328000     94208000
       25296            1          10.721        50592         3162
       25296            2           7.556       101184         6324
       25296            4          11.759       202368        12648
       25296            8          19.167       404736        25296
       25296           16          34.259       809472        50592
       25296           32          64.629      1618944       101184
       25296           64         125.424      3237888       202368
       25296          128         249.183      6475776       404736
       25296          256         494.566     12951552       809472
       25296          512         994.614     25903104      1618944
       25296         1024        1967.099     51806208      3237888
       25296         2048        3947.290    103612416      6475776
       25296         4096        7867.024    207224832     12951552
       25296         8192       15704.032    414449664     25903104
       25296        16384       31411.082    828899328     51806208
       25296        32768      157148.856   1657798656    103612416
       27824            1          21.462        55648         3478
       27824            2          24.166       111296         6956
       27824            4          37.555       222592        13912
       27824            8          62.240       445184        27824
       27824           16         113.146       890368        55648
       27824           32         215.034      1780736       111296
       27824           64         418.642      3561472       222592
       27824          128         825.711      7122944       445184
       27824          256        1659.344     14245888       890368
       27824          512        3286.097     28491776      1780736
       27824         1024        6541.583     56983552      3561472
       27824         2048       13105.572    113967104      7122944
       27824         4096       26314.922    227934208     14245888
       27824         8192       52390.422    455868416     28491776
       27824        16384      104615.495    911736832     56983552
       27824        32768      209662.188   1823473664    113967104
       30600            1          21.610        61200         3825
       30600            2          25.888       122400         7650
       30600            4          40.703       244800        15300
       30600            8          68.184       489600        30600
       30600           16         123.720       979200        61200
       30600           32         235.015      1958400       122400
       30600           64         456.067      3916800       244800
       30600          128         899.523      7833600       489600
       30600          256        1809.231     15667200       979200
       30600          512        3584.870     31334400      1958400
       30600         1024        7175.536     62668800      3916800
       30600         2048       14304.684    125337600      7833600
       30600         4096       28566.776    250675200     15667200
       30600         8192       57120.221    501350400     31334400
       30600        16384      114229.163   1002700800     62668800
       30600        32768      160057.429   2005401600    125337600
       33656            1          25.222        67312         4207
       33656            2          28.333       134624         8414
       33656            4          44.296       269248        16828
       33656            8          75.017       538496        33656
       33656           16         136.998      1076992        67312
       33656           32         261.126      2153984       134624
       33656           64         509.270      4307968       269248
       33656          128        1031.354      8615936       538496
       33656          256        1998.967     17231872      1076992
       33656          512        4013.956     34463744      2153984
       33656         1024        7996.764     68927488      4307968
       33656         2048       15973.325    137854976      8615936
       33656         4096       31903.226    275709952     17231872
       33656         8192       64256.851    551419904     34463744
       33656        16384      127874.119   1102839808     68927488
       37016            1          25.425        74032         4627
       37016            2          30.536       148064         9254
       37016            4          47.925       296128        18508
       37016            8          81.350       592256        37016
       37016           16         148.535      1184512        74032
       37016           32         283.366      2369024       148064
       37016           64         574.511      4738048       296128
       37016          128        1092.575      9476096       592256
       37016          256        2171.374     18952192      1184512
       37016          512        4344.710     37904384      2369024
       37016         1024        8686.791     75808768      4738048
       37016         2048       17343.545    151617536      9476096
       37016         4096       34657.164    303235072     18952192
       37016         8192       69571.601    606470144     37904384
       37016        16384      138605.306   1212940288     75808768
       40712            1          14.037        81424         5089
       40712            2          10.870       162848        10178
       40712            4          17.167       325696        20356
       40712            8          29.259       651392        40712
       40712           16          53.480      1302784        81424
       40712           32         102.072      2605568       162848
       40712           64         199.312      5211136       325696
       40712          128         406.882     10422272       651392
       40712          256         782.859     20844544      1302784
       40712          512        1560.939     41689088      2605568
       40712         1024        3134.822     83378176      5211136
       40712         2048        6282.699    166756352     10422272
       40712         4096       12533.675    333512704     20844544
       40712         8192       40898.383    667025408     41689088
       40712        16384      151482.275   1334050816     83378176
       44776            1          30.832        89552         5597
       44776            2          36.666       179104        11194
       44776            4          57.887       358208        22388
       44776            8          98.406       716416        44776
       44776           16         180.368      1432832        89552
       44776           32         344.606      2865664       179104
       44776           64         672.971      5731328       358208
       44776          128        1363.849     11462656       716416
       44776          256        2643.996     22925312      1432832
       44776          512        5307.047     45850624      2865664
       44776         1024       10559.947     91701248      5731328
       44776         2048       21136.227    183402496     11462656
       44776         4096       42403.638    366804992     22925312
       44776         8192       84402.559    733609984     45850624
       44776        16384      168835.972   1467219968     91701248
       49248            1          31.685        98496         6156
       49248            2          39.518       196992        12312
       49248            4          62.648       393984        24624
       49248            8         107.591       787968        49248
       49248           16         197.109      1575936        98496
       49248           32         377.402      3151872       196992
       49248           64         759.172      6303744       393984
       49248          128        1457.663     12607488       787968
       49248          256        2916.603     25214976      1575936
       49248          512        5800.669     50429952      3151872
       49248         1024       11611.524    100859904      6303744
       49248         2048       23228.455    201719808     12607488
       49248         4096       46396.447    403439616     25214976
       49248         8192       92720.044    806879232     50429952
       49248        16384      181716.516   1613758464    100859904
       54168            1          19.389       108336         6771
       54168            2          14.056       216672        13542
       54168            4          22.518       433344        27084
       54168            8          38.739       866688        54168
       54168           16          71.665      1733376       108336
       54168           32         137.683      3466752       216672
       54168           64         269.570      6933504       433344
       54168          128         533.603     13867008       866688
       54168          256        1069.743     27734016      1733376
       54168          512        2117.191     55468032      3466752
       54168         1024        4234.526    110936064      6933504
       54168         2048        8462.962    221872128     13867008
       54168         4096       22333.710    443744256     27734016
       54168         8192      102147.751    887488512     55468032
       54168        16384      203700.956   1774977024    110936064
       59584            1          38.777       119168         7448
       59584            2          45.962       238336        14896
       59584            4          74.091       476672        29792
       59584            8         128.646       953344        59584
       59584           16         238.534      1906688       119168
       59584           32         458.512      3813376       238336
       59584           64         898.634      7626752       476672
       59584          128        1807.120     15253504       953344
       59584          256        3559.870     30507008      1906688
       59584          512        7092.520     61014016      3813376
       59584         1024       14150.114    122028032      7626752
       59584         2048       28295.414    244056064     15253504
       59584         4096       56580.810    488112128     30507008
       59584         8192      113137.046    976224256     61014016
       59584        16384      226500.570   1952448512    122028032
       65536            1          51.054       131072         8192
       65536            2          49.536       262144        16384
       65536            4          79.091       524288        32768
       65536            8         138.164      1048576        65536
       65536           16         256.274      2097152       131072
       65536           32         513.696      4194304       262144
       65536           64         969.263      8388608       524288
       65536          128        1913.063     16777216      1048576
       65536          256        3822.441     33554432      2097152
       65536          512        7653.363     67108864      4194304
       65536         1024       15245.080    134217728      8388608
       65536         2048       30431.936    268435456     16777216
       65536         4096       60998.335    536870912     33554432
       65536         8192      121735.730   1073741824     67108864
       65536        16384      160320.099   2147483648    134217728
       72088            1          47.648       144176         9011
       72088            2          54.092       288352        18022
       72088            4          86.537       576704        36044
       72088            8         151.386      1153408        72088
       72088           16         281.736      2306816       144176
       72088           32         565.936      4613632       288352
       72088           64        1064.244      9227264       576704
       72088          128        2107.652     18454528      1153408
       72088          256        4219.009     36909056      2306816
       72088          512        8398.259     73818112      4613632
       72088         1024       16786.778    147636224      9227264
       72088         2048       33523.834    295272448     18454528
       72088         4096       67099.225    590544896     36909056
       72088         8192      134075.321   1181089792     73818112
       79296            1          43.222       158592         9912
       79296            2          58.870       317184        19824
       79296            4          95.055       634368        39648
       79296            8         166.905      1268736        79296
       79296           16         310.828      2537472       158592
       79296           32         618.453      5074944       317184
       79296           64        1175.685     10149888       634368
       79296          128        2328.668     20299776      1268736
       79296          256        4665.132     40599552      2537472
       79296          512        9277.338     81199104      5074944
       79296         1024       18544.177    162398208     10149888
       79296         2048       37060.411    324796416     20299776
       79296         4096       74155.782    649592832     40599552
       79296         8192      148612.526   1299185664     81199104
       87224            1          30.981       174448        10903
       87224            2          21.204       348896        21806
       87224            4          34.185       697792        43612
       87224            8          59.795      1395584        87224
       87224           16         112.405      2791168       174448
       87224           32         217.590      5582336       348896
       87224           64         435.864     11164672       697792
       87224          128         846.969     22329344      1395584
       87224          256        1686.993     44658688      2791168
       87224          512        3371.986     89317376      5582336
       87224         1024        6736.415    178634752     11164672
       87224         2048       13457.607    357269504     22329344
       87224         4096       26911.327    714539008     44658688
       87224         8192      139579.705   1429078016     89317376
       95944            1          51.406       191888        11993
       95944            2          69.870       383776        23986
       95944            4         113.276       767552        47972
       95944            8         199.571      1535104        95944
       95944           16         373.420      3070208       191888
       95944           32         720.765      6140416       383776
       95944           64        1436.293     12280832       767552
       95944          128        2805.142     24561664      1535104
       95944          256        5615.210     49123328      3070208
       95944          512       11197.900     98246656      6140416
       95944         1024       22336.453    196493312     12280832
       95944         2048       44653.703    392986624     24561664
       95944         4096       89341.016    785973248     49123328
       95944         8192      179335.355   1571946496     98246656
      105536            1          58.462       211072        13192
      105536            2          76.424       422144        26384
      105536            4         123.645       844288        52768
      105536            8         219.554      1688576       105536
      105536           16         409.661      3377152       211072
      105536           32         791.636      6754304       422144
      105536           64        1555.032     13508608       844288
      105536          128        3099.934     27017216      1688576
      105536          256        6169.479     54034432      3377152
      105536          512       12304.607    108068864      6754304
      105536         1024       24722.879    216137728     13508608
      105536         2048       49176.708    432275456     27017216
      105536         4096       98177.586    864550912     54034432
      105536         8192      196390.578   1729101824    108068864
      116088            1          40.221       232176        14511
      116088            2          28.795       464352        29022
      116088            4          45.313       928704        58044
      116088            8          89.480      1857408       116088
      116088           16         149.201      3714816       232176
      116088           32         288.292      7429632       464352
      116088           64         566.416     14859264       928704
      116088          128        1122.390     29718528      1857408
      116088          256        2240.466     59437056      3714816
      116088          512        4465.098    118874112      7429632
      116088         1024        8920.030    237748224     14859264
      116088         2048       17831.782    475496448     29718528
      116088         4096       35651.674    950992896     59437056
      116088         8192      154482.799   1901985792    118874112
      127696            1          65.981       255392        15962
      127696            2          90.850       510784        31924
      127696            4         148.036      1021568        63848
      127696            8         262.607      2043136       127696
      127696           16         491.751      4086272       255392
      127696           32         970.706      8172544       510784
      127696           64        1867.360     16345088      1021568
      127696          128        3718.276     32690176      2043136
      127696          256        7407.682     65380352      4086272
      127696          512       15232.915    130760704      8172544
      127696         1024       29533.418    261521408     16345088
      127696         2048       58964.078    523042816     32690176
      127696         4096      118169.487   1046085632     65380352
      127696         8192      235799.556   2092171264    130760704
      140464            1          75.444       280928        17558
      140464            2         100.055       561856        35116
      140464            4         161.960      1123712        70232
      140464            8         287.051      2247424       140464
      140464           16         540.603      4494848       280928
      140464           32        1065.391      8989696       561856
      140464           64        2052.487     17979392      1123712
      140464          128        4087.234     35958784      2247424
      140464          256        8137.265     71917568      4494848
      140464          512       16234.974    143835136      8989696
      140464         1024       32456.023    287670272     17979392
      140464         2048       64916.359    575340544     35958784
      140464         4096      129852.015   1150681088     71917568
      154504            1          52.833       309008        19313
      154504            2          38.425       618016        38626
      154504            4          58.926      1236032        77252
      154504            8         114.962      2472064       154504
      154504           16         199.534      4944128       309008
      154504           32         380.513      9888256       618016
      154504           64         748.397     19776512      1236032
      154504          128        1484.051     39553024      2472064
      154504          256        2968.436     79106048      4944128
      154504          512        5903.835    158212096      9888256
      154504         1024       11799.562    316424192     19776512
      154504         2048       66272.264    632848384     39553024
      154504         4096      141845.332   1265696768     79106048
      169952            1          89.184       339904        21244
      169952            2         121.425       679808        42488
      169952            4         195.997      1359616        84976
      169952            8         348.495      2719232       169952
      169952           16         674.749      5438464       339904
      169952           32        1265.128     10876928       679808
      169952           64        2506.517     21753856      1359616
      169952          128        4953.239     43507712      2719232
      169952          256        9880.108     87015424      5438464
      169952          512       19714.199    174030848     10876928
      169952         1024       39349.511    348061696     21753856
      169952         2048       78646.522    696123392     43507712
      169952         4096      157403.411   1392246784     87015424
      186944            1         103.388       373888        23368
      186944            2         132.073       747776        46736
      186944            4         214.570      1495552        93472
      186944            8         382.829      2991104       186944
      186944           16         741.581      5982208       373888
      186944           32        1394.441     11964416       747776
      186944           64        2762.088     23928832      1495552
      186944          128        5459.380     47857664      2991104
      186944          256       10887.501     95715328      5982208
      186944          512       21711.299    191430656     11964416
      186944         1024       43401.616    382861312     23928832
      186944         2048       87856.865    765722624     47857664
      186944         4096      173764.776   1531445248     95715328
      205632            1         106.016       411264        25704
      205632            2         145.701       822528        51408
      205632            4         235.126      1645056       102816
      205632            8         420.067      3290112       205632
      205632           16         814.914      6580224       411264
      205632           32        1533.051     13160448       822528
      205632           64        3208.691     26320896      1645056
      205632          128        6109.573     52641792      3290112
      205632          256       11973.226    105283584      6580224
      205632          512       23903.396    210567168     13160448
      205632         1024       47755.069    421134336     26320896
      205632         2048       95420.120    842268672     52641792
      205632         4096      190997.220   1684537344    105283584
      226192            1         127.998       452384        28274
      226192            2         186.849       904768        56548
      226192            4         254.052      1809536       113096
      226192            8         452.976      3619072       226192
      226192           16         853.005      7238144       452384
      226192           32        1656.733     14476288       904768
      226192           64        3271.172     28952576      1809536
      226192          128        6477.123     57905152      3619072
      226192          256       12895.619    115810304      7238144
      226192          512       25728.553    231620608     14476288
      226192         1024       51460.866    463241216     28952576
      226192         2048      102732.641    926482432     57905152
      226192         4096      205440.375   1852964864    115810304
      248808            1         140.535       497616        31101
      248808            2         179.183       995232        62202
      248808            4         283.866      1990464       124404
      248808            8         506.659      3980928       248808
      248808           16         978.206      7961856       497616
      248808           32        1846.361     15923712       995232
      248808           64        3651.500     31847424      1990464
      248808          128        7241.223     63694848      3980928
      248808          256       14422.911    127389696      7961856
      248808          512       28805.563    254779392     15923712
      248808         1024       57514.294    509558784     31847424
      248808         2048       82490.285   1019117568     63694848
      248808         4096       76398.988   2038235136    127389696
      273688            1         141.147       547376        34211
      273688            2         192.349      1094752        68422
      273688            4         306.440      2189504       136844
      273688            8         546.620      4379008       273688
      273688           16        1060.095      8758016       547376
      273688           32        1997.748     17516032      1094752
      273688           64        3952.088     35032064      2189504
      273688          128        7837.771     70064128      4379008
      273688          256       15618.115    140128256      8758016
      273688          512       31177.250    280256512     17516032
      273688         1024       62259.575    560513024     35032064
      273688         2048      125241.897   1121026048     70064128
      301056            1         147.368       602112        37632
      301056            2         209.775      1204224        75264
      301056            4         337.106      2408448       150528
      301056            8         605.435      4816896       301056
      301056           16        1168.093      9633792       602112
      301056           32        2217.319     19267584      1204224
      301056           64        4386.656     38535168      2408448
      301056          128        8710.553     77070336      4816896
      301056          256       17321.034    154140672      9633792
      301056          512       34637.031    308281344     19267584
      301056         1024       70095.012    616562688     38535168
      301056         2048      138507.217   1233125376     77070336
      331160            1         110.721       662320        41395
      331160            2          89.572      1324640        82790
      331160            4         122.979      2649280       165580
      331160            8         220.071      5298560       331160
      331160           16         414.883     10597120       662320
      331160           32         805.043     21194240      1324640
      331160           64        1583.106     42388480      2649280
      331160          128        3154.229     84776960      5298560
      331160          256        6270.406    169553920     10597120
      331160          512       12506.995    339107840     21194240
      331160         1024       65649.414    678215680     42388480
      331160         2048      151196.305   1356431360     84776960
      364272            1         200.165       728544        45534
      364272            2         260.940      1457088        91068
      364272            4         409.734      2914176       182136
      364272            8         734.120      5828352       364272
      364272           16        1383.628     11656704       728544
      364272           32        2718.383     23313408      1457088
      364272           64        5314.772     46626816      2914176
      364272          128       10542.359     93253632      5828352
      364272          256       20990.423    186507264     11656704
      364272          512       41958.070    373014528     23313408
      364272         1024       84756.386    746029056     46626816
      364272         2048      167820.815   1492058112     93253632
      400696            1         250.237       801392        50087
      400696            2         286.626      1602784       100174
      400696            4         446.846      3205568       200348
      400696            8         801.766      6411136       400696
      400696           16        1552.977     12822272       801392
      400696           32        2968.566     25644544      1602784
      400696           64        5888.375     51289088      3205568
      400696          128       11622.936    102578176      6411136
      400696          256       23426.591    205156352     12822272
      400696          512       46168.395    410312704     25644544
      400696         1024       92432.030    820625408     51289088
      400696         2048      184501.104   1641250816    102578176
      440760            1         159.701       881520        55095
      440760            2         154.665      1763040       110190
      440760            4         184.461      3526080       220380
      440760            8         325.347      7052160       440760
      440760           16         615.195     14104320       881520
      440760           32        1131.520     28208640      1763040
      440760           64        4287.343     56417280      3526080
      440760          128       12910.972    112834560      7052160
      440760          256       25694.149    225669120     14104320
      440760          512       51340.726    451338240     28208640
      440760         1024      103505.032    902676480     56417280
      440760         2048      204804.412   1805352960    112834560
      484832            1         250.237       969664        60604
      484832            2         407.995      1939328       121208
      484832            4         567.492      3878656       242416
      484832            8        1009.651      7757312       484832
      484832           16        1967.063     15514624       969664
      484832           32        3809.887     31029248      1939328
      484832           64        7426.462     62058496      3878656
      484832          128       14836.832    124116992      7757312
      484832          256       29502.463    248233984     15514624
      484832          512       57718.130    496467968     31029248
      484832         1024      115482.040    992935936     62058496
      484832         2048      231439.718   1985871872    124116992
      533312            1         282.329      1066624        66664
      533312            2         413.421      2133248       133328
      533312            4         622.287      4266496       266656
      533312            8        1110.576      8532992       533312
      533312           16        2158.393     17065984      1066624
      533312           32        4117.623     34131968      2133248
      533312           64        8142.267     68263936      4266496
      533312          128       16094.054    136527872      8532992
      533312          256       31720.540    273055744     17065984
      533312          512       63443.749    546111488     34131968
      533312         1024       79296.991   1092222976     68263936
      586640            1         388.957      1173280        73330
      586640            2         511.103      2346560       146660
      586640            4         695.397      4693120       293320
      586640            8        1239.740      9386240       586640
      586640           16        2507.518     18772480      1173280
      586640           32        4517.395     37544960      2346560
      586640           64        9019.234     75089920      4693120
      586640          128       17448.238    150179840      9386240
      586640          256       34787.181    300359680     18772480
      586640          512       69131.516    600719360     37544960
      586640         1024      138435.624   1201438720     75089920
      645304            1         350.439      1290608        80663
      645304            2         560.399      2581216       161326
      645304            4         771.896      5162432       322652
      645304            8        1439.368     10324864       645304
      645304           16        2591.776     20649728      1290608
      645304           32        5051.461     41299456      2581216
      645304           64        9949.610     82598912      5162432
      645304          128       19696.333    165197824     10324864
      645304          256       39433.187    330395648     20649728
      645304          512       79530.028    660791296     41299456
      645304         1024      158025.148   1321582592     82598912
      709832            1         396.161      1419664        88729
      709832            2         726.952      2839328       177458
      709832            4         932.135      5678656       354916
      709832            8        1562.365     11357312       709832
      709832           16        3023.454     22714624      1419664
      709832           32        5840.820     45429248      2839328
      709832           64       11400.645     90858496      5678656
      709832          128       22460.515    181716992     11357312
      709832          256       44813.200    363433984     22714624
      709832          512       89979.430    726867968     45429248
      709832         1024      187653.393   1453735936     90858496
      780808            1         434.290      1561616        97601
      780808            2         717.971      3123232       195202
      780808            4        1107.410      6246464       390404
      780808            8        1914.471     12492928       780808
      780808           16        3507.725     24985856      1561616
      780808           32        7001.303     49971712      3123232
      780808           64       13414.410     99943424      6246464
      780808          128       26478.197    199886848     12492928
      780808          256       57429.140    399773696     24985856
      780808          512      106476.574    799547392     49971712
      780808         1024      211513.150   1599094784     99943424
      858888            1         328.050      1717776       107361
      858888            2         609.973      3435552       214722
      858888            4        1052.818      6871104       429444
      858888            8        1491.106     13742208       858888
      858888           16        2687.163     27484416      1717776
      858888           32        5021.888     54968832      3435552
      858888           64        9859.057    109937664      6871104
      858888          128       18292.448    219875328     13742208
      858888          256       35866.372    439750656     27484416
      858888          512       67467.473    879501312     54968832
      858888         1024      247839.444   1759002624    109937664
      944776            1         534.844      1889552       118097
      944776            2         963.226      3779104       236194
      944776            4        1491.514      7558208       472388
      944776            8        2782.996     15116416       944776
      944776           16        4840.483     30232832      1889552
      944776           32        9339.675     60465664      3779104
      944776           64       18296.597    120931328      7558208
      944776          128       37533.050    241862656     15116416
      944776          256       75671.704    483725312     30232832
      944776          512      151535.571    967450624     60465664
      944776         1024      304904.101   1934901248    120931328
     1039248            1         641.121      2078496       129906
     1039248            2        1370.757      4156992       259812
     1039248            4        2043.969      8313984       519624
     1039248            8        3512.928     16627968      1039248
     1039248           16        6230.499     33255936      2078496
     1039248           32       11987.580     66511872      4156992
     1039248           64       23639.055    133023744      8313984
     1039248          128       46285.846    266047488     16627968
     1039248          256       96628.653    532094976     33255936
     1039248          512      144515.792   1064189952     66511872
     1039248         1024      317473.994   2128379904    133023744
     1143168            1         818.710      2286336       142896
     1143168            2        1658.716      4572672       285792
     1143168            4        2444.020      9145344       571584
     1143168            8        4175.307     18290688      1143168
     1143168           16        7611.387     36581376      2286336
     1143168           32       14494.117     73162752      4572672
     1143168           64       29061.251    146325504      9145344
     1143168          128       57354.720    292651008     18290688
     1143168          256      111202.197    585302016     36581376
     1143168          512      221533.335   1170604032     73162752
     1257480            1         869.024      2514960       157185
     1257480            2        1937.046      5029920       314370
     1257480            4        3091.416     10059840       628740
     1257480            8        5123.869     20119680      1257480
     1257480           16        9142.920     40239360      2514960
     1257480           32       17424.371     80478720      5029920
     1257480           64       34408.397    160957440     10059840
     1257480          128       67090.560    321914880     20119680
     1257480          256      134399.412    643829760     40239360
     1257480          512      262822.875   1287659520     80478720
     1383224            1         920.727      2766448       172903
     1383224            2        2444.853      5532896       345806
     1383224            4        3858.313     11065792       691612
     1383224            8        6478.107     22131584      1383224
     1383224           16       11974.600     44263168      2766448
     1383224           32       22932.716     88526336      5532896
     1383224           64       43655.166    177052672     11065792
     1383224          128       86611.919    354105344     22131584
     1383224          256      175454.731    708210688     44263168
     1383224          512      341129.941   1416421376     88526336
     1521544            1        1053.948      3043088       190193
     1521544            2        2800.162      6086176       380386
     1521544            4        4647.599     12172352       760772
     1521544            8        7878.180     24344704      1521544
     1521544           16       14136.365     48689408      3043088
     1521544           32       26981.730     97378816      6086176
     1521544           64       52370.446    194757632     12172352
     1521544          128      102518.796    389515264     24344704
     1521544          256      209456.212    779030528     48689408
     1521544          512      405511.443   1558061056     97378816
     1673696            1        1108.187      3347392       209212
     1673696            2        3252.489      6694784       418424
     1673696            4        5128.591     13389568       836848
     1673696            8        8904.813     26779136      1673696
     1673696           16       15853.895     53558272      3347392
     1673696           32       29981.500    107116544      6694784
     1673696           64       57445.205    214233088     13389568
     1673696          128      113264.435    428466176     26779136
     1673696          256      224663.421    856932352     53558272
     1673696          512      462463.886   1713864704    107116544
     1841064            1        1395.294      3682128       230133
     1841064            2        3869.054      7364256       460266
     1841064            4        5879.655     14728512       920532
     1841064            8       10329.440     29457024      1841064
     1841064           16       17810.793     58914048      3682128
     1841064           32       33605.170    117828096      7364256
     1841064           64       65759.788    235656192     14728512
     1841064          128      130673.422    471312384     29457024
     1841064          256      257375.350    942624768     58914048
     1841064          512      485296.916   1885249536    117828096
     2025168            1        1201.372      4050336       253146
     2025168            2        3678.094      8100672       506292
     2025168            4        6189.723     16201344      1012584
     2025168            8       11243.649     32402688      2025168
     2025168           16       19882.948     64805376      4050336
     2025168           32       37227.341    129610752      8100672
     2025168           64       72720.929    259221504     16201344
     2025168          128      152147.017    518443008     32402688
     2025168          256      255118.130   1036886016     64805376
     2025168          512      516608.428   2073772032    129610752
     2227680            1        1750.844      4455360       278460
     2227680            2        4689.542      8910720       556920
     2227680            4        7307.467     17821440      1113840
     2227680            8       11490.053     35642880      2227680
     2227680           16       19610.859     71285760      4455360
     2227680           32       36574.814    142571520      8910720
     2227680           64       72572.915    285143040     17821440
     2227680          128      145565.323    570286080     35642880
     2227680          256      279907.255   1140572160     71285760
     2450448            1        1704.291      4900896       306306
     2450448            2        4974.519      9801792       612612
     2450448            4        6606.459     19603584      1225224
     2450448            8       10574.789     39207168      2450448
     2450448           16       18934.018     78414336      4900896
     2450448           32       38949.094    156828672      9801792
     2450448           64       77948.671    313657344     19603584
     2450448          128      155014.408    627314688     39207168
     2450448          256      303367.322   1254629376     78414336
     2695488            1        2201.744      5390976       336936
     2695488            2        5280.311     10781952       673872
     2695488            4        7601.888     21563904      1347744
     2695488            8       13162.307     43127808      2695488
     2695488           16       22529.262     86255616      5390976
     2695488           32       43963.503    172511232     10781952
     2695488           64       85080.381    345022464     21563904
     2695488          128      166554.336    690044928     43127808
     2695488          256      335280.161   1380089856     86255616
     2965032            1        2247.763      5930064       370629
     2965032            2        5263.108     11860128       741258
     2965032            4        7864.292     23720256      1482516
     2965032            8       14443.437     47440512      2965032
     2965032           16       26661.444     94881024      5930064
     2965032           32       55019.565    189762048     11860128
     2965032           64       93895.903    379524096     23720256
     2965032          128      188809.421    759048192     47440512
     2965032          256      370022.565   1518096384     94881024
     3261528            1        2827.792      6523056       407691
     3261528            2        6372.518     13046112       815382
     3261528            4        9519.694     26092224      1630764
     3261528            8       16238.319     52184448      3261528
     3261528           16       28494.010    104368896      6523056
     3261528           32       52809.505    208737792     13046112
     3261528           64      115709.143    417475584     26092224
     3261528          128      203657.839    834951168     52184448
     3261528          256      411163.810   1669902336    104368896
     3587680            1        2931.402      7175360       448460
     3587680            2        7030.324     14350720       896920
     3587680            4       10399.274     28701440      1793840
     3587680            8       17339.488     57402880      3587680
     3587680           16       31561.095    114805760      7175360
     3587680           32       60850.372    229611520     14350720
     3587680           64      115177.208    459223040     28701440
     3587680          128      226748.155    918446080     57402880
     3587680          256      457258.037   1836892160    114805760
     3946448            1        3340.711      7892896       493306
     3946448            2        7783.906     15785792       986612
     3946448            4       11747.422     31571584      1973224
     3946448            8       19379.237     63143168      3946448
     3946448           16       35492.095    126286336      7892896
     3946448           32       69785.077    252572672     15785792
     3946448           64      127443.663    505145344     31571584
     3946448          128      244092.076   1010290688     63143168
     3946448          256      498459.691   2020581376    126286336
     4341088            1        3789.335      8682176       542636
     4341088            2        8696.727     17364352      1085272
     4341088            4       12689.464     34728704      2170544
     4341088            8       20706.403     69457408      4341088
     4341088           16       37551.825    138914816      8682176
     4341088           32       74707.452    277829632     17364352
     4341088           64      145550.441    555659264     34728704
     4341088          128      276840.921   1111318528     69457408
     4775192            1        3639.558      9550384       596899
     4775192            2        8632.598     19100768      1193798
     4775192            4       12894.980     38201536      2387596
     4775192            8       21517.039     76403072      4775192
     4775192           16       39504.001    152806144      9550384
     4775192           32       73398.509    305612288     19100768
     4775192           64      147788.356    611224576     38201536
     4775192          128      325507.998   1222449152     76403072
     5252704            1        4725.172     10505408       656588
     5252704            2       10389.516     21010816      1313176
     5252704            4       15662.884     42021632      2626352
     5252704            8       25250.264     84043264      5252704
     5252704           16       46237.700    168086528     10505408
     5252704           32       89008.489    336173056     21010816
     5252704           64      169942.594    672346112     42021632
     5252704          128      344673.991   1344692224     84043264
     5777968            1        5182.147     11555936       722246
     5777968            2       11550.352     23111872      1444492
     5777968            4       16870.238     46223744      2888984
     5777968            8       29972.547     92447488      5777968
     5777968           16       54051.958    184894976     11555936
     5777968           32       98026.896    369789952     23111872
     5777968           64      200592.968    739579904     46223744
     5777968          128      369202.569   1479159808     92447488
     6355760            1        5732.381     12711520       794470
     6355760            2       12338.562     25423040      1588940
     6355760            4       18535.085     50846080      3177880
     6355760            8       31922.095    101692160      6355760
     6355760           16       56885.642    203384320     12711520
     6355760           32      110782.475    406768640     25423040
     6355760           64      208629.563    813537280     50846080
     6355760          128      408689.916   1627074560    101692160
     6991336            1        6361.075     13982672       873917
     6991336            2       13733.265     27965344      1747834
     6991336            4       20506.185     55930688      3495668
     6991336            8       35467.248    111861376      6991336
     6991336           16       62478.840    223722752     13982672
     6991336           32      119176.707    447445504     27965344
     6991336           64      227531.405    894891008     55930688
     6991336          128      453736.761   1789782016    111861376
     7690464            1        7125.230     15380928       961308
     7690464            2       15442.704     30761856      1922616
     7690464            4       23082.742     61523712      3845232
     7690464            8       38764.609    123047424      7690464
     7690464           16       68355.035    246094848     15380928
     7690464           32      130804.415    492189696     30761856
     7690464           64      254752.834    984379392     61523712
     7690464          128      476466.705   1968758784    123047424
     8459504            1        7664.983     16919008      1057438
     8459504            2       17146.421     33838016      2114876
     8459504            4       25827.704     67676032      4229752
     8459504            8       41925.455    135352064      8459504
     8459504           16       80457.973    270704128     16919008
     8459504           32      142615.379    541408256     33838016
     8459504           64      275857.410   1082816512     67676032
     9305448            1        8495.860     18610896      1163181
     9305448            2       18616.770     37221792      2326362
     9305448            4       27854.564     74443584      4652724
     9305448            8       46272.874    148887168      9305448
     9305448           16       84201.866    297774336     18610896
     9305448           32      157291.115    595548672     37221792
     9305448           64      295826.964   1191097344     74443584
    10235992            1        9367.403     20471984      1279499
    10235992            2       20002.454     40943968      2558998
    10235992            4       30397.547     81887936      5117996
    10235992            8       51068.750    163775872     10235992
    10235992           16       94995.622    327551744     20471984
    10235992           32      173325.351    655103488     40943968
    10235992           64      347900.132   1310206976     81887936
    11259584            1       10541.147     22519168      1407448
    11259584            2       22680.083     45038336      2814896
    11259584            4       34167.067     90076672      5629792
    11259584            8       56937.186    180153344     11259584
    11259584           16       96743.283    360306688     22519168
    11259584           32      177026.046    720613376     45038336
    11259584           64      371585.545   1441226752     90076672
    12385536            1       11582.464     24771072      1548192
    12385536            2       24804.942     49542144      3096384
    12385536            4       37680.018     99084288      6192768
    12385536            8       60303.769    198168576     12385536
    12385536           16      111195.932    396337152     24771072
    12385536           32      215668.497    792674304     49542144
    12385536           64      407129.141   1585348608     99084288
    13624088            1       12059.032     27248176      1703011
    13624088            2       25121.754     54496352      3406022
    13624088            4       48150.314    108992704      6812044
    13624088            8       84430.667    217985408     13624088
    13624088           16      153030.488    435970816     27248176
    13624088           32      294684.268    871941632     54496352
    13624088           64      463642.252   1743883264    108992704
    14986496            1       14804.734     29972992      1873312
    14986496            2       29893.353     59945984      3746624
    14986496            4       44834.289    119891968      7493248
    14986496            8       74949.101    239783936     14986496
    14986496           16      133013.572    479567872     29972992
    14986496           32      253051.757    959135744     59945984
    14986496           64      486928.158   1918271488    119891968
    16485144            1       16275.547     32970288      2060643
    16485144            2       32575.612     65940576      4121286
    16485144            4       48241.519    131881152      8242572
    16485144            8       83285.169    263762304     16485144
    16485144           16      146766.381    527524608     32970288
    16485144           32      278415.441   1055049216     65940576
    16485144           64      545382.825   2110098432    131881152
    18133656            1       17044.721     36267312      2266707
    18133656            2       35463.775     72534624      4533414
    18133656            4       54674.003    145069248      9066828
    18133656            8       88685.003    290138496     18133656
    18133656           16      169364.046    580276992     36267312
    18133656           32      304294.453   1160553984     72534624
    19947016            1       19737.518     39894032      2493377
    19947016            2       39705.957     79788064      4986754
    19947016            4       58178.233    159576128      9973508
    19947016            8       98744.160    319152256     19947016
    19947016           16      180087.362    638304512     39894032
    19947016           32      335881.883   1276609024     79788064
    21941712            1       20575.505     43883424      2742714
    21941712            2       43706.568     87766848      5485428
    21941712            4       65367.781    175533696     10970856
    21941712            8      108134.511    351067392     21941712
    21941712           16      197116.125    702134784     43883424
    21941712           32      371725.720   1404269568     87766848
    24135880            1       23485.799     48271760      3016985
    24135880            2       47869.436     96543520      6033970
    24135880            4       75220.292    193087040     12067940
    24135880            8      120887.241    386174080     24135880
    24135880           16      217341.067    772348160     48271760
    24135880           32      407562.463   1544696320     96543520
    26549464            1       25954.024     53098928      3318683
    26549464            2       52626.536    106197856      6637366
    26549464            4       79753.080    212395712     13274732
    26549464            8      131550.593    424791424     26549464
    26549464           16      239578.021    849582848     53098928
    26549464           32      453169.592   1699165696    106197856
    29204408            1       27972.107     58408816      3650551
    29204408            2       58660.362    116817632      7301102
    29204408            4       85729.000    233635264     14602204
    29204408            8      149302.718    467270528     29204408
    29204408           16      254229.079    934541056     58408816
    29204408           32      477824.910   1869082112    116817632
    32124848            1       31593.224     64249696      4015606
    32124848            2       62786.288    128499392      8031212
    32124848            4       97028.048    256998784     16062424
    32124848            8      167497.967    513997568     32124848
    32124848           16      290157.861   1027995136     64249696
    32124848           32      550552.164   2055990272    128499392
    35337328            1       35069.621     70674656      4417166
    35337328            2       67931.644    141349312      8834332
    35337328            4      104558.686    282698624     17668664
    35337328            8      174476.930    565397248     35337328
    35337328           16      315341.238   1130794496     70674656
    38871056            1       36695.691     77742112      4858882
    38871056            2       77074.683    155484224      9717764
    38871056            4      113688.987    310968448     19435528
    38871056            8      190016.830    621936896     38871056
    38871056           16      344628.043   1243873792     77742112
    42758160            1       37534.866     85516320      5344770
    42758160            2       87849.628    171032640     10689540
    42758160            4      125074.959    342065280     21379080
    42758160            8      206908.172    684130560     42758160
    42758160           16      373976.806   1368261120     85516320
    47033976            1       45089.372     94067952      5879247
    47033976            2       89684.511    188135904     11758494
    47033976            4      136381.769    376271808     23516988
    47033976            8      232891.741    752543616     47033976
    47033976           16      410321.163   1505087232     94067952
    51737368            1       49046.762    103474736      6467171
    51737368            2       98356.559    206949472     12934342
    51737368            4      147369.138    413898944     25868684
    51737368            8      246758.552    827797888     51737368
    51737368           16      447891.930   1655595776    103474736
    56911104            1       57892.475    113822208      7113888
    56911104            2      106540.170    227644416     14227776
    56911104            4      163208.181    455288832     28455552
    56911104            8      278466.639    910577664     56911104
    56911104           16      449854.192   1821155328    113822208
    62602208            1       57178.633    125204416      7825276
    62602208            2      122814.282    250408832     15650552
    62602208            4      177612.653    500817664     31301104
    62602208            8      320120.329   1001635328     62602208
    62602208           16      551404.393   2003270656    125204416
    68862424            1       57674.611    137724848      8607803
    68862424            2      114900.801    275449696     17215606
    68862424            4      193440.032    550899392     34431212
    68862424            8      312363.668   1101798784     68862424
    75748664            1       95765.011    151497328      9468583
    75748664            2      190255.097    302994656     18937166
    75748664            4      233060.897    605989312     37874332
    75748664            8      358433.264   1211978624     75748664
    83323528            1       79959.714    166647056     10415441
    83323528            2      150643.796    333294112     20830882
    83323528            4      225254.084    666588224     41661764
    83323528            8      377083.569   1333176448     83323528
    91655880            1       80700.650    183311760     11456985
    91655880            2      163637.937    366623520     22913970
    91655880            4      255507.710    733247040     45827940
    91655880            8      416280.817   1466494080     91655880
   100821464            1       90029.968    201642928     12602683
   100821464            2      192575.227    403285856     25205366
   100821464            4      285737.006    806571712     50410732
   100821464            8      458414.975   1613143424    100821464
   110903608            1      100100.129    221807216     13862951
   110903608            2      175769.926    443614432     27725902
   110903608            4      289143.707    887228864     55451804
   110903608            8      504812.686   1774457728    110903608
   121993968            1      110363.750    243987936     15249246
   121993968            2      219126.764    487975872     30498492
   121993968            4      331142.475    975951744     60996984
   121993968            8      535778.778   1951903488    121993968
   134193360            1      119989.049    268386720     16774170
   134193360            2      247301.904    536773440     33548340
   134193360            4      360913.076   1073546880     67096680
   134193360            8      615876.271   2147093760    134193360
   147612696            1      150361.452    295225392     18451587
   147612696            2      264539.343    590450784     36903174
   147612696            4      407985.076   1180901568     73806348
   162373960            1      145494.949    324747920     20296745
   162373960            2      296195.624    649495840     40593490
   162373960            4      455947.343   1298991680     81186980
   178611352            1      159089.896    357222704     22326419
   178611352            2      329800.600    714445408     44652838
   178611352            4      487364.542   1428890816     89305676
   196472480            1      176379.203    392944960     24559060
   196472480            2      353475.065    785889920     49118120
   196472480            4      506889.993   1571779840     98236240
   216119728            1      191693.280    432239456     27014966
   216119728            2      391390.081    864478912     54029932
   216119728            4      587796.303   1728957824    108059864
   237731696            1      229011.133    475463392     29716462
   237731696            2      426511.691    950926784     59432924
   237731696            4      642660.709   1901853568    118865848
   261504864            1      236991.014    523009728     32688108
   261504864            2      429091.262   1046019456     65376216
   261504864            4      678422.580   2092038912    130752432
   287655344            1      260737.182    575310688     35956918
   287655344            2      518789.036   1150621376     71913836
   316420872            1      299272.839    632841744     39552609
   316420872            2      575972.962   1265683488     79105218
   348062952            1      312868.922    696125904     43507869
   348062952            2      629424.985   1392251808     87015738
   382869240            1      344096.937    765738480     47858655
   382869240            2      695994.831   1531476960     95717310
   421156160            1      383143.981    842312320     52644520
   421156160            2      747279.499   1684624640    105289040
   463271776            1      419322.602    926543552     57908972
   463271776            2      847874.311   1853087104    115817944
   509598952            1      461763.364   1019197904     63699869
   509598952            2      917920.605   2038395808    127399738
   560558840            1      451950.951   1121117680     70069855
   616614720            1      554735.376   1233229440     77076840
   678276192            1      589856.682   1356552384     84784524
   746103808            1      678481.910   1492207616     93262976
   820714184            1      732876.432   1641428368    102589273
   902785600            1      815871.391   1805571200    112848200
   993064160            1      877425.172   1986128320    124133020

META_DATA
FLOPS          1
OPENMP_THREADS 1
ERT_VERSION  1.1.0
HOSTNAME  ('raspi', [], ['127.0.1.1'])
UNAME  uname_result(system='Linux', node='raspi', release='6.1.21-v8+', version='#1642 SMP PREEMPT Mon Apr  3 17:24:16 BST 2023', machine='aarch64')
TIMESTAMP_DATA  1765908737.08821
CONFIG  {'ERT_MPI': ['False'], 'ERT_OPENMP': ['True'], 'ERT_OPENMP_CFLAGS': ['-fopenmp'], 'ERT_OPENMP_LDFLAGS': ['-fopenmp'], 'ERT_PRECISION': ['FP64'], 'ERT_TRIALS_MIN': ['1'], 'ERT_TRIALS': ['3', '#', 'Run', 'each', 'test', '3', 'times', 'to', 'filter', 'out', 'background', 'noise'], 'ERT_RESULTS': ['Results/Raspi'], 'ERT_GNUPLOT': ['gnuplot'], 'ERT_DRIVER': ['driver1'], 'ERT_KERNEL': ['kernel1'], 'ERT_CC': ['g++'], 'ERT_LD': ['g++'], 'ERT_CFLAGS': ['-O3', '-march=native', '-fopenmp', '-fstrict-aliasing', '-funroll-loops', '-Wno-all'], 'ERT_LDFLAGS': ['-O3', '-march=native', '-fopenmp'], 'ERT_LDLIBS': ['-lm'], 'ERT_RUN': ['export', 'OMP_NUM_THREADS=ERT_OPENMP_THREADS;', './ERT_CODE'], 'ERT_WORKING_SET_MIN': ['128'], 'ERT_MEMORY_MAX': ['1073741824'], 'ERT_ALIGN': ['64'], 'ERT_MIN_PROCS': ['1'], 'ERT_MAX_PROCS': ['1'], 'ERT_OPENMP_THREADS': ['1,2,4', '#', 'Logical', 'Threads'], 'ERT_NUM_EXPERIMENTS': ['3'], 'ERT_FLOPS': ['1,2,4'], 'ERT_GPU': [False], 'ERT_HIP': [False], 'ERT_OCL': [False], 'ERT_SYCL': [False], 'ERT_WSS_MULT': [1.1]}
