fp64
        1024            1           9.111         2048          128
        1024            2           6.369         4096          256
        1024            4           7.332         8192          512
        1024            8           7.740        16384         1024
        1024           16           9.352        32768         2048
        1024           32          12.963        65536         4096
        1024           64          20.222       131072         8192
        1024          128          35.019       262144        16384
        1024          256          64.259       524288        32768
        1024          512         122.740      1048576        65536
        1024         1024         239.906      2097152       131072
        1024         2048         473.942      4194304       262144
        1024         4096         942.366      8388608       524288
        1024         8192        1071.903     16777216      1048576
        1024        16384        1266.772     33554432      2097152
        1024        32768        2499.581     67108864      4194304
        1024        65536        5007.496    134217728      8388608
        1024       131072       10002.567    268435456     16777216
        1024       262144       20085.929    536870912     33554432
        1024       524288       40034.951   1073741824     67108864
        1024      1048576      201654.825   2147483648    134217728
        1120            1           7.648         2240          140
        1120            2           6.074         4480          280
        1120            4           6.982         8960          560
        1120            8           7.629        17920         1120
        1120           16           9.648        35840         2240
        1120           32          13.537        71680         4480
        1120           64          21.593       143360         8960
        1120          128          37.944       286720        17920
        1120          256          70.204       573440        35840
        1120          512         134.852      1146880        71680
        1120         1024         264.128      2293760       143360
        1120         2048         522.721      4587520       286720
        1120         4096        1039.792      9175040       573440
        1120         8192        2093.582     18350080      1146880
        1120        16384        4158.981     36700160      2293760
        1120        32768        8308.148     73400320      4587520
        1120        65536       16607.722    146800640      9175040
        1120       131072       33567.129    293601280     18350080
        1120       262144       66501.001    587202560     36700160
        1120       524288      133681.961   1174405120     73400320
        1232            1           7.796         2464          154
        1232            2           6.055         4928          308
        1232            4           7.204         9856          616
        1232            8           7.999        19712         1232
        1232           16          10.074        39424         2464
        1232           32          14.370        78848         4928
        1232           64          23.277       157696         9856
        1232          128          41.149       315392        19712
        1232          256          76.629       630784        39424
        1232          512         147.592      1261568        78848
        1232         1024         289.610      2523136       157696
        1232         2048         573.590      5046272       315392
        1232         4096        1141.495     10092544       630784
        1232         8192        2297.638     20185088      1261568
        1232        16384        4565.831     40370176      2523136
        1232        32768        9123.959     80740352      5046272
        1232        65536       18344.696    161480704     10092544
        1232       131072       36931.410    322961408     20185088
        1232       262144       74006.448    645922816     40370176
        1232       524288      145923.665   1291845632     80740352
        1352            1           7.852         2704          169
        1352            2           6.333         5408          338
        1352            4           6.982        10816          676
        1352            8           8.019        21632         1352
        1352           16          10.352        43264         2704
        1352           32          15.168        86528         5408
        1352           64          24.888       173056        10816
        1352          128          44.241       346112        21632
        1352          256          82.963       692224        43264
        1352          512         160.444      1384448        86528
        1352         1024         315.295      2768896       173056
        1352         2048         625.015      5537792       346112
        1352         4096        1244.458     11075584       692224
        1352         8192        2501.193     22151168      1384448
        1352        16384        5072.460     44302336      2768896
        1352        32768        9971.548     88604672      5537792
        1352        65536       20105.354    177209344     11075584
        1352       131072       40463.024    354418688     22151168
        1352       262144       79683.090    708837376     44302336
        1352       524288      159477.902   1417674752     88604672
        1480            1           7.889         2960          185
        1480            2           6.296         5920          370
        1480            4           7.444        11840          740
        1480            8           8.279        23680         1480
        1480           16          10.740        47360         2960
        1480           32          16.055        94720         5920
        1480           64          26.648       189440        11840
        1480          128          47.648       378880        23680
        1480          256          89.666       757760        47360
        1480          512         173.722      1515520        94720
        1480         1024         341.850      3031040       189440
        1480         2048         678.275      6062080       378880
        1480         4096        1350.734     12124160       757760
        1480         8192        2724.655     24248320      1515520
        1480        16384        5425.530     48496640      3031040
        1480        32768       10865.859     96993280      6062080
        1480        65536       21684.088    193986560     12124160
        1480       131072       43390.214    387973120     24248320
        1480       262144       87501.278    775946240     48496640
        1480       524288      173958.059   1551892480     96993280
        1624            1           3.703         3248          203
        1624            2           2.111         6496          406
        1624            4           2.630        12992          812
        1624            8           2.869        25984         1624
        1624           16           3.832        51968         3248
        1624           32           5.741       103936         6496
        1624           64           9.667       207872        12992
        1624          128          17.390       415744        25984
        1624          256          32.870       831488        51968
        1624          512          63.870      1662976       103936
        1624         1024         125.926      3325952       207872
        1624         2048         249.907      6651904       415744
        1624         4096         497.942     13303808       831488
        1624         8192         994.032     26607616      1662976
        1624        16384        1993.935     53215232      3325952
        1624        32768        3974.964    106430464      6651904
        1624        65536        7956.075    212860928     13303808
        1624       131072       15892.114    425721856     26607616
        1624       262144       31960.784    851443712     53215232
        1624       524288       63628.106   1702887424    106430464
        1784            1           8.129         3568          223
        1784            2           6.611         7136          446
        1784            4           7.777        14272          892
        1784            8           9.111        28544         1784
        1784           16          12.184        57088         3568
        1784           32          18.426       114176         7136
        1784           64          31.278       228352        14272
        1784          128          56.815       456704        28544
        1784          256         107.721       913408        57088
        1784          512         209.630      1826816       114176
        1784         1024         413.294      3653632       228352
        1784         2048         821.015      7307264       456704
        1784         4096        1653.586     14614528       913408
        1784         8192        3282.708     29229056      1826816
        1784        16384        6542.786     58458112      3653632
        1784        32768       13104.535    116916224      7307264
        1784        65536       26249.697    233832448     14614528
        1784       131072       52485.563    467664896     29229056
        1784       262144      105120.625    935329792     58458112
        1784       524288      209708.807   1870659584    116916224
        1960            1           8.259         3920          245
        1960            2           6.851         7840          490
        1960            4           7.907        15680          980
        1960            8           9.390        31360         1960
        1960           16          12.575        62720         3920
        1960           32          19.536       125440         7840
        1960           64          33.445       250880        15680
        1960          128          61.148       501760        31360
        1960          256         116.555      1003520        62720
        1960          512         227.351      2007040       125440
        1960         1024         448.943      4014080       250880
        1960         2048         909.810      8028160       501760
        1960         4096        1778.158     16056320      1003520
        1960         8192        3566.558     32112640      2007040
        1960        16384        7126.098     64225280      4014080
        1960        32768       14244.121    128450560      8028160
        1960        65536       28547.540    256901120     16056320
        1960       131072       56998.116    513802240     32112640
        1960       262144      113952.883   1027604480     64225280
        1960       524288      228390.909   2055208960    128450560
        2152            1           3.389         4304          269
        2152            2           2.353         8608          538
        2152            4           2.815        17216         1076
        2152            8           3.222        34432         2152
        2152           16           4.444        68864         4304
        2152           32           7.019       137728         8608
        2152           64          12.130       275456        17216
        2152          128          22.314       550912        34432
        2152          256          42.740      1101824        68864
        2152          512          83.519      2203648       137728
        2152         1024         165.110      4407296       275456
        2152         2048         328.314      8814592       550912
        2152         4096         654.646     17629184      1101824
        2152         8192        1313.957     35258368      2203648
        2152        16384        2612.840     70516736      4407296
        2152        32768        5269.754    141033472      8814592
        2152        65536       10455.176    282066944     17629184
        2152       131072       20916.425    564133888     35258368
        2152       262144       41851.462   1128267776     70516736
        2360            1           8.852         4720          295
        2360            2           7.296         9440          590
        2360            4           8.833        18880         1180
        2360            8          10.185        37760         2360
        2360           16          14.259        75520         4720
        2360           32          22.556       151040         9440
        2360           64          39.222       302080        18880
        2360          128          72.611       604160        37760
        2360          256         139.092      1208320        75520
        2360          512         272.054      2416640       151040
        2360         1024         538.516      4833280       302080
        2360         2048        1070.865      9666560       604160
        2360         4096        2162.119     19333120      1208320
        2360         8192        4282.277     38666240      2416640
        2360        16384        8554.832     77332480      4833280
        2360        32768       17203.794    154664960      9666560
        2360        65536       34192.015    309329920     19333120
        2360       131072       68545.678    618659840     38666240
        2360       262144      137216.740   1237319680     77332480
        2592            1           8.926         5184          324
        2592            2           7.389        10368          648
        2592            4           8.741        20736         1296
        2592            8          10.518        41472         2592
        2592           16          15.111        82944         5184
        2592           32          24.056       165888        10368
        2592           64          42.463       331776        20736
        2592          128          78.147       663552        41472
        2592          256         151.833      1327104        82944
        2592          512         298.184      2654208       165888
        2592         1024         590.422      5308416       331776
        2592         2048        1174.939     10616832       663552
        2592         4096        2333.471     21233664      1327104
        2592         8192        4691.388     42467328      2654208
        2592        16384        9277.754     84934656      5308416
        2592        32768       18791.028    169869312     10616832
        2592        65536       37582.479    339738624     21233664
        2592       131072       75741.848    679477248     42467328
        2592       262144      149313.577   1358954496     84934656
        2848            1           8.796         5696          356
        2848            2           7.204        11392          712
        2848            4           8.908        22784         1424
        2848            8          11.036        45568         2848
        2848           16          15.851        91136         5696
        2848           32          25.981       182272        11392
        2848           64          45.852       364544        22784
        2848          128          85.778       729088        45568
        2848          256         165.425      1458176        91136
        2848          512         324.832      2916352       182272
        2848         1024         643.644      5832704       364544
        2848         2048        1306.513     11665408       729088
        2848         4096        2640.432     23330816      1458176
        2848         8192        5148.458     46661632      2916352
        2848        16384       10314.288     93323264      5832704
        2848        32768       20478.798    186646528     11665408
        2848        65536       41312.409    373293056     23330816
        2848       131072       82051.858    746586112     46661632
        2848       262144      164027.900   1493172224     93323264
        3128            1           9.056         6256          391
        3128            2           7.500        12512          782
        3128            4           9.241        25024         1564
        3128            8          11.612        50048         3128
        3128           16          17.333       100096         6256
        3128           32          28.092       200192        12512
        3128           64          50.074       400384        25024
        3128          128          94.111       800768        50048
        3128          256         182.074      1601536       100096
        3128          512         381.795      3203072       200192
        3128         1024         710.163      6406144       400384
        3128         2048        1414.530     12812288       800768
        3128         4096        2839.746     25624576      1601536
        3128         8192        5657.826     51249152      3203072
        3128        16384       11397.968    102498304      6406144
        3128        32768       22622.862    204996608     12812288
        3128        65536       45330.169    409993216     25624576
        3128       131072       90585.134    819986432     51249152
        3128       262144      181118.637   1639972864    102498304
        3440            1           9.296         6880          430
        3440            2           7.723        13760          860
        3440            4           9.483        27520         1720
        3440            8          12.315        55040         3440
        3440           16          18.278       110080         6880
        3440           32          30.407       220160        13760
        3440           64          54.648       440320        27520
        3440          128         103.205       880640        55040
        3440          256         200.277      1761280       110080
        3440          512         394.609      3522560       220160
        3440         1024         783.051      7045120       440320
        3440         2048        1577.881     14090240       880640
        3440         4096        3113.931     28180480      1761280
        3440         8192        6250.324     56360960      3522560
        3440        16384       12478.204    112721920      7045120
        3440        32768       25035.666    225443840     14090240
        3440        65536       50016.887    450887680     28180480
        3440       131072      100414.962    901775360     56360960
        3440       262144       94187.914   1803550720    112721920
        3784            1           9.037         7568          473
        3784            2           7.888        15136          946
        3784            4          10.130        30272         1892
        3784            8          12.926        60544         3784
        3784           16          19.500       121088         7568
        3784           32          32.722       242176        15136
        3784           64          59.186       484352        30272
        3784          128         112.332       968704        60544
        3784          256         218.444      1937408       121088
        3784          512         430.849      3874816       242176
        3784         1024         873.717      7749632       484352
        3784         2048        1705.177     15499264       968704
        3784         4096        3435.299     30998528      1937408
        3784         8192        6834.378     61997056      3874816
        3784        16384       13654.995    123994112      7749632
        3784        32768       27372.305    247988224     15499264
        3784        65536       54632.887    495976448     30998528
        3784       131072      109433.828    991952896     61997056
        3784       262144      219043.081   1983905792    123994112
        4160            1           9.093         8320          520
        4160            2           8.184        16640         1040
        4160            4          10.352        33280         2080
        4160            8          13.685        66560         4160
        4160           16          20.982       133120         8320
        4160           32          36.018       266240        16640
        4160           64          65.740       532480        33280
        4160          128         125.314      1064960        66560
        4160          256         244.906      2129920       133120
        4160          512         482.591      4259840       266240
        4160         1024         958.848      8519680       532480
        4160         2048        1934.140     17039360      1064960
        4160         4096        3832.797     34078720      2129920
        4160         8192        7663.984     68157440      4259840
        4160        16384       15385.394    136314880      8519680
        4160        32768       30582.715    272629760     17039360
        4160        65536       61698.911    545259520     34078720
        4160       131072      122997.805   1090519040     68157440
        4576            1           9.351         9152          572
        4576            2           8.408        18304         1144
        4576            4          10.685        36608         2288
        4576            8          14.370        73216         4576
        4576           16          22.518       146432         9152
        4576           32          38.944       292864        18304
        4576           64          71.648       585728        36608
        4576          128         137.036      1171456        73216
        4576          256         267.738      2342912       146432
        4576          512         530.164      4685824       292864
        4576         1024        1053.885      9371648       585728
        4576         2048        2119.954     18743296      1171456
        4576         4096        4213.277     37486592      2342912
        4576         8192        8415.370     74973184      4685824
        4576        16384       16937.128    149946368      9371648
        4576        32768       31246.546    299892736     18743296
        4576        65536       22405.067    599785472     37486592
        4576       131072       44789.930   1199570944     74973184
        5032            1           9.649        10064          629
        5032            2           8.387        20128         1258
        5032            4          11.037        40256         2516
        5032            8          15.167        80512         5032
        5032           16          24.167       161024        10064
        5032           32          42.000       322048        20128
        5032           64          77.852       644096        40256
        5032          128         149.334      1288192        80512
        5032          256         310.462      2576384       161024
        5032          512         578.423      5152768       322048
        5032         1024        1150.606     10305536       644096
        5032         2048        2314.175     20611072      1288192
        5032         4096        4599.795     41222144      2576384
        5032         8192        9189.756     82444288      5152768
        5032        16384       18529.362    164888576     10305536
        5032        32768       36932.299    329777152     20611072
        5032        65536       73557.246    659554304     41222144
        5032       131072      147568.584   1319108608     82444288
        5528            1           9.574        11056          691
        5528            2           8.778        22112         1382
        5528            4          11.574        44224         2764
        5528            8          16.020        88448         5528
        5528           16          25.945       176896        11056
        5528           32          45.519       353792        22112
        5528           64          84.833       707584        44224
        5528          128         163.258      1415168        88448
        5528          256         320.313      2830336       176896
        5528          512         634.090      5660672       353792
        5528         1024        1262.161     11321344       707584
        5528         2048        2553.025     22642688      1415168
        5528         4096        5045.644     45285376      2830336
        5528         8192       10348.657     90570752      5660672
        5528        16384       20206.540    181141504     11321344
        5528        32768       40418.135    362283008     22642688
        5528        65536       80753.492    724566016     45285376
        5528       131072      161816.299   1449132032     90570752
        6080            1           4.760        12160          760
        6080            2           3.057        24320         1520
        6080            4           4.333        48640         3040
        6080            8           5.702        97280         6080
        6080           16           9.352       194560        12160
        6080           32          16.518       389120        24320
        6080           64          30.926       778240        48640
        6080          128          59.648      1556480        97280
        6080          256         117.147      3112960       194560
        6080          512         232.111      6225920       389120
        6080         1024         462.054     12451840       778240
        6080         2048         921.940     24903680      1556480
        6080         4096        1848.880     49807360      3112960
        6080         8192        3687.095     99614720      6225920
        6080        16384       10019.918    199229440     12451840
        6080        32768       44322.488    398458880     24903680
        6080        65536       88789.012    796917760     49807360
        6080       131072      177659.580   1593835520     99614720
        6688            1          10.185        13376          836
        6688            2           9.889        26752         1672
        6688            4          12.888        53504         3344
        6688            8          18.352       107008         6688
        6688           16          30.130       214016        13376
        6688           32          53.722       428032        26752
        6688           64         100.777       856064        53504
        6688          128         195.073      1712128       107008
        6688          256         383.497      3424256       214016
        6688          512         760.311      6848512       428032
        6688         1024        1513.901     13697024       856064
        6688         2048        3037.745     27394048      1712128
        6688         4096        6294.916     54788096      3424256
        6688         8192       12264.594    109576192      6848512
        6688        16384       24222.615    219152384     13697024
        6688        32768       48401.414    438304768     27394048
        6688        65536       96872.679    876609536     54788096
        6688       131072      194286.191   1753219072    109576192
        7352            1          10.705        14704          919
        7352            2           9.778        29408         1838
        7352            4          13.351        58816         3676
        7352            8          19.593       117632         7352
        7352           16          32.758       235264        14704
        7352           32          58.648       470528        29408
        7352           64         110.629       941056        58816
        7352          128         214.462      1882112       117632
        7352          256         422.332      3764224       235264
        7352          512         837.922      7528448       470528
        7352         1024        1688.215     15056896       941056
        7352         2048        3331.448     30113792      1882112
        7352         4096        6933.636     60227584      3764224
        7352         8192       13404.811    120455168      7528448
        7352        16384       26692.752    240910336     15056896
        7352        32768       53856.908    481820672     30113792
        7352        65536      106835.432    963641344     60227584
        7352       131072      165255.857   1927282688    120455168
        8080            1          11.111        16160         1010
        8080            2          10.370        32320         2020
        8080            4          14.907        64640         4040
        8080            8          21.129       129280         8080
        8080           16          35.371       258560        16160
        8080           32          63.796       517120        32320
        8080           64         120.943      1034240        64640
        8080          128         235.036      2068480       129280
        8080          256         463.276      4136960       258560
        8080          512         946.737      8273920       517120
        8080         1024        1919.566     16547840      1034240
        8080         2048        3679.483     33095680      2068480
        8080         4096        7339.875     66191360      4136960
        8080         8192       14658.953    132382720      8273920
        8080        16384       29342.758    264765440     16547840
        8080        32768       59095.551    529530880     33095680
        8080        65536      118053.106   1059061760     66191360
        8080       131072      239325.176   2118123520    132382720
        8888            1          11.574        17776         1111
        8888            2          10.722        35552         2222
        8888            4          38.907        71104         4444
        8888            8          22.741       142208         8888
        8888           16          38.408       284416        17776
        8888           32          69.648       568832        35552
        8888           64         132.259      1137664        71104
        8888          128         257.536      2275328       142208
        8888          256         508.183      4550656       284416
        8888          512        1009.273      9101312       568832
        8888         1024        2036.491     18202624      1137664
        8888         2048        4048.370     36405248      2275328
        8888         4096        8056.760     72810496      4550656
        8888         8192       16101.132    145620992      9101312
        8888        16384       32355.282    291241984     18202624
        8888        32768       64481.472    582483968     36405248
        8888        65536      129145.518   1164967936     72810496
        9776            1          11.761        19552         1222
        9776            2          11.629        39104         2444
        9776            4          16.167        78208         4888
        9776            8          24.722       156416         9776
        9776           16          41.908       312832        19552
        9776           32          77.129       625664        39104
        9776           64         145.240      1251328        78208
        9776          128         282.961      2502656       156416
        9776          256         558.275      5005312       312832
        9776          512        1109.255     10010624       625664
        9776         1024        2228.731     20021248      1251328
        9776         2048        4438.258     40042496      2502656
        9776         4096        8863.016     80084992      5005312
        9776         8192       17789.791    160169984     10010624
        9776        16384       35436.935    320339968     20021248
        9776        32768       70983.239    640679936     40042496
        9776        65536      142006.997   1281359872     80084992
       10752            1          12.851        21504         1344
       10752            2          12.388        43008         2688
       10752            4          17.648        86016         5376
       10752            8          26.667       172032        10752
       10752           16          45.519       344064        21504
       10752           32          83.390       688128        43008
       10752           64         158.944      1376256        86016
       10752          128         328.851      2752512       172032
       10752          256         612.644      5505024       344064
       10752          512        1217.623     11010048       688128
       10752         1024        2450.712     22020096      1376256
       10752         2048        4864.367     44040192      2752512
       10752         4096        9720.401     88080384      5505024
       10752         8192       19517.765    176160768     11010048
       10752        16384       38877.123    352321536     22020096
       10752        32768       77887.061    704643072     44040192
       10752        65536      155616.807   1409286144     88080384
       11824            1           6.796        23648         1478
       11824            2           4.333        47296         2956
       11824            4           6.278        94592         5912
       11824            8           9.629       189184        11824
       11824           16          16.500       378368        23648
       11824           32          30.370       756736        47296
       11824           64          58.056      1513472        94592
       11824          128         113.462      3026944       189184
       11824          256         224.351      6053888       378368
       11824          512         445.869     12107776       756736
       11824         1024         898.830     24215552      1513472
       11824         2048        1775.583     48431104      3026944
       11824         4096        3555.763     96862208      6053888
       11824         8192        7105.376    193724416     12107776
       11824        16384       14201.048    387448832     24215552
       11824        32768       28438.410    774897664     48431104
       11824        65536      130964.750   1549795328     96862208
       13000            1          13.482        26000         1625
       13000            2          13.852        52000         3250
       13000            4          20.168       104000         6500
       13000            8          31.036       208000        13000
       13000           16          53.796       416000        26000
       13000           32          99.110       832000        52000
       13000           64         190.091      1664000       104000
       13000          128         371.702      3328000       208000
       13000          256         734.830      6656000       416000
       13000          512        1461.771     13312000       832000
       13000         1024        2934.931     26624000      1664000
       13000         2048        5855.751     53248000      3328000
       13000         4096       11667.208    106496000      6656000
       13000         8192       23437.859    212992000     13312000
       13000        16384       46796.903    425984000     26624000
       13000        32768       93500.103    851968000     53248000
       13000        65536      187046.573   1703936000    106496000
       14296            1          14.740        28592         1787
       14296            2          14.704        57184         3574
       14296            4          21.333       114368         7148
       14296            8          33.611       228736        14296
       14296           16          58.573       457472        28592
       14296           32         108.795       914944        57184
       14296           64         209.239      1829888       114368
       14296          128         410.127      3659776       228736
       14296          256         811.904      7319552       457472
       14296          512        1709.955     14639104       914944
       14296         1024        3239.301     29278208      1829888
       14296         2048        6453.286     58556416      3659776
       14296         4096       12907.776    117112832      7319552
       14296         8192       25813.867    234225664     14639104
       14296        16384       51706.066    468451328     29278208
       14296        32768      103437.467    936902656     58556416
       14296        65536      208043.037   1873805312    117112832
       15720            1           7.852        31440         1965
       15720            2           5.277        62880         3930
       15720            4           7.759       125760         7860
       15720            8          12.148       251520        15720
       15720           16          21.297       503040        31440
       15720           32          39.685      1006080        62880
       15720           64          76.463      2012160       125760
       15720          128         150.056      4024320       251520
       15720          256         297.165      8048640       503040
       15720          512         591.460     16097280      1006080
       15720         1024        1193.384     32194560      2012160
       15720         2048        2391.693     64389120      4024320
       15720         4096        4718.238    128778240      8048640
       15720         8192        9434.086    257556480     16097280
       15720        16384       18855.916    515112960     32194560
       15720        32768       37747.684   1030225920     64389120
       15720        65536       75453.664   2060451840    128778240
       17288            1          16.407        34576         2161
       17288            2          16.648        69152         4322
       17288            4          24.833       138304         8644
       17288            8          39.591       276608        17288
       17288           16          69.480       553216        34576
       17288           32         149.240      1106432        69152
       17288           64         250.332      2212864       138304
       17288          128         491.110      4425728       276608
       17288          256         971.830      8851456       553216
       17288          512        1934.028     17702912      1106432
       17288         1024        3967.093     35405824      2212864
       17288         2048        7753.669     70811648      4425728
       17288         4096       15465.172    141623296      8851456
       17288         8192       31025.213    283246592     17702912
       17288        16384       61888.965    566493184     35405824
       17288        32768      123823.671   1132986368     70811648
       19016            1          16.667        38032         2377
       19016            2          17.574        76064         4754
       19016            4          26.426       152128         9508
       19016            8          42.500       304256        19016
       19016           16          75.556       608512        38032
       19016           32         142.314      1217024        76064
       19016           64         275.129      2434048       152128
       19016          128         541.219      4868096       304256
       19016          256        1072.866      9736192       608512
       19016          512        2156.806     19472384      1217024
       19016         1024        4282.333     38944768      2434048
       19016         2048        8584.832     77889536      4868096
       19016         4096       17131.202    155779072      9736192
       19016         8192       34267.310    311558144     19472384
       19016        16384       68419.917    623116288     38944768
       19016        32768      136913.056   1246232576     77889536
       20912            1          10.296        41824         2614
       20912            2           6.426        83648         5228
       20912            4           9.704       167296        10456
       20912            8          15.612       334592        20912
       20912           16          27.759       669184        41824
       20912           32          52.166      1338368        83648
       20912           64         100.964      2676736       167296
       20912          128         206.610      5353472       334592
       20912          256         393.868     10706944       669184
       20912          512         784.385     21413888      1338368
       20912         1024        1565.455     42827776      2676736
       20912         2048        3163.301     85655552      5353472
       20912         4096        6262.064    171311104     10706944
       20912         8192       12523.722    342622208     21413888
       20912        16384       25027.962    685244416     42827776
       20912        32768       50075.018   1370488832     85655552
       23000            1          10.333        46000         2875
       23000            2           6.870        92000         5750
       23000            4          10.685       184000        11500
       23000            8          16.833       368000        23000
       23000           16          30.278       736000        46000
       23000           32          57.092      1472000        92000
       23000           64         110.758      2944000       184000
       23000          128         218.129      5888000       368000
       23000          256         432.758     11776000       736000
       23000          512         862.144     23552000      1472000
       23000         1024        1730.659     47104000      2944000
       23000         2048        3438.354     94208000      5888000
       23000         4096        6860.172    188416000     11776000
       23000         8192       13680.310    376832000     23552000
       23000        16384       27476.490    753664000     47104000
       23000        32768      134109.421   1507328000     94208000
       25296            1          21.610        50592         3162
       25296            2          22.649       101184         6324
       25296            4          34.260       202368        12648
       25296            8          57.000       404736        25296
       25296           16         103.203       809472        50592
       25296           32         195.166      1618944       101184
       25296           64         379.405      3237888       202368
       25296          128         748.182      6475776       404736
       25296          256        1503.642     12951552       809472
       25296          512        2959.655     25903104      1618944
       25296         1024        5939.364     51806208      3237888
       25296         2048       11852.040    103612416      6475776
       25296         4096       23930.523    207224832     12951552
       25296         8192       47542.529    414449664     25903104
       25296        16384       94896.096    828899328     51806208
       25296        32768      189720.712   1657798656    103612416
       27824            1          22.055        55648         3478
       27824            2          24.406       111296         6956
       27824            4          37.852       222592        13912
       27824            8          62.834       445184        27824
       27824           16         114.463       890368        55648
       27824           32         217.999      1780736       111296
       27824           64         424.054      3561472       222592
       27824          128         836.755      7122944       445184
       27824          256        1679.029     14245888       890368
       27824          512        3315.652     28491776      1780736
       27824         1024        6646.546     56983552      3561472
       27824         2048       13270.183    113967104      7122944
       27824         4096       26586.919    227934208     14245888
       27824         8192       53114.671    455868416     28491776
       27824        16384      106242.510    911736832     56983552
       27824        32768      212364.405   1823473664    113967104
       30600            1          21.814        61200         3825
       30600            2          26.204       122400         7650
       30600            4          40.518       244800        15300
       30600            8          68.148       489600        30600
       30600           16         124.146       979200        61200
       30600           32         236.331      1958400       122400
       30600           64         460.554      3916800       244800
       30600          128         929.643      7833600       489600
       30600          256        1806.511     15667200       979200
       30600          512        3617.613     31334400      1958400
       30600         1024        7230.504     62668800      3916800
       30600         2048       14494.454    125337600      7833600
       30600         4096       28913.705    250675200     15667200
       30600         8192       57897.576    501350400     31334400
       30600        16384      115440.486   1002700800     62668800
       30600        32768      230912.768   2005401600    125337600
       33656            1          24.278        67312         4207
       33656            2          28.334       134624         8414
       33656            4          43.944       269248        16828
       33656            8          74.388       538496        33656
       33656           16         135.684      1076992        67312
       33656           32         259.110      2153984       134624
       33656           64         504.702      4307968       269248
       33656          128         997.181      8615936       538496
       33656          256        2018.380     17231872      1076992
       33656          512        3972.575     34463744      2153984
       33656         1024        8003.094     68927488      4307968
       33656         2048       15856.207    137854976      8615936
       33656         4096       31676.359    275709952     17231872
       33656         8192       63447.199    551419904     34463744
       33656        16384      126794.768   1102839808     68927488
       37016            1          13.481        74032         4627
       37016            2          10.185       148064         9254
       37016            4          15.926       296128        18508
       37016            8          26.925       592256        37016
       37016           16          49.278      1184512        74032
       37016           32          94.018      2369024       148064
       37016           64         183.499      4738048       296128
       37016          128         362.536      9476096       592256
       37016          256         720.515     18952192      1184512
       37016          512        1436.605     37904384      2369024
       37016         1024        2877.987     75808768      4738048
       37016         2048        5739.400    151617536      9476096
       37016         4096       11476.262    303235072     18952192
       37016         8192       22977.455    606470144     37904384
       37016        16384       45918.166   1212940288     75808768
       40712            1          27.723        81424         5089
       40712            2          32.518       162848        10178
       40712            4          51.647       325696        20356
       40712            8          88.203       651392        40712
       40712           16         161.759      1302784        81424
       40712           32         308.961      2605568       162848
       40712           64         623.645      5211136       325696
       40712          128        1191.663     10422272       651392
       40712          256        2370.619     20844544      1302784
       40712          512        4773.979     41689088      2605568
       40712         1024        9575.884     83378176      5211136
       40712         2048       18928.730    166756352     10422272
       40712         4096       37870.239    333512704     20844544
       40712         8192       75819.329    667025408     41689088
       40712        16384      151525.789   1334050816     83378176
       44776            1          28.629        89552         5597
       44776            2          36.054       179104        11194
       44776            4          56.482       358208        22388
       44776            8          97.204       716416        44776
       44776           16         178.758      1432832        89552
       44776           32         341.926      2865664       179104
       44776           64         687.516      5731328       358208
       44776          128        1321.087     11462656       716416
       44776          256        2714.081     22925312      1432832
       44776          512        5260.421     45850624      2865664
       44776         1024       10512.583     91701248      5731328
       44776         2048       21001.073    183402496     11462656
       44776         4096       42192.293    366804992     22925312
       44776         8192       84000.589    733609984     45850624
       44776        16384      167887.216   1467219968     91701248
       49248            1          33.981        98496         6156
       49248            2          39.204       196992        12312
       49248            4          62.316       393984        24624
       49248            8         107.017       787968        49248
       49248           16         197.371      1575936        98496
       49248           32         377.906      3151872       196992
       49248           64         739.386      6303744       393984
       49248          128        1461.901     12607488       787968
       49248          256        2927.913     25214976      1575936
       49248          512        5840.475     50429952      3151872
       49248         1024       11640.541    100859904      6303744
       49248         2048       23214.471    201719808     12607488
       49248         4096       46342.682    403439616     25214976
       49248         8192       57566.114    806879232     50429952
       49248        16384       61715.484   1613758464    100859904
       54168            1          34.611       108336         6771
       54168            2          41.482       216672        13542
       54168            4          65.647       433344        27084
       54168            8         113.722       866688        54168
       54168           16         210.037      1733376       108336
       54168           32         425.165      3466752       216672
       54168           64         789.886      6933504       433344
       54168          128        1562.641     13867008       866688
       54168          256        3126.726     27734016      1733376
       54168          512        6219.509     55468032      3466752
       54168         1024       12455.593    110936064      6933504
       54168         2048       24841.167    221872128     13867008
       54168         4096       49666.797    443744256     27734016
       54168         8192       99381.076    887488512     55468032
       54168        16384      199385.352   1774977024    110936064
       59584            1          36.147       119168         7448
       59584            2          46.074       238336        14896
       59584            4          73.037       476672        29792
       59584            8         126.741       953344        59584
       59584           16         234.741      1906688       119168
       59584           32         451.460      3813376       238336
       59584           64         884.644      7626752       476672
       59584          128        1772.103     15253504       953344
       59584          256        3501.670     30507008      1906688
       59584          512        6980.338     61014016      3813376
       59584         1024       13927.753    122028032      7626752
       59584         2048       28253.245    244056064     15253504
       59584         4096       55690.289    488112128     30507008
       59584         8192      111620.244    976224256     61014016
       59584        16384      222697.675   1952448512    122028032
       65536            1          39.482       131072         8192
       65536            2          48.908       262144        16384
       65536            4          78.815       524288        32768
       65536            8         137.036      1048576        65536
       65536           16         254.721      2097152       131072
       65536           32         489.923      4194304       262144
       65536           64         960.144      8388608       524288
       65536          128        1920.510     16777216      1048576
       65536          256        3799.780     33554432      2097152
       65536          512        7585.170     67108864      4194304
       65536         1024       15122.914    134217728      8388608
       65536         2048       30252.606    268435456     16777216
       65536         4096       60469.916    536870912     33554432
       65536         8192      120904.184   1073741824     67108864
       65536        16384      241889.255   2147483648    134217728
       72088            1          45.352       144176         9011
       72088            2          53.592       288352        18022
       72088            4          85.019       576704        36044
       72088            8         148.906      1153408        72088
       72088           16         276.740      2306816       144176
       72088           32         533.257      4613632       288352
       72088           64        1044.867      9227264       576704
       72088          128        2093.324     18454528      1153408
       72088          256        4139.463     36909056      2306816
       72088          512        8255.796     73818112      4613632
       72088         1024       16485.667    147636224      9227264
       72088         2048       32959.742    295272448     18454528
       72088         4096       65916.429    590544896     36909056
       72088         8192      131809.431   1181089792     73818112
       79296            1          25.352       158592         9912
       79296            2          19.592       317184        19824
       79296            4          31.666       634368        39648
       79296            8          55.389      1268736        79296
       79296           16         103.388      2537472       158592
       79296           32         199.277      5074944       317184
       79296           64         390.924     10149888       634368
       79296          128         774.384     20299776      1268736
       79296          256        1541.308     40599552      2537472
       79296          512        3083.523     81199104      5074944
       79296         1024        6153.787    162398208     10149888
       79296         2048       12294.149    324796416     20299776
       79296         4096       24579.927    649592832     40599552
       79296         8192       63197.255   1299185664     81199104
       87224            1          48.945       174448        10903
       87224            2          62.777       348896        21806
       87224            4         103.093       697792        43612
       87224            8         182.425      1395584        87224
       87224           16         337.647      2791168       174448
       87224           32         653.218      5582336       348896
       87224           64        1303.347     11164672       697792
       87224          128        2542.784     22329344      1395584
       87224          256        5114.921     44658688      2791168
       87224          512       10142.844     89317376      5582336
       87224         1024       20255.725    178634752     11164672
       87224         2048       40482.300    357269504     22329344
       87224         4096       80964.547    714539008     44658688
       87224         8192      172747.101   1429078016     89317376
       95944            1          58.314       191888        11993
       95944            2          69.833       383776        23986
       95944            4         113.277       767552        47972
       95944            8         199.629      1535104        95944
       95944           16         373.201      3070208       191888
       95944           32         720.720      6140416       383776
       95944           64        1437.938     12280832       767552
       95944          128        2804.987     24561664      1535104
       95944          256        5616.160     49123328      3070208
       95944          512       11189.525     98246656      6140416
       95944         1024       22334.252    196493312     12280832
       95944         2048       44688.782    392986624     24561664
       95944         4096       89309.694    785973248     49123328
       95944         8192      178628.982   1571946496     98246656
      105536            1          57.943       211072        13192
      105536            2          75.796       422144        26384
      105536            4         123.481       844288        52768
      105536            8         218.888      1688576       105536
      105536           16         409.702      3377152       211072
      105536           32         810.998      6754304       422144
      105536           64        1555.086     13508608       844288
      105536          128        3099.616     27017216      1688576
      105536          256        6153.547     54034432      3377152
      105536          512       12293.018    108068864      6754304
      105536         1024       24552.280    216137728     13508608
      105536         2048       49109.763    432275456     27017216
      105536         4096       98156.673    864550912     54034432
      105536         8192      196441.476   1729101824    108068864
      116088            1          63.334       232176        14511
      116088            2          83.185       464352        29022
      116088            4         135.592       928704        58044
      116088            8         239.258      1857408       116088
      116088           16         447.999      3714816       232176
      116088           32         864.867      7429632       464352
      116088           64        1699.122     14859264       928704
      116088          128        3387.245     29718528      1857408
      116088          256        6734.544     59437056      3714816
      116088          512       13422.904    118874112      7429632
      116088         1024       26841.806    237748224     14859264
      116088         2048       53932.963    475496448     29718528
      116088         4096      108008.779    950992896     59437056
      116088         8192      215196.486   1901985792    118874112
      127696            1          68.408       255392        15962
      127696            2          91.945       510784        31924
      127696            4         147.869      1021568        63848
      127696            8         260.740      2043136       127696
      127696           16         493.424      4086272       255392
      127696           32         950.349      8172544       510784
      127696           64        1889.010     16345088      1021568
      127696          128        3719.484     32690176      2043136
      127696          256        7402.763     65380352      4086272
      127696          512       14874.601    130760704      8172544
      127696         1024       20903.572    261521408     16345088
      127696         2048       19605.394    523042816     32690176
      127696         4096       39208.714   1046085632     65380352
      127696         8192      158533.053   2092171264    130760704
      140464            1          82.759       280928        17558
      140464            2         100.129       561856        35116
      140464            4         161.370      1123712        70232
      140464            8         287.184      2247424       140464
      140464           16         539.387      4494848       280928
      140464           32        1064.921      8989696       561856
      140464           64        2052.991     17979392      1123712
      140464          128        4087.796     35958784      2247424
      140464          256        8138.278     71917568      4494848
      140464          512       16294.410    143835136      8989696
      140464         1024       32488.281    287670272     17979392
      140464         2048       64925.971    575340544     35958784
      140464         4096      129722.163   1150681088     71917568
      154504            1          92.222       309008        19313
      154504            2         110.574       618016        38626
      154504            4         176.925      1236032        77252
      154504            8         313.906      2472064       154504
      154504           16         591.850      4944128       309008
      154504           32        1141.570      9888256       618016
      154504           64        2275.119     19776512      1236032
      154504          128        4476.684     39553024      2472064
      154504          256        8914.442     79106048      4944128
      154504          512       17783.884    158212096      9888256
      154504         1024       35508.082    316424192     19776512
      154504         2048       70929.961    632848384     39553024
      154504         4096      141870.756   1265696768     79106048
      169952            1          88.259       339904        21244
      169952            2         122.220       679808        42488
      169952            4         196.720      1359616        84976
      169952            8         350.980      2719232       169952
      169952           16         654.089      5438464       339904
      169952           32        1286.847     10876928       679808
      169952           64        2491.156     21753856      1359616
      169952          128        4951.498     43507712      2719232
      169952          256        9890.492     87015424      5438464
      169952          512       19692.708    174030848     10876928
      169952         1024       39332.584    348061696     21753856
      169952         2048       78624.316    696123392     43507712
      169952         4096      157247.966   1392246784     87015424
      186944            1          95.555       373888        23368
      186944            2         134.369       747776        46736
      186944            4         213.944      1495552        93472
      186944            8         382.296      2991104       186944
      186944           16         719.645      5982208       373888
      186944           32        1394.754     11964416       747776
      186944           64        2766.248     23928832      1495552
      186944          128        5459.901     47857664      2991104
      186944          256       10889.785     95715328      5982208
      186944          512       21750.885    191430656     11964416
      186944         1024       43410.196    382861312     23928832
      186944         2048       87147.851    765722624     47857664
      186944         4096      174102.632   1531445248     95715328
      205632            1          69.574       411264        25704
      205632            2          52.093       822528        51408
      205632            4          78.296      1645056       102816
      205632            8         140.092      3290112       205632
      205632           16         263.555      6580224       411264
      205632           32         511.238     13160448       822528
      205632           64        1005.811     26320896      1645056
      205632          128        2008.325     52641792      3290112
      205632          256        3981.167    105283584      6580224
      205632          512        7945.484    210567168     13160448
      205632         1024       15870.799    421134336     26320896
      205632         2048       31723.618    842268672     52641792
      205632         4096      143881.527   1684537344    105283584
      226192            1         115.776       452384        28274
      226192            2         160.852       904768        56548
      226192            4         253.943      1809536       113096
      226192            8         453.314      3619072       226192
      226192           16         852.552      7238144       452384
      226192           32        1672.863     14476288       904768
      226192           64        3265.874     28952576      1809536
      226192          128        6466.119     57905152      3619072
      226192          256       12913.146    115810304      7238144
      226192          512       25792.643    231620608     14476288
      226192         1024       52112.305    463241216     28952576
      226192         2048      103039.023    926482432     57905152
      226192         4096      205612.381   1852964864    115810304
      248808            1         128.314       497616        31101
      248808            2         212.740       995232        62202
      248808            4         284.758      1990464       124404
      248808            8         507.350      3980928       248808
      248808           16         952.663      7961856       497616
      248808           32        1858.621     15923712       995232
      248808           64        3706.039     31847424      1990464
      248808          128        7269.431     63694848      3980928
      248808          256       14437.713    127389696      7961856
      248808          512       28778.002    254779392     15923712
      248808         1024       57474.929    509558784     31847424
      248808         2048      115089.450   1019117568     63694848
      248808         4096      230164.381   2038235136    127389696
      273688            1         145.684       547376        34211
      273688            2         206.759      1094752        68422
      273688            4         308.814      2189504       136844
      273688            8         583.868      4379008       273688
      273688           16        1038.606      8758016       547376
      273688           32        2011.231     17516032      1094752
      273688           64        3990.632     35032064      2189504
      273688          128        7888.539     70064128      4379008
      273688          256       15675.134    140128256      8758016
      273688          512       31250.176    280256512     17516032
      273688         1024       62440.129    560513024     35032064
      273688         2048      124797.166   1121026048     70064128
      301056            1         176.943       602112        37632
      301056            2         236.795      1204224        75264
      301056            4         343.350      2408448       150528
      301056            8         614.349      4816896       301056
      301056           16        1191.882      9633792       602112
      301056           32        2224.361     19267584      1204224
      301056           64        4410.832     38535168      2408448
      301056          128        8741.701     77070336      4816896
      301056          256       17386.180    154140672      9633792
      301056          512       34660.123    308281344     19267584
      301056         1024       69394.396    616562688     38535168
      301056         2048      138168.995   1233125376     77070336
      331160            1         131.628       662320        41395
      331160            2         163.666      1324640        82790
      331160            4         150.073      2649280       165580
      331160            8         251.128      5298560       331160
      331160           16         470.627     10597120       662320
      331160           32         862.034     21194240      1324640
      331160           64        1725.215     42388480      2649280
      331160          128        3352.967     84776960      5298560
      331160          256        6749.915    169553920     10597120
      331160          512       12966.961    339107840     21194240
      331160         1024       25490.813    678215680     42388480
      331160         2048       54267.037   1356431360     84776960
      364272            1         191.666       728544        45534
      364272            2         325.182      1457088        91068
      364272            4         418.776      2914176       182136
      364272            8         749.349      5828352       364272
      364272           16        1456.383     11656704       728544
      364272           32        2764.080     23313408      1457088
      364272           64        5519.939     46626816      2914176
      364272          128       10859.100     93253632      5828352
      364272          256       21443.479    186507264     11656704
      364272          512       43006.049    373014528     23313408
      364272         1024       86258.098    746029056     46626816
      364272         2048      172597.898   1492058112     93253632
      400696            1         212.277       801392        50087
      400696            2         317.869      1602784       100174
      400696            4         461.794      3205568       200348
      400696            8         837.255      6411136       400696
      400696           16        1598.733     12822272       801392
      400696           32        3091.431     25644544      1602784
      400696           64        6016.511     51289088      3205568
      400696          128       12009.910    102578176      6411136
      400696          256       23961.171    205156352     12822272
      400696          512       47429.937    410312704     25644544
      400696         1024       95080.114    820625408     51289088
      400696         2048      192924.676   1641250816    102578176
      440760            1         179.426       881520        55095
      440760            2         251.147      1763040       110190
      440760            4         232.331      3526080       220380
      440760            8         349.166      7052160       440760
      440760           16         649.645     14104320       881520
      440760           32        1258.642     28208640      1763040
      440760           64        2531.674     56417280      3526080
      440760          128        4879.015    112834560      7052160
      440760          256        9734.142    225669120     14104320
      440760          512       19530.080    451338240     28208640
      440760         1024       52152.046    902676480     56417280
      440760         2048      216541.369   1805352960    112834560
      484832            1         251.407       969664        60604
      484832            2         382.275      1939328       121208
      484832            4         619.737      3878656       242416
      484832            8        1034.534      7757312       484832
      484832           16        1937.436     15514624       969664
      484832           32        3806.613     31029248      1939328
      484832           64        7523.707     62058496      3878656
      484832          128       14919.842    124116992      7757312
      484832          256       29420.462    248233984     15514624
      484832          512       58950.070    496467968     31029248
      484832         1024      118562.436    992935936     62058496
      484832         2048      245650.091   1985871872    124116992
      533312            1         319.258      1066624        66664
      533312            2         475.146      2133248       133328
      533312            4         649.867      4266496       266656
      533312            8        1193.235      8532992       533312
      533312           16        2207.305     17065984      1066624
      533312           32        4281.129     34131968      2133248
      533312           64        8786.091     68263936      4266496
      533312          128       16786.943    136527872      8532992
      533312          256       33374.222    273055744     17065984
      533312          512       56629.914    546111488     34131968
      533312         1024       49609.520   1092222976     68263936
      586640            1         326.887      1173280        73330
      586640            2         574.053      2346560       146660
      586640            4         780.867      4693120       293320
      586640            8        1338.067      9386240       586640
      586640           16        2621.988     18772480      1173280
      586640           32        4946.903     37544960      2346560
      586640           64        9719.624     75089920      4693120
      586640          128       19736.708    150179840      9386240
      586640          256       38800.735    300359680     18772480
      586640          512       77421.414    600719360     37544960
      586640         1024      153501.149   1201438720     75089920
      645304            1         408.869      1290608        80663
      645304            2         658.867      2581216       161326
      645304            4         945.311      5162432       322652
      645304            8        1713.751     10324864       645304
      645304           16        3147.431     20649728      1290608
      645304           32        5986.936     41299456      2581216
      645304           64       11756.484     82598912      5162432
      645304          128       23323.155    165197824     10324864
      645304          256       46022.518    330395648     20649728
      645304          512       92686.327    660791296     41299456
      645304         1024      186336.262   1321582592     82598912
      709832            1         336.424      1419664        88729
      709832            2         712.903      2839328       177458
      709832            4         747.849      5678656       354916
      709832            8        1164.811     11357312       709832
      709832           16        2108.342     22714624      1419664
      709832           32        4126.390     45429248      2839328
      709832           64        7757.872     90858496      5678656
      709832          128       15499.488    181716992     11357312
      709832          256       29787.701    363433984     22714624
      709832          512       58883.904    726867968     45429248
      709832         1024      115841.058   1453735936     90858496
      780808            1         461.461      1561616        97601
      780808            2         938.755      3123232       195202
      780808            4        1395.179      6246464       390404
      780808            8        2256.473     12492928       780808
      780808           16        4241.167     24985856      1561616
      780808           32        8095.741     49971712      3123232
      780808           64       15728.671     99943424      6246464
      780808          128       31254.250    199886848     12492928
      780808          256       62071.204    399773696     24985856
      780808          512      123484.209    799547392     49971712
      780808         1024      246966.734   1599094784     99943424
      858888            1         499.516      1717776       107361
      858888            2        1008.828      3435552       214722
      858888            4        1674.753      6871104       429444
      858888            8        2944.653     13742208       858888
      858888           16        4965.330     27484416      1717776
      858888           32        9584.346     54968832      3435552
      858888           64       18492.901    109937664      6871104
      858888          128       37435.667    219875328     13742208
      858888          256       72409.603    439750656     27484416
      858888          512      135728.598    879501312     54968832
      858888         1024      238382.586   1759002624    109937664
      944776            1         552.274      1889552       118097
      944776            2        1094.162      3779104       236194
      944776            4        1688.955      7558208       472388
      944776            8        2793.283     15116416       944776
      944776           16        5175.884     30232832      1889552
      944776           32        9892.400     60465664      3779104
      944776           64       19272.803    120931328      7558208
      944776          128       37605.462    241862656     15116416
      944776          256       74087.465    483725312     30232832
      944776          512      150432.699    967450624     60465664
      944776         1024      298536.040   1934901248    120931328
     1039248            1         665.849      2078496       129906
     1039248            2        1333.105      4156992       259812
     1039248            4        2424.766      8313984       519624
     1039248            8        3821.001     16627968      1039248
     1039248           16        6402.638     33255936      2078496
     1039248           32       12243.001     66511872      4156992
     1039248           64       23393.544    133023744      8313984
     1039248          128       45254.112    266047488     16627968
     1039248          256       92989.307    532094976     33255936
     1039248          512      182688.206   1064189952     66511872
     1039248         1024      323865.946   2128379904    133023744
     1143168            1         485.592      2286336       142896
     1143168            2        1306.235      4572672       285792
     1143168            4        1670.900      9145344       571584
     1143168            8        2869.154     18290688      1143168
     1143168           16        5063.015     36581376      2286336
     1143168           32        9518.403     73162752      4572672
     1143168           64       18366.548    146325504      9145344
     1143168          128       36425.060    292651008     18290688
     1143168          256       72481.269    585302016     36581376
     1143168          512      182243.984   1170604032     73162752
     1257480            1         819.182      2514960       157185
     1257480            2        2082.436      5029920       314370
     1257480            4        2996.024     10059840       628740
     1257480            8        5439.847     20119680      1257480
     1257480           16        9406.680     40239360      2514960
     1257480           32       17473.681     80478720      5029920
     1257480           64       33566.961    160957440     10059840
     1257480          128       66140.169    321914880     20119680
     1257480          256      131662.727    643829760     40239360
     1257480          512      266399.405   1287659520     80478720
     1383224            1         947.755      2766448       172903
     1383224            2        2608.489      5532896       345806
     1383224            4        3757.798     11065792       691612
     1383224            8        6171.305     22131584      1383224
     1383224           16       11009.247     44263168      2766448
     1383224           32       20809.241     88526336      5532896
     1383224           64       42275.608    177052672     11065792
     1383224          128       85822.321    354105344     22131584
     1383224          256      163571.087    708210688     44263168
     1383224          512      323340.522   1416421376     88526336
     1521544            1        1103.088      3043088       190193
     1521544            2        3075.301      6086176       380386
     1521544            4        4691.942     12172352       760772
     1521544            8        7905.614     24344704      1521544
     1521544           16       14081.882     48689408      3043088
     1521544           32       26311.864     97378816      6086176
     1521544           64       50816.495    194757632     12172352
     1521544          128      113153.404    389515264     24344704
     1521544          256      199787.202    779030528     48689408
     1521544          512      409698.655   1558061056     97378816
     1673696            1        1231.809      3347392       209212
     1673696            2        3294.243      6694784       418424
     1673696            4        5256.957     13389568       836848
     1673696            8        8733.368     26779136      1673696
     1673696           16       15827.540     53558272      3347392
     1673696           32       30632.549    107116544      6694784
     1673696           64       60805.414    214233088     13389568
     1673696          128      118156.917    428466176     26779136
     1673696          256      234311.104    856932352     53558272
     1673696          512      465257.148   1713864704    107116544
     1841064            1        1367.179      3682128       230133
     1841064            2        3644.206      7364256       460266
     1841064            4        5839.677     14728512       920532
     1841064            8        9865.715     29457024      1841064
     1841064           16       17685.884     58914048      3682128
     1841064           32       35044.898    117828096      7364256
     1841064           64       68632.175    235656192     14728512
     1841064          128      137364.517    471312384     29457024
     1841064          256      266834.459    942624768     58914048
     1841064          512      529890.823   1885249536    117828096
     2025168            1        1499.160      4050336       253146
     2025168            2        4209.370      8100672       506292
     2025168            4        6664.859     16201344      1012584
     2025168            8       11406.116     32402688      2025168
     2025168           16       20587.871     64805376      4050336
     2025168           32       38669.624    129610752      8100672
     2025168           64       73542.801    259221504     16201344
     2025168          128      143903.675    518443008     32402688
     2025168          256      288536.158   1036886016     64805376
     2025168          512      569592.090   2073772032    129610752
     2227680            1        1955.862      4455360       278460
     2227680            2        4682.553      8910720       556920
     2227680            4        7255.782     17821440      1113840
     2227680            8       12785.850     35642880      2227680
     2227680           16       22536.640     71285760      4455360
     2227680           32       42421.922    142571520      8910720
     2227680           64       80229.865    285143040     17821440
     2227680          128      160370.397    570286080     35642880
     2227680          256      306670.281   1140572160     71285760
     2450448            1        1986.676      4900896       306306
     2450448            2        4928.350      9801792       612612
     2450448            4        7048.691     19603584      1225224
     2450448            8       11851.818     39207168      2450448
     2450448           16       21205.090     78414336      4900896
     2450448           32       40076.655    156828672      9801792
     2450448           64       80083.884    313657344     19603584
     2450448          128      156070.285    627314688     39207168
     2450448          256      315882.498   1254629376     78414336
     2695488            1        2101.083      5390976       336936
     2695488            2        5296.569     10781952       673872
     2695488            4        7858.150     21563904      1347744
     2695488            8       13090.738     43127808      2695488
     2695488           16       24511.093     86255616      5390976
     2695488           32       45781.536    172511232     10781952
     2695488           64       87976.293    345022464     21563904
     2695488          128      172840.489    690044928     43127808
     2695488          256      343098.100   1380089856     86255616
     2965032            1        2164.491      5930064       370629
     2965032            2        5345.717     11860128       741258
     2965032            4        7970.427     23720256      1482516
     2965032            8       13429.589     47440512      2965032
     2965032           16       24042.874     94881024      5930064
     2965032           32       47136.049    189762048     11860128
     2965032           64       93924.063    379524096     23720256
     2965032          128      187510.164    759048192     47440512
     2965032          256      378627.923   1518096384     94881024
     3261528            1        2769.451      6523056       407691
     3261528            2        6734.266     13046112       815382
     3261528            4        9924.641     26092224      1630764
     3261528            8       16541.648     52184448      3261528
     3261528           16       28285.503    104368896      6523056
     3261528           32       54557.052    208737792     13046112
     3261528           64      106890.004    417475584     26092224
     3261528          128      208732.366    834951168     52184448
     3261528          256      410695.706   1669902336    104368896
     3587680            1        2797.432      7175360       448460
     3587680            2        6459.953     14350720       896920
     3587680            4        9899.919     28701440      1793840
     3587680            8       16332.112     57402880      3587680
     3587680           16       29622.553    114805760      7175360
     3587680           32       59175.662    229611520     14350720
     3587680           64      116517.110    459223040     28701440
     3587680          128      258075.330    918446080     57402880
     3587680          256      459972.486   1836892160    114805760
     3946448            1        3659.224      7892896       493306
     3946448            2        8443.537     15785792       986612
     3946448            4       14630.972     31571584      1973224
     3946448            8       19373.821     63143168      3946448
     3946448           16       35509.472    126286336      7892896
     3946448           32       69660.171    252572672     15785792
     3946448           64      129246.108    505145344     31571584
     3946448          128      251545.767   1010290688     63143168
     3946448          256      490599.777   2020581376    126286336
     4341088            1        3806.298      8682176       542636
     4341088            2        8779.998     17364352      1085272
     4341088            4       12837.869     34728704      2170544
     4341088            8       21316.831     69457408      4341088
     4341088           16       38258.385    138914816      8682176
     4341088           32       73051.082    277829632     17364352
     4341088           64      140605.763    555659264     34728704
     4341088          128      286224.484   1111318528     69457408
     4775192            1        4451.610      9550384       596899
     4775192            2        9759.049     19100768      1193798
     4775192            4       14328.343     38201536      2387596
     4775192            8       23176.508     76403072      4775192
     4775192           16       42903.605    152806144      9550384
     4775192           32       82006.764    305612288     19100768
     4775192           64      156154.581    611224576     38201536
     4775192          128      308721.401   1222449152     76403072
     5252704            1        4102.852     10505408       656588
     5252704            2        9706.216     21010816      1313176
     5252704            4       14453.917     42021632      2626352
     5252704            8       24706.130     84043264      5252704
     5252704           16       44375.301    168086528     10505408
     5252704           32       86018.746    336173056     21010816
     5252704           64      172868.359    672346112     42021632
     5252704          128      342160.918   1344692224     84043264
     5777968            1        5218.551     11555936       722246
     5777968            2       11483.819     23111872      1444492
     5777968            4       18502.861     46223744      2888984
     5777968            8       31961.320     92447488      5777968
     5777968           16       51313.568    184894976     11555936
     5777968           32       98447.320    369789952     23111872
     5777968           64      191565.664    739579904     46223744
     5777968          128      374827.791   1479159808     92447488
     6355760            1        5177.180     12711520       794470
     6355760            2       11561.058     25423040      1588940
     6355760            4       17431.848     50846080      3177880
     6355760            8       29017.074    101692160      6355760
     6355760           16       55557.789    203384320     12711520
     6355760           32      105651.251    406768640     25423040
     6355760           64      207500.390    813537280     50846080
     6355760          128      415161.056   1627074560    101692160
     6991336            1        6401.860     13982672       873917
     6991336            2       14125.808     27965344      1747834
     6991336            4       20422.242     55930688      3495668
     6991336            8       34201.626    111861376      6991336
     6991336           16       64031.437    223722752     13982672
     6991336           32      118250.786    447445504     27965344
     6991336           64      229316.829    894891008     55930688
     6991336          128      453770.217   1789782016    111861376
     7690464            1        7078.525     15380928       961308
     7690464            2       15569.394     30761856      1922616
     7690464            4       23057.656     61523712      3845232
     7690464            8       38792.623    123047424      7690464
     7690464           16       68869.563    246094848     15380928
     7690464           32      129918.550    492189696     30761856
     7690464           64      259699.398    984379392     61523712
     7690464          128      501652.873   1968758784    123047424
     8459504            1        7871.799     16919008      1057438
     8459504            2       17447.774     33838016      2114876
     8459504            4       25700.849     67676032      4229752
     8459504            8       41372.779    135352064      8459504
     8459504           16       76245.920    270704128     16919008
     8459504           32      143090.547    541408256     33838016
     8459504           64      281848.835   1082816512     67676032
     9305448            1        7883.632     18610896      1163181
     9305448            2       17342.719     37221792      2326362
     9305448            4       26278.827     74443584      4652724
     9305448            8       43484.380    148887168      9305448
     9305448           16       77530.913    297774336     18610896
     9305448           32      147498.286    595548672     37221792
     9305448           64      342669.304   1191097344     74443584
    10235992            1       12221.631     20471984      1279499
    10235992            2       25570.608     40943968      2558998
    10235992            4       30445.567     81887936      5117996
    10235992            8       51338.753    163775872     10235992
    10235992           16       92016.182    327551744     20471984
    10235992           32      188904.695    655103488     40943968
    10235992           64      336124.408   1310206976     81887936
    11259584            1        9645.697     22519168      1407448
    11259584            2       21440.700     45038336      2814896
    11259584            4       31970.061     90076672      5629792
    11259584            8       52612.228    180153344     11259584
    11259584           16       93747.452    360306688     22519168
    11259584           32      177495.078    720613376     45038336
    11259584           64      361526.256   1441226752     90076672
    12385536            1       16492.833     24771072      1548192
    12385536            2       24435.464     49542144      3096384
    12385536            4       36396.635     99084288      6192768
    12385536            8       62911.608    198168576     12385536
    12385536           16      111250.300    396337152     24771072
    12385536           32      210067.637    792674304     49542144
    12385536           64      404301.030   1585348608     99084288
    13624088            1       11803.039     27248176      1703011
    13624088            2       24821.242     54496352      3406022
    13624088            4       36767.262    108992704      6812044
    13624088            8       62801.886    217985408     13624088
    13624088           16      110307.639    435970816     27248176
    13624088           32      223508.577    871941632     54496352
    13624088           64      446885.822   1743883264    108992704
    14986496            1       14851.250     29972992      1873312
    14986496            2       30269.087     59945984      3746624
    14986496            4       46156.627    119891968      7493248
    14986496            8       73507.321    239783936     14986496
    14986496           16      131855.523    479567872     29972992
    14986496           32      300745.158    959135744     59945984
    14986496           64      503556.569   1918271488    119891968
    16485144            1       15475.209     32970288      2060643
    16485144            2       32927.761     65940576      4121286
    16485144            4       50262.480    131881152      8242572
    16485144            8       81630.469    263762304     16485144
    16485144           16      147223.140    527524608     32970288
    16485144           32      277393.227   1055049216     65940576
    16485144           64      546153.230   2110098432    131881152
    18133656            1       16411.167     36267312      2266707
    18133656            2       33343.629     72534624      4533414
    18133656            4       49741.036    145069248      9066828
    18133656            8       84013.440    290138496     18133656
    18133656           16      149875.016    580276992     36267312
    18133656           32      303620.127   1160553984     72534624
    19947016            1       19299.655     39894032      2493377
    19947016            2       38900.123     79788064      4986754
    19947016            4       58719.460    159576128      9973508
    19947016            8      103808.648    319152256     19947016
    19947016           16      177505.523    638304512     39894032
    19947016           32      339560.225   1276609024     79788064
    21941712            1       19763.744     43883424      2742714
    21941712            2       39761.804     87766848      5485428
    21941712            4       60804.172    175533696     10970856
    21941712            8      100866.920    351067392     21941712
    21941712           16      185352.969    702134784     43883424
    21941712           32      371582.452   1404269568     87766848
    24135880            1       27323.768     48271760      3016985
    24135880            2       48090.599     96543520      6033970
    24135880            4       71058.183    193087040     12067940
    24135880            8      124064.928    386174080     24135880
    24135880           16      219159.671    772348160     48271760
    24135880           32      406263.372   1544696320     96543520
    26549464            1       24244.484     53098928      3318683
    26549464            2       49293.354    106197856      6637366
    26549464            4       73635.283    212395712     13274732
    26549464            8      120758.238    424791424     26549464
    26549464           16      217915.916    849582848     53098928
    26549464           32      449722.512   1699165696    106197856
    29204408            1       28649.038     58408816      3650551
    29204408            2       57971.223    116817632      7301102
    29204408            4       87079.741    233635264     14602204
    29204408            8      154185.534    467270528     29204408
    29204408           16      260709.967    934541056     58408816
    29204408           32      497271.318   1869082112    116817632
    32124848            1       30715.641     64249696      4015606
    32124848            2       63046.776    128499392      8031212
    32124848            4       95353.073    256998784     16062424
    32124848            8      158576.589    513997568     32124848
    32124848           16      285774.280   1027995136     64249696
    32124848           32      542687.134   2055990272    128499392
    35337328            1       38703.364     70674656      4417166
    35337328            2       70792.722    141349312      8834332
    35337328            4       95595.166    282698624     17668664
    35337328            8      161654.037    565397248     35337328
    35337328           16      273681.445   1130794496     70674656
    38871056            1       33766.331     77742112      4858882
    38871056            2       71018.443    155484224      9717764
    38871056            4      104596.607    310968448     19435528
    38871056            8      177273.042    621936896     38871056
    38871056           16      324439.090   1243873792     77742112
    42758160            1       37607.369     85516320      5344770
    42758160            2       79030.833    171032640     10689540
    42758160            4      104579.625    342065280     21379080
    42758160            8      175249.661    684130560     42758160
    42758160           16      346803.397   1368261120     85516320
    47033976            1       43617.971     94067952      5879247
    47033976            2       82829.075    188135904     11758494
    47033976            4      132509.520    376271808     23516988
    47033976            8      215544.223    752543616     47033976
    47033976           16      393488.947   1505087232     94067952
    51737368            1       40338.486    103474736      6467171
    51737368            2       82289.615    206949472     12934342
    51737368            4      122004.067    413898944     25868684
    51737368            8      200798.974    827797888     51737368
    51737368           16      391544.420   1655595776    103474736
    56911104            1       53890.722    113822208      7113888
    56911104            2      103603.649    227644416     14227776
    56911104            4      157041.077    455288832     28455552
    56911104            8      262033.794    910577664     56911104
    56911104           16      466878.045   1821155328    113822208
    62602208            1       47554.547    125204416      7825276
    62602208            2       96799.957    250408832     15650552
    62602208            4      152247.061    500817664     31301104
    62602208            8      276529.470   1001635328     62602208
    62602208           16      508570.248   2003270656    125204416
    68862424            1       62482.907    137724848      8607803
    68862424            2      125337.978    275449696     17215606
    68862424            4      190389.021    550899392     34431212
    68862424            8      311690.294   1101798784     68862424
    75748664            1       68040.030    151497328      9468583
    75748664            2      137393.942    302994656     18937166
    75748664            4      207071.854    605989312     37874332
    75748664            8      339605.743   1211978624     75748664
    83323528            1       74710.092    166647056     10415441
    83323528            2      151115.770    333294112     20830882
    83323528            4      228279.314    666588224     41661764
    83323528            8      387865.861   1333176448     83323528
    91655880            1       86987.871    183311760     11456985
    91655880            2      165476.169    366623520     22913970
    91655880            4      248152.633    733247040     45827940
    91655880            8      411678.421   1466494080     91655880
   100821464            1       89559.766    201642928     12602683
   100821464            2      185813.023    403285856     25205366
   100821464            4      276216.822    806571712     50410732
   100821464            8      453503.160   1613143424    100821464
   110903608            1       98091.377    221807216     13862951
   110903608            2      198850.000    443614432     27725902
   110903608            4      303857.700    887228864     55451804
   110903608            8      501037.763   1774457728    110903608
   121993968            1      111624.481    243987936     15249246
   121993968            2      189797.283    487975872     30498492
   121993968            4      314143.659    975951744     60996984
   121993968            8      573655.019   1951903488    121993968
   134193360            1      120011.471    268386720     16774170
   134193360            2      238384.566    536773440     33548340
   134193360            4      370128.450   1073546880     67096680
   134193360            8      589889.266   2147093760    134193360
   147612696            1      132741.759    295225392     18451587
   147612696            2      272441.753    590450784     36903174
   147612696            4      399905.436   1180901568     73806348
   162373960            1      130473.061    324747920     20296745
   162373960            2      292759.094    649495840     40593490
   162373960            4      442020.471   1298991680     81186980
   178611352            1      165782.982    357222704     22326419
   178611352            2      322054.755    714445408     44652838
   178611352            4      478367.865   1428890816     89305676
   196472480            1      157253.001    392944960     24559060
   196472480            2      351708.499    785889920     49118120
   196472480            4      536283.504   1571779840     98236240
   216119728            1      193672.498    432239456     27014966
   216119728            2      388469.387    864478912     54029932
   216119728            4      581327.371   1728957824    108059864
   237731696            1      215698.669    475463392     29716462
   237731696            2      423436.386    950926784     59432924
   237731696            4      657253.051   1901853568    118865848
   261504864            1      215671.048    523009728     32688108
   261504864            2      468556.748   1046019456     65376216
   261504864            4      733376.493   2092038912    130752432
   287655344            1      260038.069    575310688     35956918
   287655344            2      520198.716   1150621376     71913836
   316420872            1      287569.872    632841744     39552609
   316420872            2      572106.838   1265683488     79105218
   348062952            1      298670.640    696125904     43507869
   348062952            2      624024.817   1392251808     87015738
   382869240            1      347546.091    765738480     47858655
   382869240            2      689759.661   1531476960     95717310
   421156160            1      394647.571    842312320     52644520
   421156160            2      762174.663   1684624640    105289040
   463271776            1      392228.643    926543552     57908972
   463271776            2      841733.735   1853087104    115817944
   509598952            1      456353.871   1019197904     63699869
   509598952            2      904815.793   2038395808    127399738
   560558840            1      506588.744   1121117680     70069855
   616614720            1      551822.373   1233229440     77076840
   678276192            1      609802.446   1356552384     84784524
   746103808            1      648861.189   1492207616     93262976
   820714184            1      742545.716   1641428368    102589273
   902785600            1      796358.555   1805571200    112848200
   993064160            1      903801.925   1986128320    124133020

META_DATA
FLOPS          1
OPENMP_THREADS 1
ERT_VERSION  1.1.0
HOSTNAME  ('raspi', [], ['127.0.1.1'])
UNAME  uname_result(system='Linux', node='raspi', release='6.1.21-v8+', version='#1642 SMP PREEMPT Mon Apr  3 17:24:16 BST 2023', machine='aarch64')
TIMESTAMP_DATA  1765908532.0298367
CONFIG  {'ERT_MPI': ['False'], 'ERT_OPENMP': ['True'], 'ERT_OPENMP_CFLAGS': ['-fopenmp'], 'ERT_OPENMP_LDFLAGS': ['-fopenmp'], 'ERT_PRECISION': ['FP64'], 'ERT_TRIALS_MIN': ['1'], 'ERT_TRIALS': ['3', '#', 'Run', 'each', 'test', '3', 'times', 'to', 'filter', 'out', 'background', 'noise'], 'ERT_RESULTS': ['Results/Raspi'], 'ERT_GNUPLOT': ['gnuplot'], 'ERT_DRIVER': ['driver1'], 'ERT_KERNEL': ['kernel1'], 'ERT_CC': ['g++'], 'ERT_LD': ['g++'], 'ERT_CFLAGS': ['-O3', '-march=native', '-fopenmp', '-fstrict-aliasing', '-funroll-loops', '-Wno-all'], 'ERT_LDFLAGS': ['-O3', '-march=native', '-fopenmp'], 'ERT_LDLIBS': ['-lm'], 'ERT_RUN': ['export', 'OMP_NUM_THREADS=ERT_OPENMP_THREADS;', './ERT_CODE'], 'ERT_WORKING_SET_MIN': ['128'], 'ERT_MEMORY_MAX': ['1073741824'], 'ERT_ALIGN': ['64'], 'ERT_MIN_PROCS': ['1'], 'ERT_MAX_PROCS': ['1'], 'ERT_OPENMP_THREADS': ['1,2,4', '#', 'Logical', 'Threads'], 'ERT_NUM_EXPERIMENTS': ['3'], 'ERT_FLOPS': ['1,2,4'], 'ERT_GPU': [False], 'ERT_HIP': [False], 'ERT_OCL': [False], 'ERT_SYCL': [False], 'ERT_WSS_MULT': [1.1]}
