fp64

2048 1 1.112 2.084 2.765 1.481374321880651 1.9654510556621883 3.6834532374100717 0.7406871609403255 0.9827255278310941 1.8417266187050358
2048 2 0.441 0.451 0.481 17.031185031185032 18.164079822616408 18.575963718820862 8.515592515592516 9.082039911308204 9.287981859410431
2048 4 0.521 0.541 0.772 21.22279792746114 30.284658040665438 31.447216890595012 10.61139896373057 15.142329020332719 15.723608445297506
2048 8 0.551 0.551 0.601 54.522462562396015 59.470054446460985 59.470054446460985 27.261231281198008 29.735027223230492 29.735027223230492
2048 16 0.691 0.701 0.801 81.81772784019975 93.48930099857348 94.84225759768454 40.908863920099876 46.74465049928674 47.42112879884227
2048 32 1.002 1.052 1.282 102.2402496099844 124.59315589353612 130.81037924151696 51.1201248049922 62.29657794676806 65.40518962075848
2048 64 1.613 1.623 1.904 137.68067226890759 161.51817621688232 162.5195288282703 68.84033613445379 80.75908810844116 81.25976441413515
2048 128 2.845 2.855 2.895 181.10120898100175 183.6385288966725 184.28400702987696 90.55060449050087 91.81926444833626 92.14200351493848
2048 256 5.32 5.64 5.641 185.88477220351004 185.91773049645394 197.10075187969926 92.94238610175502 92.95886524822697 98.55037593984963
2048 512 10.258 10.27 10.61 197.65805843543828 204.20175267770205 204.44063170208622 98.82902921771914 102.10087633885102 102.22031585104311
2048 1024 20.066 20.117 20.368 205.9261586802828 208.49550131729384 209.02541612678166 102.9630793401414 104.24775065864692 104.51270806339083
2048 2048 39.642 39.842 39.975 209.84635397123202 210.5468600973847 211.60910145804954 104.92317698561601 105.27343004869235 105.80455072902477
2048 4096 79.016 79.117 90.475 185.43482730035925 212.05576551183688 212.32681988458035 92.71741365017962 106.02788275591844 106.16340994229017
2048 8192 157.627 157.993 167.531 200.28789895601412 212.3792319912908 212.87236323726268 100.14394947800706 106.1896159956454 106.43618161863134
2048 16384 315.005 315.546 326.395 205.60628686101197 212.6753753810855 213.04063110109365 102.80314343050598 106.33768769054275 106.52031555054683
2048 32768 629.527 635.781 639.377 209.91954355568 211.1068559771368 213.20408497173273 104.95977177784 105.5534279885684 106.60204248586636
2048 65536 1264.157 1268.446 1271.276 211.15434885894174 211.62545035421297 212.34344784706332 105.57717442947087 105.81272517710649 106.17172392353166
2048 131072 2526.252 2530.928 2540.319 211.3399584855288 212.12413470474073 212.51676871507672 105.6699792427644 106.06206735237036 106.25838435753836
2048 262144 5052.995 5054.587 5058.949 212.24602659564275 212.4291903571944 212.4961184406476 106.12301329782137 106.2145951785972 106.2480592203238
2048 524288 10108.876 10112.695 10185.303 210.84141021626948 212.35522756297902 212.4354525666355 105.42070510813474 106.17761378148951 106.21772628331775

2240 1 0.932 1.362 2.274 1.9700967458223395 3.2892804698972102 4.8068669527897 0.9850483729111698 1.6446402349486051 2.40343347639485
2240 2 0.451 0.461 0.571 15.691768826619969 19.436008676789587 19.866962305986696 7.845884413309984 9.718004338394794 9.933481152993348
2240 4 0.501 0.531 0.591 30.321489001692054 33.747645951035786 35.768463073852296 15.160744500846027 16.873822975517893 17.884231536926148
2240 8 0.561 0.571 0.641 55.91263650546022 62.767075306479875 63.88591800356507 27.95631825273011 31.383537653239937 31.942959001782533
2240 16 0.721 0.732 0.741 96.73414304993253 97.92349726775957 99.41747572815535 48.36707152496626 48.961748633879786 49.708737864077676
2240 32 1.062 1.102 1.172 122.320819112628 130.0907441016334 134.99058380414314 61.160409556314 65.0453720508167 67.49529190207157
2240 64 1.723 1.734 2.034 140.9636184857424 165.3517877739331 166.40742890307604 70.4818092428712 82.67589388696655 83.20371445153802
2240 128 3.096 3.106 3.346 171.3807531380753 184.62330972311656 185.21963824289406 85.69037656903765 92.31165486155828 92.60981912144703
2240 256 5.781 5.841 6.091 188.2909210310294 196.34994007875363 198.38782217609415 94.1454605155147 98.17497003937682 99.19391108804707
2240 512 11.191 11.211 11.451 200.3108898786132 204.59905450004462 204.96470377982308 100.1554449393066 102.29952725002231 102.48235188991154
2240 1024 22.271 22.28 22.302 205.69993722536097 205.90305206463196 205.9862601589511 102.84996861268048 102.95152603231598 102.99313007947555
2240 2048 43.62 43.891 45.373 202.21365129041502 209.0414891435602 210.3402109124255 101.10682564520751 104.5207445717801 105.17010545621275
2240 4096 86.918 87.092 88.241 207.95412563320906 210.69765305653794 211.11944591454014 103.97706281660453 105.34882652826897 105.55972295727007
2240 8192 173.292 173.522 176.629 207.78105520611 211.5014810802089 211.78219421554374 103.890527603055 105.75074054010445 105.89109710777187
2240 16384 346.313 351.251 360.146 203.80712266691845 208.96828763476833 211.94791994525184 101.90356133345922 104.48414381738417 105.97395997262592
2240 32768 694.73 695.528 701.849 209.16271163740348 211.06359485168102 211.30603255941156 104.58135581870174 105.53179742584051 105.65301627970578
2240 65536 1388.651 1392.48 1422.501 206.39794277824763 210.84775364816733 211.42913518227402 103.19897138912381 105.42387682408366 105.71456759113701
2240 131072 2777.419 2780.27 2815.516 208.5594825246953 211.20342988270923 211.42022863673077 104.27974126234766 105.60171494135462 105.71011431836538
2240 262144 5552.919 5559.385 5600.188 209.70815979749253 211.24730883002348 211.49329208655845 104.85407989874626 105.62365441501174 105.74664604327923

2464 1 0.802 1.233 1.453 3.3916035788024774 3.9967558799675587 6.144638403990025 1.6958017894012387 1.9983779399837793 3.0723192019950125
2464 2 0.451 0.561 0.822 11.990267639902678 17.568627450980394 21.853658536585368 5.995133819951339 8.784313725490197 10.926829268292684
2464 4 0.531 0.621 0.702 28.079772079772084 31.742351046698875 37.12241054613936 14.039886039886042 15.871175523349438 18.56120527306968
2464 8 0.591 0.621 0.671 58.75409836065574 63.48470209339775 66.70727580372251 29.37704918032787 31.742351046698875 33.353637901861255
2464 16 0.771 0.791 1.052 74.95057034220532 99.68141592920354 102.26718547341116 37.47528517110266 49.84070796460177 51.13359273670558
2464 32 1.132 1.142 1.192 132.29530201342283 138.08756567425573 139.30742049469967 66.14765100671141 69.04378283712786 69.65371024734984
2464 64 1.893 1.894 2.134 147.7938144329897 166.52164730728617 166.6096143687269 73.89690721649485 83.26082365364309 83.30480718436345
2464 128 3.406 3.507 3.687 171.08326552752916 179.86427145708583 185.19788608338226 85.54163276376458 89.93213572854292 92.59894304169113
2464 256 6.492 6.712 6.723 187.64956120779414 187.95709177592374 194.32655576093654 93.82478060389707 93.97854588796187 97.16327788046827
2464 512 12.453 12.703 12.724 198.2973907576234 198.62520664409982 202.6127037661608 99.1486953788117 99.31260332204991 101.3063518830804
2464 1024 24.515 24.765 24.776 203.675815305134 203.76628306077126 205.84425861717315 101.837907652567 101.88314153038563 102.92212930858658
2464 2048 48.51 48.841 48.889 206.43793082288448 206.64081407014598 208.05079365079368 103.21896541144224 103.32040703507299 104.02539682539684
2464 4096 96.987 97.021 110.977 181.8853275904016 208.0486492615001 208.12158330497903 90.9426637952008 104.02432463075004 104.06079165248951
2464 8192 193.159 193.329 196.879 205.0506961128409 208.81593552958947 208.99971526048492 102.52534805642046 104.40796776479473 104.49985763024246
2464 16384 385.546 385.943 389.76 207.15402298850574 209.20278901288535 209.41820690656886 103.57701149425287 104.60139450644267 104.70910345328443
2464 32768 771.803 777.945 785.791 205.5008316460738 207.57341971476131 209.2252867635912 102.7504158230369 103.78670985738066 104.6126433817956
2464 65536 1549.744 1552.682 1558.456 207.23164978671198 208.00228765452295 208.39661776396622 103.61582489335599 104.00114382726147 104.19830888198311
2464 131072 3097.072 3098.992 3103.806 208.10669739023638 208.42997206833707 208.5591862249247 104.05334869511819 104.21498603416853 104.27959311246235
2464 262144 6192.565 6195.657 6204.844 208.1995344282628 208.5082553795344 208.61236531227368 104.0997672141314 104.2541276897672 104.30618265613684

2704 1 0.571 0.982 3.727 1.4510330024148108 5.507128309572301 9.471103327495623 0.7255165012074054 2.7535641547861505 4.7355516637478114
2704 2 0.47 0.481 0.661 16.363086232980333 22.486486486486484 23.01276595744681 8.181543116490166 11.243243243243242 11.506382978723405
2704 4 0.511 0.541 0.611 35.40425531914894 39.98521256931608 42.332681017612515 17.70212765957447 19.99260628465804 21.166340508806258
2704 8 0.591 0.621 0.711 60.849507735583686 69.6682769726248 73.20473773265653 30.424753867791843 34.8341384863124 36.60236886632826
2704 16 0.792 0.801 0.802 107.89027431421445 108.02496878901373 109.25252525252525 53.945137157107226 54.01248439450686 54.62626262626262
2704 32 1.202 1.212 1.212 142.78547854785478 142.78547854785478 143.97337770382697 71.39273927392739 71.39273927392739 71.98668885191348
2704 64 2.023 2.044 2.324 148.92943201376937 169.33072407045006 171.08848245180425 74.46471600688469 84.66536203522503 85.54424122590213
2704 128 3.696 3.997 3.998 173.1425712856428 173.18588941706278 187.29004329004326 86.5712856428214 86.59294470853139 93.64502164502163
2704 256 7.284 7.294 7.333 188.79694531569615 189.80641623251987 190.06699615595826 94.39847265784807 94.90320811625993 95.03349807797913
2704 512 13.945 13.955 13.956 198.4018343364861 198.41605159441062 198.5583363212621 99.20091716824305 99.20802579720531 99.27916816063104
2704 1024 26.9 27.18 27.21 203.52047041528846 203.74510669610007 205.86587360594794 101.76023520764423 101.87255334805003 102.93293680297397
2704 2048 53.408 53.72 53.76 206.0190476190476 206.1724497393894 207.37687237866984 103.0095238095238 103.0862248696947 103.68843618933492
2704 4096 106.714 106.795 106.849 207.3128246403803 207.41765063907485 207.57508855445397 103.65641232019016 103.70882531953743 103.78754427722698
2704 8192 212.955 214.992 226.01 196.01936197513385 206.06504428071744 208.03613909041812 98.00968098756692 103.03252214035872 104.01806954520906
2704 16384 424.789 428.525 431.752 205.2212195890233 206.76663438539177 208.58513756241334 102.61060979451165 103.38331719269588 104.29256878120667
2704 32768 852.325 855.62 856.401 206.9233268060173 207.1122040158014 207.91287830346403 103.46166340300864 103.5561020079007 103.95643915173201
2704 65536 1703.926 1706.408 1709.106 207.37080555565308 207.6986793310861 208.00122071028906 103.68540277782654 103.84933966554306 104.00061035514453
2704 131072 3409.988 3414.012 3441.989 205.93830369591535 207.62591812799718 207.87092975107245 102.96915184795768 103.81295906399859 103.93546487553623
2704 262144 6815.752 6824.587 6837.058 207.3515760726324 207.73048273836935 207.99975585966155 103.6757880363162 103.86524136918467 103.99987792983077

2960 1 0.902 1.172 1.332 4.444444444444444 5.051194539249147 6.5631929046563195 2.222222222222222 2.5255972696245736 3.2815964523281598
2960 2 0.461 0.551 0.581 20.378657487091225 21.48820326678766 25.683297180043382 10.189328743545612 10.74410163339383 12.841648590021691
2960 4 0.501 0.521 0.561 42.21033868092692 45.451055662188104 47.265469061876246 21.10516934046346 22.725527831094052 23.632734530938123
2960 8 0.611 0.621 0.642 73.76947040498442 76.26409017713367 77.51227495908347 36.88473520249221 38.132045088566834 38.756137479541735
2960 16 0.831 0.831 1.092 86.73992673992673 113.98315282791818 113.98315282791818 43.369963369963365 56.99157641395909 56.99157641395909
2960 32 1.282 1.292 1.572 120.50890585241729 146.625386996904 147.7691107644306 60.25445292620864 73.312693498452 73.8845553822153
2960 64 2.184 2.194 2.244 168.84135472370767 172.68915223336373 173.47985347985346 84.42067736185383 86.34457611668186 86.73992673992673
2960 128 4.017 4.297 4.298 176.30525825965566 176.34628810798233 188.63828727906395 88.15262912982783 88.17314405399117 94.31914363953197
2960 256 7.624 7.914 7.925 191.23280757097794 191.49861005812485 198.7827911857293 95.61640378548897 95.74930502906243 99.39139559286465
2960 512 15.138 15.158 15.168 199.831223628692 199.96305581211243 200.22724270048883 99.915611814346 99.98152790605621 100.11362135024441
2960 1024 29.405 29.626 29.654 204.42705874418292 204.62026598258285 206.1581363713654 102.21352937209146 102.31013299129143 103.0790681856827
2960 2048 58.677 58.717 71.382 169.84898153596146 206.4846637260078 206.62542393101216 84.92449076798073 103.2423318630039 103.31271196550608
2960 4096 116.667 116.767 132.342 183.22467546206042 207.6641516866923 207.84214902243136 91.61233773103021 103.83207584334615 103.92107451121568
2960 8192 232.704 232.722 232.762 208.35290983923494 208.3887213069671 208.4048404840484 104.17645491961747 104.19436065348356 104.2024202420242
2960 16384 464.754 464.773 468.615 206.9786071721989 208.68957534108048 208.69810695550765 103.48930358609945 104.34478767054024 104.34905347775383
2960 32768 931.02 934.563 934.845 207.50665618364542 207.56927034346535 208.35917595755194 103.75332809182271 103.78463517173267 104.17958797877597
2960 65536 1865.687 1869.19 1875.52 206.86162770858218 207.56216328998124 207.95188046012007 103.43081385429109 103.78108164499062 103.97594023006003
2960 131072 3727.117 3735.528 3764.462 206.12407297510242 207.72063279943293 208.1893967911391 103.06203648755121 103.86031639971647 104.09469839556955
2960 262144 7458.171 7467.917 7476.286 207.57532282740385 207.80794430361237 208.07949831131518 103.78766141370193 103.90397215180619 104.03974915565759

3248 1 1.032 1.132 4.228 1.5364238410596027 5.7385159010600715 6.294573643410852 0.7682119205298014 2.8692579505300357 3.147286821705426
3248 2 0.481 0.49 0.621 20.92109500805153 26.514285714285716 27.01039501039501 10.460547504025765 13.257142857142858 13.505197505197504
3248 4 0.601 0.621 0.672 38.666666666666664 41.84219001610306 43.23460898502496 19.333333333333332 20.92109500805153 21.61730449251248
3248 8 0.641 0.651 0.691 75.20694645441391 79.82795698924731 81.07332293291732 37.603473227206955 39.913978494623656 40.53666146645866
3248 16 0.891 0.902 0.991 104.87991927346116 115.22838137472284 116.65095398428731 52.43995963673058 57.61419068736142 58.325476992143656
3248 32 1.392 1.402 1.674 124.1768219832736 148.26818830242513 149.33333333333334 62.0884109916368 74.13409415121257 74.66666666666667
3248 64 2.384 2.405 2.444 170.10801963993455 172.86652806652808 174.38926174496646 85.05400981996728 86.43326403326404 87.19463087248323
3248 128 4.408 4.689 4.699 176.94998935943818 177.3273619108552 188.63157894736844 88.47499467971909 88.6636809554276 94.31578947368422
3248 256 8.485 8.717 8.746 190.14132174708436 190.773890099805 195.9901001767826 95.07066087354218 95.3869450499025 97.9950500883913
3248 512 16.461 16.792 16.801 197.96154990774363 198.06765126250593 202.05042221007233 98.98077495387182 99.03382563125297 101.02521110503616
3248 1024 32.551 32.96 32.971 201.75014406599743 201.81747572815533 204.3532917575497 100.87507203299872 100.90873786407766 102.17664587877485
3248 2048 64.76 64.931 65.271 203.82417919137134 204.89146940598485 205.43248919085852 101.91208959568567 102.44573470299243 102.71624459542926
3248 4096 129.426 129.436 129.781 205.01934797851766 205.56580858493774 205.58169146848397 102.50967398925883 102.78290429246887 102.79084573424198
3248 8192 258.231 261.426 272.406 195.3526427464887 203.55753444569402 206.07607916942584 97.67632137324435 101.77876722284701 103.03803958471292
3248 16384 516.821 521.088 523.164 203.43613857222593 204.24662245148613 205.932932291838 101.71806928611296 102.12331122574307 102.966466145919
3248 32768 1036.059 1039.772 1040.797 204.51723823185503 204.71884990170923 205.45251573510777 102.25861911592752 102.35942495085462 102.72625786755388
3248 65536 2070.155 2077.06 2099.179 202.80398003219355 204.9636775057052 205.6473336537602 101.40199001609678 102.4818387528526 102.8236668268801
3248 131072 4146.24 4156.164 4158.794 204.7333222083133 204.86287644087196 205.3532144786602 102.36666110415665 102.43143822043598 102.6766072393301
3248 262144 8285.558 8303.352 8361.557 203.65673809315658 205.08433509744017 205.52477262243534 101.82836904657829 102.54216754872009 102.76238631121767

3568 1 0.761 1.012 1.152 6.194444444444445 7.051383399209486 9.377135348226018 3.0972222222222223 3.525691699604743 4.688567674113009
3568 2 0.471 0.491 0.651 21.923195084485407 29.06720977596741 30.301486199575372 10.961597542242703 14.533604887983705 15.150743099787686
3568 4 0.631 0.661 0.741 38.52091767881242 43.183055975794254 45.23613312202853 19.26045883940621 21.591527987897127 22.618066561014263
3568 8 0.662 0.671 0.711 80.29254571026723 85.07898658718331 86.23564954682779 40.14627285513362 42.539493293591654 43.11782477341389
3568 16 0.931 0.942 1.072 106.50746268656715 121.20594479830149 122.63802363050482 53.253731343283576 60.602972399150744 61.31901181525241
3568 32 1.493 1.532 1.783 128.07178911946158 149.05483028720624 152.94842598794372 64.03589455973079 74.52741514360312 76.47421299397186
3568 64 2.605 2.615 2.755 165.77277676951 174.6478011472275 175.31823416506717 82.886388384755 87.32390057361376 87.65911708253358
3568 128 4.799 4.849 5.089 179.4867360974651 188.37038564652502 190.33298603875807 89.74336804873255 94.18519282326251 95.16649301937903
3568 256 9.487 9.498 9.527 191.75144326650573 192.33691303432303 192.55992410667227 95.87572163325287 96.16845651716152 96.27996205333613
3568 512 18.104 18.334 18.374 198.8479373027104 199.2817715719428 201.81352187361912 99.4239686513552 99.6408857859714 100.90676093680956
3568 1024 35.886 36.016 36.037 202.77115187168744 202.88938249666816 203.624366048041 101.38557593584372 101.44469124833408 101.8121830240205
3568 2048 71.313 71.42 74.356 196.5480660605735 204.62794735368243 204.9349767924502 98.27403303028674 102.31397367684121 102.4674883962251
3568 4096 142.134 142.184 155.783 187.6267371921198 205.57204748776232 205.64436376940074 93.8133685960599 102.78602374388116 102.82218188470037
3568 8192 283.407 283.666 299.847 194.95980283277805 206.08078514873125 206.26911826454534 97.47990141638903 103.04039257436563 103.13455913227267
3568 16384 566.743 569.888 570.359 204.98707656055223 205.1564939075748 206.29495909080478 102.49353828027611 102.5782469537874 103.14747954540239
3568 32768 1138.527 1138.755 1140.098 205.0985511771795 205.34043582684595 205.38155704695626 102.54927558858975 102.67021791342297 102.69077852347813
3568 65536 2272.293 2273.109 2276.268 205.4524757190278 205.73799848577434 205.8118807741783 102.7262378595139 102.86899924288717 102.90594038708915
3568 131072 4550.162 4555.966 4572.929 204.53625936462169 205.2977989739168 205.55966842499234 102.26812968231084 102.6488994869584 102.77983421249617
3568 262144 9099.452 9099.473 9128.707 204.9205417590903 205.5788927556574 205.5793671970576 102.46027087954515 102.7894463778287 102.7896835985288

3920 1 0.931 1.092 2.445 3.2065439672801634 7.179487179487179 8.421052631578947 1.6032719836400817 3.5897435897435894 4.2105263157894735
3920 2 0.491 0.551 0.801 19.57553058676654 28.457350272232304 31.934826883910382 9.78776529338327 14.228675136116152 15.967413441955191
3920 4 0.581 0.611 0.671 46.73621460506706 51.32569558101473 53.975903614457835 23.36810730253353 25.662847790507364 26.987951807228917
3920 8 0.681 0.692 0.791 79.29203539823008 90.63583815028902 92.09985315712187 39.64601769911504 45.31791907514451 46.049926578560935
3920 16 0.971 0.972 0.982 127.73930753564153 129.05349794238683 129.18640576725025 63.869653767820765 64.52674897119341 64.59320288362512
3920 32 1.582 1.583 1.863 134.66451959205583 158.48389134554643 158.58407079646017 67.33225979602791 79.24194567277321 79.29203539823008
3920 64 2.756 2.775 2.786 180.1005025125628 180.8144144144144 182.0609579100145 90.0502512562814 90.4072072072072 91.03047895500725
3920 128 5.17 5.43 5.49 182.79052823315118 184.81031307550646 194.10444874274663 91.39526411657559 92.40515653775323 97.05222437137331
3920 256 10.199 10.229 10.28 195.2373540856031 196.21077329162185 196.7879203843514 97.61867704280155 98.10538664581092 98.3939601921757
3920 512 19.716 19.756 20.368 197.0777690494894 203.18283053249647 203.59504970582265 98.5388845247447 101.59141526624823 101.79752485291132
3920 1024 38.722 38.782 41.096 195.35137239634028 207.00737455520604 207.32813387738236 97.67568619817014 103.50368727760302 103.66406693869118
3920 2048 76.942 77.161 80.567 199.29152134248514 208.08854213916354 208.68082451716876 99.64576067124257 104.04427106958177 104.34041225858438
3920 4096 153.6 153.86 169.284 189.69684081189007 208.7133757961783 209.06666666666666 94.84842040594503 104.35668789808915 104.53333333333333
3920 8192 305.638 306.999 321.918 199.50819773979705 209.2035478942928 210.13512717659452 99.75409886989853 104.6017739471464 105.06756358829726
3920 16384 611.195 614.891 617.906 207.8804219412014 208.89972369086553 210.16297580968427 103.9402109706007 104.44986184543276 105.08148790484213
3920 32768 1225.797 1229.722 1233.098 208.33795854019712 208.90991622496793 209.57884543688715 104.16897927009856 104.45495811248396 104.78942271844357
3920 65536 2449.837 2462.039 2496.139 205.83879343257726 208.68972424888474 209.72915340898192 102.91939671628863 104.34486212444237 104.86457670449096
3920 131072 4899.03 4924.771 4936.515 208.16395372038772 208.66035801461632 209.7567232697085 104.08197686019386 104.33017900730816 104.87836163485424
3920 262144 9803.619 9822.305 9834.824 208.97262218418953 209.23896783901537 209.6377837612824 104.48631109209477 104.61948391950769 104.8188918806412

4304 1 0.912 1.173 1.563 5.507357645553423 7.338448422847399 9.43859649122807 2.7536788227767115 3.6692242114236997 4.719298245614035
4304 2 0.48 0.491 0.601 28.645590682196342 35.06313645621181 35.86666666666667 14.322795341098171 17.531568228105904 17.933333333333334
4304 4 0.561 0.591 0.681 50.560939794419966 58.26057529610829 61.376114081996434 25.280469897209983 29.130287648054146 30.688057040998217
4304 8 0.711 0.811 0.992 69.41935483870968 84.91245376078913 96.85513361462729 34.70967741935484 42.45622688039457 48.427566807313646
4304 16 1.032 1.042 1.323 104.10279667422525 132.17658349328215 133.45736434108525 52.05139833711262 66.08829174664108 66.72868217054263
4304 32 1.693 1.703 1.984 138.83870967741936 161.74750440399293 162.70289427052566 69.41935483870968 80.87375220199647 81.35144713526283
4304 64 3.006 3.286 3.296 167.14563106796118 167.65429093122336 183.27079174983368 83.57281553398059 83.82714546561168 91.63539587491684
4304 128 5.64 5.921 5.931 185.7737312426235 186.08748522209083 195.35886524822698 92.88686562131176 93.04374261104542 97.67943262411349
4304 256 11.171 11.191 11.221 196.3860618483201 196.91251898847287 197.26506131948798 98.19303092416006 98.45625949423643 98.63253065974399
4304 512 21.4 21.78 40.424 109.02671680189987 202.3551882460973 205.94841121495327 54.51335840094993 101.17759412304865 102.97420560747663
4304 1024 42.668 42.859 43.389 203.15268846942772 205.6649011876152 206.5855442017437 101.57634423471386 102.8324505938076 103.29277210087184
4304 2048 84.444 84.685 84.887 207.6782546208489 208.1736316939245 208.7677514092179 103.83912731042444 104.08681584696225 104.38387570460895
4304 4096 168.648 178.922 184.153 191.46236010274066 197.05999262248352 209.06484512119917 95.73118005137033 98.52999631124176 104.53242256059958
4304 8192 337.126 337.357 341.062 206.7563551495036 209.02704256914777 209.17026868292567 103.3781775747518 104.51352128457388 104.58513434146283
4304 16384 676.025 677.675 680.063 207.38295128539562 208.11373003283285 208.621681150845 103.69147564269781 104.05686501641642 104.3108405754225
4304 32768 1353.023 1354.408 1378.379 204.6367102226601 208.25847455124307 208.47165495338956 102.31835511133005 104.12923727562153 104.23582747669478
4304 65536 2704.019 2706.322 2710.307 208.143906944859 208.45039429897844 208.62793049900907 104.0719534724295 104.22519714948922 104.31396524950453
4304 131072 5408.099 5416.43 5462.461 206.54935129056298 208.3046907280256 208.625577305445 103.27467564528149 104.1523453640128 104.3127886527225

4720 1 1.272 1.923 2.776 3.400576368876081 4.9089963598543935 7.421383647798741 1.7002881844380404 2.4544981799271968 3.7106918238993707
4720 2 0.471 0.491 0.521 36.23800383877159 38.45213849287168 40.08492569002123 18.119001919385795 19.22606924643584 20.042462845010615
4720 4 0.651 0.761 0.932 40.51502145922746 49.61892247043364 58.00307219662058 20.25751072961373 24.80946123521682 29.00153609831029
4720 8 0.772 0.782 0.872 86.60550458715596 96.57289002557545 97.82383419689118 43.30275229357798 48.28644501278772 48.91191709844559
4720 16 1.112 1.162 1.162 129.98278829604132 129.98278829604132 135.82733812949638 64.99139414802066 64.99139414802066 67.91366906474819
4720 32 1.823 1.834 1.883 160.42485395645247 164.711014176663 165.70488206253427 80.21242697822623 82.3555070883315 82.85244103126713
4720 64 3.266 3.266 3.567 169.37482478273057 184.98469075321492 184.98469075321492 84.68741239136529 92.49234537660746 92.49234537660746
4720 128 6.162 6.432 6.452 187.2783632982021 187.86069651741292 196.09217786432976 93.63918164910105 93.93034825870646 98.04608893216488
4720 256 11.952 12.072 12.263 197.06760172877762 200.18555334658714 202.1954484605087 98.53380086438881 100.09277667329357 101.09772423025434
4720 512 23.513 23.814 23.834 202.7892926071998 202.95960359452422 205.557776549143 101.3946463035999 101.47980179726211 102.7788882745715
4720 1024 46.856 46.877 46.928 205.98704398227073 206.21114832433813 206.30356837971655 102.99352199113537 103.10557416216906 103.15178418985828
4720 2048 93.133 93.173 127.062 152.1550109395413 207.49702166936774 207.58614025103884 76.07750546977066 103.74851083468387 103.79307012551942
4720 4096 185.434 185.729 196.184 197.09170982343107 208.1863360056857 208.5175318442141 98.54585491171554 104.09316800284284 104.25876592210705
4720 8192 370.786 370.888 383.649 201.5709150812331 208.50628761243286 208.56364587659726 100.78545754061655 104.25314380621643 104.28182293829863
4720 16384 740.796 747.148 751.41 205.83298066302018 207.00712576357026 208.78212085378428 102.91649033151009 103.50356288178513 104.39106042689214
4720 32768 1487.182 1490.887 1495.67 206.81695828625294 207.48045961900533 207.99735338378218 103.40847914312647 103.74022980950267 103.99867669189109
4720 65536 2976.194 2977.53 3023.99 204.5839569575296 207.77619033225523 207.8694601225592 102.2919784787648 103.88809516612761 103.9347300612796
4720 131072 5949.089 5949.983 5966.028 207.3942126989682 207.9534815477624 207.9847317799414 103.6971063494841 103.9767407738812 103.9923658899707

5184 1 0.951 1.112 2.454 4.224938875305623 9.323741007194243 10.902208201892744 2.1124694376528117 4.661870503597122 5.451104100946372
5184 2 0.491 0.501 0.871 23.807118254879448 41.38922155688622 42.23217922606924 11.903559127439724 20.69461077844311 21.11608961303462
5184 4 0.592 0.681 0.702 59.07692307692308 60.89867841409691 70.05405405405405 29.53846153846154 30.449339207048457 35.027027027027025
5184 8 0.771 0.782 0.942 88.05095541401275 106.06649616368286 107.57976653696498 44.025477707006374 53.03324808184143 53.78988326848249
5184 16 1.162 1.163 1.443 114.96049896049895 142.63800515907135 142.7607573149742 57.480249480249476 71.31900257953568 71.3803786574871
5184 32 1.943 1.954 2.234 148.51208594449417 169.7932446264074 170.75450334534227 74.25604297224709 84.8966223132037 85.37725167267114
5184 64 3.497 3.516 3.797 174.75691335264682 188.7235494880546 189.74892765227338 87.37845667632341 94.3617747440273 94.87446382613669
5184 128 6.612 6.662 6.893 192.5292325547657 199.20504353047133 200.7114337568058 96.26461627738286 99.60252176523566 100.3557168784029
5184 256 12.874 13.184 13.184 201.32038834951456 201.32038834951456 206.16809072549322 100.66019417475728 100.66019417475728 103.08404536274661
5184 512 25.387 25.658 25.697 206.57726582869597 206.8912619845662 209.09977547563713 103.28863291434799 103.4456309922831 104.54988773781857
5184 1024 50.612 50.653 53.8 197.33888475836432 209.59927348824354 209.76906662451592 98.66944237918216 104.79963674412177 104.88453331225796
5184 2048 100.347 100.637 100.704 210.85224022878933 210.99261702952194 211.60237974229426 105.42612011439466 105.49630851476097 105.80118987114713
5184 4096 200.256 200.586 215.41 197.14650201940486 211.71631120816005 212.06519654841802 98.57325100970243 105.85815560408003 106.03259827420901
5184 8192 400.554 403.316 406.52 208.93106366230444 210.59084192047922 212.04296049970793 104.46553183115222 105.29542096023961 106.02148024985397
5184 16384 802.599 805.86 806.278 210.68330278142278 210.79258431985704 211.64904516452174 105.34165139071139 105.39629215992852 105.82452258226087
5184 32768 1605.271 1605.891 1608.311 211.2393834277077 211.55771095298496 211.63942038447092 105.61969171385385 105.77885547649248 105.81971019223546
5184 65536 3212.515 3216.02 3219.45 211.05382844895865 211.27892488230793 211.5094398002811 105.52691422447933 105.63946244115397 105.75471990014054
5184 131072 6425.798 6430.493 6432.028 211.27931905769066 211.32975278878303 211.4841605665164 105.63965952884533 105.66487639439151 105.7420802832582

5696 1 0.912 1.142 1.843 6.181226261530115 9.975481611208409 12.491228070175438 3.0906131307650573 4.987740805604204 6.245614035087719
5696 2 0.501 0.511 0.551 41.3502722323049 44.58708414872798 45.47704590818363 20.67513611615245 22.29354207436399 22.738522954091813
5696 4 0.601 0.661 0.912 49.96491228070175 68.93797276853253 75.82029950083195 24.982456140350877 34.468986384266266 37.910149750415975
5696 8 0.811 0.832 0.861 105.84901277584204 109.53846153846155 112.37484586929716 52.92450638792102 54.769230769230774 56.18742293464858
5696 16 1.232 1.242 1.243 146.6387771520515 146.7568438003221 147.94805194805195 73.31938857602574 73.37842190016104 73.97402597402598
5696 32 2.084 2.094 2.114 172.44276253547778 174.08978032473738 174.92514395393476 86.22138126773889 87.04489016236869 87.46257197696738
5696 64 4.098 4.098 4.108 177.4800389483934 177.9131283552953 177.9131283552953 88.7400194741967 88.95656417764765 88.95656417764765
5696 128 7.243 7.534 7.534 193.54605787098487 193.54605787098487 201.32210410051084 96.77302893549243 96.77302893549243 100.66105205025542
5696 256 14.146 14.396 14.397 202.56664582899216 202.58071686579606 206.16089353880955 101.28332291449608 101.29035843289803 103.08044676940477
5696 512 27.951 28.112 28.132 207.33342812455567 207.48093340922028 208.6760402132303 103.66671406227783 103.74046670461014 104.33802010661515
5696 1024 55.343 55.543 55.591 209.8434638700509 210.0248096069712 210.78380282962615 104.92173193502545 105.0124048034856 105.39190141481308
5696 2048 110.492 110.496 110.541 211.0602943704146 211.14624963799596 211.15389349455165 105.5301471852073 105.57312481899798 105.57694674727583
5696 4096 220.232 220.249 220.311 211.7989206167645 211.85854192300533 211.87489556467725 105.89946030838225 105.92927096150267 105.93744778233862
5696 8192 439.848 449.906 451.885 206.51994202064685 207.42836059087898 212.17162292428293 103.25997101032343 103.71418029543949 106.08581146214146
5696 16384 884.573 885.204 890.235 209.65984037922573 210.8514285972499 211.00183704454017 104.82992018961286 105.42571429862495 105.50091852227008
5696 32768 1763.063 1767.012 1768.254 211.10827743073114 211.2566615280485 211.7298451615172 105.55413871536557 105.62833076402426 105.8649225807586
5696 65536 3529.525 3532.502 3535.764 211.15269910548326 211.34768274724263 211.5259452759224 105.57634955274163 105.67384137362131 105.7629726379612
5696 131072 7057.973 7063.32 7066.855 211.29232508661917 211.39807116200316 211.55822273618784 105.64616254330959 105.69903558100158 105.77911136809392

6256 1 1.113 1.183 2.775 4.508828828828829 10.576500422654266 11.241689128481582 2.2544144144144145 5.288250211327133 5.620844564240791
6256 2 0.511 0.531 0.611 40.95581014729951 47.12617702448211 48.970645792563595 20.477905073649755 23.563088512241055 24.485322896281797
6256 4 0.721 0.751 1.012 49.45454545454545 66.64181091877496 69.41470180305132 24.727272727272727 33.32090545938748 34.70735090152566
6256 8 0.872 0.872 0.992 100.90322580645162 114.78899082568807 114.78899082568807 50.45161290322581 57.39449541284404 57.39449541284404
6256 16 1.332 1.342 1.393 143.71284996410623 149.17436661698957 150.29429429429428 71.85642498205311 74.58718330849479 75.14714714714714
6256 32 2.284 2.294 2.294 174.53530950305145 174.53530950305145 175.2994746059545 87.26765475152573 87.26765475152573 87.64973730297724
6256 64 4.187 4.429 4.488 178.4242424242424 180.80108376608715 191.25101504657272 89.2121212121212 90.40054188304357 95.62550752328636
6256 128 8.215 8.265 8.316 192.58489658489654 193.773260738052 194.95264759586124 96.29244829244827 96.886630369026 97.47632379793062
6256 256 15.91 15.919 15.92 201.19798994974875 201.21062880834222 201.32445003142675 100.59899497487437 100.60531440417111 100.66222501571337
6256 512 30.857 31.208 31.218 205.2067397014543 205.27249423224816 207.6074796642577 102.60336985072715 102.63624711612408 103.80373983212885
6256 1024 61.725 61.765 77.071 166.24006435624295 207.43605601878085 207.57048197650872 83.12003217812148 103.71802800939042 103.78524098825436
6256 2048 122.443 122.733 126.004 203.36319481921208 208.78309827022886 209.27759038899734 101.68159740960604 104.39154913511443 104.63879519449867
6256 4096 244.805 248.193 259.122 197.78001096008828 206.48911129645074 209.3468352362084 98.89000548004414 103.24455564822537 104.6734176181042
6256 8192 488.858 488.981 495.1 207.02545748333668 209.61612823402137 209.66886907854632 103.51272874166834 104.80806411701069 104.83443453927316
6256 16384 982.792 983.206 983.463 208.44364048266178 208.4981255199826 208.58595511562973 104.22182024133089 104.2490627599913 104.29297755781487
6256 32768 1961.407 1964.76 1988.984 206.13198296215555 208.6734339054134 209.0301584525802 103.06599148107777 104.3367169527067 104.5150792262901
6256 65536 3924.118 3927.338 3943.74 207.92101710559015 208.78937132480067 208.96069690055194 103.96050855279508 104.39468566240033 104.48034845027597
6256 131072 7841.28 7848.175 7863.83 208.5463271713656 208.9623210491611 209.1460659484166 104.2731635856828 104.48116052458055 104.5730329742083

6880 1 1.233 2.945 4.028 3.4160873882820266 4.6723259762309 11.159772911597729 1.7080436941410133 2.33616298811545 5.5798864557988646
6880 2 0.661 0.752 1.032 26.666666666666668 36.59574468085107 41.6338880484115 13.333333333333334 18.297872340425535 20.81694402420575
6880 4 0.752 0.852 1.082 50.868761552680226 64.60093896713616 73.19148936170214 25.434380776340113 32.30046948356808 36.59574468085107
6880 8 0.922 0.932 1.042 105.64299424184262 118.11158798283262 119.39262472885032 52.82149712092131 59.05579399141631 59.69631236442516
6880 16 1.442 1.453 1.483 148.45583277140932 151.5209910529938 152.67683772538143 74.22791638570466 75.7604955264969 76.33841886269072
6880 32 2.454 2.474 2.765 159.24773960217 177.97898140662892 179.42950285248574 79.623869801085 88.98949070331446 89.71475142624287
6880 64 4.538 4.579 4.849 181.61270365023714 192.3214675693383 194.0590568532393 90.80635182511857 96.16073378466915 97.02952842661965
6880 128 8.676 9.006 9.016 195.3504880212955 195.56739951143683 203.00599354541265 97.67524401064775 97.78369975571842 101.50299677270633
6880 256 17.302 17.302 17.372 202.77227722772278 203.5926482487574 203.5926482487574 101.38613861386139 101.7963241243787 101.7963241243787
6880 512 33.672 33.742 33.943 207.55737560027106 208.79378815719284 209.22784509384653 103.77868780013553 104.39689407859642 104.61392254692326
6880 1024 66.972 67.285 81.649 172.57088268074318 209.41131009883335 210.3900137370842 86.28544134037159 104.70565504941668 105.1950068685421
6880 2048 133.543 134.175 148.666 189.55564823160643 210.027799515558 211.02176826939635 94.77782411580321 105.013899757779 105.51088413469817
6880 4096 266.765 267.918 268.169 210.16955725680452 210.36645540799796 211.27569208854237 105.08477862840226 105.18322770399898 105.63784604427119
6880 8192 533.3 536.928 544.241 207.11765559742835 209.9386137433697 211.3668104256516 103.55882779871418 104.96930687168485 105.6834052128258
6880 16384 1071.493 1072.904 1078.974 208.94279194864754 210.12489467836826 210.40159851720918 104.47139597432377 105.06244733918413 105.20079925860459
6880 32768 2142.679 2145.422 2149.826 209.73217367359032 210.16269992570227 210.431744559031 104.86608683679516 105.08134996285114 105.2158722795155
6880 65536 4281.563 4285.615 4290.889 210.160495878593 210.4191253764046 210.61826253636812 105.0802479392965 105.2095626882023 105.30913126818406
6880 131072 8566.792 8575.438 8578.493 210.24097356027454 210.31587191231517 210.52813235105978 105.12048678013727 105.15793595615759 105.26406617552989

7568 1 1.152 1.513 3.005 5.0369384359401 10.0039656311963 13.13888888888889 2.51846921797005 5.00198281559815 6.569444444444445
7568 2 0.541 0.672 0.831 36.42839951865223 45.047619047619044 55.95563770794825 18.214199759326114 22.523809523809522 27.977818853974124
7568 4 0.681 0.682 0.712 85.03370786516855 88.77419354838709 88.90455212922173 42.516853932584276 44.387096774193544 44.452276064610864
7568 8 0.962 0.982 1.082 111.9112754158965 123.30753564154786 125.87110187110187 55.95563770794825 61.65376782077393 62.935550935550935
7568 16 1.512 1.522 1.814 133.50385887541344 159.11695137976346 160.16931216931218 66.75192943770672 79.55847568988173 80.08465608465609
7568 32 2.665 2.945 2.966 163.30141604855024 164.46587436332769 181.7455909943715 81.65070802427512 82.23293718166384 90.87279549718575
7568 64 5.24 5.27 5.28 183.46666666666667 183.8148007590133 184.8671755725191 91.73333333333333 91.90740037950665 92.43358778625955
7568 128 9.828 9.828 9.839 196.9110681979876 197.13146113146115 197.13146113146115 98.4555340989938 98.56573056573058 98.56573056573058
7568 256 18.964 19.004 19.016 203.76609171224234 203.89475899810566 204.32482598607888 101.88304585612117 101.94737949905283 102.16241299303944
7568 512 37.33 37.338 37.34 207.5423674343867 207.55348438588035 207.59796410393787 103.77118371719335 103.77674219294018 103.79898205196893
7568 1024 73.717 74.045 74.058 209.2854789489319 209.32222297251673 210.2535914375246 104.64273947446596 104.66111148625836 105.1267957187623
7568 2048 147.359 147.374 160.438 193.21188247173365 210.3391914448953 210.36060233850662 96.60594123586682 105.16959572244765 105.18030116925331
7568 4096 294.036 305.087 311.618 198.95210161158855 203.21107094042029 210.84852194969324 99.47605080579427 101.60553547021014 105.42426097484662
7568 8192 587.05 587.561 590.407 210.0146373603294 211.03189626268593 211.21558981347417 105.0073186801647 105.51594813134297 105.60779490673708
7568 16384 1179.772 1181.724 1186.393 209.02704584399942 209.85291320139055 210.20012680416218 104.51352292199971 104.92645660069527 105.10006340208109
7568 32768 2359.159 2359.683 2362.645 209.92423660770027 210.1877447097767 210.2344301507444 104.96211830385013 105.09387235488835 105.1172150753722
7568 65536 4712.572 4717.406 4719.081 210.20043860234654 210.27507405552967 210.49076724981603 105.10021930117327 105.13753702776484 105.24538362490802
7568 131072 9425.505 9429.633 9436.979 210.22678889080925 210.39056260195918 210.48270538289464 105.11339444540462 105.19528130097959 105.24135269144732

8320 1 0.982 1.102 2.665 6.2439024390243905 15.099818511796734 16.945010183299388 3.1219512195121952 7.549909255898367 8.472505091649694
8320 2 0.571 0.581 0.691 48.16208393632417 57.28055077452669 58.28371278458845 24.081041968162086 28.640275387263344 29.141856392294226
8320 4 0.712 0.761 0.811 82.0715166461159 87.46386333771353 93.48314606741575 41.03575832305795 43.73193166885677 46.74157303370787
8320 8 1.032 1.042 1.312 101.46341463414633 127.75431861804223 128.9922480620155 50.731707317073166 63.87715930902112 64.49612403100775
8320 16 1.623 1.633 1.923 138.45033801352054 163.03735456215554 164.0418977202711 69.22516900676027 81.51867728107777 82.02094886013555
8320 32 2.865 2.895 3.166 168.18698673404927 183.9309153713299 185.8568935427574 84.09349336702464 91.96545768566494 92.9284467713787
8320 64 5.36 5.431 5.661 188.12223988694578 196.0891180261462 198.68656716417908 94.06111994347289 98.0445590130731 99.34328358208954
8320 128 10.609 10.67 10.69 199.244153414406 199.61761949390817 200.76538787821661 99.622076707203 99.80880974695408 100.38269393910831
8320 256 20.627 20.649 23.453 181.633053340724 206.29764153227757 206.5176710137199 90.816526670362 103.14882076613878 103.25883550685995
8320 512 40.374 40.615 40.716 209.2464878671775 209.76683491320938 211.01897260613265 104.62324393358875 104.88341745660469 105.50948630306632
8320 1024 80.409 80.59 80.697 211.15233527888273 211.43268395582578 211.9086171945926 105.57616763944137 105.71634197791289 105.9543085972963
8320 2048 160.708 160.989 174.986 194.75112294697863 211.68353117293728 212.05366254324613 97.37556147348931 105.84176558646864 106.02683127162307
8320 4096 320.766 324.071 334.842 203.5510479569469 210.31638128681675 212.48336793799842 101.77552397847344 105.15819064340837 106.24168396899921
8320 8192 641.21 644.796 647.242 210.60882946409538 211.40776307545332 212.5900718953229 105.30441473204769 105.70388153772666 106.29503594766145
8320 16384 1288.023 1291.575 1297.528 210.11474126184558 211.08318138706616 211.6652885856852 105.05737063092279 105.54159069353308 105.8326442928426
8320 32768 2573.72 2576.011 2578.402 211.47188064545404 211.66816446047784 211.85658113547706 105.73594032272702 105.83408223023892 105.92829056773853
8320 65536 5144.912 5151.814 5215.154 209.10581739292834 211.67671037813088 211.96067882210616 104.55290869646417 105.83835518906544 105.98033941105308

9152 1 1.163 1.443 4.027 4.545319096101316 12.684684684684685 15.738607050730867 2.272659548050658 6.342342342342342 7.869303525365433
9152 2 0.581 0.711 0.912 40.14035087719298 51.488045007032355 63.008605851979354 20.07017543859649 25.744022503516177 31.504302925989677
9152 4 0.761 0.841 0.871 84.05970149253731 87.05826397146255 96.21024967148489 42.02985074626866 43.529131985731276 48.105124835742444
9152 8 1.072 1.092 1.132 129.35689045936397 134.09523809523807 136.59701492537312 64.67844522968198 67.04761904761904 68.29850746268656
9152 16 1.753 1.813 2.043 143.34997552618697 161.53557639271924 167.06446092413006 71.67498776309348 80.76778819635962 83.53223046206503
9152 32 3.115 3.135 3.416 171.46604215456674 186.83508771929826 188.0346709470305 85.73302107728337 93.41754385964913 94.01733547351525
9152 64 5.891 5.911 6.131 191.07095090523566 198.18237184909492 198.85520285180783 95.53547545261783 99.09118592454746 99.42760142590392
9152 128 11.421 11.662 11.702 200.21466415997264 200.90138912707937 205.14070571753788 100.10733207998632 100.45069456353968 102.57035285876894
9152 256 22.662 22.702 63.458 73.84134388099216 206.40577922649985 206.7700997264143 36.92067194049608 103.20288961324992 103.38504986320714
9152 512 44.692 44.723 46.927 199.70694909114155 209.54873331395478 209.69408395238523 99.85347454557078 104.77436665697739 104.84704197619261
9152 1024 88.772 88.802 102.71 182.48754746373285 211.06839936037474 211.1397287432974 91.24377373186643 105.53419968018737 105.5698643716487
9152 2048 176.632 176.988 178.465 210.05010506261732 211.8030148936651 212.22990171656323 105.02505253130866 105.90150744683255 106.11495085828162
9152 4096 353.097 356.482 360.377 208.04097930778047 210.31408037432462 212.3302775158101 104.02048965389024 105.15704018716231 106.16513875790505
9152 8192 707.934 709.083 711.741 210.6754676209464 211.4651853168106 211.80840021809942 105.3377338104732 105.7325926584053 105.90420010904971
9152 16384 1416.441 1416.589 1418.697 211.38603662374703 211.70059629151433 211.72271630092604 105.69301831187352 105.85029814575717 105.86135815046302
9152 32768 2834.428 2835.518 2836.222 211.47338678001933 211.52589121282247 211.60723504001513 105.73669339000966 105.76294560641124 105.80361752000756
9152 65536 5666.25 5669.95 5691.272 210.7737855438995 211.56640605296343 211.7045566291639 105.38689277194975 105.78320302648171 105.85227831458195

10064 1 1.132 1.593 3.517 5.723059425646858 12.635279347143754 17.780918727915196 2.861529712823429 6.317639673571877 8.890459363957598
10064 2 0.591 0.631 0.762 52.82939632545932 63.79714738510302 68.11505922165821 26.41469816272966 31.89857369255151 34.05752961082911
10064 4 0.791 0.821 0.902 89.25942350332595 98.06577344701584 101.7850821744627 44.629711751662974 49.03288672350792 50.89254108723135
10064 8 1.152 1.182 1.463 110.06425153793576 136.23011844331643 139.7777777777778 55.03212576896788 68.11505922165821 69.8888888888889
10064 16 1.893 1.904 2.204 146.1197822141561 169.14285714285717 170.1257263602747 73.05989110707804 84.57142857142858 85.06286318013736
10064 32 3.416 3.427 3.436 187.45518044237488 187.9474759264663 188.55269320843092 93.72759022118744 93.97373796323315 94.27634660421546
10064 64 6.442 6.753 6.762 190.50458444247266 190.75847771360876 199.96771189071717 95.25229222123633 95.37923885680438 99.98385594535858
10064 128 12.513 12.844 12.884 199.96771189071717 200.59047025848648 205.8965875489491 99.98385594535858 100.29523512924324 102.94829377447455
10064 256 24.766 24.885 25.056 205.6500638569604 207.06321076953986 208.05814422999273 102.8250319284802 103.53160538476993 104.02907211499637
10064 512 48.959 49.271 63.458 162.39931923476945 209.16027683627286 210.49318817786312 81.19965961738473 104.58013841813643 105.24659408893156
10064 1024 97.882 112.335 117.995 174.67750328403744 183.4786308808475 210.5706054228561 87.33875164201872 91.73931544042375 105.28530271142805
10064 2048 194.905 195.246 195.343 211.0244237059941 211.12926257132028 211.49864805931097 105.51221185299705 105.56463128566014 105.74932402965548
10064 4096 389.84 390.235 393.441 209.54676304706427 211.26830755826617 211.48237225528425 104.77338152353214 105.63415377913309 105.74118612764212
10064 8192 781.11 784.419 785.77 209.84330783817148 210.20471967150212 211.09520554083292 104.92165391908574 105.10235983575106 105.54760277041646
10064 16384 1565.127 1566.855 1569.644 210.0967811809557 210.4707531966902 210.70312632776768 105.04839059047785 105.2353765983451 105.35156316388384
10064 32768 3132.785 3144.113 3149.719 209.4009986287666 209.77436370766574 210.53289772518704 104.7004993143833 104.88718185383287 105.26644886259352
10064 65536 6256.98 6262.192 6268.773 210.4253269339949 210.64646500778005 210.82193134707163 105.21266346699745 105.32323250389003 105.41096567353581

11056 1 1.293 1.583 3.517 6.287176570941144 13.968414403032218 17.101314771848415 3.143588285470572 6.984207201516109 8.550657385924207
11056 2 0.691 0.821 0.942 46.946921443736734 53.866017052375156 64.00000000000001 23.473460721868367 26.933008526187578 32.00000000000001
11056 4 0.842 0.931 0.982 90.06924643584522 95.0032223415682 105.04513064133018 45.03462321792261 47.5016111707841 52.52256532066509
11056 8 1.243 1.252 1.303 135.76055257099006 141.29073482428115 142.31375703942075 67.88027628549503 70.64536741214057 71.15687851971038
11056 16 2.054 2.064 2.344 150.93515358361776 171.4108527131783 172.2453748782863 75.46757679180888 85.70542635658914 86.12268743914315
11056 32 3.737 3.746 4.048 174.79841897233203 188.8905499199146 189.34546427615734 87.39920948616601 94.4452749599573 94.67273213807867
11056 64 7.143 7.384 7.403 191.1614210455221 191.65330444203684 198.11955760884783 95.58071052276105 95.82665222101842 99.05977880442391
11056 128 14.035 14.086 15.458 183.09846034415838 200.9325571489422 201.66270039187745 91.54923017207919 100.4662785744711 100.83135019593873
11056 256 27.16 27.551 29.103 194.50475895955742 205.4615803419114 208.41944035346097 97.25237947977871 102.7307901709557 104.20972017673049
11056 512 54.04 54.421 55.641 203.4712532125591 208.03263446096176 209.49933382679498 101.73562660627955 104.01631723048088 104.74966691339749
11056 1024 107.51 107.756 108.428 208.82694506953925 210.1292549834812 210.61006418007628 104.41347253476962 105.0646274917406 105.30503209003814
11056 2048 215.373 215.48 225.679 200.66278209315 210.16046036755154 210.26487071267061 100.331391046575 105.08023018377577 105.13243535633531
11056 4096 429.769 430.579 433.835 208.76773888690403 210.34642191096177 210.74286884349502 104.38386944345201 105.17321095548088 105.37143442174751
11056 8192 860.94 865.698 865.998 209.1708110180393 209.24329731615413 210.39968406625317 104.58540550901965 104.62164865807706 105.19984203312659
11056 16384 1726.396 1732.468 1733.811 208.9518453856851 209.1138237473939 209.84930919673124 104.47592269284254 104.55691187369695 104.92465459836562
11056 32768 3450.969 3455.541 3457.084 209.58877944533603 209.6823669578801 209.96016365258572 104.79438972266801 104.84118347894005 104.98008182629286
11056 65536 6891.677 6900.927 6916.074 209.53101889887242 209.99092324842738 210.27277279535883 104.76550944943621 104.99546162421369 105.13638639767942

12160 1 1.422 1.824 3.436 7.077997671711293 13.333333333333334 17.102672292545712 3.5389988358556463 6.666666666666667 8.551336146272856
12160 2 0.631 0.661 0.791 61.49178255372946 73.5854765506808 77.0839936608558 30.74589127686473 36.7927382753404 38.5419968304279
12160 4 0.872 0.892 1.051 92.55946717411989 109.05829596412556 111.55963302752295 46.279733587059944 54.52914798206278 55.779816513761475
12160 8 1.303 1.322 1.613 120.61996280223187 147.1709531013616 149.31696085955488 60.309981401115934 73.5854765506808 74.65848042977744
12160 16 2.204 2.214 2.215 175.67494356659142 175.75429087624212 176.55172413793105 87.83747178329571 87.87714543812106 88.27586206896552
12160 32 4.318 4.328 4.348 178.9880404783809 179.81515711645102 180.2315886984715 89.49402023919045 89.90757855822551 90.11579434923576
12160 64 7.664 7.795 7.965 195.41494036409293 199.6767158434894 203.08977035490608 97.70747018204646 99.8383579217447 101.54488517745304
12160 128 14.947 15.008 15.288 203.62114076399791 207.42004264392327 208.26654178095941 101.81057038199896 103.71002132196163 104.13327089047971
12160 256 29.534 29.865 43.72 142.40439158279963 208.4687761593839 210.80517369811068 71.20219579139982 104.23438807969195 105.40258684905534
12160 512 58.729 59.09 59.33 209.87426259902244 210.7266881028939 212.02199935296022 104.93713129951122 105.36334405144694 106.01099967648011
12160 1024 117.484 117.628 117.949 211.13939075363083 211.7155779236236 211.97507745735592 105.56969537681542 105.8577889618118 105.98753872867796
12160 2048 234.257 235.217 247.491 201.24917673773996 211.75068128579142 212.61844896844065 100.62458836886998 105.87534064289571 106.30922448422032
12160 4096 469.175 474.942 476.148 209.20957349395565 209.7408104568558 212.3189001971546 104.60478674697782 104.8704052284279 106.1594500985773
12160 8192 939.013 942.452 968.786 205.64855396341403 211.3947872146274 212.1689902056734 102.82427698170702 105.6973936073137 106.0844951028367
12160 16384 1880.28 1883.012 1888.724 210.96723502216315 211.60719103223985 211.91465100942415 105.48361751108158 105.80359551611993 105.95732550471207
12160 32768 3761.071 3772.876 3779.894 210.8307164169154 211.22288673150138 211.88585910768504 105.4153582084577 105.61144336575069 105.94292955384252
12160 65536 7523.133 7532.227 7568.686 210.58285678650165 211.60216228215108 211.85794801181902 105.29142839325083 105.80108114107554 105.92897400590951

13376 1 1.602 1.673 4.117 6.497935389846977 15.990436341900777 16.699126092384518 3.2489676949234885 7.9952181709503884 8.349563046192259
13376 2 0.652 0.712 0.931 57.46938775510204 75.14606741573034 82.06134969325153 28.73469387755102 37.57303370786517 41.030674846625764
13376 4 0.911 0.932 1.002 106.7944111776447 114.81545064377683 117.46212952799121 53.39720558882235 57.407725321888414 58.731064763995604
13376 8 1.403 1.422 1.553 137.80811332904057 150.50351617440228 152.5416963649323 68.90405666452028 75.25175808720114 76.27084818246615
13376 16 2.374 2.394 2.685 159.41601489757915 178.79365079365078 180.2999157540017 79.70800744878957 89.39682539682539 90.14995787700084
13376 32 4.378 4.448 4.709 181.79316203015506 192.46043165467626 195.53768844221105 90.89658101507753 96.23021582733813 97.76884422110552
13376 64 8.425 8.716 8.736 195.98534798534797 196.43506195502528 203.21994065281896 97.99267399267399 98.21753097751264 101.60997032640948
13376 128 16.52 16.751 30.335 112.88135816713368 204.4209897916542 207.27941888619853 56.44067908356684 102.2104948958271 103.63970944309926
13376 256 32.851 32.861 32.901 208.15513206285522 208.4085085663857 208.47194910352806 104.07756603142761 104.20425428319285 104.23597455176403
13376 512 64.828 65.08 65.099 210.40298622098646 210.46441303011682 211.28253223915593 105.20149311049323 105.23220651505841 105.64126611957796
13376 1024 129.215 129.531 129.541 211.47009827004578 211.48642409925037 212.00362187052585 105.73504913502289 105.74321204962519 106.00181093526292
13376 2048 258.069 258.66 272.887 200.7720998068798 211.81510863682053 212.3001832843154 100.3860499034399 105.90755431841026 106.1500916421577
13376 4096 518.733 520.016 522.37 209.76739092980074 210.7169625549983 211.23813599674594 104.88369546490037 105.35848127749915 105.61906799837297
13376 8192 1034.573 1037.761 1038.198 211.0891987848175 211.17808821106212 211.82882599874537 105.54459939240876 105.58904410553106 105.91441299937269
13376 16384 2070.453 2073.852 2074.43 211.28925439759357 211.34814249039954 211.69510633663262 105.64462719879678 105.67407124519977 105.84755316831631
13376 32768 4142.314 4144.061 4168.006 210.3186838022786 211.53393639717177 211.62314976604864 105.1593419011393 105.76696819858589 105.81157488302432
13376 65536 8284.227 8288.335 8296.89 211.31039124298383 211.52850023557207 211.63339343550098 105.65519562149191 105.76425011778603 105.81669671775049

14704 1 1.493 1.663 3.757 7.827521959009848 17.683704149128083 19.697253851306094 3.913760979504924 8.841852074564041 9.848626925653047
14704 2 0.691 0.751 1.052 55.90874524714829 78.31691078561917 85.11722141823445 27.954372623574145 39.158455392809586 42.558610709117225
14704 4 1.042 1.072 1.172 100.36860068259386 109.73134328358208 112.89059500959694 50.18430034129693 54.86567164179104 56.44529750479847
14704 8 1.493 1.513 1.623 144.9562538508934 155.49504296100463 157.57803081044875 72.4781269254467 77.74752148050231 78.78901540522438
14704 16 2.645 2.895 2.896 162.47513812154696 162.53126079447324 177.89338374291114 81.23756906077348 81.26563039723662 88.94669187145557
14704 32 4.829 4.959 5.14 183.08482490272374 189.76729179270018 194.87595775522882 91.54241245136187 94.88364589635009 97.43797887761441
14704 64 9.498 9.547 9.588 196.29870671672927 197.14171991201425 198.15877026742473 98.14935335836464 98.57085995600713 99.07938513371236
14704 128 18.445 18.474 20.418 184.3581153883828 203.75793006387354 204.0782867985904 92.1790576941914 101.87896503193677 102.0391433992952
14704 256 35.917 36.206 36.268 207.57825079960296 207.93371264431306 209.6068157140073 103.78912539980148 103.96685632215653 104.80340785700365
14704 512 71.55 71.851 71.874 209.49016334140302 209.55722258562858 210.4387980433264 104.74508167070151 104.77861129281429 105.2193990216632
14704 1024 142.775 143.051 157.904 190.70949437632993 210.51088073484283 210.9178217475048 95.35474718816496 105.25544036742141 105.4589108737524
14704 2048 285.149 285.391 298.915 201.48732582841274 211.03533047643407 211.21443175322375 100.74366291420637 105.51766523821703 105.60721587661187
14704 4096 570.519 572.944 573.706 209.9597494186918 210.23899019799495 211.1326143388739 104.9798747093459 105.11949509899748 105.56630716943695
14704 8192 1145.338 1146.298 1167.119 206.4145438468571 210.16379335914397 210.33994855667063 103.20727192342855 105.08189667957198 105.16997427833532
14704 16384 2287.331 2290.584 2291.366 210.2766088001655 210.34839674074385 210.64755035453985 105.13830440008275 105.17419837037193 105.32377517726992
14704 32768 4577.166 4579.706 4585.221 210.16246414294972 210.4155471988813 210.53231278918 105.08123207147486 105.20777359944066 105.26615639459
14704 65536 9154.862 9160.895 9161.856 210.35941713120138 210.38148434186834 210.52012449778053 105.17970856560069 105.19074217093417 105.26006224889026

16160 1 1.563 1.753 3.246 9.956869993838572 18.436965202509985 20.67818298144594 4.978434996919286 9.218482601254992 10.33909149072297
16160 2 0.781 0.871 0.892 72.46636771300449 74.21354764638347 82.76568501920615 36.233183856502244 37.10677382319174 41.38284250960307
16160 4 1.082 1.102 1.252 103.25878594249201 117.31397459165156 119.48243992606285 51.629392971246006 58.65698729582578 59.741219963031426
16160 8 1.613 1.633 1.673 154.54871488344293 158.33435394978568 160.2975821450713 77.27435744172146 79.16717697489284 80.14879107253564
16160 16 2.815 2.825 2.845 181.76449912126537 183.05132743362833 183.70159857904085 90.88224956063269 91.52566371681417 91.85079928952042
16160 32 5.5 5.531 5.56 186.01438848920867 186.98969444946664 188.04363636363638 93.00719424460434 93.49484722473332 94.02181818181819
16160 64 10.399 10.409 10.429 198.33924633234253 198.72033816889228 198.91143379171075 99.16962316617126 99.36016908444614 99.45571689585537
16160 128 20.146 20.157 20.268 204.1128873100454 205.23689041027933 205.3489526456865 102.0564436550227 102.61844520513966 102.67447632284325
16160 256 39.363 39.624 56.924 145.35029161689272 208.81082172420753 210.19536112593045 72.67514580844636 104.40541086210376 105.09768056296522
16160 512 78.353 78.636 78.656 210.38242473555738 210.4359326517117 211.19599760060242 105.19121236777869 105.21796632585585 105.59799880030121
16160 1024 156.37 156.701 159.842 207.05246430850463 211.20273642159273 211.64980494979858 103.52623215425231 105.60136821079637 105.82490247489929
16160 2048 312.349 315.917 327.097 202.3600338737439 209.52136162346443 211.91474920681674 101.18001693687195 104.76068081173221 105.95737460340837
16160 4096 627.223 627.965 630.692 209.90074394474644 210.81225864498816 211.0616479306403 104.95037197237322 105.40612932249408 105.53082396532015
16160 8192 1254.097 1255.403 1259.808 210.16332647514542 210.9007545784103 211.12038382995894 105.08166323757271 105.45037728920515 105.56019191497947
16160 16384 2508.131 2511.149 2514.928 210.55508547361993 210.87194746309362 211.12568681619902 105.27754273680996 105.43597373154681 105.56284340809951
16160 32768 5012.044 5016.628 5024.507 210.77923863973126 211.11028364072445 211.30336445569912 105.38961931986563 105.55514182036222 105.65168222784956
16160 65536 10017.637 10028.064 10052.593 210.7041954250013 211.2195853556579 211.4394362662572 105.35209771250065 105.60979267782895 105.7197181331286

17776 1 2.064 4.178 4.378 8.120603015075377 8.50933460986118 17.224806201550386 4.060301507537688 4.25466730493059 8.612403100775193
17776 2 0.731 0.752 1.072 66.32835820895522 94.55319148936171 97.26949384404925 33.16417910447761 47.276595744680854 48.634746922024625
17776 4 1.092 1.162 1.333 106.68267066766693 122.38209982788298 130.22710622710622 53.34133533383346 61.19104991394149 65.11355311355311
17776 8 1.733 1.753 1.753 162.24529378208786 162.24529378208786 164.11771494518175 81.12264689104393 81.12264689104393 82.05885747259087
17776 16 3.066 3.086 3.356 169.49702026221695 184.3266364225535 185.529028049576 84.74851013110847 92.16331821127675 92.764514024788
17776 32 5.76 5.771 6.071 187.3931806951079 197.13463871079534 197.51111111111112 93.69659034755395 98.56731935539767 98.75555555555556
17776 64 11.141 11.241 11.431 199.048902108302 202.4133084245174 204.2301409209227 99.524451054151 101.2066542122587 102.11507046046135
17776 128 22.04 22.122 22.201 204.9752713841719 205.7072597414339 206.47259528130672 102.48763569208595 102.85362987071694 103.23629764065336
17776 256 43.641 43.679 43.739 208.08230640846844 208.36814029625222 208.54957494099588 104.04115320423422 104.18407014812611 104.27478747049794
17776 512 86.441 86.748 102.276 177.97551722789316 209.8333563886199 210.57859117779756 88.98775861394658 104.91667819430995 105.28929558889878
17776 1024 172.45 172.915 176.068 206.7681123202399 210.5384032617182 211.10610611771529 103.38405616011995 105.2692016308591 105.55305305885764
17776 2048 345.021 347.855 359.285 202.65387088244705 209.31277687542223 211.03207051165003 101.32693544122353 104.65638843771112 105.51603525582502
17776 4096 692.195 695.268 697.937 208.6448948830625 209.4458424665021 210.37567737415034 104.32244744153125 104.72292123325106 105.18783868707517
17776 8192 1382.879 1383.692 1386.844 210.00342071638914 210.4818008631979 210.60554394129932 105.00171035819457 105.24090043159894 105.30277197064966
17776 16384 2769.069 2770.455 2776.039 209.82557089435704 210.24848553757417 210.3537210520937 104.91278544717852 105.12424276878708 105.17686052604685
17776 32768 5532.359 5533.747 5541.996 210.20728560612457 210.52063565609342 210.5734526627791 105.10364280306229 105.26031782804671 105.28672633138954

19552 1 1.833 2.184 4.007 9.758921886698278 17.9047619047619 21.333333333333332 4.879460943349139 8.95238095238095 10.666666666666666
19552 2 0.841 0.852 0.991 78.91826437941474 91.79342723004694 92.99405469678953 39.45913218970737 45.89671361502347 46.49702734839477
19552 4 1.212 1.262 1.302 120.13517665130567 123.94294770206022 129.05610561056105 60.067588325652835 61.97147385103011 64.52805280528052
19552 8 1.873 1.923 2.144 145.910447761194 162.6791471658866 167.02189001601707 72.955223880597 81.3395735829433 83.51094500800853
19552 16 3.296 3.327 3.356 186.43146603098927 188.05650736399156 189.8252427184466 93.21573301549464 94.02825368199578 94.9126213592233
19552 32 6.282 6.562 6.572 190.40292148508823 190.69308137762874 199.19261381725562 95.20146074254411 95.34654068881437 99.59630690862781
19552 64 12.092 12.423 12.474 200.6297899631233 201.45343314819286 206.96791266953355 100.31489498156165 100.72671657409643 103.48395633476677
19552 128 23.894 24.164 24.255 206.3620696763554 207.13921536169505 209.47986942328617 103.1810348381777 103.56960768084753 104.73993471164309
19552 256 47.508 47.667 47.837 209.26529673683547 210.01162229634755 210.7144901911257 104.63264836841773 105.00581114817378 105.35724509556285
19552 512 94.426 94.702 95.127 210.4686156401442 211.41314861354562 212.0310931311291 105.2343078200721 105.70657430677281 106.01554656556455
19552 1024 189.322 191.135 205.254 195.08753057187678 209.49850105946058 211.5047168316413 97.54376528593839 104.74925052973029 105.75235841582065
19552 2048 378.113 378.423 384.731 208.15840678292105 211.62823612729667 211.8017418073433 104.07920339146052 105.81411806364834 105.90087090367165
19552 4096 757.511 760.683 764.42 209.53138850370215 210.56075132479626 211.4424529808808 104.76569425185107 105.28037566239813 105.7212264904404
19552 8192 1514.61 1518.852 1544.637 207.38851134603146 210.9092709493749 211.49996896890949 103.69425567301573 105.45463547468745 105.74998448445474
19552 16384 3031.223 3033.22 3036.76 210.97483370434276 211.22105749006008 211.3602120332288 105.48741685217138 105.61052874503004 105.6801060166144
19552 32768 6064.72 6071.673 6079.882 210.75406924015957 211.03901214706391 211.28096136342648 105.37703462007978 105.51950607353196 105.64048068171324

21504 1 2.174 3.496 3.637 11.825130602144624 12.302059496567505 19.782888684452622 5.912565301072312 6.151029748283753 9.891444342226311
21504 2 0.771 0.801 1.022 84.16438356164382 107.38576779026216 111.56420233463035 42.08219178082191 53.69288389513108 55.782101167315176
21504 4 1.182 1.192 1.292 133.15170278637768 144.3221476510067 145.54314720812184 66.57585139318884 72.16107382550335 72.77157360406092
21504 8 1.993 2.004 2.034 169.15634218289085 171.688622754491 172.6362267937782 84.57817109144543 85.8443113772455 86.3181133968891
21504 16 3.586 3.877 4.008 171.688622754491 177.48981171008515 191.89291689905187 85.8443113772455 88.74490585504257 95.94645844952593
21504 32 6.862 7.103 7.143 192.67198656026878 193.75700408278192 200.56193529583211 96.33599328013439 96.87850204139096 100.28096764791606
21504 64 13.365 13.585 13.605 202.31620727673646 202.6140596245859 205.94927048260382 101.15810363836823 101.30702981229295 102.97463524130191
21504 128 26.429 26.458 26.59 207.03362166227905 208.0665205230932 208.2948276514435 103.51681083113952 104.0332602615466 104.14741382572176
21504 256 52.297 52.548 68.738 160.1741103901772 209.52363553322675 210.5292464194887 80.0870551950886 104.76181776661338 105.26462320974434
21504 512 103.903 104.173 107.836 204.1998590452168 211.3800696917627 211.92935718891655 102.0999295226084 105.69003484588136 105.96467859445828
21504 1024 207.118 207.446 207.916 211.81723388291425 212.29713756833104 212.63333944900972 105.90861694145713 106.14856878416552 106.31666972450486
21504 2048 414.456 417.942 421.482 208.97780688143263 210.7478645362275 212.52047020672882 104.48890344071631 105.37393226811375 106.26023510336441
21504 4096 831.364 832.789 841.213 209.4127979477255 211.53109371041162 211.89366871791415 104.70639897386275 105.76554685520581 105.94683435895708
21504 8192 1662.766 1665.848 1674.52 210.40150968635785 211.49680883249852 211.8888262088592 105.20075484317893 105.74840441624926 105.9444131044296
21504 16384 3330.795 3332.005 3333.415 211.38774260030627 211.477195262312 211.5540199862195 105.69387130015313 105.738597631156 105.77700999310974
21504 32768 6654.015 6657.546 6692.827 210.56664754669438 211.68252446171607 211.79485528662016 105.28332377334719 105.84126223085804 105.89742764331008

23648 1 1.753 2.103 4.188 11.293218720152819 22.48977650974798 26.98003422703936 5.646609360076409 11.24488825487399 13.49001711351968
23648 2 0.851 0.912 1.012 93.4703557312253 103.71929824561404 111.1539365452409 46.73517786561265 51.85964912280702 55.57696827262045
23648 4 1.262 1.413 1.763 107.30799773114012 133.88818117480537 149.9080824088748 53.65399886557006 66.94409058740268 74.9540412044374
23648 8 2.154 2.204 2.474 152.93775262732416 171.67332123411978 175.65831012070566 76.46887631366208 85.83666061705989 87.82915506035283
23648 16 3.967 4.227 4.328 174.84658040665437 179.0243671634729 190.75775144945803 87.42329020332718 89.51218358173645 95.37887572472901
23648 32 7.734 7.774 7.784 194.43371017471736 194.6838178543864 195.6907163175588 97.21685508735868 97.3419089271932 97.8453581587794
23648 64 14.596 14.808 14.928 202.76956055734192 204.4127498649379 207.38174842422583 101.38478027867096 102.20637493246895 103.69087421211292
23648 128 28.794 28.834 29.154 207.65205460657202 209.95657903863497 210.24824616239496 103.82602730328601 104.97828951931749 105.12412308119748
23648 256 57.217 57.297 72.552 166.8841107068034 211.31605494179453 211.61151406050652 83.4420553534017 105.65802747089727 105.80575703025326
23648 512 114.348 114.744 118.159 204.94039387604838 211.0398103604546 211.7706649875818 102.47019693802419 105.5199051802273 105.8853324937909
23648 1024 228.395 240.347 244.254 198.28172312428865 201.50492413052794 212.04975590533945 99.14086156214432 100.75246206526397 106.02487795266973
23648 2048 456.357 459.127 460.188 210.4839934983094 210.97040252479164 212.25095265329557 105.2419967491547 105.48520126239582 106.12547632664779
23648 4096 916.101 918.887 920.17 210.53111490268103 210.82506989433958 211.4662204276603 105.26555745134051 105.41253494716979 105.73311021383014
23648 8192 1832.639 1836.038 1836.573 210.96293585934237 211.02440799155576 211.41579547308555 105.48146792967118 105.51220399577788 105.70789773654278
23648 16384 3662.8 3669.831 3670.231 211.1304885169353 211.15350107402767 211.5588249426668 105.56524425846764 105.57675053701384 105.7794124713334
23648 32768 7329.133 7335.062 7371.389 210.24468088714355 211.28592069160425 211.4568432582681 105.12234044357177 105.64296034580212 105.72842162913405

26000 1 2.114 2.545 18.565 2.8009695663883645 20.43222003929273 24.597918637653734 1.4004847831941822 10.216110019646365 12.298959318826867
26000 2 0.871 0.962 1.002 103.79241516966066 108.1081081081081 119.40298507462686 51.89620758483033 54.05405405405405 59.70149253731343
26000 4 1.443 1.482 1.543 134.80233311730396 140.35087719298244 144.14414414414415 67.40116655865198 70.17543859649122 72.07207207207207
26000 8 2.355 2.375 15.658 26.567888619236175 175.15789473684208 176.64543524416135 13.283944309618088 87.57894736842104 88.32271762208067
26000 16 4.288 4.298 4.579 181.69906093033413 193.5784085621219 194.02985074626864 90.84953046516706 96.78920428106095 97.01492537313432
26000 32 8.225 8.266 8.515 195.41984732824426 201.30655698040164 202.31003039513678 97.70992366412213 100.65327849020082 101.15501519756839
26000 64 16.019 16.33 16.4 202.9268292682927 203.79669320269446 207.75329296460455 101.46341463414635 101.89834660134723 103.87664648230228
26000 128 31.788 31.959 32.029 207.81167067345217 208.26684189117307 209.38719013464197 103.90583533672608 104.13342094558654 104.69359506732098
26000 256 63.287 63.437 102.737 129.5735713520932 209.84598893390293 210.34335645551215 64.7867856760466 104.92299446695147 105.17167822775608
26000 512 126.01 126.214 126.305 210.79133842682393 210.94331849081715 211.2848186651853 105.39566921341196 105.47165924540857 105.64240933259265
26000 1024 251.458 252.218 268.919 198.00757849017734 211.11895265207085 211.75703298363942 99.00378924508867 105.55947632603542 105.87851649181971
26000 2048 502.482 504.971 513.354 207.4513883207299 210.8952791348414 211.9399301865539 103.72569416036495 105.4476395674207 105.96996509327695
26000 4096 1010.298 1011.177 1013.488 210.1573970288745 210.63770240027213 210.8209656952701 105.07869851443725 105.31885120013607 105.41048284763505
26000 8192 2017.828 2017.96 2021.292 210.7483728229271 211.09635473448432 211.11016399812073 105.37418641146355 105.54817736724216 105.55508199906036
26000 16384 4041.209 4046.004 4057.475 209.97492282762065 210.57023176447674 210.82007884274236 104.98746141381032 105.28511588223837 105.41003942137118
26000 32768 8063.305 8072.242 8098.48 210.4019519712341 211.08584207460578 211.31980000756514 105.20097598561705 105.54292103730289 105.65990000378257

28592 1 1.983 2.615 4.739 12.066680734332138 21.867686424474183 28.837115481593546 6.033340367166069 10.933843212237091 14.418557740796773
28592 2 0.901 0.931 1.272 89.91194968553458 122.84425349087002 126.93451720310766 44.95597484276729 61.42212674543501 63.46725860155383
28592 4 1.542 1.553 1.593 143.58819836785938 147.2865421764327 148.33722438391698 71.79409918392969 73.64327108821635 74.16861219195849
28592 8 2.524 2.605 2.856 160.17927170868347 175.6130518234165 181.2488114104596 80.08963585434174 87.80652591170825 90.6244057052298
28592 16 4.689 4.799 4.969 184.130408532904 190.65305271931652 195.12561313712945 92.065204266452 95.32652635965826 97.56280656856472
28592 32 9.247 9.307 9.337 195.98243547177893 196.61416138390456 197.8899102411593 97.99121773588946 98.30708069195228 98.94495512057965
28592 64 17.863 17.913 32.159 113.80254361143069 204.30837938927036 204.8802552762694 56.901271805715346 102.15418969463518 102.4401276381347
28592 128 34.904 35.225 35.266 207.5526569500369 207.79423704755143 209.70524868209947 103.77632847501845 103.89711852377572 104.85262434104973
28592 256 69.737 69.789 69.85 209.57915533285615 209.76234077003537 209.9187518820712 104.78957766642807 104.88117038501768 104.9593759410356
28592 512 138.326 138.843 139.8 209.4292417739628 210.87276996319585 211.6609169642728 104.7146208869814 105.43638498159793 105.8304584821364
28592 1024 277.014 277.425 290.89 201.3008903709306 211.07115797062266 211.3843199260687 100.6504451854653 105.53557898531133 105.69215996303436
28592 2048 554.429 555.963 561.353 208.6260018206013 210.64860791095813 211.23143269922753 104.31300091030064 105.32430395547907 105.61571634961376
28592 4096 1112.527 1113.668 1114.032 210.25039137116352 210.3191112611658 210.53481308768235 105.12519568558176 105.1595556305829 105.26740654384118
28592 8192 2223.753 2226.4 2238.621 209.2588821421759 210.40753144089112 210.65798584644966 104.62944107108795 105.20376572044556 105.32899292322483
28592 16384 4444.194 4451.453 4457.804 210.1713435583978 210.47120030246302 210.8149770239553 105.0856717791989 105.23560015123151 105.40748851197765
28592 32768 8879.591 8897.917 8908.514 210.3387065452218 210.58921003646134 211.02383116519667 105.1693532726109 105.29460501823067 105.51191558259833

31440 1 2.103 2.785 5.39 11.666048237476808 22.578096947935364 29.90014265335235 5.833024118738404 11.289048473967682 14.950071326676175
31440 2 0.962 0.982 1.092 115.16483516483514 128.0651731160896 130.7276507276507 57.58241758241757 64.0325865580448 65.36382536382536
31440 4 1.573 1.603 1.853 135.73664328116567 156.90580162195883 159.89828353464716 67.86832164058283 78.45290081097941 79.94914176732358
31440 8 2.745 2.835 3.046 165.1477347340775 177.43915343915342 183.25683060109287 82.57386736703874 88.71957671957671 91.62841530054644
31440 16 5.08 5.11 5.39 186.65677179962893 196.8845401174168 198.04724409448815 93.32838589981446 98.4422700587084 99.02362204724407
31440 32 9.797 10.109 10.138 198.47701716314853 199.04639430210702 205.38532203735832 99.23850858157427 99.52319715105351 102.69266101867916
31440 64 19.326 19.546 19.696 204.32168968318436 205.88969610150414 208.233467867122 102.16084484159218 102.94484805075207 104.116733933561
31440 128 38.19 38.482 41.446 194.19582106837814 209.15337040694348 210.75255302435193 97.09791053418907 104.57668520347174 105.37627651217596
31440 256 76.051 76.422 91.277 176.35636578765732 210.63672764387218 211.664277918765 88.17818289382866 105.31836382193609 105.8321389593825
31440 512 152.242 152.468 167.45 192.26372051358615 211.15617703386943 211.46963387238736 96.13186025679308 105.57808851693471 105.73481693619368
31440 1024 303.484 303.994 311.779 206.52167079886715 211.81049625979455 212.166440405425 103.26083539943357 105.90524812989727 106.0832202027125
31440 2048 610.563 610.753 615.163 209.34002857779154 210.8515881215483 210.91720264739266 104.67001428889577 105.42579406077415 105.45860132369633
31440 4096 1216.539 1220.658 1229.242 209.52463388006592 210.99806825499033 211.71247284304079 104.76231694003296 105.49903412749516 105.85623642152039
31440 8192 2440.818 2444.517 2445.722 210.6179524901031 210.72177448551187 211.0411181825109 105.30897624505155 105.36088724275594 105.52055909125545
31440 16384 4871.778 4886.004 4898.012 210.33552388193414 210.85245120552497 211.46815803183148 105.16776194096707 105.42622560276249 105.73407901591574
31440 32768 9750.378 9756.392 9775.937 210.76770850712313 211.1899398876142 211.32020112451022 105.38385425356157 105.5949699438071 105.66010056225511

34576 1 2.595 2.765 5.259 13.149267921658112 25.009764918625677 26.648169556840077 6.574633960829056 12.504882459312839 13.324084778420039
34576 2 1.022 1.042 1.132 122.1766784452297 132.72936660268715 135.32681017612524 61.08833922261485 66.36468330134358 67.66340508806262
34576 4 1.673 1.704 1.753 157.79121505989733 162.3286384976526 165.3365212193664 78.89560752994866 81.1643192488263 82.6682606096832
34576 8 2.966 3.005 3.256 169.9066339066339 184.09850249584028 186.5192178017532 84.95331695331696 92.04925124792014 93.2596089008766
34576 16 5.57 5.581 5.851 189.1013501965476 198.24977602580182 198.64129263913824 94.5506750982738 99.12488801290091 99.32064631956912
34576 32 11.021 11.071 11.091 199.5188891894329 199.87932436094303 200.78613555938665 99.75944459471646 99.93966218047152 100.39306777969333
34576 64 21.169 21.45 21.479 206.04907118580942 206.3276456876457 209.06646511408192 103.02453559290471 103.16382284382286 104.53323255704096
34576 128 42.077 42.307 42.368 208.91842900302115 209.21965632164893 210.36328635596647 104.45921450151057 104.60982816082446 105.18164317798323
34576 256 83.703 83.996 84.056 210.60854668316364 210.758988523263 211.4967444416568 105.30427334158182 105.3794942616315 105.7483722208284
34576 512 167.06 167.305 167.515 211.3591260484136 211.62442246197068 211.93477792409917 105.6795630242068 105.81221123098534 105.96738896204958
34576 1024 334.179 341.875 347.014 204.05991689096118 207.1273067641682 211.89736039667366 102.02995844548059 103.5636533820841 105.94868019833683
34576 2048 667.677 667.75 674.62 209.93047345172099 212.0902972669412 212.1134860119489 104.96523672586049 106.0451486334706 106.05674300597445
34576 4096 1340.474 1342.824 1343.036 210.90022307667107 210.93351921026135 211.3033091279652 105.45011153833553 105.46675960513068 105.6516545639826
34576 8192 2679.656 2682.442 2689.047 210.66689574410563 211.18562265279175 211.4051893228086 105.33344787205282 105.59281132639587 105.7025946614043
34576 16384 5358.776 5364.139 5413.206 209.30043452992552 211.21495322921348 211.42633467045462 104.65021726496276 105.60747661460674 105.71316733522731

38032 1 2.255 2.875 3.426 22.201984821949793 26.457043478260868 33.73126385809312 11.100992410974897 13.228521739130434 16.86563192904656
38032 2 1.092 1.132 1.253 121.41101356743815 134.3886925795053 139.3113553113553 60.70550678371907 67.19434628975264 69.65567765567765
38032 4 1.794 1.854 1.944 156.5102880658436 164.1078748651564 169.59643255295427 78.2551440329218 82.0539374325782 84.79821627647713
38032 8 3.216 3.246 3.537 172.04184337008763 187.46518792359828 189.21393034825869 86.02092168504382 93.73259396179914 94.60696517412934
38032 16 6.091 6.382 6.412 189.8041172800998 190.69633343779378 199.80692825480216 94.9020586400499 95.34816671889689 99.90346412740108
38032 32 11.792 12.112 12.132 200.630398944939 200.96169088507264 206.41519674355493 100.3151994724695 100.48084544253632 103.20759837177746
38032 64 23.503 23.543 23.604 206.24029825453312 206.774667629444 207.1265795855848 103.12014912726656 103.387333814722 103.5632897927924
38032 128 46.435 46.465 46.506 209.353459768632 209.53819003551058 209.67356519866476 104.676729884316 104.76909501775529 104.83678259933238
38032 256 91.981 92.282 106.654 182.57528081459674 211.00955766021542 211.70006849240602 91.28764040729837 105.50477883010771 105.85003424620301
38032 512 183.691 183.932 193.109 201.67246477378058 211.7345975686667 212.01239037296327 100.83623238689029 105.86729878433334 106.00619518648163
38032 1024 366.969 370.255 370.308 210.33716797908767 210.36727660666295 212.25099667819353 105.16858398954383 105.18363830333148 106.12549833909677
38032 2048 733.968 736.519 739.413 210.67937945370178 211.50720076467815 212.2423211911146 105.33968972685089 105.75360038233907 106.1211605955573
38032 4096 1472.704 1475.449 1478.646 210.70502608467476 211.1615813220247 211.55516926687235 105.35251304233738 105.58079066101234 105.77758463343618
38032 8192 2945.852 2947.975 2952.05 211.07917819820122 211.37095395992165 211.52328358654816 105.53958909910061 105.68547697996082 105.76164179327408
38032 16384 5896.484 5900.521 5918.479 210.56635936361351 211.20720966843436 211.35181168981376 105.28317968180676 105.60360483421718 105.67590584490688

41824 1 3.286 3.326 5.12 16.3375 25.149729404690316 25.455873402312843 8.16875 12.574864702345158 12.727936701156422
41824 2 1.243 1.262 1.353 123.64818920916481 132.56418383518226 134.59050683829443 61.824094604582406 66.28209191759113 67.29525341914722
41824 4 1.974 2.084 2.154 155.33519034354688 160.552783109405 169.49949341438702 77.66759517177344 80.2763915547025 84.74974670719351
41824 8 3.547 3.807 3.847 173.94957109435924 175.7772524297347 188.66196786016351 86.97478554717962 87.88862621486734 94.33098393008176
41824 16 6.732 6.952 7.083 188.95496258647466 192.51553509781357 198.80689245395126 94.47748129323733 96.25776754890678 99.40344622697563
41824 32 13.235 13.274 13.294 201.34918008123964 201.65255386469792 202.24676992822063 100.67459004061982 100.82627693234896 101.12338496411031
41824 64 25.818 25.877 25.888 206.79357231149567 206.8814777601731 207.3542489735843 103.39678615574783 103.44073888008656 103.67712448679215
41824 128 51.095 51.194 66.493 161.02362654715537 209.14450912216273 209.54974067912713 80.51181327357769 104.57225456108137 104.77487033956356
41824 256 101.118 101.736 104.694 204.53787227539306 210.48486278210268 211.77127712177852 102.26893613769653 105.24243139105134 105.88563856088926
41824 512 201.745 203.378 216.605 197.7229334502897 210.5821475282479 212.28667872809734 98.86146672514485 105.29107376412395 106.14333936404867
41824 1024 404.411 408.254 418.083 204.876907216988 209.80946175665147 211.80321999154324 102.438453608494 104.90473087832574 105.90160999577162
41824 2048 811.58 815.436 816.016 209.93596203996 210.08528443679208 211.08344710318144 104.96798101998 105.04264221839604 105.54172355159072
41824 4096 1621.492 1624.891 1632.684 209.85212570221793 210.8585794370207 211.30058489341914 104.92606285110897 105.42928971851035 105.65029244670957
41824 8192 3245.321 3249.471 3252.628 210.67408138895686 210.87876026590175 211.14842445477657 105.33704069447843 105.43938013295087 105.57421222738829
41824 16384 6488.781 6494.175 6496.588 210.95517092972497 211.03355422359266 211.20898239592304 105.47758546486249 105.51677711179633 105.60449119796152

46000 1 3.156 3.496 5.651 16.280304370907803 26.31578947368421 29.15082382762991 8.140152185453902 13.157894736842104 14.575411913814955
46000 2 1.232 1.272 1.623 113.37030191004314 144.65408805031447 149.35064935064935 56.68515095502157 72.32704402515724 74.67532467532467
46000 4 2.104 2.274 2.284 161.12084063047288 161.82937554969217 174.90494296577947 80.56042031523644 80.91468777484609 87.45247148288973
46000 8 3.827 3.837 4.078 180.48062775870523 191.81652332551474 192.31774235693754 90.24031387935261 95.90826166275737 96.15887117846877
46000 16 7.334 7.363 7.614 193.32807985290253 199.9185114763004 200.70902645214073 96.66403992645127 99.9592557381502 100.35451322607037
46000 32 14.196 14.537 14.847 198.2892166767697 202.5177134209259 207.3823612285151 99.14460833838486 101.25885671046295 103.69118061425755
46000 64 28.061 28.353 28.393 207.37505723241642 207.66761894684865 209.82858771961085 103.68752861620821 103.83380947342432 104.91429385980543
46000 128 55.894 56.092 56.174 209.63435041122227 209.940811523925 210.68450996529145 104.81717520561114 104.9704057619625 105.34225498264573
46000 256 111.503 111.587 125.639 187.45771615501556 211.06401283303612 211.22301642108283 93.72885807750778 105.53200641651806 105.61150821054142
46000 512 222.515 234.115 237.433 198.38859804660683 201.20026482711486 211.68909961126218 99.19429902330342 100.60013241355743 105.84454980563109
46000 1024 444.931 447.952 452.43 208.22668700130404 210.30824731221202 211.73620179308702 104.11334350065202 105.15412365610601 105.86810089654351
46000 2048 892.759 895.403 895.913 210.30613463584075 210.42591994889452 211.04911851910762 105.15306731792037 105.21295997444726 105.52455925955381
46000 4096 1785.446 1786.928 1795.112 209.9211636934074 210.88258732304826 211.05762929822578 104.9605818467037 105.44129366152413 105.52881464911289
46000 8192 3570.831 3579.067 3593.839 209.71000648610024 210.57554943788423 211.061234765801 104.85500324305012 105.28777471894212 105.5306173829005
46000 16384 7136.764 7145.242 7152.422 210.74371730303386 210.95548618227346 211.20608724065977 105.37185865151693 105.47774309113673 105.60304362032988

50592 1 3.436 5.069 5.911 17.11791575029606 19.961333596370093 29.448195576251457 8.55895787514803 9.980666798185046 14.724097788125729
50592 2 1.352 1.373 1.402 144.3423680456491 147.39111434814274 149.68047337278105 72.17118402282455 73.69555717407137 74.84023668639053
50592 4 2.314 2.344 2.465 164.19310344827588 172.6689419795222 174.90751944684527 82.09655172413794 86.3344709897611 87.45375972342264
50592 8 4.178 4.218 18.585 43.55512510088781 191.9089615931721 193.7462900909526 21.777562550443903 95.95448079658605 96.8731450454763
50592 16 7.964 8.245 8.305 194.93606261288383 196.35463917525774 203.28277247614264 97.46803130644192 98.17731958762887 101.64138623807132
50592 32 15.879 15.88 15.899 203.6535631171772 203.89722921914358 203.91006990364636 101.8267815585886 101.94861460957179 101.95503495182318
50592 64 30.838 31.088 31.127 208.0436919716002 208.30468347915595 209.99338478500553 104.0218459858001 104.15234173957798 104.99669239250277
50592 128 61.224 61.534 61.673 210.00359963030823 210.4779796535249 211.54370834966682 105.00179981515411 105.23898982676245 105.77185417483341
50592 256 122.427 122.724 125.743 206.00036582553304 211.06795736775203 211.5799946090323 103.00018291276652 105.53397868387601 105.78999730451615
50592 512 244.233 246.409 263.731 196.43579253102592 210.24478813679696 212.11796931618576 98.21789626551296 105.12239406839848 106.05898465809288
50592 1024 488.047 491.692 495.61 209.0603821553237 210.72625952832263 212.30007765645522 104.53019107766185 105.36312976416131 106.15003882822761
50592 2048 977.976 981.719 988.325 209.67276149040043 211.08365224672232 211.89153108051732 104.83638074520022 105.54182612336116 105.94576554025866
50592 4096 1959.046 1964.081 1968.095 210.58417606873653 211.01454777068767 211.55688227841512 105.29208803436826 105.50727388534384 105.77844113920756
50592 8192 3918.832 3928.291 3978.826 208.3276142259048 211.0076183256281 211.51693361695527 104.1638071129524 105.50380916281405 105.75846680847764
50592 16384 7842.406 7853.172 7881.287 210.34618533749625 211.0992419368887 211.38903749691104 105.17309266874813 105.54962096844434 105.69451874845552

55648 1 3.337 3.777 6.411 17.360162221182346 29.466772570823405 33.352112676056336 8.680081110591173 14.733386285411703 16.676056338028168
55648 2 1.483 1.522 2.295 96.98997821350763 146.2496714848883 150.0957518543493 48.49498910675381 73.12483574244415 75.04787592717464
55648 4 2.514 2.525 2.675 166.42392523364487 176.31049504950496 177.08194112967382 83.21196261682243 88.15524752475248 88.54097056483691
55648 8 4.538 4.779 4.849 183.6188904928851 186.3084327265118 196.20273248126927 91.80944524644255 93.1542163632559 98.10136624063463
55648 16 8.786 9.037 9.077 196.18111710917705 197.0494633174726 202.678807193262 98.09055855458853 98.5247316587363 101.339403596631
55648 32 17.112 17.403 17.532 203.14122746976955 204.64701488249153 208.12716222533896 101.57061373488477 102.32350744124577 104.06358111266948
55648 64 33.852 34.152 34.223 208.13324372498028 208.56594050128834 210.4142738981449 104.06662186249014 104.28297025064417 105.20713694907245
55648 128 67.583 67.656 81.872 174.00195427008012 210.56355681683812 210.79099773611708 87.00097713504006 105.28177840841906 105.39549886805854
55648 256 134.395 134.72 152.227 187.16637652978775 211.48883610451304 212.00026786710814 93.58318826489388 105.74441805225652 106.00013393355407
55648 512 268.7 268.939 272.296 209.27061726944208 211.88281357482552 212.07127651656126 104.63530863472104 105.94140678741276 106.03563825828063
55648 1024 536.796 540.494 542.458 210.0938763922737 210.85729721329008 212.3098979873173 105.04693819613685 105.42864860664504 106.15494899365865
55648 2048 1076.582 1081.921 1082.534 210.55616544145497 210.67546336562467 211.72024796996416 105.27808272072748 105.33773168281233 105.86012398498208
55648 4096 2156.32 2157.917 2172.186 209.86619746191164 211.25391569740634 211.4103732284633 104.93309873095582 105.62695784870317 105.70518661423165
55648 8192 4309.007 4311.779 4323.445 210.8820239415559 211.45258882702473 211.58861705260637 105.44101197077795 105.72629441351236 105.79430852630318
55648 16384 8613.579 8623.455 8705.287 209.4673804551188 211.45511445238594 211.69756079325447 104.7336902275594 105.72755722619297 105.84878039662723

61200 1 4.008 5.06 6.191 19.77063479244064 24.1897233201581 30.538922155688617 9.88531739622032 12.09486166007905 15.269461077844309
61200 2 1.513 1.533 1.603 152.71366188396755 159.68688845401172 161.79775280898875 76.35683094198377 79.84344422700586 80.89887640449437
61200 4 2.675 2.765 2.845 172.09138840070295 177.07052441229655 183.02803738317758 86.04569420035148 88.53526220614827 91.51401869158879
61200 8 4.949 4.98 5.3 184.75471698113208 196.62650602409636 197.858153162255 92.37735849056604 98.31325301204818 98.9290765811275
61200 16 9.567 9.648 9.978 196.27179795550208 202.98507462686567 204.70366886171212 98.13589897775104 101.49253731343283 102.35183443085606
61200 32 18.795 19.075 19.115 204.90714098875227 205.33682830930536 208.39584996009575 102.45357049437614 102.66841415465268 104.19792498004787
61200 64 37.169 37.448 37.529 208.73457859255504 209.18607135227515 210.75627539078266 104.36728929627752 104.59303567613757 105.37813769539133
61200 128 74.067 74.318 74.396 210.59196731007043 210.8129928146613 211.52740086678278 105.29598365503522 105.40649640733065 105.76370043339139
61200 256 147.659 147.835 161.149 194.44365152746835 211.9552203470085 212.20785729281656 97.22182576373417 105.97761017350425 106.10392864640828
61200 512 295.209 295.369 304.996 205.4741701530512 212.17121634294728 212.2862107862565 102.7370850765256 106.08560817147364 106.14310539312825
61200 1024 590.437 593.392 597.921 209.622341412996 211.22226116968204 212.2793795104304 104.811170706498 105.61113058484102 106.1396897552152
61200 2048 1186.202 1186.335 1186.614 211.2525218815891 211.30220384629973 211.32589558945273 105.62626094079455 105.65110192314987 105.66294779472636
61200 4096 2370.231 2374.107 2385.192 210.19289013211514 211.17430680251564 211.51963669363866 105.09644506605757 105.58715340125782 105.75981834681933
61200 8192 4744.42 4746.401 4763.811 210.48290958646345 211.25496981818435 211.34317788054176 105.24145479323172 105.62748490909217 105.67158894027088
61200 16384 9476.378 9492.961 9506.394 210.95292284329895 211.25143145536993 211.62110671397866 105.47646142164947 105.62571572768496 105.81055335698933

67312 1 4.208 4.799 6.422 20.962939894113983 28.05251093977912 31.992395437262353 10.481469947056992 14.02625546988956 15.996197718631176
67312 2 1.654 1.763 1.804 149.25055432372505 152.7214974475326 162.78597339782345 74.62527716186253 76.3607487237663 81.39298669891173
67312 4 2.946 3.046 3.296 163.37864077669903 176.78791858174657 182.78886625933467 81.68932038834951 88.39395929087328 91.39443312966733
67312 8 5.47 5.51 5.811 185.3367750817415 195.46134301270416 196.890676416819 92.66838754087075 97.73067150635208 98.4453382084095
67312 16 10.519 10.82 10.88 197.97647058823526 199.07430683918668 204.77079570301356 98.98823529411763 99.53715341959334 102.38539785150678
67312 32 20.938 20.969 20.989 205.24884463290292 205.44460870809286 205.74878211863597 102.62442231645146 102.72230435404643 102.87439105931799
67312 64 41.226 41.255 41.275 208.7446638400969 208.84586110774447 208.99277155193323 104.37233192004845 104.42293055387223 104.49638577596662
67312 128 81.709 81.812 95.808 179.85838343353373 210.62768298049187 210.89319414018038 89.92919171676687 105.31384149024593 105.44659707009019
67312 256 162.837 162.947 166.188 207.3780537704287 211.50278311352767 211.64565792786652 103.68902688521435 105.75139155676383 105.82282896393326
67312 512 325.213 325.294 325.554 211.72367103460562 211.89289688712364 211.94567252846593 105.86183551730281 105.94644844356182 105.97283626423297
67312 1024 653.725 656.538 658.132 209.46402241495628 209.97257736795126 210.87609621782855 104.73201120747814 104.98628868397563 105.43804810891427
67312 2048 1305.3 1306.857 1310.622 210.36572863876845 210.97178344684994 211.22343675783344 105.18286431938422 105.48589172342497 105.61171837891672
67312 4096 2613.276 2615.049 2631.825 209.51997340248687 210.86408094073954 211.00714352406712 104.75998670124343 105.43204047036977 105.50357176203356
67312 8192 5221.672 5224.201 5228.825 210.91541751731987 211.10210116341233 211.20434374277053 105.45770875865993 105.55105058170616 105.60217187138527

74032 1 4.599 5.56 6.852 21.608873321657907 26.630215827338134 32.19482496194825 10.804436660828953 13.315107913669067 16.097412480974125
74032 2 1.814 1.934 1.974 150.01418439716312 153.11685625646328 163.24586549062843 75.00709219858156 76.55842812823164 81.62293274531422
74032 4 3.317 3.376 3.717 159.33709981167607 175.43127962085308 178.55170334639735 79.66854990583803 87.71563981042654 89.27585167319867
74032 8 6.181 6.341 6.933 170.85129092744845 186.80208169058508 191.63759909399775 85.42564546372422 93.40104084529254 95.81879954699887
74032 16 11.621 11.672 13.104 180.7863247863248 202.96641535298147 203.85715515015917 90.3931623931624 101.48320767649074 101.92857757507959
74032 32 23.073 23.133 23.263 203.67312900313803 204.8177063070073 205.35032288822433 101.83656450156901 102.40885315350366 102.67516144411216
74032 64 45.553 45.595 45.663 207.5224142084401 207.83191139379318 208.02353302746252 103.76120710422005 103.91595569689659 104.01176651373126
74032 128 90.177 90.525 93.924 201.78220689067754 209.3586523059928 210.16658349690053 100.89110344533877 104.6793261529964 105.08329174845026
74032 256 180.094 180.204 180.428 210.08038663622054 210.34152405052052 210.46999900052194 105.04019331811027 105.17076202526026 105.23499950026097
74032 512 359.746 363.595 370.578 204.56899222295982 208.4978286280064 210.7285918397981 102.28449611147991 104.2489143140032 105.36429591989905
74032 1024 722.112 722.632 743.304 203.97782872149216 209.8129282954533 209.96401666223522 101.98891436074608 104.90646414772665 104.98200833111761
74032 2048 1445.646 1448.669 1449.163 209.2484227102127 209.31977698149126 209.75748696430526 104.62421135510635 104.65988849074563 104.87874348215263
74032 4096 2883.916 2886.226 2892.315 209.6832965980538 210.12566029132853 210.29396972727358 104.8416482990269 105.06283014566426 105.14698486363679
74032 8192 5767.244 5774.594 5778.388 209.90980321847547 210.0477172940643 210.31541027222016 104.95490160923774 105.02385864703216 105.15770513611008

81424 1 4.749 6.232 7.453 21.849993291292094 26.130937098844672 34.29100863339651 10.924996645646047 13.065468549422336 17.145504316698254
81424 2 2.003 2.014 2.164 150.50646950092423 161.7159880834161 162.60409385921116 75.25323475046211 80.85799404170805 81.30204692960558
81424 4 3.506 3.657 3.827 170.20956362686178 178.12195788898003 185.79349686252138 85.10478181343089 89.06097894449002 92.89674843126069
81424 8 6.642 6.853 6.873 189.55099665357193 190.1041879468846 196.1433303221921 94.77549832678596 95.0520939734423 98.07166516109605
81424 16 12.723 13.004 13.054 199.59920330933045 200.36665641341125 204.79195158374597 99.79960165466522 100.18332820670562 102.39597579187298
81424 32 25.017 25.287 25.306 205.92491899154348 206.0796456677344 208.30379342047408 102.96245949577174 103.0398228338672 104.15189671023704
81424 64 49.57 49.763 49.851 209.0684640227879 209.43817695878465 210.25362114181965 104.53423201139395 104.71908847939233 105.12681057090983
81424 128 98.593 98.703 98.974 210.60626022995936 211.18450300396137 211.4201211039323 105.30313011497968 105.59225150198068 105.71006055196615
81424 256 196.786 197.09 211.626 196.99416895844556 211.52310112131514 211.84986736861362 98.49708447922278 105.76155056065757 105.92493368430681
81424 512 393.361 396.784 398.978 208.97938232183228 210.13492479535464 211.96350426198833 104.48969116091614 105.06746239767732 105.98175213099417
81424 1024 787.626 789.106 794.107 209.99229574855784 211.32313276036425 211.72022254217106 104.99614787427892 105.66156638018212 105.86011127108553
81424 2048 1577.365 1579.553 1583.829 210.57368188106167 211.1437248386094 211.4366072532356 105.28684094053084 105.5718624193047 105.7183036266178
81424 4096 3157.12 3159.839 3166.415 210.65634416208866 211.09474501707209 211.27654571254814 105.32817208104433 105.54737250853604 105.63827285627407
81424 8192 6309.299 6310.178 6316.367 211.2053995595886 211.41254905963035 211.44200266939322 105.6026997797943 105.70627452981518 105.72100133469661

89552 1 5.2 6.251 9.086 19.712084525643846 28.652055671092626 34.44307692307692 9.856042262821923 14.326027835546313 17.22153846153846
89552 2 2.074 2.093 2.224 161.06474820143882 171.145723841376 172.7135969141755 80.53237410071941 85.572861920688 86.35679845708775
89552 4 3.777 3.867 4.368 164.014652014652 185.2640289630204 189.67858088429972 82.007326007326 92.6320144815102 94.83929044214986
89552 8 7.103 7.173 7.824 183.13292433537833 199.75352014498816 201.72208925805998 91.56646216768917 99.87676007249408 100.86104462902999
89552 16 13.875 14.146 15.388 186.227190018196 202.57768980630564 206.53434234234234 93.113595009098 101.28884490315282 103.26717117117117
89552 32 27.269 27.36 55.503 103.26158946363259 209.47836257309942 210.17741758040265 51.630794731816295 104.73918128654971 105.08870879020132
89552 64 54.441 55.784 68.037 168.47679938856794 205.48286246952532 210.55190022225895 84.23839969428397 102.74143123476266 105.27595011112948
89552 128 108.151 108.398 117.559 195.01111782168954 211.4920201479732 211.97503490490146 97.50555891084477 105.7460100739866 105.98751745245073
89552 256 216.104 216.392 228.744 200.44514391634317 211.8868719730859 212.16925184170583 100.22257195817159 105.94343598654295 106.08462592085291
89552 512 432.062 432.509 435.974 210.3365063054219 212.02159492634834 212.24094690113915 105.16825315271095 106.01079746317417 106.12047345056958
89552 1024 869.324 870.556 872.972 210.08978065734067 210.67282977775122 210.97139386465807 105.04489032867033 105.33641488887561 105.48569693232903
89552 2048 1734.962 1736.313 1739.483 210.8701217545673 211.2551089578895 211.41961149581374 105.43506087728365 105.62755447894475 105.70980574790687
89552 4096 3467.385 3470.655 3478.714 210.8853973048661 211.375081648853 211.57442395349807 105.44269865243305 105.6875408244265 105.78721197674903
89552 8192 6937.885 6946.889 6956.287 210.91998763133262 211.20532773735118 211.47943040278125 105.45999381566631 105.60266386867559 105.73971520139062

98496 1 5.711 6.742 8.396 23.462601238685085 29.21862948679917 34.49343372439152 11.731300619342543 14.609314743399585 17.24671686219576
98496 2 2.264 2.405 2.485 158.54486921529175 163.81871101871104 174.02120141342758 79.27243460764588 81.90935550935552 87.01060070671379
98496 4 4.108 4.178 4.389 179.53246753246754 188.59932982288177 191.8130477117819 89.76623376623377 94.29966491144089 95.90652385589095
98496 8 8.116 8.125 8.125 193.96135384615386 193.96135384615386 194.17644159684573 96.98067692307693 96.98067692307693 97.08822079842287
98496 16 15.238 15.548 15.609 201.92658081875842 202.7188062773347 206.84289276807982 100.96329040937921 101.35940313866735 103.42144638403991
98496 32 30.155 30.436 30.446 207.04670564277737 207.114732553555 209.0447355330791 103.52335282138868 103.5573662767775 104.52236776653955
98496 64 59.941 60.151 60.24 209.28764940239043 209.5973134278732 210.33162609899733 104.64382470119521 104.7986567139366 105.16581304949867
98496 128 119.408 119.772 134.646 187.26866004188764 210.52479711451758 211.1665550046898 93.63433002094382 105.26239855725879 105.5832775023449
98496 256 238.492 238.876 242.051 208.34432413003873 211.11351496173745 211.45343240024823 104.17216206501936 105.55675748086873 105.72671620012412
98496 512 479.223 483.779 490.41 205.66445219306294 208.4834273500917 210.46549101357823 102.83222609653147 104.24171367504584 105.23274550678912
98496 1024 956.865 958.44 959.22 210.29566522799774 210.46680856391635 210.81323697700302 105.14783261399887 105.23340428195817 105.40661848850151
98496 2048 1913.35 1914.93 1917.693 210.37758181314734 210.6811298585327 210.85510544333238 105.18879090657367 105.34056492926635 105.42755272166619
98496 4096 3826.481 3829.011 3833.694 210.47043191240616 210.72784382181197 210.86717325919037 105.23521595620308 105.36392191090599 105.43358662959518
98496 8192 7650.573 7655.572 7688.537 209.89148702802626 210.795282703892 210.9330195267727 104.94574351401313 105.397641351946 105.46650976338636

108336 1 6.592 7.103 9.808 22.091353996737357 30.50429396029847 32.868932038834956 11.045676998368679 15.252146980149234 16.434466019417478
108336 2 2.475 2.485 2.545 170.2726915520629 174.38390342052315 175.08848484848485 85.13634577603145 87.19195171026158 87.54424242424243
108336 4 4.598 4.678 4.709 184.0492673603738 185.26891834117146 188.49238799478036 92.0246336801869 92.63445917058573 94.24619399739018
108336 8 8.626 8.886 8.926 194.19403988348643 195.06819716407836 200.94783213540458 97.09701994174321 97.53409858203918 100.47391606770229
108336 16 16.821 17.011 29.705 116.70600908937891 203.7947210628417 206.09666488318175 58.353004544689455 101.89736053142084 103.04833244159087
108336 32 33.302 33.522 36.556 189.66801619433198 206.83443708609275 208.2008287790523 94.83400809716599 103.41721854304637 104.10041438952615
108336 64 65.792 65.97 68.555 202.27566187732475 210.2017280582083 210.77042801556422 101.13783093866238 105.10086402910414 105.38521400778211
108336 128 130.838 131.034 163.553 169.5720408674864 211.65511241357208 211.9721793362785 84.7860204337432 105.82755620678604 105.98608966813924
108336 256 261.817 261.856 275.462 201.36364362416597 211.82646950995968 211.85802297024256 100.68182181208299 105.91323475497984 105.92901148512128
108336 512 525.385 526.449 536.637 206.72459036555438 210.72518705515637 211.15194381263265 103.36229518277719 105.36259352757818 105.57597190631633
108336 1024 1049.805 1052.463 1057.467 209.81470627452202 210.81228318715242 211.34603855001643 104.90735313726101 105.40614159357621 105.67301927500822
108336 2048 2098.968 2103.496 2113.558 209.95130296873802 210.95559772873347 211.41068182078052 104.97565148436901 105.47779886436673 105.70534091039026
108336 4096 4198.883 4204.674 4212.733 210.66811307528866 211.07189570463726 211.363001064807 105.33405653764433 105.53594785231863 105.6815005324035
108336 8192 8394.018 8400.03 8411.049 211.02920979297588 211.30603390702174 211.45737643164455 105.51460489648794 105.65301695351087 105.72868821582227

119168 1 7.193 7.734 10.64 22.4 30.816653736746826 33.134436257472544 11.2 15.408326868373413 16.567218128736272
119168 2 2.675 2.745 2.865 166.37766143106455 173.65100182149362 178.1951401869159 83.18883071553228 86.82550091074681 89.09757009345795
119168 4 4.979 5.169 5.24 181.93587786259542 184.43490036757592 191.47298654348262 90.96793893129771 92.21745018378796 95.73649327174131
119168 8 9.597 9.678 9.698 196.6063105795009 197.012605910312 198.67541940189642 98.30315528975045 98.506302955156 99.33770970094821
119168 16 18.383 18.605 18.615 204.8550094010207 204.96511690405805 207.440352499592 102.42750470051035 102.48255845202902 103.720176249796
119168 32 36.296 36.368 36.628 208.2219067380146 209.71051473823138 210.12651531849238 104.1109533690073 104.85525736911569 105.06325765924619
119168 64 72.314 72.454 86.728 175.8775020754543 210.52673420377067 210.93431424067262 87.93875103772714 105.26336710188534 105.46715712033631
119168 128 143.958 144.443 159.516 191.24732315253644 211.20447512167428 211.91603106461608 95.62366157626822 105.60223756083714 105.95801553230804
119168 256 287.314 287.724 297.423 205.14222504648262 212.05744393933074 212.3600520684686 102.57111252324131 106.02872196966537 106.1800260342343
119168 512 574.677 575.078 584.166 208.89273254520117 212.19387978674195 212.3419451274368 104.44636627260059 106.09693989337097 106.1709725637184
119168 1024 1154.556 1155.376 1159.794 210.43052818000436 211.2351857750204 211.38521128468432 105.21526409000218 105.6175928875102 105.69260564234216
119168 2048 2305.672 2309.091 2341.671 208.44607461936369 211.38713372491597 211.7005922785201 104.22303730968184 105.69356686245798 105.85029613926005
119168 4096 4612.226 4616.574 4617.91 211.39958466059318 211.46076202829195 211.66010858964847 105.69979233029659 105.73038101414598 105.83005429482424
119168 8192 9223.249 9233.828 9248.807 211.1027413589666 211.44518957901317 211.6877156845706 105.5513706794833 105.72259478950659 105.8438578422853

131072 1 7.945 9.347 10.88 24.094117647058823 28.045790093077997 32.99483952171177 12.047058823529412 14.022895046538999 16.497419760855884
131072 2 2.955 3.005 3.186 164.55994978028878 174.47188019966723 177.42402707275804 82.27997489014439 87.23594009983361 88.71201353637902
131072 4 5.44 5.72 19.396 54.06145597030315 183.31748251748255 192.75294117647059 27.030727985151575 91.65874125874127 96.37647058823529
131072 8 10.339 10.649 10.73 195.4475302889096 196.93417222274394 202.83895928039462 97.7237651444548 98.46708611137197 101.41947964019731
131072 16 20.207 20.458 20.509 204.51041006387442 205.02023658226614 207.5668827633988 102.25520503193721 102.51011829113307 103.7834413816994
131072 32 39.832 40.143 40.355 207.87035063808702 208.96813890342028 210.59971881903996 103.93517531904351 104.48406945171014 105.29985940951998
131072 64 79.284 79.645 79.718 210.45706114052035 210.64995919392305 211.60910145804954 105.22853057026018 105.32497959696153 105.80455072902477
131072 128 158.174 158.529 158.609 211.55440107434003 211.66115978779908 212.1362044330927 105.77720053717002 105.83057989389954 106.06810221654635
131072 256 316.037 316.587 335.051 200.29447457252778 211.9760571343738 212.34495960915973 100.14723728626389 105.9880285671869 106.17247980457987
131072 512 632.163 638.807 639.697 209.81453406847305 210.10685230437363 212.31506431094513 104.90726703423653 105.05342615218682 106.15753215547257
131072 1024 1268.803 1271.29 1297.341 206.91202698442433 211.15202353514934 211.5659058183185 103.45601349221216 105.57601176757467 105.78295290915925
131072 2048 2539.161 2541.827 2547.06 210.780630216799 211.21457597232225 211.43634137417834 105.3903151083995 105.60728798616113 105.71817068708917
131072 4096 5077.31 5078.588 5099.164 210.57212986285597 211.42526702303874 211.47848447307726 105.28606493142799 105.71263351151937 105.73924223653863
131072 8192 10144.238 10153.145 10166.691 211.22739424263017 211.5092070486534 211.69491961840802 105.61369712131508 105.7546035243267 105.84745980920401

144176 1 9.267 9.768 11.812 24.41178462580427 29.520065520065522 31.11600302147405 12.205892312902135 14.760032760032761 15.558001510737025
144176 2 3.206 3.286 3.366 171.3321449792038 175.50334753499698 179.88271990018717 85.6660724896019 87.75167376749849 89.94135995009358
144176 4 5.951 6.001 6.292 183.31341385886842 192.20263289451756 193.81750966224166 91.65670692943421 96.10131644725878 96.90875483112083
144176 8 11.291 11.511 24.947 92.46867358800658 200.4010077317349 204.3057302276149 46.23433679400329 100.20050386586745 102.15286511380745
144176 16 22.041 22.392 22.461 205.40634878233385 206.03929974991073 209.3204482555238 102.70317439116693 103.01964987495536 104.6602241277619
144176 32 43.91 44.122 44.18 208.85613399728385 209.13068310593354 210.1403780460032 104.42806699864192 104.56534155296677 105.0701890230016
144176 64 87.523 87.553 87.599 210.67053276863894 210.78121823352714 210.853467088651 105.33526638431947 105.39060911676357 105.4267335443255
144176 128 174.384 174.424 174.749 211.21182953836646 211.60537540705408 211.6539132030462 105.60591476918323 105.80268770352704 105.8269566015231
144176 256 351.654 352.152 361.831 204.01267995279565 209.62002771530476 209.91688421004739 102.00633997639783 104.81001385765238 104.95844210502369
144176 512 696.17 699.318 701.602 210.42731349112464 211.11457734535648 212.06921297958834 105.21365674556232 105.55728867267824 106.03460648979417
144176 1024 1395.911 1399.138 1400.042 210.9025643516409 211.03883105169044 211.52670048448647 105.45128217582045 105.51941552584522 105.76335024224323
144176 2048 2792.189 2795.922 2799.375 210.95597981692342 211.21651319314344 211.49889781816347 105.47798990846171 105.60825659657172 105.74944890908174
144176 4096 5591.932 5595.515 5598.376 210.97007274966884 211.07794224481572 211.21318928770953 105.48503637483442 105.53897112240786 105.60659464385476

158592 1 9.537 10.68 12.863 24.658633289279326 29.69887640449438 33.25825731362063 12.329316644639663 14.84943820224719 16.629128656810316
158592 2 3.396 3.436 4.268 148.6335520149953 184.62398137369033 186.79858657243815 74.31677600749765 92.31199068684516 93.39929328621908
158592 4 6.432 6.652 6.702 189.30707251566693 190.7300060132291 197.25373134328356 94.65353625783347 95.36500300661454 98.62686567164178
158592 8 12.443 12.623 12.654 200.52726410621148 201.01972589717184 203.92767017600258 100.26363205310574 100.50986294858592 101.96383508800129
158592 16 24.485 24.536 24.566 206.58405926890825 206.83664819041408 207.26746987951805 103.29202963445412 103.41832409520704 103.63373493975902
158592 32 48.038 48.188 48.55 209.0605149330587 210.6310284718187 211.28872975561015 104.53025746652935 105.31551423590935 105.64436487780507
158592 64 95.865 96.079 111.053 182.79358504497853 211.28213241186938 211.7537787513691 91.39679252248926 105.64106620593469 105.87688937568456
158592 128 191.178 191.686 191.849 211.62243222534389 211.80238515071522 212.36518846310767 105.81121611267194 105.90119257535761 106.18259423155384
158592 256 382.768 392.048 399.431 203.28693566598486 207.11521038240215 212.1366049408519 101.64346783299243 103.55760519120108 106.06830247042595
158592 512 766.889 767.967 771.816 210.41052271525854 211.46508639043086 211.76233848705613 105.20526135762927 105.73254319521543 105.88116924352806
158592 1024 1534.218 1534.971 1543.348 210.44924151908708 211.5977539640814 211.70160694242927 105.22462075954354 105.7988769820407 105.85080347121463
158592 2048 3070.836 3072.145 3075.559 211.21130565207818 211.44601963774494 211.53615237023402 105.60565282603909 105.72300981887247 105.76807618511701
158592 4096 6136.565 6141.478 6160.788 210.87978745576052 211.54283447730333 211.71219794787476 105.43989372788026 105.77141723865167 105.85609897393738

174448 1 10.58 11.321 14.516 24.03527142463489 30.818478932956452 32.976937618147446 12.017635712317444 15.409239466478226 16.488468809073723
174448 2 3.566 3.787 4.018 173.66650074664014 184.25983628201743 195.67919237240608 86.83325037332007 92.12991814100872 97.83959618620304
174448 4 7.033 7.073 7.173 194.56071378781544 197.31146613883783 198.4336698421726 97.28035689390772 98.65573306941891 99.2168349210863
174448 8 13.596 13.796 13.845 201.60115565185987 202.31719338938825 205.29332156516622 100.80057782592993 101.15859669469413 102.64666078258311
174448 16 26.548 26.71 26.9 207.5217843866171 208.99797828528642 210.27331625734521 103.76089219330855 104.49898914264321 105.13665812867261
174448 32 53.076 53.179 68.237 163.6161027008808 209.94512871622257 210.352551058859 81.8080513504404 104.97256435811128 105.1762755294295
174448 64 105.676 105.733 119.321 187.1367487701243 211.18613867004626 211.30004920701012 93.56837438506216 105.59306933502313 105.65002460350506
174448 128 210.504 210.782 214.167 208.5227322603389 211.87145012382462 212.15125603313953 104.26136613016945 105.93572506191231 106.07562801656977
174448 256 420.821 424.008 429.823 207.8003643360174 210.65021414690293 212.24552957195576 103.9001821680087 105.32510707345146 106.12276478597788
174448 512 841.474 847.935 854.047 209.16267137522877 210.6703367593035 212.28790432027608 104.58133568761438 105.33516837965175 106.14395216013804
174448 1024 1688.067 1690.293 1695.366 210.7329650352785 211.36542836064518 211.64414919549995 105.36648251763926 105.68271418032259 105.82207459774997
174448 2048 3377.997 3380.041 3381.089 211.3339838140907 211.39950905920963 211.52742527598457 105.66699190704534 105.69975452960482 105.76371263799228
174448 4096 6754.15 6757.257 6760.875 211.37471348013386 211.48788865067587 211.58517592887338 105.68735674006693 105.74394432533794 105.79258796443669

191888 1 11.281 13.345 15.558 24.667437974032655 28.758036717871864 34.01967910646219 12.333718987016328 14.379018358935932 17.009839553231096
191888 2 4.007 4.058 5.5 139.5549090909091 189.14539181862986 191.55278263039682 69.77745454545455 94.57269590931493 95.77639131519841
191888 4 7.574 7.694 8.125 188.93587692307693 199.5196256823499 202.68074993398469 94.46793846153847 99.75981284117495 101.34037496699234
191888 8 14.827 15.017 15.178 202.28014231123996 204.44882466537925 207.0687259728873 101.14007115561998 102.22441233268962 103.53436298644365
191888 16 29.454 29.545 44.371 138.38804624642222 207.83266204095446 208.47477422421403 69.19402312321111 103.91633102047723 104.23738711210702
191888 32 58.238 58.379 58.457 210.08317224626649 210.36386371811784 210.87317558982107 105.04158612313324 105.18193185905892 105.43658779491054
191888 64 115.862 116.172 116.236 211.3085790976978 211.4249905312812 211.9906785658801 105.6542895488489 105.7124952656406 105.99533928294005
191888 128 231.35 231.65 245.718 199.91749892152797 212.05839844593137 212.33338232115844 99.95874946076398 106.02919922296569 106.16669116057922
191888 256 462.593 466.081 467.829 210.00548491008468 210.79309390427844 212.38249606025167 105.00274245504234 105.39654695213922 106.19124803012583
191888 512 930.337 936.129 954.099 205.9464604826124 209.89982363541776 211.20659717930172 102.9732302413062 104.94991181770888 105.60329858965086
191888 1024 1856.364 1856.58 1860.064 211.27586147573416 211.67233515388511 211.69696460392464 105.63793073786708 105.83616757694256 105.84848230196232
191888 2048 3714.558 3716.707 3720.265 211.26808117163696 211.47032790047749 211.5926707834418 105.63404058581848 105.73516395023874 105.7963353917209
191888 4096 7425.149 7428.514 7431.493 211.5249918152382 211.60981806051655 211.7057174206201 105.7624959076191 105.80490903025827 105.85285871031004

211072 1 13.755 16.34 28.202 14.968583788383802 25.835006119951043 30.69022173754998 7.484291894191901 12.917503059975521 15.34511086877499
211072 2 4.559 4.739 4.869 173.40069829533786 178.15741717661956 185.19148936170214 86.70034914766893 89.07870858830978 92.59574468085107
211072 4 8.496 8.636 8.857 190.64875239923225 195.5275590551181 198.74952919020717 95.32437619961613 97.76377952755905 99.37476459510358
211072 8 16.551 16.661 16.782 201.23656298414969 202.6980373326931 204.0451936438886 100.61828149207484 101.34901866634655 102.0225968219443
211072 16 32.37 32.439 32.511 207.75442158038817 208.21554301920528 208.65937596540007 103.87721079019408 104.10777150960264 104.32968798270004
211072 32 63.967 64.137 64.41 209.7284272628474 210.62113912406255 211.1808901464818 104.8642136314237 105.31056956203128 105.5904450732409
211072 64 127.713 127.938 142.475 189.62776627478505 211.17428754552986 211.54632652901427 94.81388313739252 105.58714377276493 105.77316326450713
211072 128 254.473 255.094 262.148 206.12185483009597 211.82165005840986 212.33856637049902 103.06092741504798 105.91082502920493 106.16928318524951
211072 256 508.657 510.888 512.551 210.8450944393826 211.53141980238334 212.4592092510277 105.4225472196913 105.76570990119167 106.22960462551384
211072 512 1023.56 1026.047 1026.255 210.60820946061165 210.65090390596143 211.16273398726017 105.30410473030582 105.32545195298071 105.58136699363008
211072 1024 2043.644 2045.942 2056.817 210.16719328943705 211.2843159776768 211.52189716017077 105.08359664471853 105.6421579888384 105.76094858008538
211072 2048 4086.919 4087.175 4097.353 211.00230124180175 211.5277452029825 211.5409950625398 105.50115062090087 105.76387260149124 105.7704975312699
211072 4096 8163.279 8168.017 8171.857 211.59227627208847 211.69175137612962 211.81461812097808 105.79613813604423 105.84587568806481 105.90730906048904

232176 1 15.339 16.511 18.795 24.706145251396645 28.123796257040766 30.27263837277528 12.353072625698323 14.061898128520383 15.13631918638764
232176 2 4.718 4.779 5.109 181.778038755138 194.33019460138104 196.84272997032645 90.889019377569 97.16509730069052 98.42136498516322
232176 4 9.177 9.277 9.568 194.12709030100336 200.21644928317346 202.39816933638443 97.06354515050168 100.10822464158673 101.19908466819221
232176 8 17.874 18.104 18.133 204.86494237026415 205.19310649580206 207.83350117489093 102.43247118513207 102.59655324790103 103.91675058744546
232176 16 35.325 35.386 37.77 196.70722795869736 209.9596450573673 210.32220806794052 98.35361397934868 104.97982252868366 105.16110403397026
232176 32 70.071 70.539 70.902 209.57468054497755 210.6531705864841 212.06011045939118 104.78734027248878 105.32658529324205 106.03005522969559
232176 64 140.341 140.461 154.617 192.2073769378529 211.57850221769743 211.75941456880025 96.10368846892645 105.78925110884872 105.87970728440013
232176 128 280.131 280.2 293.524 202.49470571401318 212.1236830835118 212.1759319746833 101.24735285700659 106.0618415417559 106.08796598734165
232176 256 560.051 562.815 568.397 209.139231910091 211.21347512059913 212.255869554737 104.5696159550455 105.60673756029956 106.1279347773685
232176 512 1124.558 1125.331 1127.706 210.8246511058734 211.26959445709755 211.41481719929078 105.4123255529367 105.63479722854878 105.70740859964539
232176 1024 2246.094 2248.473 2278.584 208.68067536680678 211.47527588723548 211.6992645899949 104.34033768340339 105.73763794361774 105.84963229499745
232176 2048 4495.267 4500.137 4503.809 211.15302536142187 211.32532098467226 211.55426273900974 105.57651268071093 105.66266049233613 105.77713136950487
232176 4096 8982.07 8990.266 8998.502 211.36693551882303 211.56056917559502 211.75361492395407 105.68346775941151 105.78028458779751 105.87680746197704

255392 1 17.363 18.394 20.137 25.36544669017232 27.769055126671745 29.41795772619939 12.68272334508616 13.884527563335872 14.708978863099695
255392 2 5.34 5.46 21.539 47.4287571382144 187.1003663003663 191.3048689138577 23.7143785691072 93.55018315018314 95.65243445692884
255392 4 10.108 10.209 10.44 195.70268199233718 200.13086492310708 202.1305896319747 97.85134099616859 100.06543246155354 101.06529481598734
255392 8 19.647 19.927 19.977 204.54883115582922 205.06207657951524 207.98452689978114 102.27441557791461 102.53103828975762 103.99226344989057
255392 16 39.011 39.123 54.421 150.1726171882178 208.89359200470312 209.4933223962472 75.0863085941089 104.44679600235156 104.7466611981236
255392 32 77.334 77.561 77.634 210.54033026766626 210.73848970487742 211.35707450797838 105.27016513383313 105.36924485243871 105.67853725398919
255392 64 154.046 154.567 170.788 191.40792093121297 211.49518331856086 212.21048258312453 95.70396046560649 105.74759165928043 106.10524129156227
255392 128 307.952 308.032 311.318 210.01147379849544 212.25181799293583 212.30695692835246 105.00573689924772 106.12590899646791 106.15347846417623
255392 256 617.406 619.479 626.272 208.7921925297634 211.08173804116038 211.790465269207 104.3960962648817 105.54086902058019 105.8952326346035
255392 512 1237.096 1238.139 1241.434 210.6607423350738 211.2213636756455 211.39944515219514 105.3303711675369 105.61068183782275 105.69972257609757
255392 1024 2469.854 2473.899 2476.606 211.19338966311153 211.42448256780088 211.7707427240639 105.59669483155577 105.71224128390044 105.88537136203195
255392 2048 4941.958 4946.07 4948.625 211.38914991538056 211.4983475769652 211.6743266535248 105.69457495769028 105.7491737884826 105.8371633267624
255392 4096 9894.263 9905.757 9911.106 211.09362204379613 211.20761028157668 211.45296663329043 105.54681102189807 105.60380514078834 105.72648331664521

280928 1 16.651 18.074 18.805 29.878011167242754 31.086422485338055 33.743078493784154 14.939005583621377 15.543211242669027 16.871539246892077
280928 2 5.59 5.69 5.691 197.45422597083115 197.48892794376096 201.021824686941 98.72711298541557 98.74446397188048 100.5109123434705
280928 4 10.95 10.97 11.301 198.86948057694008 204.87000911577027 205.24420091324205 99.43474028847004 102.43500455788514 102.62210045662103
280928 8 21.389 21.65 21.971 204.5809476127623 207.6142263279446 210.14764598625464 102.29047380638114 103.8071131639723 105.07382299312732
280928 16 42.499 42.778 43.57 206.32765664448016 210.14764598625464 211.5272359349632 103.16382832224008 105.07382299312732 105.7636179674816
280928 32 84.805 85.088 100.056 179.6932917566163 211.303497555472 212.00863156653497 89.84664587830815 105.651748777736 106.00431578326749
280928 64 169.434 169.896 195.783 183.66652875888101 211.65173988793148 212.22885607375144 91.83326437944051 105.82586994396574 106.11442803687572
280928 128 338.668 339.17 362.441 198.42558650925255 212.03988560308989 212.35418758193865 99.21279325462628 106.01994280154494 106.17709379096932
280928 256 679.322 681.001 702.635 204.70818561557567 211.21134330199223 211.73336944777293 102.35409280778784 105.60567165099611 105.86668472388646
280928 512 1359.577 1363.054 1365.726 210.63542174638252 211.0483311739667 211.58806893614704 105.31771087319126 105.52416558698334 105.79403446807352
280928 1024 2719.106 2721.08 2724.834 211.14700712043378 211.4383053787467 211.5918040708968 105.57350356021689 105.71915268937335 105.7959020354484
280928 2048 5436.693 5439.285 5442.386 211.4295252119199 211.5500636572638 211.65092235298187 105.71476260595995 105.7750318286319 105.82546117649093

309008 1 19.065 19.997 21.189 29.166831846712917 30.905435815372307 32.416260162601624 14.583415923356458 15.452717907686154 16.208130081300812
309008 2 6.322 6.412 20.718 59.65981272323583 192.76855895196508 195.5128124011389 29.829906361617915 96.38427947598254 97.75640620056944
309008 4 12.062 12.102 12.472 198.20910840282232 204.2690464386052 204.94644337589125 99.10455420141116 102.1345232193026 102.47322168794562
309008 8 23.944 24.004 24.094 205.20162696106914 205.97100483252788 206.48713665218844 102.60081348053457 102.98550241626394 103.24356832609422
309008 16 47.148 47.166 47.237 209.3328534834981 209.64796675571387 209.7280054297107 104.66642674174905 104.82398337785693 104.86400271485535
309008 32 93.55 93.684 93.69 211.0845554488206 211.09807437769524 211.4004489577766 105.5422777244103 105.54903718884762 105.7002244788883
309008 64 186.556 186.857 190.204 207.95053731782718 211.6753667242865 212.0168957310405 103.97526865891359 105.83768336214325 106.00844786552025
309008 128 372.769 375.717 383.012 206.5367351414577 210.54689566881459 212.2119811465009 103.26836757072886 105.27344783440729 106.10599057325045
309008 256 744.933 748.419 758.45 208.59924319335485 211.39508216654042 212.3843298659074 104.29962159667743 105.69754108327021 106.1921649329537
309008 512 1494.848 1501.266 1519.991 208.17504314170282 210.77157012814519 211.67649955045596 104.08752157085141 105.38578506407259 105.83824977522798
309008 1024 2991.054 2992.775 2995.964 211.23364099168083 211.45872442799742 211.58039406844543 105.61682049584041 105.72936221399871 105.79019703422271
309008 2048 5982.493 5984.723 6002.043 210.8776574909577 211.48794488901157 211.566777930204 105.43882874547884 105.74397244450579 105.783388965102

339904 1 21.56 22.45 24.094 28.2148252677015 30.28097995545657 31.530983302411872 14.10741263385075 15.140489977728285 15.765491651205936
339904 2 6.602 6.723 7.013 193.87081135034936 202.23352669939015 205.9400181763102 96.93540567517468 101.11676334969508 102.9700090881551
339904 4 12.924 13.024 27.3 99.60556776556776 208.7862407862408 210.40173320953264 49.80278388278388 104.3931203931204 105.20086660476632
339904 8 25.717 26.059 26.177 207.7573442334874 208.6981081392225 211.47350001944238 103.8786721167437 104.34905406961126 105.73675000972119
339904 16 51.536 51.616 51.965 209.3125757721543 210.72783632982018 211.05495187829865 104.65628788607715 105.36391816491009 105.52747593914933
339904 32 102.711 102.731 105.522 206.154697598605 211.75551683522988 211.79675010466258 103.0773487993025 105.87775841761494 105.89837505233129
339904 64 204.63 205.034 220.392 197.41057751642526 212.19754772379216 212.61648829594878 98.70528875821263 106.09877386189608 106.30824414797439
339904 128 409.32 409.47 413.318 210.5289970434387 212.50744621095558 212.58532199745918 105.26449852171935 106.25372310547779 106.29266099872959
339904 256 821.054 824.133 824.432 211.09181594115702 211.16840121679388 211.96029493796996 105.54590797057851 105.58420060839694 105.98014746898498
339904 512 1641.801 1645.435 1655.559 210.23817091387258 211.53172018341652 211.99992934588295 105.11908545693629 105.76586009170826 105.99996467294147
339904 1024 3285.728 3288.611 3292.724 211.41261520856284 211.67702473779963 211.86275674675443 105.70630760428142 105.83851236889981 105.93137837337721
339904 2048 6569.138 6573.288 6575.809 211.72250958019004 211.80370980246113 211.93751508949882 105.86125479009502 105.90185490123056 105.96875754474941

373888 1 23.744 24.906 26.388 28.3377292708807 30.02392997671244 31.49326145552561 14.16886463544035 15.01196498835622 15.746630727762804
373888 2 7.724 7.784 8.005 186.82723297938787 192.13155190133608 193.62402900051785 93.41361648969394 96.06577595066804 96.81201450025893
373888 4 14.707 14.838 15.178 197.0683884569772 201.58404097587277 203.37961514924865 98.5341942284886 100.79202048793638 101.68980757462433
373888 8 28.893 28.983 29.344 203.8647764449291 206.40402994859056 207.04696639324405 101.93238822246455 103.20201497429528 103.52348319662202
373888 16 56.755 56.904 57.056 209.69601794727987 210.25615070996767 210.80814025196017 104.84800897363993 105.12807535498384 105.40407012598008
373888 32 113.237 115.24 128.158 186.71352549197087 207.64345713293994 211.31637185725515 93.35676274598544 103.82172856646997 105.65818592862757
373888 64 225.429 225.92 240.82 198.72794618387178 211.8345609065156 212.29595127512434 99.36397309193589 105.9172804532578 106.14797563756217
373888 128 450.477 450.732 454.759 210.47484051992373 212.3552976047851 212.47550485374396 105.23742025996187 106.17764880239255 106.23775242687198
373888 256 906.132 906.983 907.905 210.8487738254553 211.06311364160078 211.26133499313568 105.42438691272766 105.53155682080039 105.63066749656784
373888 512 1807.284 1812.175 1836.079 208.5211540462039 211.27171051360935 211.84346898439867 104.26057702310194 105.63585525680467 105.92173449219933
373888 1024 3615.303 3622.714 3718.43 205.92632481988366 211.36711978919672 211.80040068564102 102.96316240994183 105.68355989459836 105.90020034282051
373888 2048 7233.224 7237.38 7263.928 210.82880336919638 211.6021610030149 211.7237414464145 105.41440168459819 105.80108050150746 105.86187072320725

411264 1 25.798 27.02 27.761 29.62890385793019 30.441450777202075 31.883401814094118 14.814451928965095 15.220725388601037 15.941700907047059
411264 2 8.335 8.425 8.716 188.73978889398808 195.2588724035608 197.36724655068986 94.36989444699404 97.6294362017804 98.68362327534493
411264 4 16.029 16.25 16.921 194.43957212930678 202.4684307692308 205.25996631106122 97.21978606465339 101.2342153846154 102.62998315553061
411264 8 31.458 31.589 31.819 206.80172224142808 208.3074487954668 209.1748998664887 103.40086112071404 104.1537243977334 104.58744993324434
411264 16 62.614 62.664 63.037 208.77338705839426 210.01608579088474 210.18379276200213 104.38669352919713 105.00804289544237 105.09189638100106
411264 32 124.507 124.822 128.088 205.49072512647555 210.8674432391726 211.40093328085973 102.74536256323778 105.4337216195863 105.70046664042987
411264 64 248.06 248.693 263.42 199.83976918988688 211.67379861918104 212.21394823832946 99.91988459494344 105.83689930959052 106.10697411916473
411264 128 496.245 498.906 503.966 208.91009314120396 211.02889923151855 212.16049330471844 104.45504657060198 105.51444961575928 106.08024665235922
411264 256 993.401 996.36 997.504 211.09405877069165 211.33643261471758 211.9659311798559 105.54702938534582 105.66821630735879 105.98296558992794
411264 512 1991.652 1992.803 1992.879 211.31957133373376 211.32763047827606 211.44975929529858 105.65978566686688 105.66381523913803 105.72487964764929
411264 1024 3980.438 3982.939 3989.143 211.1402554383235 211.46913673546095 211.60200761825706 105.57012771916175 105.73456836773047 105.80100380912853
411264 2048 7951.976 7957.754 7962.693 211.5537223399169 211.6850236888449 211.83883653572397 105.77686116995845 105.84251184442245 105.91941826786199

452384 1 28.363 29.845 32.17 28.124588125582843 30.31556374602111 31.899587490744985 14.062294062791421 15.157781873010554 15.949793745372492
452384 2 9.297 9.437 14.787 122.37343612632718 191.74907279855887 194.63654942454554 61.18671806316359 95.87453639927944 97.31827471227277
452384 4 17.642 17.723 18.034 200.68049240323833 204.20199740450263 205.13955333862376 100.34024620161917 102.10099870225132 102.56977666931188
452384 8 34.633 34.764 34.824 207.8492993337928 208.20803129674377 208.9955822481448 103.9246496668964 104.10401564837188 104.4977911240724
452384 16 68.658 68.768 68.828 210.32556517696287 210.50907398790136 210.84633982929884 105.16278258848143 105.25453699395068 105.42316991464942
452384 32 136.704 136.904 151.606 190.97249449230245 211.48086250219131 211.79026217228466 95.48624724615122 105.74043125109566 105.89513108614233
452384 64 272.927 275.602 284.478 203.54878760396235 210.10425178336882 212.1635162515984 101.77439380198118 105.05212589168441 106.0817581257992
452384 128 545.644 553.189 569.499 203.35471001705008 209.35033776882767 212.24517084399355 101.67735500852504 104.67516888441384 106.12258542199677
452384 256 1094.06 1096.386 1103.07 209.97815913767943 211.25826852951425 211.70740910004938 104.98907956883971 105.62913426475713 105.85370455002469
452384 512 2188.128 2191.232 2192.279 211.30577631770407 211.4067410479584 211.70663507802104 105.65288815885204 105.7033705239792 105.85331753901052
452384 1024 4378.747 4379.999 4407.128 210.22362681546804 211.52571769993557 211.5861985175211 105.11181340773402 105.76285884996778 105.79309925876055
452384 2048 8750.4 8755.568 8762.381 211.4681915794349 211.63274204483363 211.7577326750777 105.73409578971744 105.81637102241682 105.87886633753885

497616 1 31.759 33.362 46.206 21.539020906375793 29.831305077633232 31.337006832708838 10.769510453187896 14.915652538816616 15.668503416354419
497616 2 9.607 9.759 9.798 203.15003061849356 203.96188134030123 207.18892474237535 101.57501530924678 101.98094067015062 103.59446237118767
497616 4 18.805 19.136 19.265 206.6404360238775 208.03344481605353 211.69518745014622 103.32021801193875 104.01672240802677 105.84759372507311
497616 8 37.47 37.74 37.86 210.2973058637084 210.96597774244833 212.4861489191353 105.1486529318542 105.48298887122417 106.24307445956765
497616 16 75.007 75.107 78.105 203.87570578067985 212.0136871396807 212.29634567440368 101.93785289033993 106.00684356984036 106.14817283720184
497616 32 149.718 150.139 162.937 195.45851464062795 212.11959584118716 212.7160662044644 97.72925732031398 106.05979792059358 106.3580331022322
497616 64 299.316 300.058 311.699 204.34729659062106 212.27512014343893 212.80134707132262 102.17364829531053 106.13756007171946 106.40067353566131
497616 128 601.267 602.53 606.225 210.13599901026845 211.42465271438766 211.86876379378876 105.06799950513422 105.71232635719383 105.93438189689438
497616 256 1203.685 1204.138 1204.577 211.50942779083445 211.58653908439067 211.66616847431015 105.75471389541723 105.79326954219533 105.83308423715508
497616 512 2405.447 2410.353 2418.113 210.7257948656659 211.40421506725363 211.83538194772112 105.36289743283295 105.70210753362682 105.91769097386056
497616 1024 4811.545 4815.286 4819.475 211.45821235715508 211.64216787954027 211.8067207102916 105.72910617857754 105.82108393977013 105.9033603551458
497616 2048 9621.498 9633.209 9649.768 211.22115433241504 211.5842328345622 211.84176684337513 105.61057716620752 105.7921164172811 105.92088342168756

547376 1 33.773 35.485 37.469 29.21753983292855 30.851120191630272 32.41500606993752 14.608769916464276 15.425560095815136 16.20750303496876
547376 2 10.97 11.141 25.237 86.75769703213537 196.52670316847679 199.59015496809482 43.378848516067684 98.26335158423839 99.79507748404741
547376 4 21.349 21.569 21.84 200.5040293040293 203.02322778061108 205.11536840133027 100.25201465201465 101.51161389030554 102.55768420066514
547376 8 42.036 42.119 42.248 207.3001325506533 207.93504119281084 208.3456085260253 103.65006627532665 103.96752059640542 104.17280426301265
547376 16 83.035 83.054 83.135 210.6938353280808 210.8993185156645 210.94757632323723 105.3469176640404 105.44965925783225 105.47378816161861
547376 32 165.537 165.939 177.039 197.8776653731664 211.11410819638544 211.62679038523112 98.9388326865832 105.55705409819272 105.81339519261556
547376 64 330.193 332.988 346.303 202.32030331819246 210.41036914243156 212.19143955201957 101.16015165909623 105.20518457121578 106.09571977600979
547376 128 659.393 662.831 667.758 209.84886141386548 211.40872409407527 212.51098510296592 104.92443070693274 105.70436204703763 106.25549255148296
547376 256 1324.672 1327.66 1330.719 210.6053283976557 211.09057439404668 211.56672142235965 105.30266419882786 105.54528719702334 105.78336071117982
547376 512 2647.824 2652.648 2678.724 209.2462769587311 211.30320494841382 211.68817262778796 104.62313847936555 105.65160247420691 105.84408631389398
547376 1024 5298.085 5299.846 5304.214 211.34630842571588 211.52049474645116 211.5908008270913 105.67315421285794 105.76024737322558 105.79540041354565

602112 1 38.872 39.713 40.114 30.02004287779828 30.32316873567849 30.979213830006174 15.01002143889914 15.161584367839245 15.489606915003087
602112 2 12.102 12.382 12.563 191.70962349757224 194.51203359715717 199.01239464551315 95.85481174878612 97.25601679857859 99.50619732275658
602112 4 23.293 23.314 23.694 203.2960243099519 206.60959080380889 206.7958614175933 101.64801215497594 103.30479540190444 103.39793070879665
602112 8 46.126 46.355 46.456 207.37454795935938 207.82638334591738 208.85817109656162 103.68727397967969 103.91319167295869 104.42908554828081
602112 16 91.25 91.49 106.665 180.63642244410067 210.59770466717677 211.1516054794521 90.31821122205034 105.29885233358839 105.57580273972604
602112 32 182.032 182.368 197.106 195.50479437460046 211.30443937532903 211.69447130174913 97.75239718730023 105.65221968766451 105.84723565087457
602112 64 363.325 363.854 366.869 210.07590175239662 211.81665173393725 212.12505607926786 105.03795087619831 105.90832586696862 106.06252803963393
602112 128 728.283 729.074 733.879 210.03553991870595 211.4197900350308 211.64941650429847 105.01776995935298 105.7098950175154 105.82470825214924
602112 256 1457.228 1458.697 1460.314 211.10620318643797 211.34021938757675 211.55326688754263 105.55310159321898 105.67010969378838 105.77663344377132
602112 512 2915.962 2917.779 2936.683 209.9520745003802 211.31233311364568 211.44400647196366 104.9760372501901 105.65616655682284 105.72200323598183
602112 1024 5824.473 5827.1 5845.251 210.9619203692023 211.61905167235847 211.71449777516352 105.48096018460114 105.80952583617923 105.85724888758176

662320 1 41.196 42.248 43.952 30.13833272661085 31.35391024427192 32.15457811438004 15.069166363305426 15.67695512213596 16.07728905719002
662320 2 13.064 13.394 13.705 193.30755198832543 197.79602807227116 202.7924066135946 96.65377599416271 98.89801403613558 101.3962033067973
662320 4 25.508 25.587 26.088 203.10334253296534 207.08015789267986 207.72149913752548 101.55167126648267 103.54007894633993 103.86074956876274
662320 8 50.334 50.652 50.963 207.93752330121853 209.21424622917158 210.53601939047164 103.96876165060927 104.60712311458579 105.26800969523582
662320 16 100.052 100.446 112.419 188.52898531387044 211.0013340501364 211.83224723143962 94.26449265693522 105.5006670250682 105.91612361571981
662320 32 200.051 200.302 203.922 207.86614489853963 211.62284949725915 211.88836846604116 103.93307244926982 105.81142474862958 105.94418423302058
662320 64 399.592 402.935 408.379 207.5938282820615 210.3986002705151 212.15880197801758 103.79691414103075 105.19930013525754 106.07940098900879
662320 128 800.588 802.469 804.458 210.7678959000967 211.2903052952824 211.78673674848986 105.38394795004835 105.6451526476412 105.89336837424493
662320 256 1605.53 1606.059 1608.377 210.83852852906998 211.14282850131906 211.21239715234222 105.41926426453499 105.57141425065953 105.60619857617111
662320 512 3206.475 3209.08 3211.31 211.1959542990244 211.3427150460568 211.51441380331985 105.5979771495122 105.6713575230284 105.75720690165993
662320 1024 6410.705 6415.971 6434.469 210.80703939983238 211.41482092110456 211.58848519780585 105.40351969991619 105.70741046055228 105.79424259890293

728544 1 46.136 48.879 49.181 29.627051096968344 29.810102498005282 31.58245188139414 14.813525548484172 14.905051249002641 15.79122594069707
728544 2 13.885 13.926 14.085 206.89925452609157 209.26152520465317 209.87943824270798 103.44962726304578 104.63076260232658 104.93971912135399
728544 4 27.54 27.702 42.297 137.79587204766295 210.39462854667534 211.6322440087146 68.89793602383148 105.19731427333767 105.8161220043573
728544 8 54.599 54.932 55.022 211.85533059503473 212.20243209786645 213.49665744793862 105.92766529751736 106.10121604893322 106.74832872396931
728544 16 109.242 109.564 123.906 188.15398770035347 212.78346902267168 213.41066622727521 94.07699385017673 106.39173451133584 106.70533311363761
728544 32 219.25 219.668 222.604 209.4608183141363 212.26039295664367 212.66506727480046 104.73040915706815 106.13019647832184 106.33253363740023
728544 64 438.79 441.52 448.543 207.90343846632317 211.2104366733104 212.52451514391848 103.95171923316158 105.6052183366552 106.26225757195924
728544 128 879.244 882.8 885.464 210.63223801306432 211.2678568192116 212.12230507117476 105.31611900653216 105.6339284096058 106.06115253558738
728544 256 1762.112 1763.967 1765.069 211.33141423933003 211.46343894188496 211.68604946791123 105.66570711966502 105.73171947094248 105.84302473395562
728544 512 3520.176 3526.234 3537.513 210.89083093122204 211.56538562103367 211.92947625346008 105.44541546561102 105.78269281051683 105.96473812673004
728544 1024 7043.458 7046.954 7049.921 211.64182009982807 211.73092828475964 211.83602031842884 105.82091004991403 105.86546414237982 105.91801015921442

801392 1 50.172 51.596 67.783 23.64581089653748 31.06411349717032 31.94578649445906 11.82290544826874 15.53205674858516 15.97289324722953
801392 2 15.82 16.12 28.452 112.66582314072824 198.8565756823821 202.62756005056886 56.33291157036412 99.42828784119105 101.31378002528443
801392 4 30.576 30.827 60.781 105.47927806386863 207.97145359587373 209.6787022501308 52.73963903193432 103.98572679793686 104.8393511250654
801392 8 60.582 60.751 60.951 210.37016619907794 211.06273147767115 211.65151365091938 105.18508309953897 105.53136573883558 105.82575682545969
801392 16 121.06 121.141 122.327 209.63927832776082 211.69169810386242 211.8333388402445 104.81963916388041 105.84584905193121 105.91666942012225
801392 32 241.388 241.641 243.171 210.9177821368502 212.25325172466592 212.4757154456725 105.4588910684251 106.12662586233296 106.23785772283625
801392 64 482.77 485.715 488.127 210.14649056495543 211.19005177933562 212.47835615303353 105.07324528247771 105.59502588966781 106.23917807651677
801392 128 971.081 971.494 976.915 210.00430129540442 211.17613901887194 211.26595206785012 105.00215064770221 105.58806950943597 105.63297603392506
801392 256 1936.57 1939.812 1944.308 211.03277052812618 211.52189181219623 211.8759993183825 105.51638526406309 105.76094590609812 105.93799965919125
801392 512 3877.174 3879.77 3882.758 211.35116018046966 211.51393201143367 211.6555532457403 105.67558009023483 105.75696600571683 105.82777662287015
801392 1024 7753.978 7756.735 7761.813 211.4519914355061 211.5904199382859 211.66565290744956 105.72599571775305 105.79520996914295 105.83282645372478

881520 1 55.413 56.224 59.508 29.62694091550716 31.35742743312465 31.81636078176601 14.81347045775358 15.678713716562324 15.908180390883006
881520 2 16.942 17.092 17.312 203.67837338262478 206.30002340276155 208.1265494038484 101.83918669131239 103.15001170138078 104.0632747019242
881520 4 33.142 33.342 33.741 209.00862452209478 211.509807450063 212.78619274636412 104.50431226104739 105.7549037250315 106.39309637318206
881520 8 66.383 66.552 66.624 211.70028818443808 211.92931842769562 212.46885497793113 105.85014409221904 105.96465921384781 106.23442748896557
881520 16 132.481 132.907 147.705 190.97958769168272 212.24344842634324 212.9259290011398 95.48979384584136 106.12172421317162 106.4629645005699
881520 32 265.343 268.75 278.778 202.37350149581385 209.92476279069768 212.6201934854132 101.18675074790693 104.96238139534884 106.3100967427066
881520 64 532.489 534.235 534.712 211.01931507054263 211.20772693664773 211.90026460640502 105.50965753527132 105.60386346832387 105.95013230320251
881520 128 1067.363 1067.958 1070.246 210.85724216675416 211.30898406117092 211.42677795651525 105.42862108337708 105.65449203058546 105.71338897825763
881520 256 2131.237 2134.171 2139.78 210.92740375178752 211.48176036503168 211.77289996372997 105.46370187589376 105.74088018251584 105.88644998186498
881520 512 4266.969 4270.58 4278.042 211.002248224772 211.3709332221853 211.5498097127024 105.501124112386 105.68546661109265 105.7749048563512
881520 1024 8526.242 8532.192 8545.83 211.25542633073673 211.59310057720222 211.74075987990958 105.62771316536836 105.79655028860111 105.87037993995479

969664 1 62.356 62.716 66.842 29.013614194668023 30.922380253842718 31.10090448393098 14.506807097334011 15.461190126921359 15.55045224196549
969664 2 18.914 19.054 19.316 200.8001656657693 203.56124698226097 205.0679919636248 100.40008283288465 101.78062349113048 102.5339959818124
969664 4 36.508 36.857 37.059 209.32329528589545 210.47052120357057 212.48252437821844 104.66164764294773 105.23526060178528 106.24126218910922
969664 8 72.742 73.234 93.834 165.34117697209965 211.85001502034575 213.2828902147315 82.67058848604982 105.92500751017288 106.64144510736575
969664 16 146.046 146.207 166.419 186.45255649895745 212.22819700835115 212.4621557591444 93.22627824947872 106.11409850417557 106.2310778795722
969664 32 291.501 292.012 307.892 201.55930001429073 212.5203621768968 212.8929094582866 100.77965000714536 106.2601810884484 106.4464547291433
969664 64 583.623 586.79 590.806 210.0807913257482 211.51858756965865 212.66638223647797 105.0403956628741 105.75929378482932 106.33319111823899
969664 128 1172.888 1173.671 1177.365 210.83859635711948 211.50218758067635 211.64338282939207 105.41929817855974 105.75109379033817 105.82169141469603
969664 256 2344.642 2346.247 2357.531 210.5880974629814 211.60089623982472 211.74574540590848 105.2940487314907 105.80044811991236 105.87287270295424
969664 512 4689.032 4695.114 4700.985 211.21869905987788 211.48281724362818 211.75712513798155 105.60934952993894 105.74140862181409 105.87856256899077
969664 1024 9372.965 9377.744 9393.413 211.41111031741073 211.76435099955808 211.8723234323397 105.70555515870537 105.88217549977904 105.93616171616985

1066624 1 67.666 69.439 82.791 25.766665458805907 30.721179740491653 31.52614311471049 12.883332729402953 15.360589870245827 15.763071557355245
1066624 2 22.622 22.962 23.463 181.8393214848911 185.80681125337512 188.5994164972151 90.91966074244554 92.90340562668756 94.29970824860754
1066624 4 41.577 41.938 42.077 202.79468593293248 203.46683199008058 205.23347042836184 101.39734296646624 101.73341599504029 102.61673521418092
1066624 8 81.532 81.912 82.172 207.6861217933116 208.34534622521727 209.31639111023892 103.8430608966558 104.17267311260863 104.65819555511946
1066624 16 162.482 162.807 175.166 194.8549832730096 209.64680879814753 210.0661488657205 97.4274916365048 104.82340439907377 105.03307443286025
1066624 32 323.611 325.724 330.975 206.25103406601707 209.5760091365696 210.94442401525285 103.12551703300853 104.7880045682848 105.47221200762642
1066624 64 646.8 648.793 655.865 208.1645948480251 210.43363908056958 211.0820531849103 104.08229742401255 105.21681954028479 105.54102659245515
1066624 128 1296.359 1297.508 1300.641 209.9393637444921 210.446289348505 210.63281390417313 104.96968187224606 105.2231446742525 105.31640695208657
1066624 256 2590.574 2593.778 2595.112 210.4385043882499 210.54673453163687 210.80713695111584 105.21925219412495 105.27336726581844 105.40356847555792
1066624 512 5181.327 5184.786 5187.002 210.56922206700514 210.65922026482866 210.79985416863283 105.28461103350257 105.32961013241433 105.39992708431642

1173280 1 73.815 76.059 77.343 30.339655818884708 30.851838704163875 31.7897446318499 15.169827909442354 15.425919352081937 15.89487231592495
1173280 2 25.036 25.698 26.198 179.14039239636617 182.6258852829014 187.45486499440804 89.57019619818308 91.3129426414507 93.72743249720402
1173280 4 46.056 46.246 46.436 202.1328279782927 202.96328331098906 203.80059058537435 101.06641398914635 101.48164165549453 101.90029529268718
1173280 8 90.738 90.826 102.911 182.4147078543596 206.6861911787374 206.88664065771783 91.2073539271798 103.3430955893687 103.44332032885892
1173280 16 179.233 179.854 187.151 200.61319469305533 208.75243252860653 209.47571038815397 100.30659734652767 104.37621626430327 104.73785519407699
1173280 32 356.463 356.68 369.465 203.239603210047 210.52461590220926 210.65277462177002 101.6198016050235 105.26230795110463 105.32638731088501
1173280 64 714.436 717.453 721.53 208.1408118858537 209.32359332248944 210.207548331831 104.07040594292685 104.66179666124472 105.1037741659155
1173280 128 1424.056 1426.891 1430.314 209.9956233386515 210.49938642825558 210.91844702736412 104.99781166932576 105.24969321412779 105.45922351368206
1173280 256 2846.258 2849.966 2852.843 210.56867132190592 210.78123739020046 211.05583541618506 105.28433566095296 105.39061869510023 105.52791770809253
1173280 512 5691.122 5693.469 5700.947 210.74370977313066 211.02050788368217 211.10753204728346 105.37185488656533 105.51025394184109 105.55376602364173

1290608 1 81.772 82.423 86.371 29.88521610262704 31.316695582543705 31.566012816122875 14.94260805131352 15.658347791271853 15.783006408061437
1290608 2 27.36 27.581 28.122 183.57271886779034 187.173488996048 188.68538011695907 91.78635943389517 93.586744498024 94.34269005847953
1290608 4 50.013 50.153 50.442 204.68783949883033 205.86732598249355 206.4436046627877 102.34391974941516 102.93366299124678 103.22180233139385
1290608 8 98.901 99.204 109.53 188.53033871998537 208.154187331156 208.79190301412524 94.26516935999268 104.077093665578 104.39595150706262
1290608 16 196.294 196.545 197.21 209.41867045281677 210.12722786130405 210.39591632958724 104.70933522640838 105.06361393065202 105.19795816479362
1290608 32 392.045 398.892 403.368 204.77309057733882 207.07086629965002 210.68732415921642 102.38654528866941 103.53543314982501 105.34366207960821
1290608 64 781.501 785.412 789.417 209.26560233691444 210.3326967247763 211.38530085054273 104.63280116845722 105.16634836238815 105.69265042527137
1290608 128 1570.272 1572.412 1576.105 209.62794230079848 210.12027890908996 210.4066352835687 104.81397115039924 105.06013945454498 105.20331764178435
1290608 256 3135.963 3140.776 3141.486 210.3435431512348 210.3910931565957 210.7139963067166 105.1717715756174 105.19554657829785 105.3569981533583
1290608 512 6273.51 6279.146 6283.501 210.32583459444024 210.47170936939514 210.66079308074745 105.16291729722012 105.23585468469757 105.33039654037373

1419664 1 89.226 92.512 97.588 29.0950526704103 30.691456243514356 31.82175599040638 14.54752633520515 15.345728121757178 15.91087799520319
1419664 2 30.636 30.958 31.537 180.06329073786347 183.4309709929582 185.35892414153287 90.03164536893173 91.7154854964791 92.67946207076643
1419664 4 55.232 55.371 66.441 170.93830616637317 205.11300139061962 205.62920046349942 85.46915308318658 102.55650069530981 102.81460023174971
1419664 8 108.902 109.483 119.662 189.82320201902021 207.4716988025538 208.5785752327781 94.91160100951011 103.7358494012769 104.28928761638905
1419664 16 216.212 216.465 228.294 198.9944895617055 209.8687917215254 210.1143692302 99.49724478085275 104.9343958607627 105.0571846151
1419664 32 430.699 431.05 431.502 210.5633253148305 210.7841224915903 210.9559019175805 105.28166265741525 105.39206124579515 105.47795095879025
1419664 64 862.864 866.128 872.741 208.21411163220245 209.8038534720041 210.5974892914758 104.10705581610122 104.90192673600205 105.2987446457379
1419664 128 1726.407 1729.85 1730.386 210.03058508332822 210.09566378587738 210.51466079551346 105.01529254166411 105.04783189293869 105.25733039775673
1419664 256 3445.955 3452.648 3457.444 210.232752287528 210.52478213823127 210.93367963307702 105.116376143764 105.26239106911564 105.46683981653851
1419664 512 6899.111 6901.237 6914.053 210.2581417874581 210.64860343152972 210.7135159877845 105.12907089372905 105.32430171576486 105.35675799389224

1561616 1 98.373 100.717 101.949 30.635239188221565 31.009978454481367 31.748874182956705 15.317619594110782 15.504989227240683 15.874437091478352
1561616 2 33.943 34.153 34.443 181.35656011381124 182.89649518343924 184.02804702000415 90.67828005690562 91.44824759171962 92.01402351000208
1561616 4 60.422 60.593 60.74 205.67876193612116 206.17774330368195 206.76124590380988 102.83938096806058 103.08887165184098 103.38062295190494
1561616 8 119.282 119.468 119.672 208.78614880673842 209.14266581846184 209.468788249694 104.39307440336921 104.57133290923092 104.734394124847
1561616 16 236.499 236.992 240.186 208.05422464256867 210.85822306238185 211.29777292927244 104.02711232128433 105.42911153119093 105.64888646463622
1561616 32 475.884 478.662 480.256 208.10447761194033 208.79748966911936 210.0163569273184 104.05223880597016 104.39874483455968 105.0081784636592
1561616 64 948.382 949.521 950.563 210.2825883187122 210.51335146879325 210.76617649849956 105.1412941593561 105.25667573439662 105.38308824924978
1561616 128 1892.737 1895.117 1907.072 209.62695482918318 210.94934824604496 211.21460403637695 104.81347741459159 105.47467412302248 105.60730201818848
1561616 256 3781.001 3789.967 3835.697 208.44904902550957 210.96420945090023 211.46447514824777 104.22452451275478 105.48210472545011 105.73223757412389
1561616 512 7566.57 7569.267 7579.444 210.97784797935046 211.26151105516558 211.33681232050984 105.48892398967523 105.63075552758279 105.66840616025492

1717776 1 107.887 109.132 110.756 31.019105059771032 31.480702268812077 31.843984910137458 15.509552529885516 15.740351134406039 15.921992455068729
1717776 2 36.719 36.978 37.238 184.51861002202054 185.81599870193085 187.12666466951717 92.25930501101027 92.90799935096543 93.56333233475858
1717776 4 66.323 66.421 66.702 206.0239273185212 206.89553002815373 207.20124240459572 103.0119636592606 103.44776501407686 103.60062120229786
1717776 8 130.788 131.129 131.274 209.36679007267244 209.5983039602224 210.14478392513075 104.68339503633622 104.7991519801112 105.07239196256538
1717776 16 260.004 261.076 264.01 208.20738608386046 210.5472429484135 211.41533207181425 104.10369304193023 105.27362147420675 105.70766603590712
1717776 32 522.72 523.723 525.918 209.03955369468244 209.91566916098782 210.31845730027547 104.51977684734122 104.95783458049391 105.15922865013773
1717776 64 1041.766 1045.396 1048.473 209.7100526193808 210.32730945976456 211.06018818045507 104.8550263096904 105.16365472988228 105.53009409022754
1717776 128 2089.182 2092.403 2095.169 209.88791644015353 210.16537254056703 210.48939537101128 104.94395822007677 105.08268627028352 105.24469768550564
1717776 256 4175.85 4179.526 4182.617 210.27536396471393 210.43087469727428 210.61611695822407 105.13768198235697 105.21543734863714 105.30805847911203
1717776 512 8348.688 8360.229 8367.678 210.21394752522744 210.40124905669455 210.69210204046433 105.10697376261372 105.20062452834728 105.34605102023217

1889552 1 117.574 122.267 132.627 28.49422817375044 30.908618024487396 32.142344395869834 14.24711408687522 15.454309012243698 16.071172197934917
1889552 2 39.251 40.204 40.365 187.24657500309672 187.9964182668391 192.5609029069323 93.62328750154836 93.99820913341955 96.28045145346616
1889552 4 72.655 72.762 72.923 207.29284313591046 207.75151864984468 208.0574771178859 103.64642156795523 103.87575932492234 104.02873855894295
1889552 8 143.853 144.097 154.943 195.122283678514 209.80889262094283 210.16476542025538 97.561141839257 104.90444631047141 105.08238271012769
1889552 16 285.781 287.114 298.334 202.67775044078115 210.59810388904756 211.58041997193658 101.33887522039058 105.29905194452378 105.79020998596829
1889552 32 571.411 574.128 575.639 210.08188812780233 210.6347852743639 211.6363318172034 105.04094406390116 105.31739263718195 105.8181659086017
1889552 64 1147.883 1149.035 1154.572 209.48252339395032 210.49198327292032 210.70323020725982 104.74126169697516 105.24599163646016 105.35161510362991
1889552 128 2292.41 2304.178 2305.929 209.7745906313681 209.93400336258745 211.01169162584355 104.88729531568406 104.96700168129372 105.50584581292178
1889552 256 4587.643 4599.761 4611.638 209.7845980105117 210.32628086546234 210.88184586289736 104.89229900525585 105.16314043273117 105.44092293144868
1889552 512 9179.065 9188.98 9200.333 210.30774081764216 210.5675763795329 210.79502629080415 105.15387040882108 105.28378818976645 105.39751314540207

2078496 1 129.616 132.306 135.03 30.785692068429235 31.41952745907215 32.071596099247 15.392846034214617 15.709763729536075 16.0357980496235
2078496 2 43.771 44.16 44.603 186.39965921574782 188.26956521739132 189.94274748120904 93.19982960787391 94.13478260869566 94.97137374060452
2078496 4 79.875 79.966 82.934 200.49639472351507 207.93797363879648 208.1748732394366 100.24819736175753 103.96898681939824 104.0874366197183
2078496 8 158.093 158.859 169.425 196.28706507304116 209.34247351424847 210.35678999070169 98.14353253652058 104.67123675712423 105.17839499535084
2078496 16 314.754 320.805 324.282 205.1050382074861 207.32804039837282 211.3138260355706 102.55251910374305 103.66402019918641 105.6569130177853
2078496 32 627.615 630.2 633.124 210.1069363979252 211.0817899079657 211.95118663511866 105.0534681989626 105.54089495398286 105.97559331755933
2078496 64 1263.174 1264.355 1268.867 209.67326599241687 210.42150978166734 210.61824261740665 104.83663299620844 105.21075489083367 105.30912130870333
2078496 128 2522.714 2523.643 2527.617 210.5125009050026 210.84399655577275 210.9216407408846 105.2562504525013 105.42199827788637 105.4608203704423
2078496 256 5042.227 5054.654 5056.263 210.46965950940447 210.53665631712872 211.05554192621634 105.23482975470223 105.26832815856436 105.52777096310817
2078496 512 10108.827 10123.219 10153.74 209.61536379698515 210.24734365620264 210.54667410966675 104.80768189849258 105.12367182810132 105.27333705483338

2286336 1 143.932 145.861 149.227 30.642390452129973 31.349517691500814 31.76966901036601 15.321195226064987 15.674758845750407 15.884834505183004
2286336 2 47.516 48.009 48.129 190.01732842984478 190.4922826969943 192.46872632376463 95.00866421492239 95.24614134849715 96.23436316188231
2286336 4 87.894 90.966 99.485 183.85372669246618 201.07169711760437 208.09939244999657 91.92686334623309 100.53584855880219 104.04969622499829
2286336 8 173.707 173.853 174.073 210.14962688067646 210.4155579713896 210.592411359358 105.07481344033823 105.2077789856948 105.296205679679
2286336 16 345.991 346.414 357.893 204.42632853953558 211.20033255007016 211.4585408290967 102.21316426976779 105.60016627503508 105.72927041454835
2286336 32 693.574 694.941 697.462 209.79709862329415 210.5581682473764 210.9731679676574 104.89854931164707 105.2790841236882 105.4865839838287
2286336 64 1385.662 1392.104 1393.26 210.0476637526377 210.22208685557973 211.19941803989718 105.02383187631885 105.11104342778987 105.59970901994859
2286336 128 2778.102 2782.882 2830.262 206.80135478623532 210.32225441107457 210.68413470779691 103.40067739311766 105.16112720553728 105.34206735389846
2286336 256 5551.773 5558.512 5601.448 208.98239740867004 210.5966546442645 210.85228664788707 104.49119870433502 105.29832732213225 105.42614332394353

2514960 1 157.136 175.51 177.91 28.27227249733011 28.65887983590679 32.009978617248755 14.136136248665055 14.329439917953396 16.004989308624378
2514960 2 52.658 52.999 53.447 188.22085430426404 189.81188324308005 191.04105738919063 94.11042715213202 94.90594162154002 95.52052869459531
2514960 4 96.826 96.92 100.373 200.44912476462792 207.59059017746597 207.79212195071574 100.22456238231396 103.79529508873298 103.89606097535787
2514960 8 191.615 195.163 203.451 197.78403645103737 206.18334417896835 210.00109594760326 98.89201822551868 103.09167208948418 105.00054797380163
2514960 16 380.166 381.067 382.7 210.29192579043638 211.19309727685683 211.6936285727814 105.14596289521819 105.59654863842842 105.8468142863907
2514960 32 763.883 768.687 773.055 208.2095581815007 209.39269169375834 210.7095458335897 104.10477909075036 104.69634584687917 105.35477291679484
2514960 64 1527.647 1529.27 1538.335 209.26188378994172 210.5023180994854 210.72595959668695 104.63094189497086 105.2511590497427 105.36297979834347
2514960 128 3057.651 3058.706 3061.014 210.33218404097468 210.4908938616526 210.5635208203945 105.16609202048734 105.2454469308263 105.28176041019725
2514960 256 6108.55 6114.738 6123.631 210.2771247973629 210.5829423926258 210.79626425256404 105.13856239868144 105.2914711963129 105.39813212628202

2766448 1 172.701 174.894 177.62 31.150185789888525 31.635710773382733 32.037428851019975 15.575092894944262 15.817855386691367 16.018714425509987
2766448 2 55.934 56.265 56.555 195.66425603394927 196.67274504576557 197.8365931276147 97.83212801697464 98.33637252288278 98.91829656380735
2766448 4 105.326 115.28 116.061 190.6892410025762 191.98112421929213 210.12460361164386 95.3446205012881 95.99056210964606 105.06230180582193
2766448 8 208.898 209.542 220.209 201.00526318179547 211.23768981874753 211.88890271807293 100.50263159089774 105.61884490937376 105.94445135903646
2766448 16 417.214 417.541 421.193 210.17997924941773 212.01830718420464 212.1844808659345 105.08998962470886 106.00915359210232 106.09224043296724
2766448 32 838.466 841.755 860.017 205.87113045439798 210.33753526857575 211.16261363012927 102.93556522719899 105.16876763428787 105.58130681506464
2766448 64 1678.81 1679.759 1684.376 210.22939296214147 210.8072312754389 210.92639667383443 105.11469648107074 105.40361563771945 105.46319833691722
2766448 128 3359.668 3362.41 3382.164 209.395726523019 210.62591653010787 210.79781930833641 104.6978632615095 105.31295826505394 105.39890965416821
2766448 256 6720.559 6725.129 6733.491 210.35468466505708 210.61623888552919 210.75945855099255 105.17734233252854 105.30811944276459 105.37972927549627

3043088 1 189.282 196.876 206.867 29.42071959278184 30.9137528190333 32.15401358819116 14.71035979639092 15.45687640951665 16.07700679409558
3043088 2 62.745 63.295 74.198 164.05229251462305 192.31143060273325 193.9971631205674 82.02614625731152 96.15571530136663 96.9985815602837
3043088 4 116.165 116.583 127.422 191.05573605813754 208.81864422771758 209.57004261180217 95.52786802906877 104.40932211385879 104.78502130590108
3043088 8 231.12 231.362 231.58 210.24876068745144 210.44686681477515 210.66722049151957 105.12438034372572 105.22343340738757 105.33361024575979
3043088 16 461.001 462.999 464.282 209.74066623302218 210.32187110555316 211.2334159795749 104.87033311651109 105.16093555277658 105.61670798978744
3043088 32 921.392 924.525 926.33 210.2464909913314 210.65696655039076 211.373261326341 105.1232454956657 105.32848327519538 105.6866306631705
3043088 64 1848.312 1851.986 1855.273 209.95037603630303 210.32300676139022 210.74107834608012 104.97518801815151 105.16150338069511 105.37053917304006
3043088 128 3700.078 3704.262 3715.194 209.68771159729482 210.3065409520169 210.5443528487778 104.84385579864741 105.15327047600844 105.2721764243889
3043088 256 7402.427 7411.36 7417.073 210.06413931749088 210.22606593121913 210.47975967881888 105.03206965874544 105.11303296560956 105.23987983940944

3347392 1 213.827 215.581 217.216 30.82086034177961 31.054610564010744 31.309348211404544 15.410430170889805 15.527305282005372 15.654674105702272
3347392 2 66.391 66.754 76.973 173.95148948332533 200.58075920544084 201.6774562817249 86.97574474166267 100.29037960272042 100.83872814086244
3347392 4 125.964 126.049 129.18 207.30094441864063 212.45020587231946 212.59356641580132 103.65047220932031 106.22510293615973 106.29678320790066
3347392 8 251.85 252.09 263.74 203.07223780996435 212.456947915427 212.65940837800278 101.53611890498217 106.2284739577135 106.32970418900139
3347392 16 503.404 506.524 510.671 209.7564655130211 211.47377814279284 212.78445145449774 104.87823275651056 105.73688907139642 106.39222572724887
3347392 32 1011.956 1014.943 1016.428 210.77054941422313 211.07893546731196 211.70197913743283 105.38527470711156 105.53946773365598 105.85098956871641
3347392 64 2027.683 2028.871 2031.483 210.9130009948397 211.18453366428912 211.30826465478083 105.45650049741985 105.59226683214456 105.65413232739041
3347392 128 4063.401 4066.245 4070.129 210.5418162421879 210.7429217865623 210.8904220873106 105.27090812109395 105.37146089328115 105.4452110436553
3347392 256 8116.03 8128.287 8154.712 210.16863673419735 210.85189339402015 211.1703263787837 105.08431836709867 105.42594669701008 105.58516318939185

3682128 1 230.009 236.76 251.056 29.333120897329678 31.104308160162187 32.01725149885439 14.666560448664839 15.552154080081094 16.008625749427196
3682128 2 73.446 74.706 84.584 174.12881868911376 197.1529997590555 200.53525038804017 87.06440934455688 98.57649987952774 100.26762519402008
3682128 4 138.787 139.079 139.164 211.67129430025005 211.8006600565146 212.24627666856404 105.83564715012503 105.9003300282573 106.12313833428202
3682128 8 277.345 277.687 280.281 210.19636721718558 212.15990665749567 212.42152553678628 105.09818360859279 106.07995332874783 106.21076276839314
3682128 16 559.489 561.353 562.925 209.31402229426658 209.90018045686045 210.5994863169785 104.65701114713329 104.95009022843023 105.29974315848925
3682128 32 1115.81 1116.934 1119.13 210.57088273927064 210.98488540952283 211.19741891540676 105.28544136963532 105.49244270476142 105.59870945770338
3682128 64 2230.425 2236.462 2237.071 210.68280085880153 210.74017085915165 211.3105726487104 105.34140042940076 105.37008542957582 105.6552863243552
3682128 128 4464.272 4483.746 4538.193 207.70927283171957 210.2315269419811 211.148596680489 103.85463641585979 105.11576347099054 105.5742983402445
3682128 256 8941.804 8951.066 8987.212 209.7702308569109 210.61732043982244 210.83547973093573 104.88511542845545 105.30866021991122 105.41773986546787

4050336 1 258.992 271.115 308.523 26.256298557968126 29.879099275215314 31.277691975041694 13.128149278984063 14.939549637607657 15.638845987520847
4050336 2 82.053 82.921 83.665 193.64541923145876 195.38288250262298 197.4497458959453 96.82270961572938 97.69144125131149 98.72487294797266
4050336 4 155.108 155.173 165.662 195.59517571923553 208.8165338042056 208.9040410552647 97.79758785961776 104.4082669021028 104.45202052763236
4050336 8 306.99 307.751 319.683 202.71761713947882 210.57730437918968 211.09930616632465 101.35880856973941 105.28865218959484 105.54965308316233
4050336 16 613.057 615.624 619.521 209.21123254901772 210.53557366184552 211.41713087037584 104.60561627450886 105.26778683092276 105.70856543518792
4050336 32 1227.789 1231.167 1237.375 209.49308334175169 210.5494250576892 211.12870696837973 104.74654167087584 105.2747125288446 105.56435348418987
4050336 64 2462.218 2463.564 2477.459 209.26401123086194 210.44430264446146 210.55934446096975 104.63200561543097 105.22215132223073 105.27967223048488
4050336 128 4916.664 4922.577 4925.386 210.51873213591784 210.63886171816102 210.89218543304975 105.25936606795892 105.31943085908051 105.44609271652487
4050336 256 9834.07 9843.774 9849.215 210.55201170854733 210.66839120849383 210.87627320122797 105.27600585427366 105.33419560424691 105.43813660061399

4455360 1 285.139 292.784 303.864 29.324697891161836 30.434449969943717 31.250442766510368 14.662348945580918 15.217224984971859 15.625221383255184
4455360 2 87.543 87.87 88.444 201.4997060286735 202.81597814953906 203.573558137144 100.74985301433675 101.40798907476953 101.786779068572
4455360 4 167.321 167.691 167.996 212.1650515488464 212.55094191101492 213.02095971217003 106.0825257744232 106.27547095550746 106.51047985608501
4455360 8 335.832 340.914 348.226 204.71119330549703 209.101884932857 212.26613306653329 102.35559665274852 104.5509424664285 106.13306653326664
4455360 16 670.274 675.385 677.696 210.37680611955804 211.09666338458806 212.7063260696372 105.18840305977902 105.54833169229403 106.3531630348186
4455360 32 1348.33 1352.51 1375.498 207.301675465904 210.82508816940359 211.4786736184762 103.650837732952 105.41254408470179 105.7393368092381
4455360 64 2700.723 2708.249 2710.32 210.4128221021872 210.57372494183514 211.16052257117818 105.2064110510936 105.28686247091757 105.58026128558909
4455360 128 5400.05 5406.886 5414.448 210.6534516537974 210.94806881447101 211.21511097119472 105.3267258268987 105.47403440723551 105.60755548559736

4900896 1 312.09 315.255 326.916 29.98260103512829 31.09163058476471 31.406940305681054 14.991300517564145 15.545815292382356 15.703470152840527
4900896 2 98.911 99.726 100.332 195.3871546465734 196.57445400397089 198.19417456096895 97.6935773232867 98.28722700198544 99.09708728048447
4900896 4 188.764 198.809 202.769 193.35878758587359 197.21022690119665 207.70468945349748 96.67939379293679 98.60511345059832 103.85234472674874
4900896 8 372.872 374.022 375.157 209.01738738714727 209.6516675489677 210.29826857473878 104.50869369357363 104.82583377448385 105.14913428736939
4900896 16 746.251 749.012 750.102 209.07646160122223 209.38072020207954 210.15539275659265 104.53823080061112 104.69036010103977 105.07769637829632
4900896 32 1488.395 1490.406 1495.737 209.70086586077633 210.45094021360623 210.73528465225965 104.85043293038817 105.22547010680312 105.36764232612983
4900896 64 2982.067 2982.876 2989.232 209.8581468417306 210.3053187594791 210.36237213986138 104.9290734208653 105.15265937973955 105.18118606993069
4900896 128 5961.944 5965.474 5967.444 210.245689109106 210.3151193015006 210.43964451863351 105.122844554553 105.1575596507503 105.21982225931676

5390976 1 337.045 351.611 360.599 29.9001161955524 30.66443313775735 31.98965123351481 14.9500580977762 15.332216568878675 15.994825616757405
5390976 2 109.209 109.37 119.551 180.3740997565892 197.16470695803235 197.45537455704198 90.1870498782946 98.58235347901618 98.72768727852099
5390976 4 206.857 207.846 218.729 197.17462247804357 207.4988597326867 208.4909285158346 98.58731123902179 103.74942986634335 104.2454642579173
5390976 8 410.188 410.693 413.618 208.53931888844295 210.02455849016172 210.28312871171266 104.26965944422147 105.01227924508086 105.14156435585633
5390976 16 817.89 819.784 823.589 209.462768443969 210.43498287353742 210.92229028353447 104.7313842219845 105.21749143676871 105.46114514176723
5390976 32 1639.27 1642.579 1668.298 206.81105174255438 210.04923598804075 210.47323747765773 103.40552587127719 105.02461799402037 105.23661873882887
5390976 64 3271.864 3277.532 3281.305 210.29588166903105 210.53796820290387 210.90269277696137 105.14794083451552 105.26898410145193 105.45134638848069
5390976 128 6545.677 6552.632 6556.412 210.49468154228256 210.6161090688444 210.83989570521123 105.24734077114128 105.3080545344222 105.41994785260562

5930064 1 377.168 381.119 394.733 30.04595004724712 31.11922522886552 31.445212743392865 15.02297502362356 15.55961261443276 15.722606371696433
5930064 2 115.661 116.613 129.38 183.33788839078684 203.41004862236628 205.0843067239605 91.66894419539342 101.70502431118314 102.54215336198025
5930064 4 224.366 225.852 240.025 197.64821164462035 210.05132564688378 211.4425180285783 98.82410582231017 105.02566282344189 105.72125901428915
5930064 8 448.563 448.969 454.519 208.75040207340066 211.33090257901992 211.5221808307863 104.37520103670033 105.66545128950996 105.76109041539316
5930064 16 896.484 898.499 904.259 209.85364591339427 211.19895292037052 211.6736584255826 104.92682295669714 105.59947646018526 105.8368292127913
5930064 32 1797.088 1799.975 1805.252 210.23330593180341 210.84964846733982 211.18837586139352 105.11665296590171 105.42482423366991 105.59418793069676
5930064 64 3594.714 3602.443 3618.245 209.7835254384377 210.7037341048838 211.15676852177947 104.89176271921885 105.3518670524419 105.57838426088973
5930064 128 7195.669 7201.965 7214.822 210.4135603068239 210.78919211631825 210.97362649671626 105.20678015341196 105.39459605815912 105.48681324835813

6523056 1 414.606 417.545 437.683 29.807216638526057 31.24480475158366 31.466288476288334 14.903608319263029 15.62240237579183 15.733144238144167
6523056 2 130.973 131.544 142.53 183.06478636076616 198.3535851122058 199.21834271185662 91.53239318038308 99.1767925561029 99.60917135592831
6523056 4 250.856 251.126 254.985 204.65693276075064 207.80185245653576 208.02551264470455 102.32846638037532 103.90092622826788 104.01275632235227
6523056 8 496.475 499.277 529.155 197.23690790033166 209.04006393244632 210.2198418852913 98.61845395016583 104.52003196622316 105.10992094264564
6523056 16 993.474 995.349 1000.939 208.5419710891473 209.71316794410805 210.10896309314586 104.27098554457365 104.85658397205403 105.05448154657293
6523056 32 1980.014 1984.785 1986.441 210.162589273983 210.33793786228733 210.84476372389287 105.0812946369915 105.16896893114367 105.42238186194643
6523056 64 3963.93 3966.2 3985.92 209.4751445086705 210.5166577580556 210.63721306884835 104.73757225433525 105.2583288790278 105.31860653442418
6523056 128 7924.223 7928.481 7937.58 210.37927630335696 210.62071486328847 210.73388974540472 105.18963815167848 105.31035743164423 105.36694487270236

7175360 1 445.912 458.892 475.252 30.196022320789815 31.272543430698295 32.18285222196308 15.098011160394908 15.636271715349148 16.09142611098154
7175360 2 140.08 140.246 142.019 202.09577591730684 204.65068522453402 204.89320388349515 101.04788795865342 102.32534261226701 102.44660194174757
7175360 4 271.243 271.745 285.6 200.9904761904762 211.2380356584298 211.62898213041444 100.4952380952381 105.6190178292149 105.81449106520722
7175360 8 542.178 545.022 554.05 207.21191228228503 210.64426757085036 211.74920413591107 103.60595614114251 105.32213378542518 105.87460206795554
7175360 16 1085.966 1087.89 1090.498 210.55657140132305 211.06133892213367 211.43527513752736 105.27828570066153 105.53066946106684 105.71763756876368
7175360 32 2173.983 2177.211 2183.103 210.3533548348383 210.92261613596483 211.23580083192925 105.17667741741916 105.46130806798242 105.61790041596463
7175360 64 4356.656 4362.736 4371.659 210.09097004135046 210.52066409702536 210.81445953042888 105.04548502067523 105.26033204851268 105.40722976521444
7175360 128 8704.247 8709.352 8715.352 210.76511424897123 210.910313419414 211.03401132803333 105.38255712448561 105.455156709707 105.51700566401666

7892896 1 497.007 503.506 521.999 30.241038775936353 31.351745560132358 31.76170959362745 15.120519387968177 15.675872780066179 15.880854796813725
7892896 2 172.685 177.91 178.622 176.75081456931395 177.45817548198525 182.82759938616556 88.37540728465697 88.72908774099263 91.41379969308278
7892896 4 302.282 304.155 305.007 207.02202900261307 207.60193980043073 208.88828312635223 103.51101450130653 103.80096990021536 104.44414156317612
7892896 8 602.519 606.115 610.963 206.700464676257 208.3537546505201 209.5972674720631 103.3502323381285 104.17687732526005 104.79863373603155
7892896 16 1203.524 1208.585 1210.939 208.57588367374407 208.98213365216347 209.86093505405793 104.28794183687204 104.49106682608173 104.93046752702897
7892896 32 2400.318 2401.586 2422.516 208.5209525963915 210.3382281542281 210.4493421288346 104.26047629819575 105.16911407711405 105.2246710644173
7892896 64 4808.366 4809.643 4842.536 208.62843105348108 210.05523445295213 210.111020666896 104.31421552674054 105.02761722647607 105.055510333448
7892896 128 9606.432 9612.62 10071.52 200.62327990213987 210.2009000667872 210.33630134476564 100.31163995106994 105.1004500333936 105.16815067238282

8682176 1 538.652 553.139 564.819 30.74321508306201 31.39238419276167 32.2366797115763 15.371607541531006 15.696192096380836 16.11833985578815
8682176 2 278.757 312.711 331.394 104.79581404612033 111.05686720326435 124.58415035317498 52.397907023060164 55.52843360163217 62.29207517658749
8682176 4 353.635 358.954 392.75 176.8489064290261 193.49946789839365 196.40988024375415 88.42445321451305 96.74973394919682 98.20494012187707
8682176 8 676.696 707.751 721.204 192.61514911176312 196.27639664232194 205.2839325191814 96.30757455588156 98.13819832116097 102.6419662595907
8682176 16 1376.731 1391.293 1433.941 193.75248493487527 199.6916767352384 201.80386146603803 96.87624246743763 99.8458383676192 100.90193073301901
8682176 32 2734.979 2759.38 2792.738 198.96576907679847 201.37105581688638 203.16765284121013 99.48288453839923 100.68552790844319 101.58382642060506
8682176 64 5458.382 5486.577 5820.37 190.9360621403794 202.55225216013554 203.59852571696157 95.4680310701897 101.27612608006777 101.79926285848079

9550384 1 617.435 621.274 675.805 28.26372696265935 30.74451530242695 30.935674200523135 14.131863481329676 15.372257651213475 15.467837100261567
9550384 2 924.566 950.715 979.379 39.00587617255424 40.1819009903073 41.31834395813819 19.50293808627712 20.09095049515365 20.659171979069097
9550384 4 1219.072 1242.887 1351.87 56.51658221574561 61.47225934457437 62.673141537169265 28.258291107872804 30.736129672287184 31.336570768584632
9550384 8 2074.612 2094.1 2136.227 71.53085510107307 72.96984098180603 73.65528783213439 35.765427550536536 36.484920490903015 36.827643916067196
9550384 16 3670.682 3713.795 3736.532 81.79035747586263 82.291103305379 83.25763114320446 40.89517873793132 41.1455516526895 41.62881557160223
9550384 32 6651.05 6762.349 7051.762 86.67685835114686 90.38642873948092 91.898959713128 43.33842917557343 45.19321436974046 45.949479856564
9550384 64 12865.408 13010.427 13465.047 90.78684626945602 93.95918765771485 95.01829650486016 45.39342313472801 46.979593828857425 47.50914825243008

10505408 1 668.889 678.858 709.456 29.6153898198056 30.950237015694007 31.41151371901766 14.8076949099028 15.475118507847004 15.70575685950883
10505408 2 1268.243 1282.361 1288.534 32.61196988205201 32.76895663545601 33.13373856587421 16.305984941026004 16.384478317728004 16.566869282937105
10505408 4 1878.906 1887.152 1901.288 44.203331636238175 44.53444343645875 44.72989282060945 22.101665818119088 22.267221718229376 22.364946410304725
10505408 8 3239.886 3275.097 3323.625 50.57325299936064 51.322610597487646 51.880383445590375 25.28662649968032 25.661305298743823 25.940191722795188
10505408 16 6003.227 6013.76 6061.692 55.45861716497639 55.90064385675518 55.99872468590644 27.729308582488194 27.95032192837759 27.99936234295322
10505408 32 11103.053 11126.239 11292.916 59.53697981991543 60.42887556163409 60.55506643082764 29.768489909957715 30.214437780817043 30.27753321541382
10505408 64 21291.892 21367.561 21908.173 61.37856515922164 62.931479357892094 63.155130788752835 30.68928257961082 31.465739678946047 31.577565394376418

11555936 1 754.5 759.38 772.636 29.91301466667357 30.435186599594402 30.632037110669316 14.956507333336784 15.217593299797201 15.316018555334658
11555936 2 1433.561 1459.722 1476.421 31.307969745756797 31.66612820797385 32.24400217360824 15.653984872878398 15.833064103986924 16.12200108680412
11555936 4 2275.283 2309.761 2321.734 39.818294429939 40.024698659298515 40.63120411834484 19.9091472149695 20.012349329649258 20.31560205917242
11555936 8 3973.814 4019.794 4045.766 45.700857637342345 45.996132140104685 46.52834178952512 22.850428818671173 22.998066070052342 23.26417089476256
11555936 16 7315.184 7443.621 7509.879 49.24046738968764 49.67877219971301 50.55101170387511 24.62023369484382 24.839386099856505 25.275505851937556
11555936 32 13994.56 14249.605 14302.874 51.70848208548855 51.90178282134838 52.847671095054075 25.854241042744274 25.95089141067419 26.423835547527037
11555936 64 27416.927 27774.951 27935.133 52.94980367553646 53.255172547379104 53.95060533224602 26.47490183776823 26.627586273689552 26.97530266612301

12711520 1 829.09 834.291 848.736 29.954002186781285 30.472628854919925 30.663788008539484 14.977001093390642 15.236314427459963 15.331894004269742
12711520 2 1645.523 1672.36 1684.67 30.181626075136375 30.403788657944464 30.899647103079086 15.090813037568187 15.201894328972232 15.449823551539543
12711520 4 2623.96 2682.57 2685.9 37.861484046315944 37.90848328282207 38.75522492720926 18.930742023157972 18.954241641411034 19.37761246360463
12711520 8 4575.901 4640.817 4640.972 43.82364728768025 43.82511096645268 44.44683571606991 21.911823643840126 21.91255548322634 22.223417858034956
12711520 16 8429.766 8521.553 8559.122 47.52457553473359 47.73409729423734 48.25384714118992 23.762287767366796 23.86704864711867 24.12692357059496
12711520 32 16129.963 16336.903 16457.661 49.43213254909067 49.79752159879997 50.436400877050986 24.716066274545334 24.898760799399984 25.218200438525493
12711520 64 31650.494 31980.54 32130.141 50.64013133337946 50.87701958753667 51.40755654556292 25.32006566668973 25.438509793768336 25.70377827278146

13982672 1 914.619 931.067 945.938 29.563611991483587 30.035801934769463 30.575949111050612 14.781805995741793 15.017900967384731 15.287974555525306
13982672 2 1867.009 1875.762 1884.335 29.681923861733715 29.81758240117883 29.957374602907645 14.840961930866857 14.908791200589414 14.978687301453823
13982672 4 2917.512 2956.169 2979.832 37.53949081693196 37.839980055267475 38.34135935002152 18.76974540846598 18.919990027633737 19.17067967501076
13982672 8 5097.749 5108.986 5136.514 43.5553669278425 43.79004992380092 43.886576604693566 21.77768346392125 21.89502496190046 21.943288302346783
13982672 16 9285.447 9419.259 9454.957 47.32390681417166 47.503259438985594 48.18782596034418 23.66195340708583 23.751629719492797 24.09391298017209
13982672 32 17829.436 18040.387 18079.497 49.497561132369995 49.6048675674197 50.1917732002291 24.748780566184998 24.80243378370985 25.09588660011455
13982672 64 34954.695 35154.274 35257.302 50.76344230763885 50.912216705143734 51.20290753502498 25.381721153819424 25.456108352571867 25.60145376751249

15380928 1 1000.716 1016.449 1025.474 29.9976947245859 30.264042760630392 30.73984627007063 14.99884736229295 15.132021380315196 15.369923135035314
15380928 2 2042.165 2053.012 2076.595 29.627208001560252 29.96753647811118 30.12670964393181 14.813604000780126 14.98376823905559 15.063354821965905
15380928 4 3225.443 3272.176 3293.684 37.35860027859381 37.604158211538746 38.14899968779482 18.679300139296906 18.802079105769373 19.07449984389741
15380928 8 5563.388 5658.964 5683.533 43.29962507475544 43.48761504755994 44.23470877817618 21.64981253737772 21.74380752377997 22.11735438908809
15380928 16 10289.939 10453.752 10489.762 46.920959312518235 47.08258776370436 47.832129617094914 23.460479656259118 23.54129388185218 23.916064808547457
15380928 32 19688.233 19918.866 20137.13 48.883797840109295 49.41944948070839 49.998361559414704 24.441898920054648 24.709724740354194 24.999180779707352
15380928 64 38549.177 38939.864 39276.26 50.1259229875757 50.55895377549341 51.071357087597484 25.06296149378785 25.279476887746704 25.535678543798742

16919008 1 1098.935 1114.919 1128.177 29.99353470244474 30.350201225380495 30.79164463776293 14.99676735122237 15.175100612690247 15.395822318881464
16919008 2 2237.762 2247.06 2288.6 29.57093069999126 30.117590095502567 30.242730013290057 14.78546534999563 15.058795047751284 15.121365006645028
16919008 4 3525.18 3555.886 3607.837 37.51612503558226 38.06423040558668 38.39578801649845 18.75806251779113 19.03211520279334 19.197894008249225
16919008 8 6102.852 6206.42 6327.027 42.78536001189816 43.616791644780726 44.35698719221767 21.39268000594908 21.808395822390363 22.178493596108837
16919008 16 11358.499 11477.453 11487.281 47.13110578560757 47.17146356425942 47.66547551749576 23.565552892803787 23.58573178212971 23.83273775874788
16919008 32 21613.866 21850.545 22056.769 49.092254264439184 49.55558371656176 50.098233791215314 24.546127132219592 24.77779185828088 25.049116895607657

18610896 1 1195.31 1216.126 1243.597 29.930750878298998 30.606854881813234 31.139864972266604 14.965375439149499 15.303427440906617 15.569932486133302
18610896 2 2408.784 2434.247 2472.761 30.105450546979668 30.581770872060225 30.905047526054634 15.052725273489834 15.290885436030113 15.452523763027317
18610896 4 3887.503 3898.078 3900.528 38.17102915297621 38.19502021252524 38.298920412408684 19.085514576488105 19.09751010626262 19.149460206204342
18610896 8 6710.082 6754.629 6831.284 43.58980478633299 44.08448428477715 44.377153066087715 21.794902393166495 22.042242142388574 22.188576533043857
18610896 16 12413.062 12507.188 12611.621 47.22221449566237 47.61651236073208 47.97757974623827 23.611107247831185 23.80825618036604 23.988789873119135
18610896 32 23890.579 24027.43 24312.392 48.99136802335204 49.57239887911441 49.85636153899827 24.49568401167602 24.786199439557205 24.928180769499136

20471984 1 1308.617 1339.328 1358.175 30.14631251495573 30.570530893104603 31.287968901519694 15.073156257477866 15.285265446552302 15.643984450759847
20471984 2 2640.285 2665.716 2685.646 30.490964185153214 30.718927297581587 31.014809386107938 15.245482092576607 15.359463648790793 15.507404693053969
20471984 4 4123.13 4133.911 4183.638 39.14675982960284 39.61765795151371 39.721248663030266 19.57337991480142 19.808828975756857 19.860624331515133
20471984 8 7083.911 7133.302 7190.859 45.55112873162997 45.918670483879694 46.238828240501604 22.775564365814986 22.959335241939847 23.119414120250802
20471984 16 13062.808 13141.625 13213.849 49.57703754598679 49.84950399969562 50.15028070534298 24.788518772993395 24.92475199984781 25.07514035267149
20471984 32 24972.052 25078.336 25315.149 51.75584690416003 52.24457380266378 52.466932873598054 25.877923452080015 26.12228690133189 26.233466436799027

22519168 1 1459.423 1487.091 1505.928 29.907363433045933 30.286200373749825 30.860371530392488 14.953681716522967 15.143100186874912 15.430185765196244
22519168 2 2937.4 2946.204 2969.483 30.334126176172752 30.573806837544176 30.66544290869476 15.167063088086376 15.286903418772088 15.33272145434738
22519168 4 4586.391 4615.385 4674.379 38.54059416234755 39.03322128056489 39.27997939992469 19.270297081173776 19.516610640282444 19.639989699962346
22519168 8 7889.247 7894.739 7909.107 45.555925340243846 45.63883467205186 45.67060557236958 22.777962670121923 22.81941733602593 22.83530278618479
22519168 16 14382.28 14442.715 14588.895 49.394650931410496 49.894592256372846 50.104251620744414 24.697325465705248 24.947296128186423 25.052125810372207
22519168 32 27518.315 27665.798 27843.408 51.76186593250366 52.094168836192615 52.37336486627179 25.88093296625183 26.047084418096308 26.186682433135896

24771072 1 1613.584 1625.58 1644.979 30.117189337979394 30.47659543055402 30.70317008597011 15.058594668989697 15.23829771527701 15.351585042985056
24771072 2 3231.805 3269.077 3327.716 29.775464011952945 30.309560772046666 30.65911711876181 14.887732005976472 15.154780386023333 15.329558559380905
24771072 4 5048.027 5080.589 5121.116 38.69636540160387 39.00503976999517 39.25663947518506 19.348182700801935 19.502519884997586 19.62831973759253
24771072 8 8674.055 8744.316 8793.069 45.073813477410454 45.32511771075062 45.6922571968935 22.536906738705227 22.66255885537531 22.84612859844675
24771072 16 15882.852 16049.859 16099.88 49.2347957872978 49.38824098080862 49.907554638172044 24.6173978936489 24.69412049040431 24.953777319086022
24771072 32 30331.077 30624.996 30801.962 51.46907875543773 51.7664919205214 52.26812776875678 25.734539377718864 25.8832459602607 26.13406388437839

27248176 1 1761.262 1790.695 1812.997 30.05871052185966 30.43307319225217 30.941649794295227 15.02935526092983 15.216536596126085 15.470824897147613
27248176 2 3554.864 3576.404 3686.691 29.563829461161784 30.475501089921607 30.66016140139257 14.781914730580892 15.237750544960804 15.330080700696286
27248176 4 5523.346 5568.784 5624.143 38.758866550868284 39.14416648230566 39.466187343686244 19.379433275434142 19.57208324115283 19.733093671843122
27248176 8 9467.9 9538.8 9653.408 45.162373329709055 45.704996016270385 46.04725609691695 22.581186664854528 22.852498008135193 23.023628048458477
27248176 16 17465.569 17600.34 17688.847 49.29329944455961 49.54118113627351 49.923459808266195 24.646649722279804 24.770590568136754 24.961729904133097
27248176 32 33446.861 33486.423 33750.287 51.67017584176396 52.077322919799464 52.13892161659057 25.83508792088198 26.038661459899732 26.069460808295286

29972992 1 1952.111 1975.087 1977.009 30.32155341730867 30.351059978623727 30.70828656772079 15.160776708654335 15.175529989311864 15.354143283860395
29972992 2 3910.165 3940.943 4018.606 29.83421813434808 30.42215226152725 30.66161351247326 14.91710906717404 15.211076130763624 15.33080675623663
29972992 4 6141.831 6145.373 6226.872 38.50792757583583 39.01861384166592 39.04111591478176 19.253963787917915 19.50930692083296 19.52055795739088
29972992 8 10493.295 10559.853 10627.424 45.125504731908684 45.41425642951659 45.7023148591553 22.562752365954342 22.707128214758296 22.85115742957765
29972992 16 19305.566 19367.98 19544.17 49.075286594416646 49.52172317402228 49.681824609545245 24.537643297208323 24.76086158701114 24.840912304772623
29972992 32 36831.006 36962.555 37347.165 51.363242377299585 51.89769722358208 52.0830598002129 25.681621188649792 25.94884861179104 26.04152990010645

32970288 1 2145.776 2175.368 2197.145 30.011936399281794 30.31237749199216 30.730409884349534 15.005968199640897 15.15618874599608 15.365204942174767
32970288 2 4282.381 4332.64 4441.037 29.696026401041017 30.438982237157944 30.79622107421082 14.848013200520509 15.219491118578972 15.39811053710541
32970288 4 6704.836 6749.825 6877.238 38.352941108043666 39.07690999396281 39.33911343991113 19.176470554021833 19.538454996981404 19.669556719955565
32970288 8 11484.83 11597.225 11757.314 44.86778255645805 45.48714093242133 45.93229573271873 22.433891278229027 22.743570466210667 22.966147866359364
32970288 16 21139.753 21239.403 21467.858 49.145527979549705 49.67414649084064 49.908303848204845 24.572763989774852 24.83707324542032 24.954151924102423
32970288 32 40414.324 40461.44 41127.829 51.30585502093972 52.150848610430074 52.211647335731755 25.65292751046986 26.075424305215037 26.105823667865877

36267312 1 2334.849 2368.377 2391.81 30.326248322400193 30.62629978250929 31.066087785548447 15.163124161200097 15.313149891254644 15.533043892774224
36267312 2 4697.73 4751.347 4785.134 30.31665320135236 30.532236016439132 30.88071217375201 15.15832660067618 15.266118008219566 15.440356086876005
36267312 4 7348.415 7415.468 7605.853 38.14673988571696 39.12612069797888 39.48313969747218 19.07336994285848 19.56306034898944 19.74156984873609
36267312 8 12625.461 12721.94 12792.061 45.36227524243357 45.612303783856866 45.96085576597956 22.681137621216784 22.806151891928433 22.98042788298978
36267312 16 23209.308 23284.119 23471.28 49.44570487847277 49.84315635906174 50.00381674455783 24.722852439236384 24.92157817953087 25.001908372278915

39894032 1 2591.297 2610.296 2627.129 30.370820770506516 30.566672898399265 30.790783148361612 15.185410385253258 15.283336449199632 15.395391574180806
39894032 2 5188.639 5251.52 5374.348 29.692183684420883 30.38665529218207 30.754910488087532 14.846091842210441 15.193327646091035 15.377455244043766
39894032 4 8120.997 8156.553 8370.4 38.128674376373894 39.12832491862678 39.29963968709754 19.064337188186947 19.56416245931339 19.64981984354877
39894032 8 13978.308 14048.001 14095.948 45.28283674145223 45.437390843010334 45.66393243016251 22.641418370726115 22.718695421505167 22.831966215081255
39894032 16 25608.054 25653.408 25959.236 49.1774497523733 49.76372043823574 49.85185613869761 24.58872487618665 24.88186021911787 24.925928069348807

43883424 1 2866.018 2889.054 2941.254 29.839941739135757 30.379095717837046 30.623271731021923 14.919970869567878 15.189547858918523 15.311635865510961
43883424 2 5737.038 5790.924 5837.663 30.06917254387586 30.31186318452806 30.59657195925842 15.03458627193793 15.15593159226403 15.29828597962921
43883424 4 8986.173 9020.097 9293.605 37.77515743352552 38.92057834854769 39.06750871589051 18.88757871676276 19.460289174273846 19.533754357945256
43883424 8 15421.412 15433.187 15521.858 45.23522789604183 45.49512579611716 45.52986354297518 22.617613948020914 22.74756289805858 22.76493177148759
43883424 16 28235.311 28313.89 28501.35 49.27028256556268 49.59649020321828 49.73451746290309 24.63514128278134 24.79824510160914 24.867258731451546

48271760 1 3153.02 3168.232 3195.329 30.213952929416653 30.472364397556742 30.619380784137114 15.106976464708326 15.236182198778371 15.309690392068557
48271760 2 6321.77 6335.803 6361.858 30.350730871390088 30.475543510427958 30.54319280834323 15.175365435695044 15.237771755213979 15.271596404171614
48271760 4 9797.571 9877.018 9936.416 38.864524190613594 39.09824604956678 39.415287727948076 19.432262095306797 19.54912302478339 19.707643863974038
48271760 8 16862.927 16912.913 17009.018 45.408157014120384 45.66618181031262 45.801547975627244 22.704078507060192 22.83309090515631 22.900773987813622
48271760 16 30972.822 30984.181 31134.791 49.613190594406106 49.85435374264048 49.87263737220974 24.806595297203053 24.92717687132024 24.93631868610487

53098928 1 3471.932 3503.916 3596.491 29.528186223738636 30.308333875583774 30.58753915687289 14.764093111869318 15.154166937791887 15.293769578436445
53098928 2 6993.174 7009.689 7064.805 30.063917121562447 30.300304621217858 30.37186147520425 15.031958560781224 15.150152310608929 15.185930737602124
53098928 4 10860.953 10881.612 10929.845 38.86527430169412 39.037545540127695 39.111800226002266 19.43263715084706 19.518772770063848 19.555900113001133
53098928 8 18536.675 18602.448 18651.258 45.55096755403844 45.670486378997 45.83253728082302 22.77548377701922 22.8352431894985 22.91626864041151
53098928 16 34137.944 34155.257 34278.712 49.56912313391471 49.748291924724796 49.773521686016 24.784561566957354 24.874145962362398 24.886760843008

58408816 1 3842.328 3864.104 3888.876 30.038919214703682 30.231492734150017 30.402826619695144 15.019459607351841 15.115746367075008 15.201413309847572
58408816 2 7685.851 7751.3 7820.08 29.876326584894272 30.141429695663955 30.398099572838458 14.938163292447136 15.070714847831978 15.199049786419229
58408816 4 12172.154 12237.44 12277.553 38.05892982095048 38.18368286177501 38.3884830901745 19.02946491047524 19.091841430887506 19.19424154508725
58408816 8 21159.585 21233.31 21325.999 43.82167775586973 44.01297094047042 44.16632254366048 21.910838877934864 22.00648547023521 22.08316127183024
58408816 16 39124.311 39145.676 39310.619 47.54649404019815 47.746834465191 47.77290805197822 23.773247020099074 23.8734172325955 23.88645402598911

64249696 1 4225.032 4238.93 4298.384 29.894814423280934 30.31411040050201 30.41382692486116 14.947407211640467 15.157055200251005 15.20691346243058
64249696 2 8480.224 8486.505 8513.05 30.188802368128933 30.283230140087117 30.305659850494514 15.094401184064466 15.141615070043558 15.152829925247257
64249696 4 13407.098 13446.199 13466.873 38.167551442714284 38.226235384438375 38.33771991522699 19.083775721357142 19.113117692219188 19.168859957613495
64249696 8 23276.683 23336.284 23387.359 43.95516124757823 44.0513637903961 44.16415930053264 21.977580623789116 22.02568189519805 22.08207965026632
64249696 16 42992.86 43195.042 43292.789 47.49036316417499 47.59783013985725 47.82166787694514 23.745181582087493 23.798915069928626 23.91083393847257

70674656 1 4544.139 4605.677 4722.347 29.93200457314975 30.69023555060418 31.10585129548194 14.966002286574875 15.34511777530209 15.55292564774097
70674656 2 9131.629 9193.939 9360.218 30.202141018510467 30.74836846317993 30.95818106495566 15.101070509255234 15.374184231589965 15.47909053247783
70674656 4 14502.576 14603.722 14647.69 38.5997551832405 38.715968983797424 38.98598759282489 19.29987759162025 19.357984491898712 19.492993796412446
70674656 8 25337.943 25384.191 25418.269 44.48747064562107 44.5471945905229 44.62850421598944 22.243735322810537 22.27359729526145 22.31425210799472

77742112 1 5081.069 5116.338 5243.525 29.65261422420986 30.389748292626486 30.600691311218167 14.82630711210493 15.194874146313243 15.300345655609084
77742112 2 10162.829 10207.352 10277.808 30.256300565256712 30.46514394722549 30.598610682124043 15.128150282628356 15.232571973612744 15.299305341062022
77742112 4 15885.392 15914.304 15922.837 39.05942741233865 39.08037046420629 39.151498181473904 19.529713706169325 19.540185232103145 19.575749090736952
77742112 8 27205.588 27259.075 27283.102 45.59136244844886 45.631548099119286 45.72126108797943 22.79568122422443 22.815774049559643 22.860630543989714

85516320 1 5590.435 5614.923 5621.046 30.42719095342753 30.46037140669605 30.593798157030715 15.213595476713765 15.230185703348026 15.296899078515358
85516320 2 11185.169 11242.92 11287.622 30.304459167750306 30.42495010193082 30.582039484606806 15.152229583875153 15.21247505096541 15.291019742303403
85516320 4 17413.278 17459.478 17489.45 39.11675667330877 39.18390687281716 39.28786756864504 19.558378336654386 19.59195343640858 19.64393378432252
85516320 8 29964.032 29974.927 30069.411 45.50342273082769 45.646854119110955 45.663451434039324 22.751711365413843 22.823427059555478 22.831725717019662

94067952 1 6051.649 6112.355 6130.848 30.6867669855785 30.77961015026123 31.088370128538518 15.34338349278925 15.389805075130615 15.544185064269259
94067952 2 12144.385 12197.569 12237.07 30.74852133721553 30.848098338283634 30.983191656061624 15.374260668607764 15.424049169141817 15.491595828030812
94067952 4 19354.278 19417.19 19509.64 38.57291144275343 38.75656652687645 38.882546587374634 19.286455721376715 19.378283263438224 19.441273293687317
94067952 8 33683.578 33801.406 34011.983 44.251675416867045 44.52735581472557 44.683116265142615 22.125837708433522 22.263677907362784 22.341558132571308

103474736 1 6768.541 6800.133 6836.772 30.270056102499836 30.433150645730016 30.575196633957006 15.135028051249918 15.216575322865008 15.287598316978503
103474736 2 13570.336 13605.678 13622.366 30.383777972196604 30.421045096025352 30.50027235876842 15.191888986098302 15.210522548012676 15.25013617938421
103474736 4 21133.273 21196.305 21252.991 38.949712442827455 39.053876984691435 39.17035889329589 19.474856221413727 19.526938492345717 19.585179446647945
103474736 8 36162.278 36234.805 36289.252 45.622207258501774 45.69075991991677 45.782397226192444 22.811103629250887 22.845379959958386 22.891198613096222

113822208 1 7410.84 7452.067 7499.663 30.353952704274846 30.54782196671071 30.717761549298054 15.176976352137423 15.273910983355355 15.358880774649027
113822208 2 14899.655 14921.082 14962.325 30.429016346055842 30.513124450358223 30.55700497763203 15.214508173027921 15.256562225179112 15.278502488816015
113822208 4 23115.511 23235.64 23402.302 38.90974759662532 39.188835082657505 39.39249554119743 19.45487379831266 19.594417541328752 19.696247770598713
113822208 8 39731.892 39889.652 39990.329 45.53989360777702 45.65483118278394 45.83610888703714 22.76994680388851 22.82741559139197 22.91805444351857

125204416 1 8190.804 8205.133 8277.001 30.253570345104464 30.518558565717342 30.571947759951286 15.126785172552232 15.259279282858671 15.285973879975643
125204416 2 16413.727 16532.934 16609.876 30.151800290381463 30.292122620219736 30.512123419623105 15.075900145190731 15.146061310109868 15.256061709811553
125204416 4 26015.952 26033.18 26136.293 38.32354221006017 38.47533524525241 38.500813962141386 19.161771105030084 19.237667622626205 19.250406981070693
125204416 8 45116.716 45182.069 45528.386 44.00047601072439 44.33773619353288 44.40196081647432 22.000238005362196 22.16886809676644 22.20098040823716

137724848 1 9028.861 9053.036 9268.878 29.717695712469187 30.426223423832624 30.507690394170428 14.858847856234593 15.213111711916312 15.253845197085214
137724848 2 17978.456 18034.961 18109.117 30.421107335051186 30.546192586720874 30.64219708299757 15.210553667525593 15.273096293360437 15.321098541498785
137724848 4 27959.217 28118.984 28322.629 38.90171297304357 39.18344930243568 39.40735479108732 19.450856486521786 19.59172465121784 19.70367739554366

151497328 1 9831.426 9876.345 9902.463 30.59790841934981 30.6788246056613 30.818993704473797 15.298954209674905 15.33941230283065 15.409496852236899
151497328 2 19704.818 19768.489 19832.289 30.55569188206162 30.654306052425145 30.753357478358843 15.27784594103081 15.327153026212573 15.376678739179422
151497328 4 31381.019 31466.145 31595.967 38.35864950738807 38.51690837883064 38.62139161255406 19.179324753694036 19.25845418941532 19.31069580627703

166647056 1 10835.317 11109.174 11509.471 28.958247690098005 30.0017005764785 30.7599779498837 14.479123845049003 15.00085028823925 15.37998897494185
166647056 2 21739.7 21799.556 22170.844 30.065983234557958 30.578064250482896 30.66225495292023 15.032991617278979 15.289032125241448 15.331127476460114
166647056 4 33811.463 33916.869 34062.344 39.139304329731395 39.30717920926015 39.42971790365888 19.569652164865698 19.653589604630074 19.71485895182944

183311760 1 11944.217 11997.322 12392.871 29.583420984532154 30.558779701003274 30.6946466227129 14.791710492266077 15.279389850501637 15.34732331135645
183311760 2 23967.732 24024.544 24091.962 30.435339388298885 30.52074744894221 30.59309241274894 15.217669694149443 15.260373724471105 15.29654620637447
183311760 4 37337.756 37370.161 37541.186 39.063605502500636 39.24238057202911 39.27643857333044 19.531802751250318 19.621190286014556 19.63821928666522

201642928 1 13165.839 13184.563 13216.956 30.51276375589054 30.587730211460176 30.631231021433575 15.25638187794527 15.293865105730088 15.315615510716787
201642928 2 26332.53 26371.678 26532.515 30.399368925260195 30.58477022205413 30.630239935167644 15.199684462630097 15.292385111027064 15.315119967583822
201642928 4 41122.131 41168.804 41296.062 39.06288749760207 39.18363584232372 39.228108679484535 19.531443748801035 19.59181792116186 19.614054339742268

221807216 1 14402.135 14522.22 14540.42 30.50905214567392 30.547287673647695 30.8019909548133 15.25452607283696 15.273643836823847 15.40099547740665
221807216 2 28818.735 29007.444 29097.338 30.491753713002886 30.586247585275007 30.78653049830258 15.245876856501443 15.293123792637504 15.39326524915129
221807216 4 45948.423 46026.327 46169.645 38.433428023975495 38.55310305338942 38.61846853808236 19.216714011987747 19.27655152669471 19.30923426904118

243987936 1 16057.489 16068.218 16121.244 30.269120174596946 30.36900993003704 30.389301340950627 15.134560087298473 15.18450496501852 15.194650670475314
243987936 2 32034.464 32075.847 32204.229 30.305080242722156 30.42637483586949 30.465680462142274 15.152540121361078 15.213187417934744 15.232840231071137
243987936 4 50658.943 50766.599 50890.921 38.3546504886402 38.44857694721681 38.530284534361485 19.1773252443201 19.224288473608404 19.265142267180742

268386720 1 17524.031 17575.647 17657.234 30.39963337406074 30.540749936545723 30.630705914638025 15.19981668703037 15.270374968272861 15.315352957319012
268386720 2 35083.448 35201.376 35465.334 30.270316360195565 30.49729874195827 30.5998110561995 15.135158180097783 15.248649370979136 15.29990552809975
268386720 4 54685.92 54780.549 54865.557 39.13372755880342 39.19445495151938 39.26227738328257 19.56686377940171 19.59722747575969 19.631138691641286

295225392 1 19291.265 19335.543 19375.037 30.474820977116064 30.5370676168753 30.607157384443166 15.237410488558032 15.26853380843765 15.303578692221583
295225392 2 38635.532 38646.245 38803.747 30.43266847400071 30.556696206837167 30.565169078039354 15.216334237000355 15.278348103418583 15.282584539019677

324747920 1 20992.627 21071.206 21274.397 30.529459424866427 30.82385697335027 30.939235951746298 15.264729712433214 15.411928486675135 15.469617975873149
324747920 2 42097.356 42131.622 42318.551 30.6955613863055 30.831751030140737 30.856847161612716 15.34778069315275 15.415875515070368 15.428423580806358

357222704 1 23237.109 23282.431 23503.156 30.397849888755363 30.686031368459762 30.745881856473627 15.198924944377682 15.343015684229881 15.372940928236813
357222704 2 46432.662 46630.047 46735.01 30.57431283314158 30.643134801043626 30.773398604628785 15.28715641657079 15.321567400521813 15.386699302314392

392944960 1 25756.901 25782.12 25862.761 30.386930459590147 30.48197432949657 30.511819725517444 15.193465229795073 15.240987164748285 15.255909862758722
392944960 2 51527.136 51653.097 51697.982 30.403117862511536 30.42953726472587 30.503923990652225 15.201558931255768 15.214768632362935 15.251961995326113

432239456 1 28303.197 28419.747 28450.036 30.385863553916064 30.418247987921923 30.543507576193605 15.192931776958032 15.209123993960961 15.271753788096802
432239456 2 56773.609 56819.62 56928.24 30.37082867835015 30.428887486399944 30.45354795042183 15.185414339175075 15.214443743199972 15.226773975210914

475463392 1 30525.293 30733.724 30966.219 30.70852092081374 30.94082526413005 31.152093576956 15.35426046040687 15.470412632065026 15.576046788478
475463392 2 61193.888 61488.967 64264.044 29.594364898667127 30.929997051340933 31.079142544431885 14.797182449333564 15.464998525670467 15.539571272215943

523009728 1 33628.765 33824.038 34069.241 30.70275196327385 30.925327602813123 31.104902484524782 15.351375981636926 15.462663801406562 15.552451242262391
523009728 2 67206.484 67545.795 68121.382 30.710459045002935 30.97215617937431 31.12852789620716 15.355229522501467 15.486078089687155 15.56426394810358

575310688 1 37605.781 37767.697 37849.7 30.399748901576498 30.465754266139125 30.59692806273588 15.199874450788249 15.232877133069563 15.29846403136794

632841744 1 41280.761 41388.132 41821.429 30.263994279105106 30.580831432546898 30.660371982968048 15.131997139552553 15.290415716273449 15.330185991484024

696125904 1 45454.331 45672.051 45979.361 30.27992946661438 30.483671687965142 30.629684286850463 15.13996473330719 15.241835843982571 15.314842143425231

765738480 1 50049.855 50306.178 50469.152 30.344812609492624 30.443118934616738 30.599028908275557 15.172406304746312 15.221559467308369 15.299514454137778

842312320 1 54442.309 54475.35 54715.334 30.788894389276685 30.924530819902948 30.94329889645202 15.394447194638342 15.462265409951474 15.47164944822601

926543552 1 59684.338 59889.603 60088.922 30.839080521364657 30.941716277531512 31.048130315192573 15.419540260682329 15.470858138765756 15.524065157596286

1019197904 1 66705.636 66795.853 67103.358 30.37695681339823 30.516801814028785 30.558074703013105 15.188478406699115 15.258400907014392 15.279037351506553

META_DATA
FLOPS          8
OPENMP_THREADS 2
ERT_VERSION  1.1.0
HOSTNAME  ('cachyos-laptop', [], ['127.0.1.1'])
UNAME  uname_result(system='Linux', node='cachyos-laptop', release='6.18.0-2-cachyos', version='#1 SMP PREEMPT_DYNAMIC Sat, 06 Dec 2025 07:42:36 +0000', machine='x86_64')
TIMESTAMP_DATA  1765908476.000735
CONFIG  {'ERT_MPI': ['False'], 'ERT_OPENMP': ['True'], 'ERT_OPENMP_CFLAGS': ['-fopenmp'], 'ERT_OPENMP_LDFLAGS': ['-fopenmp'], 'ERT_PRECISION': ['FP64'], 'ERT_TRIALS_MIN': ['1'], 'ERT_TRIALS': ['3', '#', 'Run', 'each', 'test', '3', 'times', 'to', 'filter', 'out', 'background', 'noise'], 'ERT_RESULTS': ['Results/5500U'], 'ERT_GNUPLOT': ['gnuplot'], 'ERT_DRIVER': ['driver1'], 'ERT_KERNEL': ['kernel1'], 'ERT_CC': ['g++'], 'ERT_LD': ['g++'], 'ERT_CFLAGS': ['-O3', '-march=native', '-fopenmp', '-fstrict-aliasing', '-funroll-loops', '-Wno-all'], 'ERT_LDFLAGS': ['-O3', '-march=native', '-fopenmp'], 'ERT_LDLIBS': ['-lm'], 'ERT_RUN': ['export', 'OMP_NUM_THREADS=ERT_OPENMP_THREADS;', './ERT_CODE'], 'ERT_WORKING_SET_MIN': ['128'], 'ERT_MEMORY_MAX': ['1073741824'], 'ERT_ALIGN': ['64'], 'ERT_MIN_PROCS': ['1'], 'ERT_MAX_PROCS': ['1'], 'ERT_OPENMP_THREADS': ['1,2,4,8,12', '#', 'Logical', 'Threads'], 'ERT_NUM_EXPERIMENTS': ['5'], 'ERT_FLOPS': ['1,2,4,8'], 'ERT_GPU': [False], 'ERT_HIP': [False], 'ERT_OCL': [False], 'ERT_SYCL': [False], 'ERT_WSS_MULT': [1.1]}
TIMESTAMP_DATA  1765908490.0669813
TIMESTAMP_DATA  1765908504.103676
TIMESTAMP_DATA  1765908518.109289
TIMESTAMP_DATA  1765908532.1297355
